s1_id	candidate_id	source
S1-925783039	S2-620589797	S2
S1-925783039	S2-699840570	S2
S1-925783039	S2-762023797	S2
S1-925783039	S2-729345807	S2
S1-925783039	S2-863652256	S2
S1-925783039	S2-977215798	S2
S1-925783039	S2-376939341	S2
S1-925783039	S2-470535992	S2
S1-925783039	S2-765287336	S2
S1-925783039	S2-830888138	S2
S1-925783039	S2-748268413	S2
S1-925783039	S2-838401167	S2
S1-925783039	S2-415733261	S2
S1-925783039	S2-518413297	S2
S1-925783039	S2-878352124	S2
S1-773889195	S2-515386320	S2
S1-773889195	S2-337971131	S2
S1-773889195	S2-530400446	S2
S1-773889195	S2-960129567	S2
S1-773889195	S2-273999815	S2
S1-773889195	S2-519912199	S2
S1-773889195	S2-150634918	S2
S1-773889195	S2-684921133	S2
S1-773889195	S2-715418044	S2
S1-773889195	S2-126411084	S2
S1-773889195	S2-248392702	S2
S1-773889195	S2-890423795	S2
S1-773889195	S2-87980826	S2
S1-773889195	S2-760621281	S2
S1-773889195	S2-727570982	S2
S1-377745466	S2-722206336	S2
S1-377745466	S2-992673515	S2
S1-377745466	S2-979303211	S2
S1-377745466	S2-779197401	S2
S1-377745466	S2-116895038	S2
S1-377745466	S2-762585007	S2
S1-377745466	S2-582458634	S2
S1-377745466	S2-570512018	S2
S1-377745466	S2-296670248	S2
S1-377745466	S2-461664377	S2
S1-377745466	S2-428415426	S2
S1-377745466	S2-477675434	S2
S1-377745466	S2-325615566	S2
S1-377745466	S2-202057528	S2
S1-377745466	S2-27503468	S2
S1-133037285	S2-182529912	S2
S1-133037285	S2-849819552	S2
S1-133037285	S2-331461725	S2
S1-133037285	S2-241726445	S2
S1-133037285	S2-200472231	S2
S1-133037285	S2-262031736	S2
S1-133037285	S2-36732240	S2
S1-133037285	S2-872823424	S2
S1-133037285	S2-741566402	S2
S1-133037285	S2-710471913	S2
S1-133037285	S2-247565679	S2
S1-133037285	S2-27148087	S2
S1-133037285	S2-867607931	S2
S1-133037285	S2-777835859	S2
S1-133037285	S2-977599464	S2
S1-755362802	S2-895116270	S2
S1-755362802	S2-8982199	S2
S1-755362802	S2-278045217	S2
S1-755362802	S2-727570982	S2
S1-755362802	S2-111237832	S2
S1-755362802	S2-143232725	S2
S1-755362802	S2-956608424	S2
S1-755362802	S2-428097788	S2
S1-755362802	S2-664981233	S2
S1-755362802	S2-495565633	S2
S1-755362802	S2-265557209	S2
S1-755362802	S2-985375674	S2
S1-755362802	S2-146349824	S2
S1-755362802	S2-228338166	S2
S1-755362802	S2-311814169	S2
S1-851869949	S2-224980295	S2
S1-851869949	S2-142031854	S2
S1-851869949	S2-834563673	S2
S1-851869949	S2-877085471	S2
S1-851869949	S2-889017900	S2
S1-851869949	S2-93682954	S2
S1-851869949	S2-674991742	S2
S1-851869949	S2-438678740	S2
S1-851869949	S2-300552236	S2
S1-851869949	S2-405089580	S2
S1-851869949	S2-888030033	S2
S1-851869949	S2-500008641	S2
S1-851869949	S2-7418163	S2
S1-851869949	S2-133252993	S2
S1-851869949	S2-444467356	S2
S1-785847572	S2-816989315	S2
S1-785847572	S2-243813488	S2
S1-785847572	S2-375938862	S2
S1-785847572	S2-569860965	S2
S1-785847572	S2-259053443	S2
S1-785847572	S2-628294685	S2
S1-785847572	S2-385922466	S2
S1-785847572	S2-900048364	S2
S1-785847572	S2-665940290	S2
S1-785847572	S2-293065883	S2
S1-785847572	S2-967508286	S2
S1-785847572	S2-528205184	S2
S1-785847572	S2-674028684	S2
S1-785847572	S2-748163379	S2
S1-785847572	S2-91908767	S2
S1-27541239	S2-868444077	S2
S1-27541239	S2-748968276	S2
S1-27541239	S2-510916447	S2
S1-27541239	S2-369159065	S2
S1-27541239	S2-549320589	S2
S1-27541239	S2-943763474	S2
S1-27541239	S2-497944131	S2
S1-27541239	S2-75150479	S2
S1-27541239	S2-2670847	S2
S1-27541239	S2-273999815	S2
S1-27541239	S2-893669875	S2
S1-27541239	S2-575171696	S2
S1-27541239	S2-673704658	S2
S1-27541239	S2-910212980	S2
S1-27541239	S2-540745651	S2
S1-629417405	S2-42670115	S2
S1-629417405	S2-570512018	S2
S1-629417405	S2-802351030	S2
S1-629417405	S2-765966940	S2
S1-629417405	S2-1722538	S2
S1-629417405	S2-33383115	S2
S1-629417405	S2-26670373	S2
S1-629417405	S2-707178891	S2
S1-629417405	S2-273999815	S2
S1-629417405	S2-690909438	S2
S1-629417405	S2-910067788	S2
S1-629417405	S2-888560146	S2
S1-629417405	S2-690151442	S2
S1-629417405	S2-376460483	S2
S1-629417405	S2-23798630	S2
S1-22305073	S2-613343223	S2
S1-22305073	S2-474535244	S2
S1-22305073	S2-822714622	S2
S1-22305073	S2-623758944	S2
S1-22305073	S2-193995593	S2
S1-22305073	S2-823434500	S2
S1-22305073	S2-916859477	S2
S1-22305073	S2-292552164	S2
S1-22305073	S2-878448261	S2
S1-22305073	S2-752081733	S2
S1-22305073	S2-989158977	S2
S1-22305073	S2-612169234	S2
S1-22305073	S2-850741800	S2
S1-22305073	S2-482144229	S2
S1-22305073	S2-131872909	S2
S1-504790211	S2-401408311	S2
S1-504790211	S2-424220142	S2
S1-504790211	S2-665500858	S2
S1-504790211	S2-402816908	S2
S1-504790211	S2-457500956	S2
S1-504790211	S2-779405377	S2
S1-504790211	S2-569049408	S2
S1-504790211	S2-374447205	S2
S1-504790211	S2-699195172	S2
S1-504790211	S2-785890760	S2
S1-504790211	S2-352561696	S2
S1-504790211	S2-363534521	S2
S1-504790211	S2-337462823	S2
S1-504790211	S2-808728262	S2
S1-504790211	S2-340882825	S2
S1-564729135	S2-424537185	S2
S1-564729135	S2-74992830	S2
S1-564729135	S2-972051451	S2
S1-564729135	S2-436663188	S2
S1-564729135	S2-726813453	S2
S1-564729135	S2-17933853	S2
S1-564729135	S2-576580892	S2
S1-564729135	S2-645440237	S2
S1-564729135	S2-60818919	S2
S1-564729135	S2-733025108	S2
S1-564729135	S2-281309190	S2
S1-564729135	S2-619664055	S2
S1-564729135	S2-882915480	S2
S1-564729135	S2-512950951	S2
S1-564729135	S2-713109591	S2
S1-236312382	S2-996064384	S2
S1-236312382	S2-2048071	S2
S1-236312382	S2-258904656	S2
S1-236312382	S2-586389069	S2
S1-236312382	S2-218208532	S2
S1-236312382	S2-747145329	S2
S1-236312382	S2-74877522	S2
S1-236312382	S2-192774038	S2
S1-236312382	S2-137954799	S2
S1-236312382	S2-93943992	S2
S1-236312382	S2-831117180	S2
S1-236312382	S2-555707870	S2
S1-236312382	S2-401293041	S2
S1-236312382	S2-988241366	S2
S1-236312382	S2-399112375	S2
S1-865131206	S2-71161222	S2
S1-865131206	S2-677112745	S2
S1-865131206	S2-524247699	S2
S1-865131206	S2-55136200	S2
S1-865131206	S2-716588163	S2
S1-865131206	S2-918763928	S2
S1-865131206	S2-220948169	S2
S1-865131206	S2-820079347	S2
S1-865131206	S2-294114423	S2
S1-865131206	S2-215156674	S2
S1-865131206	S2-910448815	S2
S1-865131206	S2-362875802	S2
S1-865131206	S2-562575047	S2
S1-865131206	S2-826868298	S2
S1-865131206	S2-597331429	S2
S1-626914593	S2-287588845	S2
S1-626914593	S2-696617658	S2
S1-626914593	S2-541414076	S2
S1-626914593	S2-520441214	S2
S1-626914593	S2-492031103	S2
S1-626914593	S2-582629579	S2
S1-626914593	S2-224909884	S2
S1-626914593	S2-568385282	S2
S1-626914593	S2-987414512	S2
S1-626914593	S2-182145854	S2
S1-626914593	S2-344874828	S2
S1-626914593	S2-605734275	S2
S1-626914593	S2-446585847	S2
S1-626914593	S2-957597561	S2
S1-626914593	S2-70367717	S2
S1-765734254	S2-560818510	S2
S1-765734254	S2-597331429	S2
S1-765734254	S2-25787219	S2
S1-765734254	S2-648420391	S2
S1-765734254	S2-629086028	S2
S1-765734254	S2-802873219	S2
S1-765734254	S2-432522197	S2
S1-765734254	S2-645209515	S2
S1-765734254	S2-234784280	S2
S1-765734254	S2-548705010	S2
S1-765734254	S2-215134403	S2
S1-765734254	S2-869995817	S2
S1-765734254	S2-762632812	S2
S1-765734254	S2-16075678	S2
S1-765734254	S2-199883120	S2
S1-82053739	S2-241868453	S2
S1-82053739	S2-825374035	S2
S1-82053739	S2-181566415	S2
S1-82053739	S2-706697011	S2
S1-82053739	S2-711267664	S2
S1-82053739	S2-481306942	S2
S1-82053739	S2-414238106	S2
S1-82053739	S2-348093874	S2
S1-82053739	S2-403364722	S2
S1-82053739	S2-885381494	S2
S1-82053739	S2-177471665	S2
S1-82053739	S2-797821871	S2
S1-82053739	S2-670948516	S2
S1-82053739	S2-814052487	S2
S1-82053739	S2-672381387	S2
S1-309349399	S2-91953344	S2
S1-309349399	S2-947153697	S2
S1-309349399	S2-92854944	S2
S1-309349399	S2-570512018	S2
S1-309349399	S2-550763752	S2
S1-309349399	S2-118970010	S2
S1-309349399	S2-404232285	S2
S1-309349399	S2-888873504	S2
S1-309349399	S2-453455590	S2
S1-309349399	S2-177779132	S2
S1-309349399	S2-192774038	S2
S1-309349399	S2-802129140	S2
S1-309349399	S2-762585007	S2
S1-309349399	S2-247565679	S2
S1-309349399	S2-431904537	S2
S1-221443075	S2-555707870	S2
S1-221443075	S2-988241366	S2
S1-221443075	S2-2048071	S2
S1-221443075	S2-722166534	S2
S1-221443075	S2-327707439	S2
S1-221443075	S2-996064384	S2
S1-221443075	S2-218208532	S2
S1-221443075	S2-586389069	S2
S1-221443075	S2-258904656	S2
S1-221443075	S2-747145329	S2
S1-221443075	S2-74877522	S2
S1-221443075	S2-137954799	S2
S1-221443075	S2-831117180	S2
S1-221443075	S2-401293041	S2
S1-221443075	S2-399112375	S2
S1-341506266	S2-224980295	S2
S1-341506266	S2-978606166	S2
S1-341506266	S2-576312763	S2
S1-341506266	S2-670948516	S2
S1-341506266	S2-929722075	S2
S1-341506266	S2-566931281	S2
S1-341506266	S2-349666272	S2
S1-341506266	S2-116895353	S2
S1-341506266	S2-921202375	S2
S1-341506266	S2-794352292	S2
S1-341506266	S2-8982199	S2
S1-341506266	S2-394565864	S2
S1-341506266	S2-409726115	S2
S1-341506266	S2-737827326	S2
S1-341506266	S2-225823147	S2
S1-990319941	S2-68483150	S2
S1-990319941	S2-38552347	S2
S1-990319941	S2-992974200	S2
S1-990319941	S2-71510174	S2
S1-990319941	S2-908965487	S2
S1-990319941	S2-514714174	S2
S1-990319941	S2-591277113	S2
S1-990319941	S2-699840570	S2
S1-990319941	S2-778812617	S2
S1-990319941	S2-448515850	S2
S1-990319941	S2-143852128	S2
S1-990319941	S2-387917057	S2
S1-990319941	S2-70698601	S2
S1-990319941	S2-890977739	S2
S1-990319941	S2-34956606	S2
S1-597762257	S2-739448663	S2
S1-597762257	S2-534416622	S2
S1-597762257	S2-361966224	S2
S1-597762257	S2-678788003	S2
S1-597762257	S2-625899005	S2
S1-597762257	S2-333989418	S2
S1-597762257	S2-264940990	S2
S1-597762257	S2-358237238	S2
S1-597762257	S2-944030245	S2
S1-597762257	S2-205132293	S2
S1-597762257	S2-800694119	S2
S1-597762257	S2-67201778	S2
S1-597762257	S2-164039123	S2
S1-597762257	S2-640987463	S2
S1-597762257	S2-665573717	S2
S1-661315962	S2-815037725	S2
S1-661315962	S2-67703868	S2
S1-661315962	S2-947153697	S2
S1-661315962	S2-248578795	S2
S1-661315962	S2-376460483	S2
S1-661315962	S2-779197401	S2
S1-661315962	S2-482965691	S2
S1-661315962	S2-979303211	S2
S1-661315962	S2-570512018	S2
S1-661315962	S2-946825174	S2
S1-661315962	S2-404377649	S2
S1-661315962	S2-318217219	S2
S1-661315962	S2-445637459	S2
S1-661315962	S2-149157756	S2
S1-661315962	S2-560178870	S2
S1-716574008	S2-998440718	S2
S1-716574008	S2-109121051	S2
S1-716574008	S2-775394710	S2
S1-716574008	S2-802075529	S2
S1-716574008	S2-518721601	S2
S1-716574008	S2-747478411	S2
S1-716574008	S2-469073813	S2
S1-716574008	S2-85642806	S2
S1-716574008	S2-831239310	S2
S1-716574008	S2-64301738	S2
S1-716574008	S2-308041768	S2
S1-716574008	S2-202394836	S2
S1-716574008	S2-905737147	S2
S1-716574008	S2-253412037	S2
S1-716574008	S2-245909245	S2
S1-985038901	S2-277830258	S2
S1-985038901	S2-426439815	S2
S1-985038901	S2-741639927	S2
S1-985038901	S2-924470584	S2
S1-985038901	S2-563158163	S2
S1-985038901	S2-402816014	S2
S1-985038901	S2-811863966	S2
S1-985038901	S2-833900025	S2
S1-985038901	S2-40746806	S2
S1-985038901	S2-874995586	S2
S1-985038901	S2-356220463	S2
S1-985038901	S2-721241427	S2
S1-985038901	S2-467121958	S2
S1-985038901	S2-662221399	S2
S1-985038901	S2-555846632	S2
S1-404435514	S2-345917206	S2
S1-404435514	S2-327738915	S2
S1-404435514	S2-106188251	S2
S1-404435514	S2-813862982	S2
S1-404435514	S2-957978733	S2
S1-404435514	S2-481889816	S2
S1-404435514	S2-534416622	S2
S1-404435514	S2-622773844	S2
S1-404435514	S2-842456481	S2
S1-404435514	S2-980846147	S2
S1-404435514	S2-454450916	S2
S1-404435514	S2-159472146	S2
S1-404435514	S2-231042988	S2
S1-404435514	S2-956957661	S2
S1-404435514	S2-727314761	S2
S1-252242682	S2-759979128	S2
S1-252242682	S2-111294604	S2
S1-252242682	S2-176316491	S2
S1-252242682	S2-64494419	S2
S1-252242682	S2-774048672	S2
S1-252242682	S2-482965691	S2
S1-252242682	S2-494710355	S2
S1-252242682	S2-15280146	S2
S1-252242682	S2-157842177	S2
S1-252242682	S2-608516372	S2
S1-252242682	S2-392482719	S2
S1-252242682	S2-105423216	S2
S1-252242682	S2-699535842	S2
S1-252242682	S2-153417256	S2
S1-252242682	S2-633921347	S2
S1-981440385	S2-44843332	S2
S1-981440385	S2-103603271	S2
S1-981440385	S2-268504009	S2
S1-981440385	S2-378780545	S2
S1-981440385	S2-111192912	S2
S1-981440385	S2-892909897	S2
S1-981440385	S2-77419070	S2
S1-981440385	S2-488141050	S2
S1-981440385	S2-784592218	S2
S1-981440385	S2-344621502	S2
S1-981440385	S2-179458531	S2
S1-981440385	S2-399391347	S2
S1-981440385	S2-75129136	S2
S1-981440385	S2-217161866	S2
S1-981440385	S2-962138377	S2
S1-883973644	S2-794412447	S2
S1-883973644	S2-459018782	S2
S1-883973644	S2-730814853	S2
S1-883973644	S2-213099480	S2
S1-883973644	S2-751588111	S2
S1-883973644	S2-568951817	S2
S1-883973644	S2-537858187	S2
S1-883973644	S2-859393404	S2
S1-883973644	S2-838493982	S2
S1-883973644	S2-963646032	S2
S1-883973644	S2-630688873	S2
S1-883973644	S2-326946504	S2
S1-883973644	S2-210601194	S2
S1-883973644	S2-335038001	S2
S1-883973644	S2-321432050	S2
S1-17666546	S2-457321092	S2
S1-17666546	S2-977127221	S2
S1-17666546	S2-680125018	S2
S1-17666546	S2-12434856	S2
S1-17666546	S2-420141877	S2
S1-17666546	S2-362717442	S2
S1-17666546	S2-968147520	S2
S1-17666546	S2-564839940	S2
S1-17666546	S2-574940993	S2
S1-17666546	S2-872022787	S2
S1-17666546	S2-984417999	S2
S1-17666546	S2-503048625	S2
S1-17666546	S2-891406198	S2
S1-17666546	S2-829419054	S2
S1-17666546	S2-368206306	S2
S1-513115995	S2-450266205	S2
S1-513115995	S2-8299927	S2
S1-513115995	S2-445149265	S2
S1-513115995	S2-350985725	S2
S1-513115995	S2-6467307	S2
S1-513115995	S2-907716013	S2
S1-513115995	S2-15280146	S2
S1-513115995	S2-845379409	S2
S1-513115995	S2-975266530	S2
S1-513115995	S2-338288495	S2
S1-513115995	S2-858423651	S2
S1-513115995	S2-824783934	S2
S1-513115995	S2-230281581	S2
S1-513115995	S2-635730595	S2
S1-513115995	S2-423099834	S2
S1-791217329	S2-353393611	S2
S1-791217329	S2-829251462	S2
S1-791217329	S2-110236539	S2
S1-791217329	S2-135305339	S2
S1-791217329	S2-287300820	S2
S1-791217329	S2-709626608	S2
S1-791217329	S2-466263961	S2
S1-791217329	S2-530330935	S2
S1-791217329	S2-260388248	S2
S1-791217329	S2-100598528	S2
S1-791217329	S2-475419520	S2
S1-791217329	S2-155681006	S2
S1-791217329	S2-354227046	S2
S1-791217329	S2-704269513	S2
S1-791217329	S2-349287094	S2
S1-602913883	S2-292552164	S2
S1-602913883	S2-993107908	S2
S1-602913883	S2-874254040	S2
S1-602913883	S2-645865683	S2
S1-602913883	S2-218598097	S2
S1-602913883	S2-715851950	S2
S1-602913883	S2-303148353	S2
S1-602913883	S2-576774941	S2
S1-602913883	S2-12970251	S2
S1-602913883	S2-138429970	S2
S1-602913883	S2-333359081	S2
S1-602913883	S2-161047745	S2
S1-602913883	S2-623705967	S2
S1-602913883	S2-232805709	S2
S1-602913883	S2-829070070	S2
S1-401372098	S2-773705845	S2
S1-401372098	S2-686350780	S2
S1-401372098	S2-265959271	S2
S1-401372098	S2-542732821	S2
S1-401372098	S2-949133216	S2
S1-401372098	S2-995499973	S2
S1-401372098	S2-895797947	S2
S1-401372098	S2-257885603	S2
S1-401372098	S2-40746806	S2
S1-401372098	S2-265951472	S2
S1-401372098	S2-444467356	S2
S1-401372098	S2-977796762	S2
S1-401372098	S2-619844913	S2
S1-401372098	S2-793689201	S2
S1-401372098	S2-302833544	S2
S1-796227187	S2-637184698	S2
S1-796227187	S2-674028684	S2
S1-796227187	S2-518525663	S2
S1-796227187	S2-16075678	S2
S1-796227187	S2-784259305	S2
S1-796227187	S2-402495223	S2
S1-796227187	S2-802129140	S2
S1-796227187	S2-292552164	S2
S1-796227187	S2-253315499	S2
S1-796227187	S2-359710026	S2
S1-796227187	S2-423838997	S2
S1-796227187	S2-226658215	S2
S1-796227187	S2-980594306	S2
S1-796227187	S2-812610176	S2
S1-796227187	S2-543049878	S2
S1-945437722	S2-597243519	S2
S1-945437722	S2-459107455	S2
S1-945437722	S2-610038935	S2
S1-945437722	S2-704652401	S2
S1-945437722	S2-447095477	S2
S1-945437722	S2-540853782	S2
S1-945437722	S2-841034360	S2
S1-945437722	S2-426259815	S2
S1-945437722	S2-838526909	S2
S1-945437722	S2-956379452	S2
S1-945437722	S2-532543036	S2
S1-945437722	S2-560818510	S2
S1-945437722	S2-383023238	S2
S1-945437722	S2-305427278	S2
S1-945437722	S2-164086509	S2
S1-982210261	S2-752654978	S2
S1-982210261	S2-651292790	S2
S1-982210261	S2-840538759	S2
S1-982210261	S2-883117276	S2
S1-982210261	S2-623164214	S2
S1-982210261	S2-446844245	S2
S1-982210261	S2-995199364	S2
S1-982210261	S2-794530374	S2
S1-982210261	S2-569534268	S2
S1-982210261	S2-133763910	S2
S1-982210261	S2-847374839	S2
S1-982210261	S2-177779132	S2
S1-982210261	S2-260686291	S2
S1-982210261	S2-228567244	S2
S1-982210261	S2-27297350	S2
S1-976369483	S2-87006376	S2
S1-976369483	S2-33228405	S2
S1-976369483	S2-858691756	S2
S1-976369483	S2-850741800	S2
S1-976369483	S2-576774941	S2
S1-976369483	S2-673341944	S2
S1-976369483	S2-5646683	S2
S1-976369483	S2-988228866	S2
S1-976369483	S2-466380342	S2
S1-976369483	S2-103317508	S2
S1-976369483	S2-792661362	S2
S1-976369483	S2-644504484	S2
S1-976369483	S2-507619867	S2
S1-976369483	S2-191045664	S2
S1-976369483	S2-178777487	S2
S1-370715897	S2-585698283	S2
S1-370715897	S2-646593051	S2
S1-370715897	S2-894693263	S2
S1-370715897	S2-754789254	S2
S1-370715897	S2-438753836	S2
S1-370715897	S2-294062437	S2
S1-370715897	S2-573094730	S2
S1-370715897	S2-441341822	S2
S1-370715897	S2-613033114	S2
S1-370715897	S2-699391872	S2
S1-370715897	S2-630651352	S2
S1-370715897	S2-17860697	S2
S1-370715897	S2-225100350	S2
S1-370715897	S2-362555190	S2
S1-370715897	S2-145204119	S2
S1-27029362	S2-863824251	S2
S1-27029362	S2-630688873	S2
S1-27029362	S2-326946504	S2
S1-27029362	S2-335038001	S2
S1-27029362	S2-575536430	S2
S1-27029362	S2-822065881	S2
S1-27029362	S2-210601194	S2
S1-27029362	S2-381850998	S2
S1-27029362	S2-626832027	S2
S1-27029362	S2-146516261	S2
S1-27029362	S2-252010908	S2
S1-27029362	S2-540931339	S2
S1-27029362	S2-123459391	S2
S1-27029362	S2-937509955	S2
S1-27029362	S2-39872851	S2
S1-145829425	S2-374123528	S2
S1-145829425	S2-178777487	S2
S1-145829425	S2-721104467	S2
S1-145829425	S2-496850215	S2
S1-145829425	S2-199348255	S2
S1-145829425	S2-963646032	S2
S1-145829425	S2-43091282	S2
S1-145829425	S2-873808082	S2
S1-145829425	S2-784592218	S2
S1-145829425	S2-303635913	S2
S1-145829425	S2-566293411	S2
S1-145829425	S2-604653513	S2
S1-145829425	S2-706360388	S2
S1-145829425	S2-10844346	S2
S1-145829425	S2-555593257	S2
S1-993527714	S2-779197401	S2
S1-993527714	S2-538680925	S2
S1-993527714	S2-132895527	S2
S1-993527714	S2-362555190	S2
S1-993527714	S2-876721131	S2
S1-993527714	S2-570512018	S2
S1-993527714	S2-979680303	S2
S1-993527714	S2-738448002	S2
S1-993527714	S2-625831173	S2
S1-993527714	S2-75100863	S2
S1-993527714	S2-748044572	S2
S1-993527714	S2-793779186	S2
S1-993527714	S2-827093547	S2
S1-993527714	S2-82369450	S2
S1-993527714	S2-752363850	S2
S1-965555167	S2-415733261	S2
S1-965555167	S2-830888138	S2
S1-965555167	S2-395963742	S2
S1-965555167	S2-838401167	S2
S1-965555167	S2-878352124	S2
S1-965555167	S2-518413297	S2
S1-965555167	S2-48939070	S2
S1-965555167	S2-674667779	S2
S1-965555167	S2-998910997	S2
S1-965555167	S2-741298163	S2
S1-965555167	S2-564829794	S2
S1-965555167	S2-765287336	S2
S1-965555167	S2-837615087	S2
S1-965555167	S2-863652256	S2
S1-965555167	S2-376939341	S2
S1-151608539	S2-797821871	S2
S1-151608539	S2-369458829	S2
S1-151608539	S2-538410207	S2
S1-151608539	S2-16801220	S2
S1-151608539	S2-386366146	S2
S1-151608539	S2-715352193	S2
S1-151608539	S2-635942417	S2
S1-151608539	S2-470363816	S2
S1-151608539	S2-813569572	S2
S1-151608539	S2-707037561	S2
S1-151608539	S2-418691151	S2
S1-151608539	S2-71529448	S2
S1-151608539	S2-799238901	S2
S1-151608539	S2-508784928	S2
S1-151608539	S2-788637934	S2
S1-714672596	S2-822978972	S2
S1-714672596	S2-172745464	S2
S1-714672596	S2-975929602	S2
S1-714672596	S2-784105752	S2
S1-714672596	S2-463146600	S2
S1-714672596	S2-748347027	S2
S1-714672596	S2-423838997	S2
S1-714672596	S2-226658215	S2
S1-714672596	S2-980594306	S2
S1-714672596	S2-565295384	S2
S1-714672596	S2-331692143	S2
S1-714672596	S2-812610176	S2
S1-714672596	S2-995134427	S2
S1-714672596	S2-543049878	S2
S1-714672596	S2-253315499	S2
S1-134898809	S2-78769581	S2
S1-134898809	S2-73745396	S2
S1-134898809	S2-432687019	S2
S1-134898809	S2-259053443	S2
S1-134898809	S2-296598302	S2
S1-134898809	S2-725343258	S2
S1-134898809	S2-780354672	S2
S1-134898809	S2-646080124	S2
S1-134898809	S2-884135049	S2
S1-134898809	S2-200925331	S2
S1-134898809	S2-747466359	S2
S1-134898809	S2-498279964	S2
S1-134898809	S2-509937094	S2
S1-134898809	S2-717374654	S2
S1-134898809	S2-475706495	S2
S1-500841209	S2-860534246	S2
S1-500841209	S2-734632823	S2
S1-500841209	S2-140550490	S2
S1-500841209	S2-195373941	S2
S1-500841209	S2-597243519	S2
S1-500841209	S2-358578952	S2
S1-500841209	S2-381850998	S2
S1-500841209	S2-683872853	S2
S1-500841209	S2-183050312	S2
S1-500841209	S2-235976983	S2
S1-500841209	S2-861758392	S2
S1-500841209	S2-537803499	S2
S1-500841209	S2-459758045	S2
S1-500841209	S2-252321761	S2
S1-500841209	S2-319667672	S2
S1-855787505	S2-558443244	S2
S1-855787505	S2-231195947	S2
S1-855787505	S2-960771041	S2
S1-855787505	S2-345172295	S2
S1-855787505	S2-634994990	S2
S1-855787505	S2-535988246	S2
S1-855787505	S2-916871057	S2
S1-855787505	S2-229217508	S2
S1-855787505	S2-284585076	S2
S1-855787505	S2-70709851	S2
S1-855787505	S2-567514562	S2
S1-855787505	S2-155086154	S2
S1-855787505	S2-506145204	S2
S1-855787505	S2-25787219	S2
S1-855787505	S2-17360295	S2
S1-277072715	S2-751588111	S2
S1-277072715	S2-79488526	S2
S1-277072715	S2-506145204	S2
S1-277072715	S2-954942261	S2
S1-277072715	S2-526412482	S2
S1-277072715	S2-569860965	S2
S1-277072715	S2-535260713	S2
S1-277072715	S2-448793585	S2
S1-277072715	S2-748044572	S2
S1-277072715	S2-846158069	S2
S1-277072715	S2-913216366	S2
S1-277072715	S2-291868119	S2
S1-277072715	S2-377809075	S2
S1-277072715	S2-865044868	S2
S1-277072715	S2-18394219	S2
S1-269656551	S2-808728262	S2
S1-269656551	S2-975285928	S2
S1-269656551	S2-137335733	S2
S1-269656551	S2-642367103	S2
S1-269656551	S2-748325649	S2
S1-269656551	S2-882915480	S2
S1-269656551	S2-205132293	S2
S1-269656551	S2-192695882	S2
S1-269656551	S2-592650888	S2
S1-269656551	S2-492444908	S2
S1-269656551	S2-840538759	S2
S1-269656551	S2-981550471	S2
S1-269656551	S2-814955870	S2
S1-269656551	S2-810843780	S2
S1-269656551	S2-136208372	S2
S1-356020591	S2-914961766	S2
S1-356020591	S2-526991413	S2
S1-356020591	S2-836755446	S2
S1-356020591	S2-112367897	S2
S1-356020591	S2-76382003	S2
S1-356020591	S2-149345266	S2
S1-356020591	S2-494710355	S2
S1-356020591	S2-690798862	S2
S1-356020591	S2-325615566	S2
S1-356020591	S2-454450916	S2
S1-356020591	S2-158757260	S2
S1-356020591	S2-383023238	S2
S1-356020591	S2-688230388	S2
S1-356020591	S2-751864723	S2
S1-356020591	S2-635228641	S2
S1-627144525	S2-699840570	S2
S1-627144525	S2-237499913	S2
S1-627144525	S2-111237832	S2
S1-627144525	S2-956608424	S2
S1-627144525	S2-8982199	S2
S1-627144525	S2-467121958	S2
S1-627144525	S2-940079305	S2
S1-627144525	S2-143232725	S2
S1-627144525	S2-974623300	S2
S1-627144525	S2-278045217	S2
S1-627144525	S2-822978972	S2
S1-627144525	S2-237375796	S2
S1-627144525	S2-909796844	S2
S1-627144525	S2-597159535	S2
S1-627144525	S2-676382349	S2
S1-514155563	S2-525998554	S2
S1-514155563	S2-973891945	S2
S1-514155563	S2-83562306	S2
S1-514155563	S2-609859392	S2
S1-514155563	S2-373730786	S2
S1-514155563	S2-908490642	S2
S1-514155563	S2-991532073	S2
S1-514155563	S2-652123001	S2
S1-514155563	S2-824972458	S2
S1-514155563	S2-144579100	S2
S1-514155563	S2-447785689	S2
S1-514155563	S2-308734653	S2
S1-514155563	S2-332764638	S2
S1-514155563	S2-369116881	S2
S1-514155563	S2-946872072	S2
S1-942221484	S2-877745187	S2
S1-942221484	S2-149854075	S2
S1-942221484	S2-414238106	S2
S1-942221484	S2-182955632	S2
S1-942221484	S2-711267664	S2
S1-942221484	S2-932843757	S2
S1-942221484	S2-902147205	S2
S1-942221484	S2-706697011	S2
S1-942221484	S2-152104014	S2
S1-942221484	S2-230184729	S2
S1-942221484	S2-403364722	S2
S1-942221484	S2-814052487	S2
S1-942221484	S2-797821871	S2
S1-942221484	S2-885381494	S2
S1-942221484	S2-672381387	S2
S1-966462381	S2-155681006	S2
S1-966462381	S2-815424973	S2
S1-966462381	S2-704269513	S2
S1-966462381	S2-492786272	S2
S1-966462381	S2-788637934	S2
S1-966462381	S2-287300820	S2
S1-966462381	S2-475419520	S2
S1-966462381	S2-260388248	S2
S1-966462381	S2-530330935	S2
S1-966462381	S2-354227046	S2
S1-966462381	S2-354912564	S2
S1-966462381	S2-223038034	S2
S1-966462381	S2-728928259	S2
S1-966462381	S2-434166125	S2
S1-966462381	S2-353393611	S2
S1-681392030	S2-1365339	S2
S1-681392030	S2-444452024	S2
S1-681392030	S2-846975420	S2
S1-681392030	S2-92959536	S2
S1-681392030	S2-930033885	S2
S1-681392030	S2-845372583	S2
S1-681392030	S2-502406312	S2
S1-681392030	S2-631869569	S2
S1-681392030	S2-337172708	S2
S1-681392030	S2-648770543	S2
S1-681392030	S2-886987750	S2
S1-681392030	S2-256459754	S2
S1-681392030	S2-475170125	S2
S1-681392030	S2-510931175	S2
S1-681392030	S2-949845335	S2
S1-492467148	S2-838401167	S2
S1-492467148	S2-415733261	S2
S1-492467148	S2-1722538	S2
S1-492467148	S2-830888138	S2
S1-492467148	S2-878352124	S2
S1-492467148	S2-518413297	S2
S1-492467148	S2-924143713	S2
S1-492467148	S2-418551982	S2
S1-492467148	S2-741298163	S2
S1-492467148	S2-765287336	S2
S1-492467148	S2-863652256	S2
S1-492467148	S2-564829794	S2
S1-492467148	S2-837615087	S2
S1-492467148	S2-983318792	S2
S1-492467148	S2-376939341	S2
S1-791867209	S2-43091282	S2
S1-791867209	S2-966985435	S2
S1-791867209	S2-319771268	S2
S1-791867209	S2-284919985	S2
S1-791867209	S2-417090507	S2
S1-791867209	S2-564306170	S2
S1-791867209	S2-936893839	S2
S1-791867209	S2-1240778	S2
S1-791867209	S2-185385240	S2
S1-791867209	S2-821383594	S2
S1-791867209	S2-557882604	S2
S1-791867209	S2-665981472	S2
S1-791867209	S2-209709244	S2
S1-791867209	S2-949133216	S2
S1-791867209	S2-402816908	S2
S1-951599976	S2-504977086	S2
S1-951599976	S2-678788003	S2
S1-951599976	S2-161047745	S2
S1-951599976	S2-541414076	S2
S1-951599976	S2-492031103	S2
S1-951599976	S2-224909884	S2
S1-951599976	S2-568385282	S2
S1-951599976	S2-932626440	S2
S1-951599976	S2-327738915	S2
S1-951599976	S2-958380385	S2
S1-951599976	S2-182145854	S2
S1-951599976	S2-446585847	S2
S1-951599976	S2-957597561	S2
S1-951599976	S2-70367717	S2
S1-951599976	S2-457321092	S2
S1-315450523	S2-630688873	S2
S1-315450523	S2-326946504	S2
S1-315450523	S2-335038001	S2
S1-315450523	S2-751588111	S2
S1-315450523	S2-210601194	S2
S1-315450523	S2-643308876	S2
S1-315450523	S2-986714176	S2
S1-315450523	S2-516871248	S2
S1-315450523	S2-41847464	S2
S1-315450523	S2-34975790	S2
S1-315450523	S2-54521194	S2
S1-315450523	S2-888961567	S2
S1-315450523	S2-430490738	S2
S1-315450523	S2-383956381	S2
S1-315450523	S2-627360379	S2
S1-666876590	S2-75150479	S2
S1-666876590	S2-630317647	S2
S1-666876590	S2-12796093	S2
S1-666876590	S2-938612654	S2
S1-666876590	S2-484254734	S2
S1-666876590	S2-400230753	S2
S1-666876590	S2-816119025	S2
S1-666876590	S2-937072190	S2
S1-666876590	S2-846600326	S2
S1-666876590	S2-910212980	S2
S1-666876590	S2-307272578	S2
S1-666876590	S2-155636061	S2
S1-666876590	S2-29108033	S2
S1-666876590	S2-971491700	S2
S1-666876590	S2-438972703	S2
S1-913301865	S2-828544692	S2
S1-913301865	S2-620463310	S2
S1-913301865	S2-810723110	S2
S1-913301865	S2-287588845	S2
S1-913301865	S2-258085782	S2
S1-913301865	S2-222540081	S2
S1-913301865	S2-592507930	S2
S1-913301865	S2-357197766	S2
S1-913301865	S2-706238826	S2
S1-913301865	S2-478830670	S2
S1-913301865	S2-846975420	S2
S1-913301865	S2-661036235	S2
S1-913301865	S2-100798928	S2
S1-913301865	S2-848878443	S2
S1-913301865	S2-187499079	S2
S1-216181354	S2-95883726	S2
S1-216181354	S2-882819261	S2
S1-216181354	S2-585316294	S2
S1-216181354	S2-872209566	S2
S1-216181354	S2-757197434	S2
S1-216181354	S2-764306412	S2
S1-216181354	S2-91908767	S2
S1-216181354	S2-779614645	S2
S1-216181354	S2-231195947	S2
S1-216181354	S2-772323364	S2
S1-216181354	S2-626012117	S2
S1-216181354	S2-914761441	S2
S1-216181354	S2-569860965	S2
S1-216181354	S2-90112897	S2
S1-216181354	S2-816989315	S2
S1-454111437	S2-660467546	S2
S1-454111437	S2-365560637	S2
S1-454111437	S2-794352292	S2
S1-454111437	S2-978606166	S2
S1-454111437	S2-953643315	S2
S1-454111437	S2-693296247	S2
S1-454111437	S2-829280506	S2
S1-454111437	S2-575370403	S2
S1-454111437	S2-144066810	S2
S1-454111437	S2-104858458	S2
S1-454111437	S2-741811666	S2
S1-454111437	S2-720983730	S2
S1-454111437	S2-415834554	S2
S1-454111437	S2-904488870	S2
S1-454111437	S2-975023541	S2
S1-960158214	S2-1365339	S2
S1-960158214	S2-444452024	S2
S1-960158214	S2-846975420	S2
S1-960158214	S2-92959536	S2
S1-960158214	S2-845372583	S2
S1-960158214	S2-930033885	S2
S1-960158214	S2-502406312	S2
S1-960158214	S2-648770543	S2
S1-960158214	S2-631869569	S2
S1-960158214	S2-337172708	S2
S1-960158214	S2-886987750	S2
S1-960158214	S2-256459754	S2
S1-960158214	S2-475170125	S2
S1-960158214	S2-949845335	S2
S1-960158214	S2-510931175	S2
S1-743171772	S2-968735721	S2
S1-743171772	S2-517995133	S2
S1-743171772	S2-373143276	S2
S1-743171772	S2-782032185	S2
S1-743171772	S2-487524833	S2
S1-743171772	S2-687374926	S2
S1-743171772	S2-674223031	S2
S1-743171772	S2-932434431	S2
S1-743171772	S2-892882538	S2
S1-743171772	S2-594607876	S2
S1-743171772	S2-647040826	S2
S1-743171772	S2-31633295	S2
S1-743171772	S2-351822798	S2
S1-743171772	S2-92854944	S2
S1-743171772	S2-550763752	S2
S1-965549055	S2-841152676	S2
S1-965549055	S2-278254185	S2
S1-965549055	S2-123740075	S2
S1-965549055	S2-967974285	S2
S1-965549055	S2-789983455	S2
S1-965549055	S2-47852966	S2
S1-965549055	S2-540216733	S2
S1-965549055	S2-353872072	S2
S1-965549055	S2-405089580	S2
S1-965549055	S2-423447509	S2
S1-965549055	S2-243092207	S2
S1-965549055	S2-712174856	S2
S1-965549055	S2-947318362	S2
S1-965549055	S2-735788494	S2
S1-965549055	S2-569515778	S2
S1-947119891	S2-54659459	S2
S1-947119891	S2-754764875	S2
S1-947119891	S2-731943701	S2
S1-947119891	S2-250915022	S2
S1-947119891	S2-582629579	S2
S1-947119891	S2-690151442	S2
S1-947119891	S2-35064066	S2
S1-947119891	S2-399112375	S2
S1-947119891	S2-894152578	S2
S1-947119891	S2-474914898	S2
S1-947119891	S2-393523489	S2
S1-947119891	S2-748347027	S2
S1-947119891	S2-200288263	S2
S1-947119891	S2-430379962	S2
S1-947119891	S2-900515245	S2
S1-511561869	S2-149854075	S2
S1-511561869	S2-776942202	S2
S1-511561869	S2-434799271	S2
S1-511561869	S2-809086049	S2
S1-511561869	S2-21859479	S2
S1-511561869	S2-6795460	S2
S1-511561869	S2-915769300	S2
S1-511561869	S2-877745187	S2
S1-511561869	S2-902147205	S2
S1-511561869	S2-182955632	S2
S1-511561869	S2-152104014	S2
S1-511561869	S2-411547279	S2
S1-511561869	S2-678788003	S2
S1-511561869	S2-932843757	S2
S1-511561869	S2-602297798	S2
S1-302710833	S2-277830258	S2
S1-302710833	S2-426439815	S2
S1-302710833	S2-741639927	S2
S1-302710833	S2-402816014	S2
S1-302710833	S2-41514279	S2
S1-302710833	S2-811863966	S2
S1-302710833	S2-833900025	S2
S1-302710833	S2-405681592	S2
S1-302710833	S2-40746806	S2
S1-302710833	S2-352552540	S2
S1-302710833	S2-721241427	S2
S1-302710833	S2-338866041	S2
S1-302710833	S2-344591721	S2
S1-302710833	S2-662221399	S2
S1-302710833	S2-969392100	S2
S1-888660595	S2-40746806	S2
S1-888660595	S2-791990398	S2
S1-888660595	S2-355616973	S2
S1-888660595	S2-25954937	S2
S1-888660595	S2-283874839	S2
S1-888660595	S2-224032436	S2
S1-888660595	S2-879158207	S2
S1-888660595	S2-769858942	S2
S1-888660595	S2-554378599	S2
S1-888660595	S2-715522197	S2
S1-888660595	S2-118711492	S2
S1-888660595	S2-224839523	S2
S1-888660595	S2-864103770	S2
S1-888660595	S2-445420919	S2
S1-888660595	S2-32982164	S2
S1-684656443	S2-803100423	S2
S1-684656443	S2-155574448	S2
S1-684656443	S2-630772014	S2
S1-684656443	S2-743455401	S2
S1-684656443	S2-678788003	S2
S1-684656443	S2-213874601	S2
S1-684656443	S2-862759276	S2
S1-684656443	S2-202394836	S2
S1-684656443	S2-848711718	S2
S1-684656443	S2-81664343	S2
S1-684656443	S2-94751831	S2
S1-684656443	S2-655804813	S2
S1-684656443	S2-122944993	S2
S1-684656443	S2-223493773	S2
S1-684656443	S2-44100844	S2
S1-279914306	S2-738629358	S2
S1-279914306	S2-282390486	S2
S1-279914306	S2-498215317	S2
S1-279914306	S2-914961766	S2
S1-279914306	S2-158757260	S2
S1-279914306	S2-454450916	S2
S1-279914306	S2-149345266	S2
S1-279914306	S2-526991413	S2
S1-279914306	S2-325615566	S2
S1-279914306	S2-745995930	S2
S1-279914306	S2-635228641	S2
S1-279914306	S2-383023238	S2
S1-279914306	S2-688230388	S2
S1-279914306	S2-653459371	S2
S1-279914306	S2-541570442	S2
S1-294547159	S2-509764556	S2
S1-294547159	S2-990119436	S2
S1-294547159	S2-3256414	S2
S1-294547159	S2-888108239	S2
S1-294547159	S2-824972458	S2
S1-294547159	S2-760535604	S2
S1-294547159	S2-291892949	S2
S1-294547159	S2-840895255	S2
S1-294547159	S2-108228337	S2
S1-294547159	S2-40574852	S2
S1-294547159	S2-536098194	S2
S1-294547159	S2-1240778	S2
S1-294547159	S2-425338531	S2
S1-294547159	S2-511106943	S2
S1-294547159	S2-795809304	S2
S1-208973592	S2-325340520	S2
S1-208973592	S2-421767648	S2
S1-208973592	S2-819911306	S2
S1-208973592	S2-918349502	S2
S1-208973592	S2-546407954	S2
S1-208973592	S2-557520173	S2
S1-208973592	S2-161592048	S2
S1-208973592	S2-158828409	S2
S1-208973592	S2-73262730	S2
S1-208973592	S2-190462665	S2
S1-208973592	S2-301634447	S2
S1-208973592	S2-566627479	S2
S1-208973592	S2-64494419	S2
S1-208973592	S2-657247851	S2
S1-208973592	S2-538680925	S2
S1-859252896	S2-411547279	S2
S1-859252896	S2-983514167	S2
S1-859252896	S2-450648359	S2
S1-859252896	S2-604564398	S2
S1-859252896	S2-450445631	S2
S1-859252896	S2-994612767	S2
S1-859252896	S2-411345119	S2
S1-859252896	S2-520587790	S2
S1-859252896	S2-831064278	S2
S1-859252896	S2-300777619	S2
S1-859252896	S2-138068334	S2
S1-859252896	S2-99260087	S2
S1-859252896	S2-19689896	S2
S1-859252896	S2-237375796	S2
S1-859252896	S2-86546864	S2
S1-630223771	S2-937858663	S2
S1-630223771	S2-831625227	S2
S1-630223771	S2-137335733	S2
S1-630223771	S2-187593824	S2
S1-630223771	S2-104641729	S2
S1-630223771	S2-529318908	S2
S1-630223771	S2-34449822	S2
S1-630223771	S2-391886434	S2
S1-630223771	S2-256451765	S2
S1-630223771	S2-12970251	S2
S1-630223771	S2-506682722	S2
S1-630223771	S2-695240341	S2
S1-630223771	S2-945813340	S2
S1-630223771	S2-200200363	S2
S1-630223771	S2-859393404	S2
S1-223600564	S2-636826764	S2
S1-223600564	S2-256459754	S2
S1-223600564	S2-58825780	S2
S1-223600564	S2-510931175	S2
S1-223600564	S2-505987024	S2
S1-223600564	S2-949845335	S2
S1-223600564	S2-274323360	S2
S1-223600564	S2-964581929	S2
S1-223600564	S2-475170125	S2
S1-223600564	S2-319761515	S2
S1-223600564	S2-945339512	S2
S1-223600564	S2-598588474	S2
S1-223600564	S2-967569498	S2
S1-223600564	S2-1365339	S2
S1-223600564	S2-92959536	S2
S1-72918323	S2-339391894	S2
S1-72918323	S2-879472043	S2
S1-72918323	S2-384219063	S2
S1-72918323	S2-122944993	S2
S1-72918323	S2-697586803	S2
S1-72918323	S2-811863966	S2
S1-72918323	S2-98658177	S2
S1-72918323	S2-889977529	S2
S1-72918323	S2-339884517	S2
S1-72918323	S2-808100278	S2
S1-72918323	S2-76382003	S2
S1-72918323	S2-811799202	S2
S1-72918323	S2-918763928	S2
S1-72918323	S2-620647719	S2
S1-72918323	S2-584696844	S2
S1-754175313	S2-784259305	S2
S1-754175313	S2-794352292	S2
S1-754175313	S2-713572779	S2
S1-754175313	S2-8982199	S2
S1-754175313	S2-921202375	S2
S1-754175313	S2-906898057	S2
S1-754175313	S2-432279643	S2
S1-754175313	S2-975023541	S2
S1-754175313	S2-334354664	S2
S1-754175313	S2-381676404	S2
S1-754175313	S2-332453876	S2
S1-754175313	S2-848946610	S2
S1-754175313	S2-135305339	S2
S1-754175313	S2-674862293	S2
S1-754175313	S2-882819261	S2
S1-970518712	S2-644844275	S2
S1-970518712	S2-468242606	S2
S1-970518712	S2-35086639	S2
S1-970518712	S2-250915022	S2
S1-970518712	S2-945842043	S2
S1-970518712	S2-783158461	S2
S1-970518712	S2-774139241	S2
S1-970518712	S2-174528596	S2
S1-970518712	S2-734058456	S2
S1-970518712	S2-585835879	S2
S1-970518712	S2-921287883	S2
S1-970518712	S2-649938200	S2
S1-970518712	S2-970843942	S2
S1-970518712	S2-293441687	S2
S1-970518712	S2-763108962	S2
S1-366329737	S2-576580892	S2
S1-366329737	S2-74992830	S2
S1-366329737	S2-882915480	S2
S1-366329737	S2-972051451	S2
S1-366329737	S2-733025108	S2
S1-366329737	S2-281309190	S2
S1-366329737	S2-424537185	S2
S1-366329737	S2-726813453	S2
S1-366329737	S2-713109591	S2
S1-366329737	S2-17933853	S2
S1-366329737	S2-645440237	S2
S1-366329737	S2-512950951	S2
S1-366329737	S2-60818919	S2
S1-366329737	S2-628011193	S2
S1-366329737	S2-619664055	S2
S1-708796012	S2-91908767	S2
S1-708796012	S2-960129567	S2
S1-708796012	S2-967508286	S2
S1-708796012	S2-491950020	S2
S1-708796012	S2-90112897	S2
S1-708796012	S2-589492301	S2
S1-708796012	S2-50256920	S2
S1-708796012	S2-398793962	S2
S1-708796012	S2-268638596	S2
S1-708796012	S2-781790661	S2
S1-708796012	S2-902261581	S2
S1-708796012	S2-969055454	S2
S1-708796012	S2-356775340	S2
S1-708796012	S2-312010791	S2
S1-708796012	S2-697040637	S2
S1-935703127	S2-477373580	S2
S1-935703127	S2-575813071	S2
S1-935703127	S2-471521279	S2
S1-935703127	S2-934037681	S2
S1-935703127	S2-967508286	S2
S1-935703127	S2-665500858	S2
S1-935703127	S2-669879950	S2
S1-935703127	S2-131264573	S2
S1-935703127	S2-820931640	S2
S1-935703127	S2-194307610	S2
S1-935703127	S2-832052225	S2
S1-935703127	S2-121549347	S2
S1-935703127	S2-932626440	S2
S1-935703127	S2-43091282	S2
S1-935703127	S2-997285082	S2
S1-981414798	S2-810500558	S2
S1-981414798	S2-816686119	S2
S1-981414798	S2-440137459	S2
S1-981414798	S2-452180384	S2
S1-981414798	S2-190462665	S2
S1-981414798	S2-213470723	S2
S1-981414798	S2-301634447	S2
S1-981414798	S2-35158435	S2
S1-981414798	S2-426381800	S2
S1-981414798	S2-361966224	S2
S1-981414798	S2-300552236	S2
S1-981414798	S2-93682954	S2
S1-981414798	S2-133252993	S2
S1-981414798	S2-657247851	S2
S1-981414798	S2-538680925	S2
S1-424529930	S2-937858663	S2
S1-424529930	S2-137335733	S2
S1-424529930	S2-621473436	S2
S1-424529930	S2-187593824	S2
S1-424529930	S2-104641729	S2
S1-424529930	S2-831625227	S2
S1-424529930	S2-200200363	S2
S1-424529930	S2-529318908	S2
S1-424529930	S2-859393404	S2
S1-424529930	S2-256451765	S2
S1-424529930	S2-391886434	S2
S1-424529930	S2-945813340	S2
S1-424529930	S2-12970251	S2
S1-424529930	S2-506682722	S2
S1-424529930	S2-695240341	S2
S1-912508322	S2-620463310	S2
S1-912508322	S2-540745651	S2
S1-912508322	S2-828544692	S2
S1-912508322	S2-144609625	S2
S1-912508322	S2-304667963	S2
S1-912508322	S2-591398537	S2
S1-912508322	S2-478830670	S2
S1-912508322	S2-100798928	S2
S1-912508322	S2-357197766	S2
S1-912508322	S2-222540081	S2
S1-912508322	S2-187499079	S2
S1-912508322	S2-287588845	S2
S1-912508322	S2-661036235	S2
S1-912508322	S2-846975420	S2
S1-912508322	S2-848878443	S2
S1-846028981	S2-574357374	S2
S1-846028981	S2-983379660	S2
S1-846028981	S2-878352124	S2
S1-846028981	S2-518413297	S2
S1-846028981	S2-51424319	S2
S1-846028981	S2-866650875	S2
S1-846028981	S2-927572293	S2
S1-846028981	S2-981256053	S2
S1-846028981	S2-373143276	S2
S1-846028981	S2-838401167	S2
S1-846028981	S2-978253391	S2
S1-846028981	S2-968735721	S2
S1-846028981	S2-496850215	S2
S1-846028981	S2-299258785	S2
S1-846028981	S2-280468346	S2
S1-318218643	S2-970217516	S2
S1-318218643	S2-845577049	S2
S1-318218643	S2-6412284	S2
S1-318218643	S2-811863966	S2
S1-318218643	S2-824685628	S2
S1-318218643	S2-718800703	S2
S1-318218643	S2-777835859	S2
S1-318218643	S2-125297289	S2
S1-318218643	S2-620482053	S2
S1-318218643	S2-874995586	S2
S1-318218643	S2-997592409	S2
S1-318218643	S2-780872035	S2
S1-318218643	S2-121611732	S2
S1-318218643	S2-564502430	S2
S1-318218643	S2-637536373	S2
S1-970972284	S2-314169444	S2
S1-970972284	S2-380743763	S2
S1-970972284	S2-777730349	S2
S1-970972284	S2-810843780	S2
S1-970972284	S2-258046397	S2
S1-970972284	S2-142441358	S2
S1-970972284	S2-688247667	S2
S1-970972284	S2-765265626	S2
S1-970972284	S2-921274499	S2
S1-970972284	S2-459633919	S2
S1-970972284	S2-726732611	S2
S1-970972284	S2-975023541	S2
S1-970972284	S2-399052000	S2
S1-970972284	S2-892880098	S2
S1-970972284	S2-715522197	S2
S1-435587816	S2-735647694	S2
S1-435587816	S2-822123183	S2
S1-435587816	S2-564916390	S2
S1-435587816	S2-200472231	S2
S1-435587816	S2-148135037	S2
S1-435587816	S2-962270896	S2
S1-435587816	S2-842446266	S2
S1-435587816	S2-948826263	S2
S1-435587816	S2-612684324	S2
S1-435587816	S2-942813893	S2
S1-435587816	S2-190462665	S2
S1-435587816	S2-705088632	S2
S1-435587816	S2-241479975	S2
S1-435587816	S2-308993997	S2
S1-435587816	S2-848656635	S2
S1-544301808	S2-959734804	S2
S1-544301808	S2-318784543	S2
S1-544301808	S2-494710355	S2
S1-544301808	S2-831117180	S2
S1-544301808	S2-311868409	S2
S1-544301808	S2-469774927	S2
S1-544301808	S2-835256551	S2
S1-544301808	S2-872823424	S2
S1-544301808	S2-879019234	S2
S1-544301808	S2-960553036	S2
S1-544301808	S2-138702507	S2
S1-544301808	S2-466380342	S2
S1-544301808	S2-31971701	S2
S1-544301808	S2-706168001	S2
S1-544301808	S2-68547182	S2
S1-20267366	S2-22257325	S2
S1-20267366	S2-62736893	S2
S1-20267366	S2-234262247	S2
S1-20267366	S2-282629268	S2
S1-20267366	S2-916871057	S2
S1-20267366	S2-496850215	S2
S1-20267366	S2-696538156	S2
S1-20267366	S2-630890287	S2
S1-20267366	S2-727779637	S2
S1-20267366	S2-253412037	S2
S1-20267366	S2-476714949	S2
S1-20267366	S2-95507352	S2
S1-20267366	S2-834738396	S2
S1-20267366	S2-904488870	S2
S1-20267366	S2-335038001	S2
S1-379918793	S2-215182600	S2
S1-379918793	S2-727570982	S2
S1-379918793	S2-220286148	S2
S1-379918793	S2-8982199	S2
S1-379918793	S2-111237832	S2
S1-379918793	S2-278045217	S2
S1-379918793	S2-977796762	S2
S1-379918793	S2-63261077	S2
S1-379918793	S2-956608424	S2
S1-379918793	S2-143232725	S2
S1-379918793	S2-322211984	S2
S1-379918793	S2-944147628	S2
S1-379918793	S2-723550919	S2
S1-379918793	S2-462526248	S2
S1-379918793	S2-327362746	S2
S1-106221717	S2-822798491	S2
S1-106221717	S2-308510117	S2
S1-106221717	S2-872209566	S2
S1-106221717	S2-764306412	S2
S1-106221717	S2-231195947	S2
S1-106221717	S2-91908767	S2
S1-106221717	S2-779614645	S2
S1-106221717	S2-8982199	S2
S1-106221717	S2-772323364	S2
S1-106221717	S2-626012117	S2
S1-106221717	S2-117672295	S2
S1-106221717	S2-914761441	S2
S1-106221717	S2-569860965	S2
S1-106221717	S2-816989315	S2
S1-106221717	S2-90112897	S2
S1-800482427	S2-706238826	S2
S1-800482427	S2-540745651	S2
S1-800482427	S2-144609625	S2
S1-800482427	S2-828544692	S2
S1-800482427	S2-100798928	S2
S1-800482427	S2-478830670	S2
S1-800482427	S2-620463310	S2
S1-800482427	S2-357197766	S2
S1-800482427	S2-222540081	S2
S1-800482427	S2-287588845	S2
S1-800482427	S2-591398537	S2
S1-800482427	S2-187499079	S2
S1-800482427	S2-846975420	S2
S1-800482427	S2-661036235	S2
S1-800482427	S2-848878443	S2
S1-846529766	S2-162849450	S2
S1-846529766	S2-56398788	S2
S1-846529766	S2-165809100	S2
S1-846529766	S2-770688784	S2
S1-846529766	S2-849565658	S2
S1-846529766	S2-926927744	S2
S1-846529766	S2-950705478	S2
S1-846529766	S2-790103191	S2
S1-846529766	S2-745680704	S2
S1-846529766	S2-364595902	S2
S1-846529766	S2-526057016	S2
S1-846529766	S2-787757653	S2
S1-846529766	S2-201829232	S2
S1-846529766	S2-616876975	S2
S1-846529766	S2-555724821	S2
S1-761874846	S2-779197401	S2
S1-761874846	S2-318217219	S2
S1-761874846	S2-622300061	S2
S1-761874846	S2-746717750	S2
S1-761874846	S2-837663921	S2
S1-761874846	S2-966475004	S2
S1-761874846	S2-929054875	S2
S1-761874846	S2-570512018	S2
S1-761874846	S2-754316539	S2
S1-761874846	S2-711763507	S2
S1-761874846	S2-494634369	S2
S1-761874846	S2-479004587	S2
S1-761874846	S2-929646481	S2
S1-761874846	S2-718826006	S2
S1-761874846	S2-271555689	S2
S1-703200453	S2-150284085	S2
S1-703200453	S2-199635728	S2
S1-703200453	S2-784569977	S2
S1-703200453	S2-223741344	S2
S1-703200453	S2-879158207	S2
S1-703200453	S2-861758392	S2
S1-703200453	S2-847335213	S2
S1-703200453	S2-472555582	S2
S1-703200453	S2-214835079	S2
S1-703200453	S2-890423795	S2
S1-703200453	S2-663852317	S2
S1-703200453	S2-498046006	S2
S1-703200453	S2-94341972	S2
S1-703200453	S2-68511408	S2
S1-703200453	S2-265951472	S2
S1-746273151	S2-619859806	S2
S1-746273151	S2-209549510	S2
S1-746273151	S2-441341822	S2
S1-746273151	S2-613033114	S2
S1-746273151	S2-716961117	S2
S1-746273151	S2-122570602	S2
S1-746273151	S2-699391872	S2
S1-746273151	S2-790947608	S2
S1-746273151	S2-362555190	S2
S1-746273151	S2-716687956	S2
S1-746273151	S2-69559356	S2
S1-746273151	S2-310613953	S2
S1-746273151	S2-176968531	S2
S1-746273151	S2-17860697	S2
S1-746273151	S2-225100350	S2
S1-432962984	S2-633146423	S2
S1-432962984	S2-966985435	S2
S1-432962984	S2-936893839	S2
S1-432962984	S2-72591393	S2
S1-432962984	S2-564306170	S2
S1-432962984	S2-822714622	S2
S1-432962984	S2-284919985	S2
S1-432962984	S2-468234939	S2
S1-432962984	S2-821383594	S2
S1-432962984	S2-43091282	S2
S1-432962984	S2-585973304	S2
S1-432962984	S2-750473552	S2
S1-432962984	S2-222636194	S2
S1-432962984	S2-923748120	S2
S1-432962984	S2-913240757	S2
S1-500552277	S2-625317694	S2
S1-500552277	S2-4675625	S2
S1-500552277	S2-455830760	S2
S1-500552277	S2-472204730	S2
S1-500552277	S2-121759397	S2
S1-500552277	S2-421540927	S2
S1-500552277	S2-850499815	S2
S1-500552277	S2-255396836	S2
S1-500552277	S2-103372442	S2
S1-500552277	S2-609888752	S2
S1-500552277	S2-296959281	S2
S1-500552277	S2-602297798	S2
S1-500552277	S2-569931245	S2
S1-500552277	S2-513883520	S2
S1-500552277	S2-991843540	S2
S1-446787657	S2-318217219	S2
S1-446787657	S2-792661362	S2
S1-446787657	S2-623031574	S2
S1-446787657	S2-103372442	S2
S1-446787657	S2-296598302	S2
S1-446787657	S2-181962832	S2
S1-446787657	S2-631521974	S2
S1-446787657	S2-101451801	S2
S1-446787657	S2-143084362	S2
S1-446787657	S2-437915677	S2
S1-446787657	S2-772997011	S2
S1-446787657	S2-928003558	S2
S1-446787657	S2-444528389	S2
S1-446787657	S2-857150604	S2
S1-446787657	S2-408865400	S2
S1-505869859	S2-437309128	S2
S1-505869859	S2-764430935	S2
S1-505869859	S2-560140043	S2
S1-505869859	S2-847120229	S2
S1-505869859	S2-748325649	S2
S1-505869859	S2-656749559	S2
S1-505869859	S2-640420911	S2
S1-505869859	S2-923853202	S2
S1-505869859	S2-26324258	S2
S1-505869859	S2-362602827	S2
S1-505869859	S2-126113089	S2
S1-505869859	S2-672736825	S2
S1-505869859	S2-229217508	S2
S1-505869859	S2-512382393	S2
S1-505869859	S2-369458829	S2
S1-862092661	S2-444679914	S2
S1-862092661	S2-980246492	S2
S1-862092661	S2-626832027	S2
S1-862092661	S2-589492301	S2
S1-862092661	S2-58825780	S2
S1-862092661	S2-98331541	S2
S1-862092661	S2-520441214	S2
S1-862092661	S2-37960046	S2
S1-862092661	S2-857681318	S2
S1-862092661	S2-284585076	S2
S1-862092661	S2-862571135	S2
S1-862092661	S2-491950020	S2
S1-862092661	S2-668310822	S2
S1-862092661	S2-698383825	S2
S1-862092661	S2-570512018	S2
S1-53323215	S2-74052072	S2
S1-53323215	S2-529867680	S2
S1-53323215	S2-979910605	S2
S1-53323215	S2-665940290	S2
S1-53323215	S2-241291924	S2
S1-53323215	S2-570006860	S2
S1-53323215	S2-850499815	S2
S1-53323215	S2-259053443	S2
S1-53323215	S2-613102013	S2
S1-53323215	S2-375938862	S2
S1-53323215	S2-385922466	S2
S1-53323215	S2-243813488	S2
S1-53323215	S2-748163379	S2
S1-53323215	S2-91908767	S2
S1-53323215	S2-967508286	S2
S1-814475089	S2-59129159	S2
S1-814475089	S2-626832027	S2
S1-814475089	S2-857681318	S2
S1-814475089	S2-25787219	S2
S1-814475089	S2-560818510	S2
S1-814475089	S2-862571135	S2
S1-814475089	S2-625369101	S2
S1-814475089	S2-802873219	S2
S1-814475089	S2-564433190	S2
S1-814475089	S2-247759089	S2
S1-814475089	S2-698383825	S2
S1-814475089	S2-520441214	S2
S1-814475089	S2-98331541	S2
S1-814475089	S2-284585076	S2
S1-814475089	S2-570512018	S2
S1-451077707	S2-407017000	S2
S1-451077707	S2-822482083	S2
S1-451077707	S2-895798537	S2
S1-451077707	S2-421100616	S2
S1-451077707	S2-620110385	S2
S1-451077707	S2-242582700	S2
S1-451077707	S2-761644899	S2
S1-451077707	S2-657612909	S2
S1-451077707	S2-548542163	S2
S1-451077707	S2-401408311	S2
S1-451077707	S2-681634213	S2
S1-451077707	S2-522109781	S2
S1-451077707	S2-95424985	S2
S1-451077707	S2-856654739	S2
S1-451077707	S2-483453128	S2
S1-448166395	S2-673341944	S2
S1-448166395	S2-768946792	S2
S1-448166395	S2-5646683	S2
S1-448166395	S2-24680486	S2
S1-448166395	S2-988228866	S2
S1-448166395	S2-563753438	S2
S1-448166395	S2-103317508	S2
S1-448166395	S2-792661362	S2
S1-448166395	S2-466380342	S2
S1-448166395	S2-191045664	S2
S1-448166395	S2-507619867	S2
S1-448166395	S2-272918438	S2
S1-448166395	S2-178777487	S2
S1-448166395	S2-960258435	S2
S1-448166395	S2-404639263	S2
S1-940115232	S2-521121876	S2
S1-940115232	S2-50586341	S2
S1-940115232	S2-915617973	S2
S1-940115232	S2-427111019	S2
S1-940115232	S2-51424319	S2
S1-940115232	S2-574357374	S2
S1-940115232	S2-459481005	S2
S1-940115232	S2-978253391	S2
S1-940115232	S2-269775293	S2
S1-940115232	S2-983379660	S2
S1-940115232	S2-710492190	S2
S1-940115232	S2-866650875	S2
S1-940115232	S2-968735721	S2
S1-940115232	S2-373143276	S2
S1-940115232	S2-147817802	S2
S1-472232440	S2-832052225	S2
S1-472232440	S2-848878443	S2
S1-472232440	S2-658994017	S2
S1-472232440	S2-575329360	S2
S1-472232440	S2-350985725	S2
S1-472232440	S2-720490901	S2
S1-472232440	S2-877085471	S2
S1-472232440	S2-869788374	S2
S1-472232440	S2-862482272	S2
S1-472232440	S2-106174634	S2
S1-472232440	S2-193586650	S2
S1-472232440	S2-208504427	S2
S1-472232440	S2-441765868	S2
S1-472232440	S2-622519132	S2
S1-472232440	S2-49633502	S2
S1-800915873	S2-737745236	S2
S1-800915873	S2-91468451	S2
S1-800915873	S2-638319392	S2
S1-800915873	S2-307414093	S2
S1-800915873	S2-123315323	S2
S1-800915873	S2-537997029	S2
S1-800915873	S2-417090507	S2
S1-800915873	S2-637675946	S2
S1-800915873	S2-276431458	S2
S1-800915873	S2-832052225	S2
S1-800915873	S2-158641226	S2
S1-800915873	S2-848582954	S2
S1-800915873	S2-353872072	S2
S1-800915873	S2-354091917	S2
S1-800915873	S2-47852966	S2
S1-21084577	S2-657247851	S2
S1-21084577	S2-43091282	S2
S1-21084577	S2-705827573	S2
S1-21084577	S2-966985435	S2
S1-21084577	S2-936893839	S2
S1-21084577	S2-72591393	S2
S1-21084577	S2-284919985	S2
S1-21084577	S2-895944720	S2
S1-21084577	S2-564306170	S2
S1-21084577	S2-417090507	S2
S1-21084577	S2-302419463	S2
S1-21084577	S2-821383594	S2
S1-21084577	S2-802129140	S2
S1-21084577	S2-369116881	S2
S1-21084577	S2-742406486	S2
S1-978421811	S2-633146423	S2
S1-978421811	S2-714077903	S2
S1-978421811	S2-1986290	S2
S1-978421811	S2-760648353	S2
S1-978421811	S2-623164214	S2
S1-978421811	S2-12434856	S2
S1-978421811	S2-835256551	S2
S1-978421811	S2-368772488	S2
S1-978421811	S2-524004407	S2
S1-978421811	S2-170119635	S2
S1-978421811	S2-972466865	S2
S1-978421811	S2-977127221	S2
S1-978421811	S2-880662813	S2
S1-978421811	S2-838526909	S2
S1-978421811	S2-815037725	S2
S1-19400879	S2-235039028	S2
S1-19400879	S2-157564986	S2
S1-19400879	S2-127778636	S2
S1-19400879	S2-104641729	S2
S1-19400879	S2-460653265	S2
S1-19400879	S2-945865905	S2
S1-19400879	S2-622519132	S2
S1-19400879	S2-120350789	S2
S1-19400879	S2-830783927	S2
S1-19400879	S2-824685628	S2
S1-19400879	S2-350377103	S2
S1-19400879	S2-723550919	S2
S1-19400879	S2-818555762	S2
S1-19400879	S2-976576895	S2
S1-19400879	S2-820761727	S2
S1-332410345	S2-843741773	S2
S1-332410345	S2-640420911	S2
S1-332410345	S2-918074562	S2
S1-332410345	S2-26324258	S2
S1-332410345	S2-437309128	S2
S1-332410345	S2-764430935	S2
S1-332410345	S2-126113089	S2
S1-332410345	S2-672736825	S2
S1-332410345	S2-748325649	S2
S1-332410345	S2-847120229	S2
S1-332410345	S2-229217508	S2
S1-332410345	S2-512382393	S2
S1-332410345	S2-369458829	S2
S1-332410345	S2-923853202	S2
S1-332410345	S2-362602827	S2
S1-617455147	S2-811863966	S2
S1-617455147	S2-528483872	S2
S1-617455147	S2-781790661	S2
S1-617455147	S2-699301561	S2
S1-617455147	S2-961093381	S2
S1-617455147	S2-290108980	S2
S1-617455147	S2-426439815	S2
S1-617455147	S2-939131514	S2
S1-617455147	S2-802873219	S2
S1-617455147	S2-693307120	S2
S1-617455147	S2-7352143	S2
S1-617455147	S2-852115447	S2
S1-617455147	S2-402816014	S2
S1-617455147	S2-859269096	S2
S1-617455147	S2-434575880	S2
S1-477458226	S2-914761441	S2
S1-477458226	S2-764306412	S2
S1-477458226	S2-243813488	S2
S1-477458226	S2-375938862	S2
S1-477458226	S2-259053443	S2
S1-477458226	S2-90112897	S2
S1-477458226	S2-385922466	S2
S1-477458226	S2-772323364	S2
S1-477458226	S2-665940290	S2
S1-477458226	S2-816989315	S2
S1-477458226	S2-569860965	S2
S1-477458226	S2-293065883	S2
S1-477458226	S2-967508286	S2
S1-477458226	S2-748163379	S2
S1-477458226	S2-91908767	S2
S1-173971969	S2-697665921	S2
S1-173971969	S2-46777321	S2
S1-173971969	S2-330518097	S2
S1-173971969	S2-877085471	S2
S1-173971969	S2-635228641	S2
S1-173971969	S2-74992830	S2
S1-173971969	S2-562696174	S2
S1-173971969	S2-727570982	S2
S1-173971969	S2-345172295	S2
S1-173971969	S2-190642185	S2
S1-173971969	S2-332453876	S2
S1-173971969	S2-101919056	S2
S1-173971969	S2-975285928	S2
S1-173971969	S2-136208372	S2
S1-173971969	S2-362602827	S2
S1-907635568	S2-372871261	S2
S1-907635568	S2-203944670	S2
S1-907635568	S2-522109781	S2
S1-907635568	S2-699134996	S2
S1-907635568	S2-790245385	S2
S1-907635568	S2-749642407	S2
S1-907635568	S2-258436929	S2
S1-907635568	S2-656948848	S2
S1-907635568	S2-659362907	S2
S1-907635568	S2-885790584	S2
S1-907635568	S2-768946792	S2
S1-907635568	S2-321590098	S2
S1-907635568	S2-672736825	S2
S1-907635568	S2-220286148	S2
S1-907635568	S2-337462823	S2
S1-374959431	S2-979303211	S2
S1-374959431	S2-497944131	S2
S1-374959431	S2-76382003	S2
S1-374959431	S2-403646565	S2
S1-374959431	S2-637536373	S2
S1-374959431	S2-59129159	S2
S1-374959431	S2-221999414	S2
S1-374959431	S2-782032185	S2
S1-374959431	S2-285274066	S2
S1-374959431	S2-716107739	S2
S1-374959431	S2-35086639	S2
S1-374959431	S2-406854790	S2
S1-374959431	S2-863755882	S2
S1-374959431	S2-302419463	S2
S1-374959431	S2-677255764	S2
S1-596450212	S2-203944670	S2
S1-596450212	S2-488789411	S2
S1-596450212	S2-954942261	S2
S1-596450212	S2-506145204	S2
S1-596450212	S2-535260713	S2
S1-596450212	S2-751588111	S2
S1-596450212	S2-526412482	S2
S1-596450212	S2-748044572	S2
S1-596450212	S2-448793585	S2
S1-596450212	S2-846158069	S2
S1-596450212	S2-913216366	S2
S1-596450212	S2-377809075	S2
S1-596450212	S2-291868119	S2
S1-596450212	S2-865044868	S2
S1-596450212	S2-18394219	S2
S1-464797359	S2-315291297	S2
S1-464797359	S2-894693263	S2
S1-464797359	S2-683730928	S2
S1-464797359	S2-737745236	S2
S1-464797359	S2-62315810	S2
S1-464797359	S2-122570602	S2
S1-464797359	S2-784849034	S2
S1-464797359	S2-636826764	S2
S1-464797359	S2-563158163	S2
S1-464797359	S2-390167188	S2
S1-464797359	S2-859269096	S2
S1-464797359	S2-41514279	S2
S1-464797359	S2-454450916	S2
S1-464797359	S2-352561696	S2
S1-464797359	S2-371168439	S2
S1-804300777	S2-752654978	S2
S1-804300777	S2-228567244	S2
S1-804300777	S2-487803690	S2
S1-804300777	S2-329607640	S2
S1-804300777	S2-883117276	S2
S1-804300777	S2-560300733	S2
S1-804300777	S2-503157961	S2
S1-804300777	S2-260686291	S2
S1-804300777	S2-949636022	S2
S1-804300777	S2-642367103	S2
S1-804300777	S2-569534268	S2
S1-804300777	S2-833227760	S2
S1-804300777	S2-91305348	S2
S1-804300777	S2-794530374	S2
S1-804300777	S2-651292790	S2
S1-305440895	S2-492444908	S2
S1-305440895	S2-956609513	S2
S1-305440895	S2-796933103	S2
S1-305440895	S2-777295554	S2
S1-305440895	S2-657092756	S2
S1-305440895	S2-786753976	S2
S1-305440895	S2-22847673	S2
S1-305440895	S2-206082608	S2
S1-305440895	S2-873164808	S2
S1-305440895	S2-232709023	S2
S1-305440895	S2-385546967	S2
S1-305440895	S2-900048364	S2
S1-305440895	S2-528205184	S2
S1-305440895	S2-628294685	S2
S1-305440895	S2-674028684	S2
S1-145606139	S2-832052225	S2
S1-145606139	S2-613204180	S2
S1-145606139	S2-123315323	S2
S1-145606139	S2-307414093	S2
S1-145606139	S2-536514418	S2
S1-145606139	S2-848582954	S2
S1-145606139	S2-387930936	S2
S1-145606139	S2-354091917	S2
S1-145606139	S2-858691756	S2
S1-145606139	S2-390167188	S2
S1-145606139	S2-417090507	S2
S1-145606139	S2-696617658	S2
S1-145606139	S2-47852966	S2
S1-145606139	S2-625317694	S2
S1-145606139	S2-353872072	S2
S1-368348061	S2-64301738	S2
S1-368348061	S2-960258435	S2
S1-368348061	S2-288004005	S2
S1-368348061	S2-747478411	S2
S1-368348061	S2-351925196	S2
S1-368348061	S2-775394710	S2
S1-368348061	S2-518721601	S2
S1-368348061	S2-469073813	S2
S1-368348061	S2-831239310	S2
S1-368348061	S2-202394836	S2
S1-368348061	S2-308041768	S2
S1-368348061	S2-905737147	S2
S1-368348061	S2-85642806	S2
S1-368348061	S2-253412037	S2
S1-368348061	S2-245909245	S2
S1-46716098	S2-623031574	S2
S1-46716098	S2-158641226	S2
S1-46716098	S2-354541531	S2
S1-46716098	S2-690909438	S2
S1-46716098	S2-613431408	S2
S1-46716098	S2-648129048	S2
S1-46716098	S2-570512018	S2
S1-46716098	S2-891950002	S2
S1-46716098	S2-420385975	S2
S1-46716098	S2-36732240	S2
S1-46716098	S2-462526248	S2
S1-46716098	S2-765237014	S2
S1-46716098	S2-903479853	S2
S1-46716098	S2-394915298	S2
S1-46716098	S2-781397767	S2
S1-557464657	S2-426153797	S2
S1-557464657	S2-849074551	S2
S1-557464657	S2-620482053	S2
S1-557464657	S2-806614621	S2
S1-557464657	S2-175865714	S2
S1-557464657	S2-136235099	S2
S1-557464657	S2-734632823	S2
S1-557464657	S2-974639211	S2
S1-557464657	S2-666899523	S2
S1-557464657	S2-97857545	S2
S1-557464657	S2-986714176	S2
S1-557464657	S2-561226892	S2
S1-557464657	S2-558901774	S2
S1-557464657	S2-674565629	S2
S1-557464657	S2-51477351	S2
S1-8092452	S2-707195845	S2
S1-8092452	S2-937987341	S2
S1-8092452	S2-418551982	S2
S1-8092452	S2-371692381	S2
S1-8092452	S2-227749267	S2
S1-8092452	S2-867710047	S2
S1-8092452	S2-378867947	S2
S1-8092452	S2-748268413	S2
S1-8092452	S2-883955706	S2
S1-8092452	S2-398460096	S2
S1-8092452	S2-802130222	S2
S1-8092452	S2-888873504	S2
S1-8092452	S2-876721131	S2
S1-8092452	S2-731588087	S2
S1-8092452	S2-620446219	S2
S1-216511119	S2-809086049	S2
S1-216511119	S2-698019235	S2
S1-216511119	S2-921202375	S2
S1-216511119	S2-8982199	S2
S1-216511119	S2-666781884	S2
S1-216511119	S2-726621584	S2
S1-216511119	S2-411547279	S2
S1-216511119	S2-50586341	S2
S1-216511119	S2-602297798	S2
S1-216511119	S2-281309190	S2
S1-216511119	S2-861414287	S2
S1-216511119	S2-678788003	S2
S1-216511119	S2-259929846	S2
S1-216511119	S2-915769300	S2
S1-216511119	S2-371549760	S2
S1-499302167	S2-712777388	S2
S1-499302167	S2-395800668	S2
S1-499302167	S2-833227760	S2
S1-499302167	S2-114971268	S2
S1-499302167	S2-534318812	S2
S1-499302167	S2-673822670	S2
S1-499302167	S2-810915319	S2
S1-499302167	S2-370549501	S2
S1-499302167	S2-875461623	S2
S1-499302167	S2-17360295	S2
S1-499302167	S2-826516454	S2
S1-499302167	S2-3914789	S2
S1-499302167	S2-609292694	S2
S1-499302167	S2-978606166	S2
S1-499302167	S2-274109622	S2
S1-56985694	S2-311029819	S2
S1-56985694	S2-369458829	S2
S1-56985694	S2-666781884	S2
S1-56985694	S2-689428234	S2
S1-56985694	S2-109905092	S2
S1-56985694	S2-322536831	S2
S1-56985694	S2-742941063	S2
S1-56985694	S2-726621584	S2
S1-56985694	S2-411547279	S2
S1-56985694	S2-50586341	S2
S1-56985694	S2-602297798	S2
S1-56985694	S2-281309190	S2
S1-56985694	S2-861414287	S2
S1-56985694	S2-678788003	S2
S1-56985694	S2-915769300	S2
S1-417526535	S2-39617527	S2
S1-417526535	S2-269084113	S2
S1-417526535	S2-729718584	S2
S1-417526535	S2-520104827	S2
S1-417526535	S2-512947690	S2
S1-417526535	S2-716588163	S2
S1-417526535	S2-416243900	S2
S1-417526535	S2-9416718	S2
S1-417526535	S2-248782105	S2
S1-417526535	S2-624920895	S2
S1-417526535	S2-264776657	S2
S1-417526535	S2-660059542	S2
S1-417526535	S2-625899005	S2
S1-417526535	S2-638282892	S2
S1-417526535	S2-579566857	S2
S1-382435344	S2-139986213	S2
S1-382435344	S2-862278331	S2
S1-382435344	S2-586812390	S2
S1-382435344	S2-263622543	S2
S1-382435344	S2-956811797	S2
S1-382435344	S2-325340520	S2
S1-382435344	S2-161592048	S2
S1-382435344	S2-819911306	S2
S1-382435344	S2-421767648	S2
S1-382435344	S2-381512450	S2
S1-382435344	S2-918349502	S2
S1-382435344	S2-158828409	S2
S1-382435344	S2-557520173	S2
S1-382435344	S2-546407954	S2
S1-382435344	S2-566627479	S2
S1-927651996	S2-727570982	S2
S1-927651996	S2-772323364	S2
S1-927651996	S2-190642185	S2
S1-927651996	S2-846047154	S2
S1-927651996	S2-332453876	S2
S1-927651996	S2-816989315	S2
S1-927651996	S2-9614101	S2
S1-927651996	S2-219432880	S2
S1-927651996	S2-88437832	S2
S1-927651996	S2-485419143	S2
S1-927651996	S2-285659000	S2
S1-927651996	S2-651190084	S2
S1-927651996	S2-176139646	S2
S1-927651996	S2-895116270	S2
S1-927651996	S2-472320169	S2
S1-613598143	S2-529125623	S2
S1-613598143	S2-312119982	S2
S1-613598143	S2-439805521	S2
S1-613598143	S2-706770555	S2
S1-613598143	S2-105671746	S2
S1-613598143	S2-149157756	S2
S1-613598143	S2-781397767	S2
S1-613598143	S2-447441433	S2
S1-613598143	S2-598177562	S2
S1-613598143	S2-196088758	S2
S1-613598143	S2-570512018	S2
S1-613598143	S2-474914898	S2
S1-613598143	S2-482965691	S2
S1-613598143	S2-821123172	S2
S1-613598143	S2-248578795	S2
S1-6232617	S2-382377359	S2
S1-6232617	S2-885790584	S2
S1-6232617	S2-372871261	S2
S1-6232617	S2-749642407	S2
S1-6232617	S2-258436929	S2
S1-6232617	S2-337462823	S2
S1-6232617	S2-659362907	S2
S1-6232617	S2-279664505	S2
S1-6232617	S2-768946792	S2
S1-6232617	S2-522109781	S2
S1-6232617	S2-321590098	S2
S1-6232617	S2-656948848	S2
S1-6232617	S2-672736825	S2
S1-6232617	S2-220286148	S2
S1-6232617	S2-63261077	S2
S1-491925427	S2-266007614	S2
S1-491925427	S2-220948169	S2
S1-491925427	S2-820079347	S2
S1-491925427	S2-331311420	S2
S1-491925427	S2-14102665	S2
S1-491925427	S2-209709244	S2
S1-491925427	S2-402816908	S2
S1-491925427	S2-665981472	S2
S1-491925427	S2-319771268	S2
S1-491925427	S2-8849654	S2
S1-491925427	S2-949133216	S2
S1-491925427	S2-1240778	S2
S1-491925427	S2-557882604	S2
S1-491925427	S2-454519384	S2
S1-491925427	S2-604963200	S2
S1-378164861	S2-85642806	S2
S1-378164861	S2-202394836	S2
S1-378164861	S2-308041768	S2
S1-378164861	S2-386366146	S2
S1-378164861	S2-703946335	S2
S1-378164861	S2-232100103	S2
S1-378164861	S2-255178941	S2
S1-378164861	S2-905737147	S2
S1-378164861	S2-15919698	S2
S1-378164861	S2-253412037	S2
S1-378164861	S2-970203166	S2
S1-378164861	S2-985114164	S2
S1-378164861	S2-245909245	S2
S1-378164861	S2-857545705	S2
S1-378164861	S2-3914789	S2
S1-622231151	S2-676815762	S2
S1-622231151	S2-213208828	S2
S1-622231151	S2-150814682	S2
S1-622231151	S2-791429680	S2
S1-622231151	S2-225037888	S2
S1-622231151	S2-566356754	S2
S1-622231151	S2-945865905	S2
S1-622231151	S2-640723488	S2
S1-622231151	S2-139857118	S2
S1-622231151	S2-272004093	S2
S1-622231151	S2-428308433	S2
S1-622231151	S2-539393537	S2
S1-622231151	S2-182789318	S2
S1-622231151	S2-622773844	S2
S1-622231151	S2-803596169	S2
S1-639096068	S2-491028094	S2
S1-639096068	S2-407017000	S2
S1-639096068	S2-463146600	S2
S1-639096068	S2-684635925	S2
S1-639096068	S2-822482083	S2
S1-639096068	S2-800014563	S2
S1-639096068	S2-54240060	S2
S1-639096068	S2-657612909	S2
S1-639096068	S2-548542163	S2
S1-639096068	S2-401408311	S2
S1-639096068	S2-431904537	S2
S1-639096068	S2-681634213	S2
S1-639096068	S2-522109781	S2
S1-639096068	S2-856654739	S2
S1-639096068	S2-483453128	S2
S1-269039848	S2-19749906	S2
S1-269039848	S2-323858830	S2
S1-269039848	S2-778604392	S2
S1-269039848	S2-438085957	S2
S1-269039848	S2-27148087	S2
S1-269039848	S2-74926793	S2
S1-269039848	S2-574349442	S2
S1-269039848	S2-330251499	S2
S1-269039848	S2-960276783	S2
S1-269039848	S2-229183845	S2
S1-269039848	S2-339853392	S2
S1-269039848	S2-70698601	S2
S1-269039848	S2-143852128	S2
S1-269039848	S2-867614780	S2
S1-269039848	S2-526876910	S2
S1-408835967	S2-190642185	S2
S1-408835967	S2-322536831	S2
S1-408835967	S2-311029819	S2
S1-408835967	S2-599195929	S2
S1-408835967	S2-109905092	S2
S1-408835967	S2-884083511	S2
S1-408835967	S2-199635728	S2
S1-408835967	S2-797821871	S2
S1-408835967	S2-501057541	S2
S1-408835967	S2-742941063	S2
S1-408835967	S2-324372014	S2
S1-408835967	S2-982950235	S2
S1-408835967	S2-136305349	S2
S1-408835967	S2-138051778	S2
S1-408835967	S2-532776476	S2
S1-111673633	S2-921274499	S2
S1-111673633	S2-265891218	S2
S1-111673633	S2-514200750	S2
S1-111673633	S2-340786070	S2
S1-111673633	S2-349365849	S2
S1-111673633	S2-699970234	S2
S1-111673633	S2-3914789	S2
S1-111673633	S2-448967653	S2
S1-111673633	S2-311402763	S2
S1-111673633	S2-772323364	S2
S1-111673633	S2-921362349	S2
S1-111673633	S2-816989315	S2
S1-111673633	S2-505041950	S2
S1-111673633	S2-516946324	S2
S1-111673633	S2-68402423	S2
S1-460845609	S2-727779637	S2
S1-460845609	S2-928901522	S2
S1-460845609	S2-790103191	S2
S1-460845609	S2-500096956	S2
S1-460845609	S2-121253507	S2
S1-460845609	S2-496765251	S2
S1-460845609	S2-37191173	S2
S1-460845609	S2-158828409	S2
S1-460845609	S2-139986213	S2
S1-460845609	S2-274323360	S2
S1-460845609	S2-123459391	S2
S1-460845609	S2-834563673	S2
S1-460845609	S2-590757045	S2
S1-460845609	S2-727477424	S2
S1-460845609	S2-757487043	S2
S1-17506850	S2-818687100	S2
S1-17506850	S2-534318812	S2
S1-17506850	S2-673822670	S2
S1-17506850	S2-913038433	S2
S1-17506850	S2-634559197	S2
S1-17506850	S2-526412482	S2
S1-17506850	S2-3914789	S2
S1-17506850	S2-513743270	S2
S1-17506850	S2-876480978	S2
S1-17506850	S2-875461623	S2
S1-17506850	S2-17360295	S2
S1-17506850	S2-826516454	S2
S1-17506850	S2-834353592	S2
S1-17506850	S2-810915319	S2
S1-17506850	S2-609292694	S2
S1-68201540	S2-329607640	S2
S1-68201540	S2-214447140	S2
S1-68201540	S2-591398537	S2
S1-68201540	S2-946589159	S2
S1-68201540	S2-399052000	S2
S1-68201540	S2-105671746	S2
S1-68201540	S2-85446560	S2
S1-68201540	S2-134697040	S2
S1-68201540	S2-507569300	S2
S1-68201540	S2-800694119	S2
S1-68201540	S2-50586341	S2
S1-68201540	S2-635002967	S2
S1-68201540	S2-371549760	S2
S1-68201540	S2-773208378	S2
S1-68201540	S2-679190243	S2
S1-831843558	S2-77285093	S2
S1-831843558	S2-140036589	S2
S1-831843558	S2-558654912	S2
S1-831843558	S2-41514279	S2
S1-831843558	S2-213470723	S2
S1-831843558	S2-232484718	S2
S1-831843558	S2-347017935	S2
S1-831843558	S2-540931339	S2
S1-831843558	S2-46771753	S2
S1-831843558	S2-815783446	S2
S1-831843558	S2-568026492	S2
S1-831843558	S2-775168980	S2
S1-831843558	S2-878375690	S2
S1-831843558	S2-328308841	S2
S1-831843558	S2-510293809	S2
S1-63266922	S2-459481005	S2
S1-63266922	S2-406091061	S2
S1-63266922	S2-454761179	S2
S1-63266922	S2-834563673	S2
S1-63266922	S2-877085471	S2
S1-63266922	S2-202081914	S2
S1-63266922	S2-444467356	S2
S1-63266922	S2-889017900	S2
S1-63266922	S2-405089580	S2
S1-63266922	S2-888030033	S2
S1-63266922	S2-500008641	S2
S1-63266922	S2-843071321	S2
S1-63266922	S2-224980295	S2
S1-63266922	S2-413464764	S2
S1-63266922	S2-720782740	S2
S1-304785953	S2-202135780	S2
S1-304785953	S2-38470677	S2
S1-304785953	S2-81084363	S2
S1-304785953	S2-388981331	S2
S1-304785953	S2-295065312	S2
S1-304785953	S2-478122065	S2
S1-304785953	S2-299980209	S2
S1-304785953	S2-953579753	S2
S1-304785953	S2-445637459	S2
S1-304785953	S2-15235408	S2
S1-304785953	S2-448548244	S2
S1-304785953	S2-912812990	S2
S1-304785953	S2-659685525	S2
S1-304785953	S2-631521974	S2
S1-304785953	S2-685027145	S2
S1-740254254	S2-894152578	S2
S1-740254254	S2-441341822	S2
S1-740254254	S2-474914898	S2
S1-740254254	S2-516249560	S2
S1-740254254	S2-69559356	S2
S1-740254254	S2-38917398	S2
S1-740254254	S2-209549510	S2
S1-740254254	S2-362555190	S2
S1-740254254	S2-619859806	S2
S1-740254254	S2-17860697	S2
S1-740254254	S2-613033114	S2
S1-740254254	S2-573094730	S2
S1-740254254	S2-699391872	S2
S1-740254254	S2-225100350	S2
S1-740254254	S2-310613953	S2
S1-836203525	S2-929614987	S2
S1-836203525	S2-660467546	S2
S1-836203525	S2-539943184	S2
S1-836203525	S2-293675262	S2
S1-836203525	S2-314926539	S2
S1-836203525	S2-22700931	S2
S1-836203525	S2-981550471	S2
S1-836203525	S2-693296247	S2
S1-836203525	S2-868574975	S2
S1-836203525	S2-291868119	S2
S1-836203525	S2-566309986	S2
S1-836203525	S2-494828371	S2
S1-836203525	S2-791990398	S2
S1-836203525	S2-196587307	S2
S1-836203525	S2-370549501	S2
S1-465739288	S2-840538759	S2
S1-465739288	S2-446844245	S2
S1-465739288	S2-560300733	S2
S1-465739288	S2-995199364	S2
S1-465739288	S2-847374839	S2
S1-465739288	S2-133763910	S2
S1-465739288	S2-949636022	S2
S1-465739288	S2-866481396	S2
S1-465739288	S2-260686291	S2
S1-465739288	S2-27297350	S2
S1-465739288	S2-228567244	S2
S1-465739288	S2-642367103	S2
S1-465739288	S2-651292790	S2
S1-465739288	S2-569534268	S2
S1-465739288	S2-794530374	S2
S1-111065528	S2-574914445	S2
S1-111065528	S2-760507152	S2
S1-111065528	S2-192774038	S2
S1-111065528	S2-123459391	S2
S1-111065528	S2-727477424	S2
S1-111065528	S2-967974285	S2
S1-111065528	S2-614982030	S2
S1-111065528	S2-496765251	S2
S1-111065528	S2-790103191	S2
S1-111065528	S2-757487043	S2
S1-111065528	S2-158828409	S2
S1-111065528	S2-888560146	S2
S1-111065528	S2-638282892	S2
S1-111065528	S2-707178891	S2
S1-111065528	S2-550680273	S2
S1-545601093	S2-166606349	S2
S1-545601093	S2-910842372	S2
S1-545601093	S2-580017481	S2
S1-545601093	S2-426153797	S2
S1-545601093	S2-608023861	S2
S1-545601093	S2-51477351	S2
S1-545601093	S2-862433822	S2
S1-545601093	S2-567089005	S2
S1-545601093	S2-420385975	S2
S1-545601093	S2-232788938	S2
S1-545601093	S2-753020760	S2
S1-545601093	S2-737521149	S2
S1-545601093	S2-93977217	S2
S1-545601093	S2-331311420	S2
S1-545601093	S2-558654912	S2
S1-988516196	S2-549320589	S2
S1-988516196	S2-831064278	S2
S1-988516196	S2-800992054	S2
S1-988516196	S2-1505887	S2
S1-988516196	S2-335860	S2
S1-988516196	S2-988228866	S2
S1-988516196	S2-287300820	S2
S1-988516196	S2-704012671	S2
S1-988516196	S2-318784543	S2
S1-988516196	S2-150882117	S2
S1-988516196	S2-287275758	S2
S1-988516196	S2-564777969	S2
S1-988516196	S2-947466256	S2
S1-988516196	S2-959734804	S2
S1-988516196	S2-466380342	S2
S1-612217752	S2-592124942	S2
S1-612217752	S2-224586426	S2
S1-612217752	S2-35158435	S2
S1-612217752	S2-171593739	S2
S1-612217752	S2-370818838	S2
S1-612217752	S2-204440999	S2
S1-612217752	S2-895860200	S2
S1-612217752	S2-569625167	S2
S1-612217752	S2-595913199	S2
S1-612217752	S2-721031885	S2
S1-612217752	S2-985114164	S2
S1-612217752	S2-281557469	S2
S1-612217752	S2-602695064	S2
S1-612217752	S2-93977217	S2
S1-612217752	S2-331311420	S2
S1-846542666	S2-731971794	S2
S1-846542666	S2-796679719	S2
S1-846542666	S2-685027145	S2
S1-846542666	S2-290759547	S2
S1-846542666	S2-441341822	S2
S1-846542666	S2-22257325	S2
S1-846542666	S2-945339512	S2
S1-846542666	S2-62736893	S2
S1-846542666	S2-282629268	S2
S1-846542666	S2-696538156	S2
S1-846542666	S2-834738396	S2
S1-846542666	S2-248578795	S2
S1-846542666	S2-630890287	S2
S1-846542666	S2-253412037	S2
S1-846542666	S2-335038001	S2
S1-419483044	S2-56398788	S2
S1-419483044	S2-500096956	S2
S1-419483044	S2-795141272	S2
S1-419483044	S2-811863966	S2
S1-419483044	S2-113550967	S2
S1-419483044	S2-810500558	S2
S1-419483044	S2-232488330	S2
S1-419483044	S2-784451498	S2
S1-419483044	S2-282188517	S2
S1-419483044	S2-930098957	S2
S1-419483044	S2-351253529	S2
S1-419483044	S2-644290298	S2
S1-419483044	S2-194307610	S2
S1-419483044	S2-15365332	S2
S1-419483044	S2-747561379	S2
S1-787617931	S2-253799125	S2
S1-787617931	S2-207084937	S2
S1-787617931	S2-911982345	S2
S1-787617931	S2-863824251	S2
S1-787617931	S2-662107705	S2
S1-787617931	S2-575536430	S2
S1-787617931	S2-822065881	S2
S1-787617931	S2-381850998	S2
S1-787617931	S2-540931339	S2
S1-787617931	S2-626832027	S2
S1-787617931	S2-146516261	S2
S1-787617931	S2-252010908	S2
S1-787617931	S2-123459391	S2
S1-787617931	S2-39872851	S2
S1-787617931	S2-937509955	S2
S1-535605149	S2-746661573	S2
S1-535605149	S2-71201246	S2
S1-535605149	S2-698245094	S2
S1-535605149	S2-872319713	S2
S1-535605149	S2-803294359	S2
S1-535605149	S2-865353440	S2
S1-535605149	S2-846600326	S2
S1-535605149	S2-891406198	S2
S1-535605149	S2-145379986	S2
S1-535605149	S2-635511596	S2
S1-535605149	S2-996064384	S2
S1-535605149	S2-47749434	S2
S1-535605149	S2-503157961	S2
S1-535605149	S2-712486191	S2
S1-535605149	S2-821982484	S2
S1-848219519	S2-531774058	S2
S1-848219519	S2-976205330	S2
S1-848219519	S2-71201246	S2
S1-848219519	S2-801515500	S2
S1-848219519	S2-802873219	S2
S1-848219519	S2-852115447	S2
S1-848219519	S2-402816014	S2
S1-848219519	S2-434575880	S2
S1-848219519	S2-239425365	S2
S1-848219519	S2-7352143	S2
S1-848219519	S2-539531490	S2
S1-848219519	S2-745995930	S2
S1-848219519	S2-893669875	S2
S1-848219519	S2-80911610	S2
S1-848219519	S2-315281031	S2
S1-899782554	S2-177779132	S2
S1-899782554	S2-717911914	S2
S1-899782554	S2-806573115	S2
S1-899782554	S2-303327441	S2
S1-899782554	S2-16720295	S2
S1-899782554	S2-95090414	S2
S1-899782554	S2-89906125	S2
S1-899782554	S2-907097480	S2
S1-899782554	S2-538976068	S2
S1-899782554	S2-323858830	S2
S1-899782554	S2-209019917	S2
S1-899782554	S2-28111444	S2
S1-899782554	S2-616876975	S2
S1-899782554	S2-37191173	S2
S1-899782554	S2-745144089	S2
S1-498738124	S2-772269040	S2
S1-498738124	S2-426439815	S2
S1-498738124	S2-235039028	S2
S1-498738124	S2-274640549	S2
S1-498738124	S2-564433190	S2
S1-498738124	S2-482144229	S2
S1-498738124	S2-131872909	S2
S1-498738124	S2-646593051	S2
S1-498738124	S2-516249560	S2
S1-498738124	S2-763656124	S2
S1-498738124	S2-585698283	S2
S1-498738124	S2-145204119	S2
S1-498738124	S2-754789254	S2
S1-498738124	S2-294062437	S2
S1-498738124	S2-939131514	S2
S1-748364403	S2-662107705	S2
S1-748364403	S2-269775293	S2
S1-748364403	S2-70367717	S2
S1-748364403	S2-978253391	S2
S1-748364403	S2-397600396	S2
S1-748364403	S2-983379660	S2
S1-748364403	S2-710492190	S2
S1-748364403	S2-866650875	S2
S1-748364403	S2-648420391	S2
S1-748364403	S2-968735721	S2
S1-748364403	S2-373143276	S2
S1-748364403	S2-422774904	S2
S1-748364403	S2-178777487	S2
S1-748364403	S2-857627805	S2
S1-748364403	S2-51424319	S2
S1-622557613	S2-513550621	S2
S1-622557613	S2-916238268	S2
S1-622557613	S2-142962200	S2
S1-622557613	S2-477675434	S2
S1-622557613	S2-325615566	S2
S1-622557613	S2-828544692	S2
S1-622557613	S2-862759276	S2
S1-622557613	S2-583111097	S2
S1-622557613	S2-202057528	S2
S1-622557613	S2-877823257	S2
S1-622557613	S2-772922754	S2
S1-622557613	S2-646080124	S2
S1-622557613	S2-27503468	S2
S1-622557613	S2-197625218	S2
S1-622557613	S2-119087459	S2
S1-155027115	S2-148466906	S2
S1-155027115	S2-298914373	S2
S1-155027115	S2-444452024	S2
S1-155027115	S2-231688856	S2
S1-155027115	S2-825374035	S2
S1-155027115	S2-642445801	S2
S1-155027115	S2-191045664	S2
S1-155027115	S2-208680051	S2
S1-155027115	S2-445568278	S2
S1-155027115	S2-380743763	S2
S1-155027115	S2-176116039	S2
S1-155027115	S2-459633919	S2
S1-155027115	S2-769858942	S2
S1-155027115	S2-539943184	S2
S1-155027115	S2-739603930	S2
S1-417074218	S2-819216280	S2
S1-417074218	S2-424537185	S2
S1-417074218	S2-972051451	S2
S1-417074218	S2-17933853	S2
S1-417074218	S2-645440237	S2
S1-417074218	S2-194980849	S2
S1-417074218	S2-576580892	S2
S1-417074218	S2-60818919	S2
S1-417074218	S2-733025108	S2
S1-417074218	S2-882915480	S2
S1-417074218	S2-726813453	S2
S1-417074218	S2-619664055	S2
S1-417074218	S2-713109591	S2
S1-417074218	S2-281309190	S2
S1-417074218	S2-512950951	S2
S1-63975497	S2-347017935	S2
S1-63975497	S2-240326327	S2
S1-63975497	S2-908777030	S2
S1-63975497	S2-683692604	S2
S1-63975497	S2-751730544	S2
S1-63975497	S2-652827281	S2
S1-63975497	S2-242582700	S2
S1-63975497	S2-820931640	S2
S1-63975497	S2-306238454	S2
S1-63975497	S2-870071391	S2
S1-63975497	S2-195373941	S2
S1-63975497	S2-735201125	S2
S1-63975497	S2-907307129	S2
S1-63975497	S2-831625227	S2
S1-63975497	S2-192178144	S2
S1-122492157	S2-727314761	S2
S1-122492157	S2-8864337	S2
S1-122492157	S2-179461226	S2
S1-122492157	S2-59175936	S2
S1-122492157	S2-294219540	S2
S1-122492157	S2-24680486	S2
S1-122492157	S2-43091282	S2
S1-122492157	S2-960372483	S2
S1-122492157	S2-357857285	S2
S1-122492157	S2-515473872	S2
S1-122492157	S2-419509015	S2
S1-122492157	S2-811863966	S2
S1-122492157	S2-145624152	S2
S1-122492157	S2-34732391	S2
S1-122492157	S2-98658177	S2
S1-483281264	S2-417277947	S2
S1-483281264	S2-427111019	S2
S1-483281264	S2-915617973	S2
S1-483281264	S2-459481005	S2
S1-483281264	S2-51424319	S2
S1-483281264	S2-269775293	S2
S1-483281264	S2-574357374	S2
S1-483281264	S2-978253391	S2
S1-483281264	S2-871160922	S2
S1-483281264	S2-710492190	S2
S1-483281264	S2-983379660	S2
S1-483281264	S2-866650875	S2
S1-483281264	S2-968735721	S2
S1-483281264	S2-373143276	S2
S1-483281264	S2-751058119	S2
S1-140525226	S2-515581965	S2
S1-140525226	S2-921594231	S2
S1-140525226	S2-370549501	S2
S1-140525226	S2-785139940	S2
S1-140525226	S2-981550471	S2
S1-140525226	S2-17933853	S2
S1-140525226	S2-494828371	S2
S1-140525226	S2-439888025	S2
S1-140525226	S2-669804692	S2
S1-140525226	S2-477346021	S2
S1-140525226	S2-810723110	S2
S1-140525226	S2-833201275	S2
S1-140525226	S2-672321572	S2
S1-140525226	S2-427374357	S2
S1-140525226	S2-196587307	S2
S1-616755144	S2-141789543	S2
S1-616755144	S2-85926088	S2
S1-616755144	S2-953098128	S2
S1-616755144	S2-73156996	S2
S1-616755144	S2-466147229	S2
S1-616755144	S2-657092756	S2
S1-616755144	S2-99445931	S2
S1-616755144	S2-885486981	S2
S1-616755144	S2-248578795	S2
S1-616755144	S2-701906667	S2
S1-616755144	S2-806523322	S2
S1-616755144	S2-667274253	S2
S1-616755144	S2-879330978	S2
S1-616755144	S2-397600396	S2
S1-616755144	S2-452973108	S2
S1-527727380	S2-33105288	S2
S1-527727380	S2-607423444	S2
S1-527727380	S2-466380342	S2
S1-527727380	S2-810723110	S2
S1-527727380	S2-357197766	S2
S1-527727380	S2-287588845	S2
S1-527727380	S2-592507930	S2
S1-527727380	S2-661036235	S2
S1-527727380	S2-846975420	S2
S1-527727380	S2-478830670	S2
S1-527727380	S2-706238826	S2
S1-527727380	S2-222540081	S2
S1-527727380	S2-100798928	S2
S1-527727380	S2-848878443	S2
S1-527727380	S2-187499079	S2
S1-387694500	S2-975023541	S2
S1-387694500	S2-978606166	S2
S1-387694500	S2-409726115	S2
S1-387694500	S2-936867164	S2
S1-387694500	S2-929722075	S2
S1-387694500	S2-794352292	S2
S1-387694500	S2-921202375	S2
S1-387694500	S2-670948516	S2
S1-387694500	S2-777730349	S2
S1-387694500	S2-437494471	S2
S1-387694500	S2-8982199	S2
S1-387694500	S2-149845283	S2
S1-387694500	S2-566931281	S2
S1-387694500	S2-12796093	S2
S1-387694500	S2-750426664	S2
S1-664267481	S2-66640013	S2
S1-664267481	S2-737755324	S2
S1-664267481	S2-399971243	S2
S1-664267481	S2-272930939	S2
S1-664267481	S2-531774058	S2
S1-664267481	S2-578489698	S2
S1-664267481	S2-11817249	S2
S1-664267481	S2-26126776	S2
S1-664267481	S2-884135049	S2
S1-664267481	S2-795261579	S2
S1-664267481	S2-231888175	S2
S1-664267481	S2-787718430	S2
S1-664267481	S2-865413129	S2
S1-664267481	S2-911982345	S2
S1-664267481	S2-383822500	S2
S1-798970125	S2-841418687	S2
S1-798970125	S2-579566857	S2
S1-798970125	S2-630651352	S2
S1-798970125	S2-161592048	S2
S1-798970125	S2-936893839	S2
S1-798970125	S2-92758088	S2
S1-798970125	S2-459107455	S2
S1-798970125	S2-158828409	S2
S1-798970125	S2-19689896	S2
S1-798970125	S2-540853782	S2
S1-798970125	S2-976205330	S2
S1-798970125	S2-209549510	S2
S1-798970125	S2-106174634	S2
S1-798970125	S2-566627479	S2
S1-798970125	S2-823100174	S2
S1-840279529	S2-892367472	S2
S1-840279529	S2-5405243	S2
S1-840279529	S2-785890760	S2
S1-840279529	S2-182145854	S2
S1-840279529	S2-446585847	S2
S1-840279529	S2-72883532	S2
S1-840279529	S2-351870381	S2
S1-840279529	S2-882907234	S2
S1-840279529	S2-91150407	S2
S1-840279529	S2-631521974	S2
S1-840279529	S2-70367717	S2
S1-840279529	S2-741566402	S2
S1-840279529	S2-172207378	S2
S1-840279529	S2-825354133	S2
S1-840279529	S2-735844220	S2
S1-624514617	S2-534416622	S2
S1-624514617	S2-213099480	S2
S1-624514617	S2-794412447	S2
S1-624514617	S2-459018782	S2
S1-624514617	S2-751588111	S2
S1-624514617	S2-963646032	S2
S1-624514617	S2-859393404	S2
S1-624514617	S2-537858187	S2
S1-624514617	S2-568951817	S2
S1-624514617	S2-838493982	S2
S1-624514617	S2-469073813	S2
S1-624514617	S2-326946504	S2
S1-624514617	S2-630688873	S2
S1-624514617	S2-210601194	S2
S1-624514617	S2-335038001	S2
S1-557783855	S2-656749559	S2
S1-557783855	S2-822798491	S2
S1-557783855	S2-8982199	S2
S1-557783855	S2-362602827	S2
S1-557783855	S2-471713609	S2
S1-557783855	S2-748325649	S2
S1-557783855	S2-145507253	S2
S1-557783855	S2-229217508	S2
S1-557783855	S2-672736825	S2
S1-557783855	S2-221008320	S2
S1-557783855	S2-640420911	S2
S1-557783855	S2-126113089	S2
S1-557783855	S2-369458829	S2
S1-557783855	S2-26324258	S2
S1-557783855	S2-512382393	S2
S1-187558029	S2-449617627	S2
S1-187558029	S2-506255087	S2
S1-187558029	S2-557520173	S2
S1-187558029	S2-979119575	S2
S1-187558029	S2-877118600	S2
S1-187558029	S2-176139646	S2
S1-187558029	S2-895116270	S2
S1-187558029	S2-472320169	S2
S1-187558029	S2-505244705	S2
S1-187558029	S2-523749114	S2
S1-187558029	S2-140550490	S2
S1-187558029	S2-845577049	S2
S1-187558029	S2-393523489	S2
S1-187558029	S2-88437832	S2
S1-187558029	S2-868087865	S2
S1-737635669	S2-563644814	S2
S1-737635669	S2-351870381	S2
S1-737635669	S2-487925537	S2
S1-737635669	S2-784152114	S2
S1-737635669	S2-836906889	S2
S1-737635669	S2-283699128	S2
S1-737635669	S2-578129330	S2
S1-737635669	S2-103972023	S2
S1-737635669	S2-770769195	S2
S1-737635669	S2-927572293	S2
S1-737635669	S2-582629579	S2
S1-737635669	S2-343655850	S2
S1-737635669	S2-153359899	S2
S1-737635669	S2-635002967	S2
S1-737635669	S2-813595060	S2
S1-499566732	S2-164651728	S2
S1-499566732	S2-794352292	S2
S1-499566732	S2-20143885	S2
S1-499566732	S2-921202375	S2
S1-499566732	S2-8982199	S2
S1-499566732	S2-816119025	S2
S1-499566732	S2-29108033	S2
S1-499566732	S2-971491700	S2
S1-499566732	S2-12796093	S2
S1-499566732	S2-438972703	S2
S1-499566732	S2-630317647	S2
S1-499566732	S2-846600326	S2
S1-499566732	S2-937072190	S2
S1-499566732	S2-155636061	S2
S1-499566732	S2-307272578	S2
S1-669754446	S2-344754892	S2
S1-669754446	S2-508784928	S2
S1-669754446	S2-826030024	S2
S1-669754446	S2-344085581	S2
S1-669754446	S2-168560796	S2
S1-669754446	S2-784592218	S2
S1-669754446	S2-555593257	S2
S1-669754446	S2-148435905	S2
S1-669754446	S2-358052714	S2
S1-669754446	S2-812894315	S2
S1-669754446	S2-801647861	S2
S1-669754446	S2-345516678	S2
S1-669754446	S2-604653513	S2
S1-669754446	S2-331797662	S2
S1-669754446	S2-492826161	S2
S1-356319224	S2-672381387	S2
S1-356319224	S2-181566415	S2
S1-356319224	S2-648420391	S2
S1-356319224	S2-99858135	S2
S1-356319224	S2-330980029	S2
S1-356319224	S2-256236598	S2
S1-356319224	S2-781790661	S2
S1-356319224	S2-804822084	S2
S1-356319224	S2-613033114	S2
S1-356319224	S2-875242013	S2
S1-356319224	S2-384330461	S2
S1-356319224	S2-407432333	S2
S1-356319224	S2-79818405	S2
S1-356319224	S2-362776689	S2
S1-356319224	S2-215134403	S2
S1-176550551	S2-501546135	S2
S1-176550551	S2-560178870	S2
S1-176550551	S2-524230824	S2
S1-176550551	S2-216434283	S2
S1-176550551	S2-8914613	S2
S1-176550551	S2-608516372	S2
S1-176550551	S2-865716565	S2
S1-176550551	S2-940596292	S2
S1-176550551	S2-149345266	S2
S1-176550551	S2-25714222	S2
S1-176550551	S2-439483413	S2
S1-176550551	S2-474056246	S2
S1-176550551	S2-710471913	S2
S1-176550551	S2-669879950	S2
S1-176550551	S2-534832831	S2
S1-551688195	S2-275404449	S2
S1-551688195	S2-831449937	S2
S1-551688195	S2-146498176	S2
S1-551688195	S2-635228641	S2
S1-551688195	S2-838493982	S2
S1-551688195	S2-877085471	S2
S1-551688195	S2-156460390	S2
S1-551688195	S2-394554163	S2
S1-551688195	S2-727570982	S2
S1-551688195	S2-332453876	S2
S1-551688195	S2-74992830	S2
S1-551688195	S2-698001157	S2
S1-551688195	S2-190642185	S2
S1-551688195	S2-662891369	S2
S1-551688195	S2-822482083	S2
S1-698189395	S2-370549501	S2
S1-698189395	S2-669804692	S2
S1-698189395	S2-833201275	S2
S1-698189395	S2-672321572	S2
S1-698189395	S2-17933853	S2
S1-698189395	S2-149854075	S2
S1-698189395	S2-427374357	S2
S1-698189395	S2-306233830	S2
S1-698189395	S2-293675262	S2
S1-698189395	S2-7521413	S2
S1-698189395	S2-539943184	S2
S1-698189395	S2-494828371	S2
S1-698189395	S2-196587307	S2
S1-698189395	S2-515581965	S2
S1-698189395	S2-921594231	S2
S1-116737194	S2-18620770	S2
S1-116737194	S2-690909438	S2
S1-116737194	S2-265287731	S2
S1-116737194	S2-363154872	S2
S1-116737194	S2-784070798	S2
S1-116737194	S2-15919698	S2
S1-116737194	S2-644543255	S2
S1-116737194	S2-15025788	S2
S1-116737194	S2-943861343	S2
S1-116737194	S2-607605766	S2
S1-116737194	S2-980457024	S2
S1-116737194	S2-835613264	S2
S1-116737194	S2-179461226	S2
S1-116737194	S2-471154795	S2
S1-116737194	S2-956957661	S2
S1-136894582	S2-401408311	S2
S1-136894582	S2-548542163	S2
S1-136894582	S2-432522197	S2
S1-136894582	S2-234784280	S2
S1-136894582	S2-548705010	S2
S1-136894582	S2-681634213	S2
S1-136894582	S2-522109781	S2
S1-136894582	S2-822482083	S2
S1-136894582	S2-869995817	S2
S1-136894582	S2-483453128	S2
S1-136894582	S2-762632812	S2
S1-136894582	S2-16075678	S2
S1-136894582	S2-199883120	S2
S1-136894582	S2-657612909	S2
S1-136894582	S2-856654739	S2
S1-342754370	S2-164651728	S2
S1-342754370	S2-8982199	S2
S1-342754370	S2-835063716	S2
S1-342754370	S2-732240757	S2
S1-342754370	S2-295564788	S2
S1-342754370	S2-489103612	S2
S1-342754370	S2-882459657	S2
S1-342754370	S2-277444929	S2
S1-342754370	S2-847408459	S2
S1-342754370	S2-319771268	S2
S1-342754370	S2-528320338	S2
S1-342754370	S2-965399023	S2
S1-342754370	S2-114971268	S2
S1-342754370	S2-370549501	S2
S1-342754370	S2-978606166	S2
S1-567349457	S2-784715242	S2
S1-567349457	S2-459107455	S2
S1-567349457	S2-493765804	S2
S1-567349457	S2-540853782	S2
S1-567349457	S2-569931245	S2
S1-567349457	S2-162849450	S2
S1-567349457	S2-824685628	S2
S1-567349457	S2-195972156	S2
S1-567349457	S2-921362349	S2
S1-567349457	S2-830783927	S2
S1-567349457	S2-133664209	S2
S1-567349457	S2-715243543	S2
S1-567349457	S2-256172355	S2
S1-567349457	S2-968735721	S2
S1-567349457	S2-13281882	S2
S1-468339122	S2-505326493	S2
S1-468339122	S2-215156674	S2
S1-468339122	S2-31971701	S2
S1-468339122	S2-381747268	S2
S1-468339122	S2-653459371	S2
S1-468339122	S2-173181959	S2
S1-468339122	S2-745995930	S2
S1-468339122	S2-230946285	S2
S1-468339122	S2-47749434	S2
S1-468339122	S2-541570442	S2
S1-468339122	S2-212582677	S2
S1-468339122	S2-429291272	S2
S1-468339122	S2-117064852	S2
S1-468339122	S2-784849034	S2
S1-468339122	S2-402495223	S2
S1-615455408	S2-156443143	S2
S1-615455408	S2-619748319	S2
S1-615455408	S2-345917206	S2
S1-615455408	S2-418691151	S2
S1-615455408	S2-736654053	S2
S1-615455408	S2-764430935	S2
S1-615455408	S2-784849034	S2
S1-615455408	S2-602695064	S2
S1-615455408	S2-144437050	S2
S1-615455408	S2-730043743	S2
S1-615455408	S2-822377517	S2
S1-615455408	S2-888017647	S2
S1-615455408	S2-54307441	S2
S1-615455408	S2-766743346	S2
S1-615455408	S2-988430985	S2
S1-971115873	S2-916871057	S2
S1-971115873	S2-286201851	S2
S1-971115873	S2-166606349	S2
S1-971115873	S2-496850215	S2
S1-971115873	S2-727779637	S2
S1-971115873	S2-476714949	S2
S1-971115873	S2-510293809	S2
S1-971115873	S2-904488870	S2
S1-971115873	S2-568026492	S2
S1-971115873	S2-213470723	S2
S1-971115873	S2-558654912	S2
S1-971115873	S2-775168980	S2
S1-971115873	S2-878375690	S2
S1-971115873	S2-328308841	S2
S1-971115873	S2-932626440	S2
S1-260530670	S2-404639263	S2
S1-260530670	S2-950124108	S2
S1-260530670	S2-698567775	S2
S1-260530670	S2-866295263	S2
S1-260530670	S2-646192031	S2
S1-260530670	S2-256172355	S2
S1-260530670	S2-456020855	S2
S1-260530670	S2-339680178	S2
S1-260530670	S2-130488242	S2
S1-260530670	S2-324596369	S2
S1-260530670	S2-383956381	S2
S1-260530670	S2-543049878	S2
S1-260530670	S2-667620668	S2
S1-260530670	S2-947549174	S2
S1-260530670	S2-635730595	S2
S1-848777360	S2-822798491	S2
S1-848777360	S2-880764652	S2
S1-848777360	S2-814881099	S2
S1-848777360	S2-198938800	S2
S1-848777360	S2-862482272	S2
S1-848777360	S2-508602797	S2
S1-848777360	S2-312533710	S2
S1-848777360	S2-102286733	S2
S1-848777360	S2-760621281	S2
S1-848777360	S2-156460390	S2
S1-848777360	S2-612768292	S2
S1-848777360	S2-184993338	S2
S1-848777360	S2-800014563	S2
S1-848777360	S2-937234624	S2
S1-848777360	S2-544365657	S2
S1-705961596	S2-318348932	S2
S1-705961596	S2-409726115	S2
S1-705961596	S2-164651728	S2
S1-705961596	S2-648420391	S2
S1-705961596	S2-975023541	S2
S1-705961596	S2-882459657	S2
S1-705961596	S2-929722075	S2
S1-705961596	S2-978606166	S2
S1-705961596	S2-670948516	S2
S1-705961596	S2-777730349	S2
S1-705961596	S2-135305339	S2
S1-705961596	S2-794352292	S2
S1-705961596	S2-8982199	S2
S1-705961596	S2-921202375	S2
S1-705961596	S2-178777487	S2
S1-685073108	S2-620589797	S2
S1-685073108	S2-650540638	S2
S1-685073108	S2-716588163	S2
S1-685073108	S2-78644395	S2
S1-685073108	S2-631547814	S2
S1-685073108	S2-918763928	S2
S1-685073108	S2-294114423	S2
S1-685073108	S2-910448815	S2
S1-685073108	S2-284439219	S2
S1-685073108	S2-300777619	S2
S1-685073108	S2-348173686	S2
S1-685073108	S2-447441433	S2
S1-685073108	S2-281482759	S2
S1-685073108	S2-222042072	S2
S1-685073108	S2-529125623	S2
S1-974991176	S2-170548497	S2
S1-974991176	S2-809086049	S2
S1-974991176	S2-388981331	S2
S1-974991176	S2-81084363	S2
S1-974991176	S2-38470677	S2
S1-974991176	S2-126411084	S2
S1-974991176	S2-478122065	S2
S1-974991176	S2-299980209	S2
S1-974991176	S2-445637459	S2
S1-974991176	S2-15235408	S2
S1-974991176	S2-953579753	S2
S1-974991176	S2-659685525	S2
S1-974991176	S2-943763474	S2
S1-974991176	S2-631521974	S2
S1-974991176	S2-492879191	S2
S1-297525707	S2-816989315	S2
S1-297525707	S2-287275758	S2
S1-297525707	S2-959734804	S2
S1-297525707	S2-378820746	S2
S1-297525707	S2-321398182	S2
S1-297525707	S2-486832341	S2
S1-297525707	S2-90112897	S2
S1-297525707	S2-793153206	S2
S1-297525707	S2-764306412	S2
S1-297525707	S2-872809565	S2
S1-297525707	S2-466380342	S2
S1-297525707	S2-852307591	S2
S1-297525707	S2-585316294	S2
S1-297525707	S2-126222886	S2
S1-297525707	S2-772323364	S2
S1-764937251	S2-847120229	S2
S1-764937251	S2-437309128	S2
S1-764937251	S2-764430935	S2
S1-764937251	S2-748325649	S2
S1-764937251	S2-471713609	S2
S1-764937251	S2-560140043	S2
S1-764937251	S2-656749559	S2
S1-764937251	S2-640420911	S2
S1-764937251	S2-362602827	S2
S1-764937251	S2-26324258	S2
S1-764937251	S2-369458829	S2
S1-764937251	S2-126113089	S2
S1-764937251	S2-672736825	S2
S1-764937251	S2-512382393	S2
S1-764937251	S2-229217508	S2
S1-915022305	S2-460653265	S2
S1-915022305	S2-814955870	S2
S1-915022305	S2-448710587	S2
S1-915022305	S2-810843780	S2
S1-915022305	S2-808728262	S2
S1-915022305	S2-254663123	S2
S1-915022305	S2-800992054	S2
S1-915022305	S2-700323495	S2
S1-915022305	S2-804872908	S2
S1-915022305	S2-163212711	S2
S1-915022305	S2-742860190	S2
S1-915022305	S2-830888138	S2
S1-915022305	S2-518413297	S2
S1-915022305	S2-90995360	S2
S1-915022305	S2-65378876	S2
S1-16609748	S2-221999414	S2
S1-16609748	S2-792661362	S2
S1-16609748	S2-285274066	S2
S1-16609748	S2-407917981	S2
S1-16609748	S2-582932642	S2
S1-16609748	S2-722247491	S2
S1-16609748	S2-251270580	S2
S1-16609748	S2-35086639	S2
S1-16609748	S2-193995593	S2
S1-16609748	S2-459018782	S2
S1-16609748	S2-406854790	S2
S1-16609748	S2-716107739	S2
S1-16609748	S2-863755882	S2
S1-16609748	S2-302419463	S2
S1-16609748	S2-637536373	S2
S1-281051556	S2-276826990	S2
S1-281051556	S2-758502039	S2
S1-281051556	S2-518590135	S2
S1-281051556	S2-923605499	S2
S1-281051556	S2-52221155	S2
S1-281051556	S2-796933103	S2
S1-281051556	S2-777295554	S2
S1-281051556	S2-873164808	S2
S1-281051556	S2-653692463	S2
S1-281051556	S2-227612893	S2
S1-281051556	S2-176316491	S2
S1-281051556	S2-290615647	S2
S1-281051556	S2-394533528	S2
S1-281051556	S2-964142099	S2
S1-281051556	S2-284919985	S2
S1-231271132	S2-498620696	S2
S1-231271132	S2-126506454	S2
S1-231271132	S2-879617590	S2
S1-231271132	S2-975285928	S2
S1-231271132	S2-800014563	S2
S1-231271132	S2-888030033	S2
S1-231271132	S2-145624152	S2
S1-231271132	S2-136208372	S2
S1-231271132	S2-506145204	S2
S1-231271132	S2-791990398	S2
S1-231271132	S2-48866343	S2
S1-231271132	S2-752654978	S2
S1-231271132	S2-16791478	S2
S1-231271132	S2-557541533	S2
S1-231271132	S2-70709851	S2
S1-536948776	S2-73037424	S2
S1-536948776	S2-583111097	S2
S1-536948776	S2-330251499	S2
S1-536948776	S2-613971680	S2
S1-536948776	S2-62736893	S2
S1-536948776	S2-209093728	S2
S1-536948776	S2-284019526	S2
S1-536948776	S2-877823257	S2
S1-536948776	S2-344754892	S2
S1-536948776	S2-197625218	S2
S1-536948776	S2-119087459	S2
S1-536948776	S2-646080124	S2
S1-536948776	S2-996679134	S2
S1-536948776	S2-14852627	S2
S1-536948776	S2-723221488	S2
S1-241686597	S2-810723110	S2
S1-241686597	S2-540745651	S2
S1-241686597	S2-706238826	S2
S1-241686597	S2-591398537	S2
S1-241686597	S2-144609625	S2
S1-241686597	S2-828544692	S2
S1-241686597	S2-100798928	S2
S1-241686597	S2-357197766	S2
S1-241686597	S2-287588845	S2
S1-241686597	S2-222540081	S2
S1-241686597	S2-478830670	S2
S1-241686597	S2-187499079	S2
S1-241686597	S2-661036235	S2
S1-241686597	S2-846975420	S2
S1-241686597	S2-848878443	S2
S1-684505968	S2-513883989	S2
S1-684505968	S2-614810613	S2
S1-684505968	S2-662616520	S2
S1-684505968	S2-529867680	S2
S1-684505968	S2-104858458	S2
S1-684505968	S2-253709551	S2
S1-684505968	S2-491074769	S2
S1-684505968	S2-485902426	S2
S1-684505968	S2-85163295	S2
S1-684505968	S2-892976075	S2
S1-684505968	S2-912228916	S2
S1-684505968	S2-878134898	S2
S1-684505968	S2-321891660	S2
S1-684505968	S2-895944134	S2
S1-684505968	S2-837096453	S2
S1-835425265	S2-381676404	S2
S1-835425265	S2-763813514	S2
S1-835425265	S2-930351241	S2
S1-835425265	S2-1722538	S2
S1-835425265	S2-678788003	S2
S1-835425265	S2-628378031	S2
S1-835425265	S2-622481215	S2
S1-835425265	S2-453482489	S2
S1-835425265	S2-814955870	S2
S1-835425265	S2-682964593	S2
S1-835425265	S2-752081733	S2
S1-835425265	S2-161047745	S2
S1-835425265	S2-957597561	S2
S1-835425265	S2-932626440	S2
S1-835425265	S2-327738915	S2
S1-580966525	S2-223117200	S2
S1-580966525	S2-929722075	S2
S1-580966525	S2-318348932	S2
S1-580966525	S2-905737147	S2
S1-580966525	S2-882459657	S2
S1-580966525	S2-670948516	S2
S1-580966525	S2-975023541	S2
S1-580966525	S2-978606166	S2
S1-580966525	S2-777730349	S2
S1-580966525	S2-803100423	S2
S1-580966525	S2-794352292	S2
S1-580966525	S2-8982199	S2
S1-580966525	S2-73745396	S2
S1-580966525	S2-921202375	S2
S1-580966525	S2-656960149	S2
S1-945468839	S2-50513846	S2
S1-945468839	S2-471977441	S2
S1-945468839	S2-699404448	S2
S1-945468839	S2-225823147	S2
S1-945468839	S2-929722075	S2
S1-945468839	S2-574121799	S2
S1-945468839	S2-692022593	S2
S1-945468839	S2-715327535	S2
S1-945468839	S2-892909897	S2
S1-945468839	S2-399391347	S2
S1-945468839	S2-52846978	S2
S1-945468839	S2-394565864	S2
S1-945468839	S2-75129136	S2
S1-945468839	S2-828872229	S2
S1-945468839	S2-349666272	S2
S1-386654734	S2-348636731	S2
S1-386654734	S2-64301738	S2
S1-386654734	S2-960258435	S2
S1-386654734	S2-598068208	S2
S1-386654734	S2-747478411	S2
S1-386654734	S2-518721601	S2
S1-386654734	S2-775394710	S2
S1-386654734	S2-469073813	S2
S1-386654734	S2-85642806	S2
S1-386654734	S2-831239310	S2
S1-386654734	S2-202394836	S2
S1-386654734	S2-308041768	S2
S1-386654734	S2-905737147	S2
S1-386654734	S2-253412037	S2
S1-386654734	S2-245909245	S2
S1-579617619	S2-518011514	S2
S1-579617619	S2-121549347	S2
S1-579617619	S2-681384833	S2
S1-579617619	S2-595414933	S2
S1-579617619	S2-725412413	S2
S1-579617619	S2-366081375	S2
S1-579617619	S2-692356310	S2
S1-579617619	S2-400132919	S2
S1-579617619	S2-736654053	S2
S1-579617619	S2-723550919	S2
S1-579617619	S2-988228866	S2
S1-579617619	S2-222024725	S2
S1-579617619	S2-97346546	S2
S1-579617619	S2-381785440	S2
S1-579617619	S2-846535978	S2
S1-896836973	S2-977033809	S2
S1-896836973	S2-342386355	S2
S1-896836973	S2-928211613	S2
S1-896836973	S2-889222096	S2
S1-896836973	S2-690150443	S2
S1-896836973	S2-839616035	S2
S1-896836973	S2-200925331	S2
S1-896836973	S2-843071321	S2
S1-896836973	S2-74154365	S2
S1-896836973	S2-578489698	S2
S1-896836973	S2-904673479	S2
S1-896836973	S2-735647694	S2
S1-896836973	S2-784451498	S2
S1-896836973	S2-376614649	S2
S1-896836973	S2-617594647	S2
S1-881770296	S2-209549510	S2
S1-881770296	S2-399449669	S2
S1-881770296	S2-625369101	S2
S1-881770296	S2-716687956	S2
S1-881770296	S2-69559356	S2
S1-881770296	S2-176968531	S2
S1-881770296	S2-145521404	S2
S1-881770296	S2-866650875	S2
S1-881770296	S2-69869857	S2
S1-881770296	S2-27986137	S2
S1-881770296	S2-304562241	S2
S1-881770296	S2-38917398	S2
S1-881770296	S2-457500956	S2
S1-881770296	S2-574914445	S2
S1-881770296	S2-92868774	S2
S1-504059078	S2-47799063	S2
S1-504059078	S2-548296657	S2
S1-504059078	S2-996428837	S2
S1-504059078	S2-848687795	S2
S1-504059078	S2-632851303	S2
S1-504059078	S2-937987341	S2
S1-504059078	S2-566356754	S2
S1-504059078	S2-962270896	S2
S1-504059078	S2-358052714	S2
S1-504059078	S2-660017999	S2
S1-504059078	S2-328900052	S2
S1-504059078	S2-344591721	S2
S1-504059078	S2-561796765	S2
S1-504059078	S2-698001157	S2
S1-504059078	S2-359710026	S2
S1-828917180	S2-392482719	S2
S1-828917180	S2-396644933	S2
S1-828917180	S2-248782105	S2
S1-828917180	S2-439070878	S2
S1-828917180	S2-960129567	S2
S1-828917180	S2-537997029	S2
S1-828917180	S2-234907956	S2
S1-828917180	S2-594607876	S2
S1-828917180	S2-924946907	S2
S1-828917180	S2-74154365	S2
S1-828917180	S2-430193699	S2
S1-828917180	S2-547097573	S2
S1-828917180	S2-406854790	S2
S1-828917180	S2-229605009	S2
S1-828917180	S2-372871261	S2
S1-973233920	S2-447396827	S2
S1-973233920	S2-53012167	S2
S1-973233920	S2-843071321	S2
S1-973233920	S2-165768476	S2
S1-973233920	S2-939739824	S2
S1-973233920	S2-105086356	S2
S1-973233920	S2-92469603	S2
S1-973233920	S2-282390486	S2
S1-973233920	S2-505326493	S2
S1-973233920	S2-902205396	S2
S1-973233920	S2-727779637	S2
S1-973233920	S2-949133216	S2
S1-973233920	S2-224909884	S2
S1-973233920	S2-498215317	S2
S1-973233920	S2-212582677	S2
S1-451892808	S2-582458634	S2
S1-451892808	S2-15025788	S2
S1-451892808	S2-608023861	S2
S1-451892808	S2-922159873	S2
S1-451892808	S2-779197401	S2
S1-451892808	S2-399290662	S2
S1-451892808	S2-728507538	S2
S1-451892808	S2-200925331	S2
S1-451892808	S2-889904221	S2
S1-451892808	S2-570512018	S2
S1-451892808	S2-657247851	S2
S1-451892808	S2-659685525	S2
S1-451892808	S2-489461707	S2
S1-451892808	S2-710492190	S2
S1-451892808	S2-955315930	S2
S1-919867800	S2-230946285	S2
S1-919867800	S2-174059963	S2
S1-919867800	S2-585835879	S2
S1-919867800	S2-921287883	S2
S1-919867800	S2-523031614	S2
S1-919867800	S2-742941063	S2
S1-919867800	S2-741639927	S2
S1-919867800	S2-696885509	S2
S1-919867800	S2-730588551	S2
S1-919867800	S2-460515872	S2
S1-919867800	S2-161476122	S2
S1-919867800	S2-468242606	S2
S1-919867800	S2-131125837	S2
S1-919867800	S2-166629328	S2
S1-919867800	S2-650621734	S2
S1-769172378	S2-882459657	S2
S1-769172378	S2-8982199	S2
S1-769172378	S2-984241859	S2
S1-769172378	S2-942417082	S2
S1-769172378	S2-899616853	S2
S1-769172378	S2-775394710	S2
S1-769172378	S2-165930564	S2
S1-769172378	S2-298914373	S2
S1-769172378	S2-848878443	S2
S1-769172378	S2-337172708	S2
S1-769172378	S2-706238826	S2
S1-769172378	S2-100798928	S2
S1-769172378	S2-978606166	S2
S1-769172378	S2-577969603	S2
S1-769172378	S2-187499079	S2
S1-223621109	S2-311402763	S2
S1-223621109	S2-644844275	S2
S1-223621109	S2-491028094	S2
S1-223621109	S2-857920251	S2
S1-223621109	S2-144066810	S2
S1-223621109	S2-814239836	S2
S1-223621109	S2-516946324	S2
S1-223621109	S2-514200750	S2
S1-223621109	S2-349365849	S2
S1-223621109	S2-448967653	S2
S1-223621109	S2-732609411	S2
S1-223621109	S2-921362349	S2
S1-223621109	S2-505041950	S2
S1-223621109	S2-166269541	S2
S1-223621109	S2-68402423	S2
S1-983652708	S2-785852339	S2
S1-983652708	S2-789711070	S2
S1-983652708	S2-683120884	S2
S1-983652708	S2-847374839	S2
S1-983652708	S2-183176697	S2
S1-983652708	S2-962522174	S2
S1-983652708	S2-854959253	S2
S1-983652708	S2-963300188	S2
S1-983652708	S2-165809100	S2
S1-983652708	S2-749642407	S2
S1-983652708	S2-699301561	S2
S1-983652708	S2-666342792	S2
S1-983652708	S2-596751909	S2
S1-983652708	S2-185405451	S2
S1-983652708	S2-849565658	S2
S1-904479856	S2-92835928	S2
S1-904479856	S2-59076666	S2
S1-904479856	S2-860534246	S2
S1-904479856	S2-319667672	S2
S1-904479856	S2-459758045	S2
S1-904479856	S2-299980209	S2
S1-904479856	S2-731649105	S2
S1-904479856	S2-991981696	S2
S1-904479856	S2-252321761	S2
S1-904479856	S2-734632823	S2
S1-904479856	S2-358578952	S2
S1-904479856	S2-223493773	S2
S1-904479856	S2-133252993	S2
S1-904479856	S2-672321572	S2
S1-904479856	S2-411547279	S2
S1-783021266	S2-566931281	S2
S1-783021266	S2-892923793	S2
S1-783021266	S2-455209026	S2
S1-783021266	S2-936867164	S2
S1-783021266	S2-524247699	S2
S1-783021266	S2-831497289	S2
S1-783021266	S2-30000261	S2
S1-783021266	S2-788754887	S2
S1-783021266	S2-426144370	S2
S1-783021266	S2-697665921	S2
S1-783021266	S2-750426664	S2
S1-783021266	S2-101451801	S2
S1-783021266	S2-149845283	S2
S1-783021266	S2-715905554	S2
S1-783021266	S2-437494471	S2
S1-259452306	S2-268932954	S2
S1-259452306	S2-622519132	S2
S1-259452306	S2-698019235	S2
S1-259452306	S2-3914789	S2
S1-259452306	S2-824685628	S2
S1-259452306	S2-598177562	S2
S1-259452306	S2-908987230	S2
S1-259452306	S2-684055122	S2
S1-259452306	S2-354091917	S2
S1-259452306	S2-162228388	S2
S1-259452306	S2-609834475	S2
S1-259452306	S2-556334410	S2
S1-259452306	S2-439384858	S2
S1-259452306	S2-613358495	S2
S1-259452306	S2-195768351	S2
S1-926958422	S2-673704658	S2
S1-926958422	S2-138051778	S2
S1-926958422	S2-362776689	S2
S1-926958422	S2-307599169	S2
S1-926958422	S2-300667965	S2
S1-926958422	S2-648420391	S2
S1-926958422	S2-414238106	S2
S1-926958422	S2-711267664	S2
S1-926958422	S2-230184729	S2
S1-926958422	S2-706697011	S2
S1-926958422	S2-403364722	S2
S1-926958422	S2-814052487	S2
S1-926958422	S2-885381494	S2
S1-926958422	S2-797821871	S2
S1-926958422	S2-672381387	S2
S1-19593330	S2-584977605	S2
S1-19593330	S2-192774038	S2
S1-19593330	S2-956579766	S2
S1-19593330	S2-326301027	S2
S1-19593330	S2-570512018	S2
S1-19593330	S2-449440448	S2
S1-19593330	S2-358321743	S2
S1-19593330	S2-156443143	S2
S1-19593330	S2-722247491	S2
S1-19593330	S2-847408459	S2
S1-19593330	S2-434742723	S2
S1-19593330	S2-199635728	S2
S1-19593330	S2-747478411	S2
S1-19593330	S2-43498869	S2
S1-19593330	S2-800014563	S2
S1-929809097	S2-321590109	S2
S1-929809097	S2-769670550	S2
S1-929809097	S2-645024489	S2
S1-929809097	S2-809775998	S2
S1-929809097	S2-510931175	S2
S1-929809097	S2-574914445	S2
S1-929809097	S2-647040826	S2
S1-929809097	S2-224520354	S2
S1-929809097	S2-702965552	S2
S1-929809097	S2-709994826	S2
S1-929809097	S2-321590098	S2
S1-929809097	S2-792941939	S2
S1-929809097	S2-819911306	S2
S1-929809097	S2-871960144	S2
S1-929809097	S2-567514562	S2
S1-253986331	S2-995499973	S2
S1-253986331	S2-231888175	S2
S1-253986331	S2-895797947	S2
S1-253986331	S2-466380342	S2
S1-253986331	S2-257885603	S2
S1-253986331	S2-949133216	S2
S1-253986331	S2-40746806	S2
S1-253986331	S2-960361858	S2
S1-253986331	S2-265951472	S2
S1-253986331	S2-619844913	S2
S1-253986331	S2-793689201	S2
S1-253986331	S2-977796762	S2
S1-253986331	S2-302833544	S2
S1-253986331	S2-444467356	S2
S1-253986331	S2-863198881	S2
S1-336167025	S2-909581680	S2
S1-336167025	S2-819911306	S2
S1-336167025	S2-705088632	S2
S1-336167025	S2-321590098	S2
S1-336167025	S2-339737852	S2
S1-336167025	S2-567514562	S2
S1-336167025	S2-267714454	S2
S1-336167025	S2-356220463	S2
S1-336167025	S2-922159873	S2
S1-336167025	S2-842446266	S2
S1-336167025	S2-391281368	S2
S1-336167025	S2-903979096	S2
S1-336167025	S2-866295263	S2
S1-336167025	S2-647040826	S2
S1-336167025	S2-886131666	S2
S1-761585587	S2-747478411	S2
S1-761585587	S2-802075529	S2
S1-761585587	S2-351925196	S2
S1-761585587	S2-85642806	S2
S1-761585587	S2-469073813	S2
S1-761585587	S2-518721601	S2
S1-761585587	S2-940187710	S2
S1-761585587	S2-775394710	S2
S1-761585587	S2-831239310	S2
S1-761585587	S2-430367614	S2
S1-761585587	S2-202394836	S2
S1-761585587	S2-308041768	S2
S1-761585587	S2-253412037	S2
S1-761585587	S2-905737147	S2
S1-761585587	S2-245909245	S2
S1-576153543	S2-484559177	S2
S1-576153543	S2-528483872	S2
S1-576153543	S2-274109622	S2
S1-576153543	S2-862571135	S2
S1-576153543	S2-885496247	S2
S1-576153543	S2-479081815	S2
S1-576153543	S2-315872469	S2
S1-576153543	S2-790716224	S2
S1-576153543	S2-557541533	S2
S1-576153543	S2-665652910	S2
S1-576153543	S2-159175610	S2
S1-576153543	S2-182529912	S2
S1-576153543	S2-727414171	S2
S1-576153543	S2-321891660	S2
S1-576153543	S2-16801220	S2
S1-948336320	S2-64494419	S2
S1-948336320	S2-100101893	S2
S1-948336320	S2-368331961	S2
S1-948336320	S2-169701381	S2
S1-948336320	S2-558443244	S2
S1-948336320	S2-759979128	S2
S1-948336320	S2-189369955	S2
S1-948336320	S2-15280146	S2
S1-948336320	S2-157842177	S2
S1-948336320	S2-608516372	S2
S1-948336320	S2-105423216	S2
S1-948336320	S2-392482719	S2
S1-948336320	S2-699535842	S2
S1-948336320	S2-633921347	S2
S1-948336320	S2-153417256	S2
S1-109460220	S2-651292790	S2
S1-109460220	S2-794352292	S2
S1-109460220	S2-777730349	S2
S1-109460220	S2-103317508	S2
S1-109460220	S2-921202375	S2
S1-109460220	S2-409726115	S2
S1-109460220	S2-354227046	S2
S1-109460220	S2-8982199	S2
S1-109460220	S2-775484419	S2
S1-109460220	S2-983514167	S2
S1-109460220	S2-670948516	S2
S1-109460220	S2-449440448	S2
S1-109460220	S2-475419520	S2
S1-109460220	S2-665463193	S2
S1-109460220	S2-23933178	S2
S1-699955992	S2-927572293	S2
S1-699955992	S2-76923389	S2
S1-699955992	S2-663049678	S2
S1-699955992	S2-597159535	S2
S1-699955992	S2-133067225	S2
S1-699955992	S2-204704782	S2
S1-699955992	S2-752508714	S2
S1-699955992	S2-811863966	S2
S1-699955992	S2-795141272	S2
S1-699955992	S2-498279964	S2
S1-699955992	S2-614713174	S2
S1-699955992	S2-208005980	S2
S1-699955992	S2-475420641	S2
S1-699955992	S2-512947690	S2
S1-699955992	S2-357857285	S2
S1-881535873	S2-729345807	S2
S1-881535873	S2-91908767	S2
S1-881535873	S2-214447140	S2
S1-881535873	S2-591398537	S2
S1-881535873	S2-105671746	S2
S1-881535873	S2-399052000	S2
S1-881535873	S2-329607640	S2
S1-881535873	S2-946589159	S2
S1-881535873	S2-134697040	S2
S1-881535873	S2-635002967	S2
S1-881535873	S2-679190243	S2
S1-881535873	S2-85446560	S2
S1-881535873	S2-800694119	S2
S1-881535873	S2-507569300	S2
S1-881535873	S2-371549760	S2
S1-420936510	S2-68402423	S2
S1-420936510	S2-712153407	S2
S1-420936510	S2-967923960	S2
S1-420936510	S2-865681369	S2
S1-420936510	S2-15148623	S2
S1-420936510	S2-158902765	S2
S1-420936510	S2-975285928	S2
S1-420936510	S2-939986664	S2
S1-420936510	S2-157735411	S2
S1-420936510	S2-921274499	S2
S1-420936510	S2-265891218	S2
S1-420936510	S2-318348932	S2
S1-420936510	S2-340786070	S2
S1-420936510	S2-535538356	S2
S1-420936510	S2-297926319	S2
S1-928237806	S2-394565864	S2
S1-928237806	S2-608023861	S2
S1-928237806	S2-623031574	S2
S1-928237806	S2-423030845	S2
S1-928237806	S2-92835928	S2
S1-928237806	S2-1986290	S2
S1-928237806	S2-570512018	S2
S1-928237806	S2-862571135	S2
S1-928237806	S2-829124015	S2
S1-928237806	S2-789711070	S2
S1-928237806	S2-481306942	S2
S1-928237806	S2-296598302	S2
S1-928237806	S2-922159873	S2
S1-928237806	S2-657247851	S2
S1-928237806	S2-927303907	S2
S1-602775749	S2-138429970	S2
S1-602775749	S2-623758944	S2
S1-602775749	S2-721241427	S2
S1-602775749	S2-916859477	S2
S1-602775749	S2-983379660	S2
S1-602775749	S2-595414933	S2
S1-602775749	S2-879030047	S2
S1-602775749	S2-366081375	S2
S1-602775749	S2-725412413	S2
S1-602775749	S2-845849286	S2
S1-602775749	S2-647040826	S2
S1-602775749	S2-965326114	S2
S1-602775749	S2-662221399	S2
S1-602775749	S2-998885968	S2
S1-602775749	S2-436041396	S2
S1-166601186	S2-92868774	S2
S1-166601186	S2-961093381	S2
S1-166601186	S2-218771556	S2
S1-166601186	S2-148968056	S2
S1-166601186	S2-699391872	S2
S1-166601186	S2-426439815	S2
S1-166601186	S2-176968531	S2
S1-166601186	S2-69559356	S2
S1-166601186	S2-38917398	S2
S1-166601186	S2-209549510	S2
S1-166601186	S2-619859806	S2
S1-166601186	S2-939131514	S2
S1-166601186	S2-27986137	S2
S1-166601186	S2-790947608	S2
S1-166601186	S2-516249560	S2
S1-139532667	S2-528483872	S2
S1-139532667	S2-862571135	S2
S1-139532667	S2-274109622	S2
S1-139532667	S2-876824000	S2
S1-139532667	S2-484559177	S2
S1-139532667	S2-885496247	S2
S1-139532667	S2-845577049	S2
S1-139532667	S2-315872469	S2
S1-139532667	S2-665652910	S2
S1-139532667	S2-159175610	S2
S1-139532667	S2-479081815	S2
S1-139532667	S2-182529912	S2
S1-139532667	S2-727414171	S2
S1-139532667	S2-321891660	S2
S1-139532667	S2-16801220	S2
S1-391248994	S2-529867680	S2
S1-391248994	S2-979910605	S2
S1-391248994	S2-665940290	S2
S1-391248994	S2-241291924	S2
S1-391248994	S2-17933853	S2
S1-391248994	S2-570006860	S2
S1-391248994	S2-348093874	S2
S1-391248994	S2-259053443	S2
S1-391248994	S2-243813488	S2
S1-391248994	S2-375938862	S2
S1-391248994	S2-385922466	S2
S1-391248994	S2-748163379	S2
S1-391248994	S2-91908767	S2
S1-391248994	S2-825374035	S2
S1-391248994	S2-967508286	S2
S1-217259238	S2-760507152	S2
S1-217259238	S2-31633295	S2
S1-217259238	S2-420385975	S2
S1-217259238	S2-705462394	S2
S1-217259238	S2-855836919	S2
S1-217259238	S2-394915298	S2
S1-217259238	S2-88437832	S2
S1-217259238	S2-393523489	S2
S1-217259238	S2-569515778	S2
S1-217259238	S2-293477711	S2
S1-217259238	S2-868087865	S2
S1-217259238	S2-967974285	S2
S1-217259238	S2-821123172	S2
S1-217259238	S2-720490901	S2
S1-217259238	S2-979910605	S2
S1-363414052	S2-795022161	S2
S1-363414052	S2-718800703	S2
S1-363414052	S2-132895527	S2
S1-363414052	S2-979303211	S2
S1-363414052	S2-888017647	S2
S1-363414052	S2-420385975	S2
S1-363414052	S2-582458634	S2
S1-363414052	S2-251858541	S2
S1-363414052	S2-779197401	S2
S1-363414052	S2-429661233	S2
S1-363414052	S2-570512018	S2
S1-363414052	S2-240905908	S2
S1-363414052	S2-227520813	S2
S1-363414052	S2-181154568	S2
S1-363414052	S2-817935651	S2
S1-719919136	S2-486832341	S2
S1-719919136	S2-626012117	S2
S1-719919136	S2-569860965	S2
S1-719919136	S2-378820746	S2
S1-719919136	S2-816989315	S2
S1-719919136	S2-321398182	S2
S1-719919136	S2-872809565	S2
S1-719919136	S2-90112897	S2
S1-719919136	S2-852307591	S2
S1-719919136	S2-793153206	S2
S1-719919136	S2-231195947	S2
S1-719919136	S2-126222886	S2
S1-719919136	S2-764306412	S2
S1-719919136	S2-585316294	S2
S1-719919136	S2-772323364	S2
S1-75134768	S2-987414512	S2
S1-75134768	S2-227749267	S2
S1-75134768	S2-434575880	S2
S1-75134768	S2-978606166	S2
S1-75134768	S2-825374035	S2
S1-75134768	S2-231688856	S2
S1-75134768	S2-867710047	S2
S1-75134768	S2-444452024	S2
S1-75134768	S2-378867947	S2
S1-75134768	S2-191045664	S2
S1-75134768	S2-748268413	S2
S1-75134768	S2-398460096	S2
S1-75134768	S2-802130222	S2
S1-75134768	S2-876721131	S2
S1-75134768	S2-731588087	S2
S1-174758675	S2-362875802	S2
S1-174758675	S2-28418448	S2
S1-174758675	S2-158641226	S2
S1-174758675	S2-811799202	S2
S1-174758675	S2-162252776	S2
S1-174758675	S2-824414038	S2
S1-174758675	S2-327707439	S2
S1-174758675	S2-117080450	S2
S1-174758675	S2-292607667	S2
S1-174758675	S2-234907956	S2
S1-174758675	S2-256698067	S2
S1-174758675	S2-36652117	S2
S1-174758675	S2-426481260	S2
S1-174758675	S2-985278633	S2
S1-174758675	S2-822658217	S2
S1-124712855	S2-135305339	S2
S1-124712855	S2-583891679	S2
S1-124712855	S2-929722075	S2
S1-124712855	S2-828872229	S2
S1-124712855	S2-794352292	S2
S1-124712855	S2-318348932	S2
S1-124712855	S2-370549501	S2
S1-124712855	S2-391886434	S2
S1-124712855	S2-8982199	S2
S1-124712855	S2-261144736	S2
S1-124712855	S2-921202375	S2
S1-124712855	S2-450266205	S2
S1-124712855	S2-350985725	S2
S1-124712855	S2-8299927	S2
S1-124712855	S2-6467307	S2
S1-305403960	S2-794352292	S2
S1-305403960	S2-212279628	S2
S1-305403960	S2-921202375	S2
S1-305403960	S2-907018183	S2
S1-305403960	S2-136305349	S2
S1-305403960	S2-8982199	S2
S1-305403960	S2-147418558	S2
S1-305403960	S2-241868453	S2
S1-305403960	S2-199635728	S2
S1-305403960	S2-775099408	S2
S1-305403960	S2-876721131	S2
S1-305403960	S2-731588087	S2
S1-305403960	S2-324372014	S2
S1-305403960	S2-398460096	S2
S1-305403960	S2-164651728	S2
S1-615738219	S2-709626608	S2
S1-615738219	S2-110236539	S2
S1-615738219	S2-367970234	S2
S1-615738219	S2-829251462	S2
S1-615738219	S2-287300820	S2
S1-615738219	S2-530330935	S2
S1-615738219	S2-466263961	S2
S1-615738219	S2-356986111	S2
S1-615738219	S2-260388248	S2
S1-615738219	S2-100598528	S2
S1-615738219	S2-475419520	S2
S1-615738219	S2-155681006	S2
S1-615738219	S2-349287094	S2
S1-615738219	S2-354227046	S2
S1-615738219	S2-704269513	S2
S1-925443249	S2-747478411	S2
S1-925443249	S2-598068208	S2
S1-925443249	S2-275404449	S2
S1-925443249	S2-459758045	S2
S1-925443249	S2-394554163	S2
S1-925443249	S2-952329168	S2
S1-925443249	S2-219432880	S2
S1-925443249	S2-9614101	S2
S1-925443249	S2-635228641	S2
S1-925443249	S2-74992830	S2
S1-925443249	S2-190642185	S2
S1-925443249	S2-877085471	S2
S1-925443249	S2-727570982	S2
S1-925443249	S2-332453876	S2
S1-925443249	S2-294219540	S2
S1-635349757	S2-696676120	S2
S1-635349757	S2-877559598	S2
S1-635349757	S2-587381188	S2
S1-635349757	S2-914673196	S2
S1-635349757	S2-741298163	S2
S1-635349757	S2-984241859	S2
S1-635349757	S2-403364722	S2
S1-635349757	S2-155721168	S2
S1-635349757	S2-563158163	S2
S1-635349757	S2-991843540	S2
S1-635349757	S2-18394219	S2
S1-635349757	S2-214447140	S2
S1-635349757	S2-211389639	S2
S1-635349757	S2-475652190	S2
S1-635349757	S2-467121958	S2
S1-300609714	S2-895797947	S2
S1-300609714	S2-157564986	S2
S1-300609714	S2-235039028	S2
S1-300609714	S2-127778636	S2
S1-300609714	S2-104641729	S2
S1-300609714	S2-460653265	S2
S1-300609714	S2-945865905	S2
S1-300609714	S2-622519132	S2
S1-300609714	S2-824685628	S2
S1-300609714	S2-830783927	S2
S1-300609714	S2-120350789	S2
S1-300609714	S2-350377103	S2
S1-300609714	S2-976576895	S2
S1-300609714	S2-818555762	S2
S1-300609714	S2-820761727	S2
S1-743936349	S2-474056246	S2
S1-743936349	S2-534832831	S2
S1-743936349	S2-184993338	S2
S1-743936349	S2-846047154	S2
S1-743936349	S2-25714222	S2
S1-743936349	S2-64301738	S2
S1-743936349	S2-397692559	S2
S1-743936349	S2-710471913	S2
S1-743936349	S2-744269045	S2
S1-743936349	S2-653376534	S2
S1-743936349	S2-189729084	S2
S1-743936349	S2-526991413	S2
S1-743936349	S2-500943015	S2
S1-743936349	S2-812319202	S2
S1-743936349	S2-641048180	S2
S1-94297591	S2-43091282	S2
S1-94297591	S2-113550967	S2
S1-94297591	S2-34732391	S2
S1-94297591	S2-497936247	S2
S1-94297591	S2-489049291	S2
S1-94297591	S2-727114108	S2
S1-94297591	S2-717911914	S2
S1-94297591	S2-117080450	S2
S1-94297591	S2-343356244	S2
S1-94297591	S2-817896368	S2
S1-94297591	S2-811863966	S2
S1-94297591	S2-537831921	S2
S1-94297591	S2-670524857	S2
S1-94297591	S2-8864337	S2
S1-94297591	S2-893692125	S2
S1-817802155	S2-597243519	S2
S1-817802155	S2-845362212	S2
S1-817802155	S2-111294604	S2
S1-817802155	S2-558443244	S2
S1-817802155	S2-688230388	S2
S1-817802155	S2-548633980	S2
S1-817802155	S2-774048672	S2
S1-817802155	S2-218771556	S2
S1-817802155	S2-582932642	S2
S1-817802155	S2-635228641	S2
S1-817802155	S2-64494419	S2
S1-817802155	S2-383023238	S2
S1-817802155	S2-865716565	S2
S1-817802155	S2-738629358	S2
S1-817802155	S2-883044184	S2
S1-369711048	S2-447804682	S2
S1-369711048	S2-874995586	S2
S1-369711048	S2-454450916	S2
S1-369711048	S2-635228641	S2
S1-369711048	S2-688230388	S2
S1-369711048	S2-383023238	S2
S1-369711048	S2-121611732	S2
S1-369711048	S2-947668546	S2
S1-369711048	S2-108304064	S2
S1-369711048	S2-31855479	S2
S1-369711048	S2-700462260	S2
S1-369711048	S2-149345266	S2
S1-369711048	S2-706238826	S2
S1-369711048	S2-504223867	S2
S1-369711048	S2-625786247	S2
S1-501296085	S2-295065312	S2
S1-501296085	S2-22257325	S2
S1-501296085	S2-73037424	S2
S1-501296085	S2-886247443	S2
S1-501296085	S2-159064454	S2
S1-501296085	S2-686251531	S2
S1-501296085	S2-118970010	S2
S1-501296085	S2-620589797	S2
S1-501296085	S2-91953344	S2
S1-501296085	S2-970730978	S2
S1-501296085	S2-728566332	S2
S1-501296085	S2-964240180	S2
S1-501296085	S2-91704178	S2
S1-501296085	S2-453455590	S2
S1-501296085	S2-619282421	S2
S1-967153211	S2-55136200	S2
S1-967153211	S2-3987022	S2
S1-967153211	S2-716588163	S2
S1-967153211	S2-78644395	S2
S1-967153211	S2-631547814	S2
S1-967153211	S2-918763928	S2
S1-967153211	S2-294114423	S2
S1-967153211	S2-910448815	S2
S1-967153211	S2-284439219	S2
S1-967153211	S2-300777619	S2
S1-967153211	S2-348173686	S2
S1-967153211	S2-447441433	S2
S1-967153211	S2-281482759	S2
S1-967153211	S2-222042072	S2
S1-967153211	S2-529125623	S2
S1-300031623	S2-426144370	S2
S1-300031623	S2-892880098	S2
S1-300031623	S2-791990398	S2
S1-300031623	S2-154479629	S2
S1-300031623	S2-459758045	S2
S1-300031623	S2-554378599	S2
S1-300031623	S2-22700931	S2
S1-300031623	S2-882459657	S2
S1-300031623	S2-605734275	S2
S1-300031623	S2-631451351	S2
S1-300031623	S2-103317508	S2
S1-300031623	S2-665463193	S2
S1-300031623	S2-145624152	S2
S1-300031623	S2-23933178	S2
S1-300031623	S2-983514167	S2
S1-98579303	S2-296670248	S2
S1-98579303	S2-540745651	S2
S1-98579303	S2-828544692	S2
S1-98579303	S2-33105288	S2
S1-98579303	S2-591398537	S2
S1-98579303	S2-144609625	S2
S1-98579303	S2-100798928	S2
S1-98579303	S2-478830670	S2
S1-98579303	S2-357197766	S2
S1-98579303	S2-287588845	S2
S1-98579303	S2-187499079	S2
S1-98579303	S2-222540081	S2
S1-98579303	S2-661036235	S2
S1-98579303	S2-848878443	S2
S1-98579303	S2-846975420	S2
S1-576857452	S2-471713609	S2
S1-576857452	S2-437309128	S2
S1-576857452	S2-764430935	S2
S1-576857452	S2-145507253	S2
S1-576857452	S2-843741773	S2
S1-576857452	S2-229217508	S2
S1-576857452	S2-672736825	S2
S1-576857452	S2-398460096	S2
S1-576857452	S2-362602827	S2
S1-576857452	S2-748325649	S2
S1-576857452	S2-126113089	S2
S1-576857452	S2-369458829	S2
S1-576857452	S2-640420911	S2
S1-576857452	S2-26324258	S2
S1-576857452	S2-512382393	S2
S1-121839562	S2-991532073	S2
S1-121839562	S2-652123001	S2
S1-121839562	S2-144579100	S2
S1-121839562	S2-447785689	S2
S1-121839562	S2-824972458	S2
S1-121839562	S2-308734653	S2
S1-121839562	S2-790425886	S2
S1-121839562	S2-332764638	S2
S1-121839562	S2-386366146	S2
S1-121839562	S2-15919698	S2
S1-121839562	S2-369116881	S2
S1-121839562	S2-970203166	S2
S1-121839562	S2-857545705	S2
S1-121839562	S2-985114164	S2
S1-121839562	S2-946872072	S2
S1-79772943	S2-961093381	S2
S1-79772943	S2-127778636	S2
S1-79772943	S2-482144229	S2
S1-79772943	S2-520441214	S2
S1-79772943	S2-131872909	S2
S1-79772943	S2-426439815	S2
S1-79772943	S2-460653265	S2
S1-79772943	S2-824685628	S2
S1-79772943	S2-516249560	S2
S1-79772943	S2-94339175	S2
S1-79772943	S2-830783927	S2
S1-79772943	S2-717160791	S2
S1-79772943	S2-235039028	S2
S1-79772943	S2-939131514	S2
S1-79772943	S2-157564986	S2
S1-694085192	S2-232484718	S2
S1-694085192	S2-516249560	S2
S1-694085192	S2-811863966	S2
S1-694085192	S2-833900025	S2
S1-694085192	S2-40746806	S2
S1-694085192	S2-402816014	S2
S1-694085192	S2-474346550	S2
S1-694085192	S2-939131514	S2
S1-694085192	S2-721241427	S2
S1-694085192	S2-894693263	S2
S1-694085192	S2-662221399	S2
S1-694085192	S2-699391872	S2
S1-694085192	S2-772269040	S2
S1-694085192	S2-274640549	S2
S1-694085192	S2-426439815	S2
S1-525055772	S2-234289368	S2
S1-525055772	S2-126411084	S2
S1-525055772	S2-530253274	S2
S1-525055772	S2-696686166	S2
S1-525055772	S2-744917936	S2
S1-525055772	S2-212582677	S2
S1-525055772	S2-88437832	S2
S1-525055772	S2-873164808	S2
S1-525055772	S2-147367965	S2
S1-525055772	S2-789711070	S2
S1-525055772	S2-465837411	S2
S1-525055772	S2-105086356	S2
S1-525055772	S2-843071321	S2
S1-525055772	S2-727779637	S2
S1-525055772	S2-163963287	S2
S1-376690332	S2-794352292	S2
S1-376690332	S2-670948516	S2
S1-376690332	S2-975023541	S2
S1-376690332	S2-370549501	S2
S1-376690332	S2-79488526	S2
S1-376690332	S2-445109396	S2
S1-376690332	S2-775394710	S2
S1-376690332	S2-921202375	S2
S1-376690332	S2-8982199	S2
S1-376690332	S2-717122261	S2
S1-376690332	S2-928122498	S2
S1-376690332	S2-535260713	S2
S1-376690332	S2-164761174	S2
S1-376690332	S2-57616839	S2
S1-376690332	S2-942849471	S2
S1-219548536	S2-176316491	S2
S1-219548536	S2-212009392	S2
S1-219548536	S2-886131666	S2
S1-219548536	S2-314658894	S2
S1-219548536	S2-401408311	S2
S1-219548536	S2-466877271	S2
S1-219548536	S2-694466866	S2
S1-219548536	S2-660113658	S2
S1-219548536	S2-437309128	S2
S1-219548536	S2-886247443	S2
S1-219548536	S2-879392749	S2
S1-219548536	S2-9622708	S2
S1-219548536	S2-332014708	S2
S1-219548536	S2-201829232	S2
S1-219548536	S2-177348709	S2
S1-410701476	S2-154472882	S2
S1-410701476	S2-61994815	S2
S1-410701476	S2-996541051	S2
S1-410701476	S2-44100844	S2
S1-410701476	S2-528320338	S2
S1-410701476	S2-224495015	S2
S1-410701476	S2-973292523	S2
S1-410701476	S2-746717750	S2
S1-410701476	S2-947153697	S2
S1-410701476	S2-74926793	S2
S1-410701476	S2-192695882	S2
S1-410701476	S2-701906667	S2
S1-410701476	S2-683312986	S2
S1-410701476	S2-455325987	S2
S1-410701476	S2-752363850	S2
S1-862338675	S2-954585201	S2
S1-862338675	S2-527059989	S2
S1-862338675	S2-497944131	S2
S1-862338675	S2-76382003	S2
S1-862338675	S2-59129159	S2
S1-862338675	S2-782032185	S2
S1-862338675	S2-403646565	S2
S1-862338675	S2-637536373	S2
S1-862338675	S2-221999414	S2
S1-862338675	S2-716107739	S2
S1-862338675	S2-285274066	S2
S1-862338675	S2-35086639	S2
S1-862338675	S2-406854790	S2
S1-862338675	S2-863755882	S2
S1-862338675	S2-302419463	S2
S1-448345019	S2-576580892	S2
S1-448345019	S2-960129567	S2
S1-448345019	S2-972051451	S2
S1-448345019	S2-645440237	S2
S1-448345019	S2-60818919	S2
S1-448345019	S2-398460096	S2
S1-448345019	S2-194980849	S2
S1-448345019	S2-819216280	S2
S1-448345019	S2-733025108	S2
S1-448345019	S2-619664055	S2
S1-448345019	S2-726813453	S2
S1-448345019	S2-882915480	S2
S1-448345019	S2-281309190	S2
S1-448345019	S2-713109591	S2
S1-448345019	S2-512950951	S2
S1-883829621	S2-288876615	S2
S1-883829621	S2-978606166	S2
S1-883829621	S2-670948516	S2
S1-883829621	S2-975023541	S2
S1-883829621	S2-777730349	S2
S1-883829621	S2-583891679	S2
S1-883829621	S2-684635925	S2
S1-883829621	S2-981453578	S2
S1-883829621	S2-929722075	S2
S1-883829621	S2-628535121	S2
S1-883829621	S2-794352292	S2
S1-883829621	S2-172745464	S2
S1-883829621	S2-8982199	S2
S1-883829621	S2-921202375	S2
S1-883829621	S2-318348932	S2
S1-153055996	S2-426439815	S2
S1-153055996	S2-879030047	S2
S1-153055996	S2-277830258	S2
S1-153055996	S2-998885968	S2
S1-153055996	S2-927235908	S2
S1-153055996	S2-741639927	S2
S1-153055996	S2-744917936	S2
S1-153055996	S2-402816014	S2
S1-153055996	S2-811863966	S2
S1-153055996	S2-40746806	S2
S1-153055996	S2-833900025	S2
S1-153055996	S2-465837411	S2
S1-153055996	S2-721241427	S2
S1-153055996	S2-662221399	S2
S1-153055996	S2-163963287	S2
S1-252433119	S2-960553036	S2
S1-252433119	S2-133487711	S2
S1-252433119	S2-1722538	S2
S1-252433119	S2-970203166	S2
S1-252433119	S2-998764761	S2
S1-252433119	S2-572531501	S2
S1-252433119	S2-857545705	S2
S1-252433119	S2-19749906	S2
S1-252433119	S2-444528389	S2
S1-252433119	S2-382500675	S2
S1-252433119	S2-72883532	S2
S1-252433119	S2-534416622	S2
S1-252433119	S2-454450916	S2
S1-252433119	S2-161047745	S2
S1-252433119	S2-106188251	S2
S1-324674388	S2-162252776	S2
S1-324674388	S2-757402261	S2
S1-324674388	S2-595913199	S2
S1-324674388	S2-480877177	S2
S1-324674388	S2-487136175	S2
S1-324674388	S2-425338531	S2
S1-324674388	S2-49714549	S2
S1-324674388	S2-34892868	S2
S1-324674388	S2-250788994	S2
S1-324674388	S2-23854429	S2
S1-324674388	S2-105671746	S2
S1-324674388	S2-859321758	S2
S1-324674388	S2-477346021	S2
S1-324674388	S2-196088758	S2
S1-324674388	S2-678818787	S2
S1-638466806	S2-828872229	S2
S1-638466806	S2-225823147	S2
S1-638466806	S2-978606166	S2
S1-638466806	S2-332036682	S2
S1-638466806	S2-777730349	S2
S1-638466806	S2-670948516	S2
S1-638466806	S2-23933178	S2
S1-638466806	S2-349666272	S2
S1-638466806	S2-224032436	S2
S1-638466806	S2-699404448	S2
S1-638466806	S2-921202375	S2
S1-638466806	S2-8982199	S2
S1-638466806	S2-22700931	S2
S1-638466806	S2-794352292	S2
S1-638466806	S2-929722075	S2
S1-827102573	S2-81154512	S2
S1-827102573	S2-441341822	S2
S1-827102573	S2-56133264	S2
S1-827102573	S2-898880623	S2
S1-827102573	S2-879030047	S2
S1-827102573	S2-728507538	S2
S1-827102573	S2-998885968	S2
S1-827102573	S2-28111444	S2
S1-827102573	S2-37191173	S2
S1-827102573	S2-939131514	S2
S1-827102573	S2-482144229	S2
S1-827102573	S2-131872909	S2
S1-827102573	S2-961093381	S2
S1-827102573	S2-93682954	S2
S1-827102573	S2-105463326	S2
S1-989439466	S2-630825823	S2
S1-989439466	S2-863198881	S2
S1-989439466	S2-423368397	S2
S1-989439466	S2-960553036	S2
S1-989439466	S2-175456325	S2
S1-989439466	S2-282390486	S2
S1-989439466	S2-102286733	S2
S1-989439466	S2-986923268	S2
S1-989439466	S2-492826161	S2
S1-989439466	S2-853275037	S2
S1-989439466	S2-622064104	S2
S1-989439466	S2-304283115	S2
S1-989439466	S2-9622708	S2
S1-989439466	S2-344874828	S2
S1-989439466	S2-177471665	S2
S1-3732976	S2-932434431	S2
S1-3732976	S2-888667254	S2
S1-3732976	S2-242468905	S2
S1-3732976	S2-69869857	S2
S1-3732976	S2-56744275	S2
S1-3732976	S2-686366565	S2
S1-3732976	S2-61994815	S2
S1-3732976	S2-769808418	S2
S1-3732976	S2-616836723	S2
S1-3732976	S2-20047958	S2
S1-3732976	S2-200440168	S2
S1-3732976	S2-416107889	S2
S1-3732976	S2-259305279	S2
S1-3732976	S2-903479853	S2
S1-3732976	S2-446585847	S2
S1-31205819	S2-394554163	S2
S1-31205819	S2-635228641	S2
S1-31205819	S2-967923960	S2
S1-31205819	S2-9614101	S2
S1-31205819	S2-877085471	S2
S1-31205819	S2-219432880	S2
S1-31205819	S2-674862293	S2
S1-31205819	S2-727570982	S2
S1-31205819	S2-74992830	S2
S1-31205819	S2-631410361	S2
S1-31205819	S2-381676404	S2
S1-31205819	S2-190642185	S2
S1-31205819	S2-332453876	S2
S1-31205819	S2-861414287	S2
S1-31205819	S2-275292871	S2
S1-895771779	S2-192178144	S2
S1-895771779	S2-528320338	S2
S1-895771779	S2-705276084	S2
S1-895771779	S2-145379986	S2
S1-895771779	S2-15365332	S2
S1-895771779	S2-182145854	S2
S1-895771779	S2-863755882	S2
S1-895771779	S2-421049739	S2
S1-895771779	S2-854676522	S2
S1-895771779	S2-39243496	S2
S1-895771779	S2-864913262	S2
S1-895771779	S2-327203402	S2
S1-895771779	S2-176055194	S2
S1-895771779	S2-871017791	S2
S1-895771779	S2-685992084	S2
S1-29354465	S2-484254734	S2
S1-29354465	S2-400230753	S2
S1-29354465	S2-824972458	S2
S1-29354465	S2-144579100	S2
S1-29354465	S2-447785689	S2
S1-29354465	S2-308734653	S2
S1-29354465	S2-332764638	S2
S1-29354465	S2-910212980	S2
S1-29354465	S2-155636061	S2
S1-29354465	S2-614640857	S2
S1-29354465	S2-369116881	S2
S1-29354465	S2-971491700	S2
S1-29354465	S2-438972703	S2
S1-29354465	S2-343655850	S2
S1-29354465	S2-946872072	S2
S1-772189406	S2-768946792	S2
S1-772189406	S2-370818838	S2
S1-772189406	S2-26670373	S2
S1-772189406	S2-272918438	S2
S1-772189406	S2-27257748	S2
S1-772189406	S2-813396578	S2
S1-772189406	S2-217161866	S2
S1-772189406	S2-868915655	S2
S1-772189406	S2-628335210	S2
S1-772189406	S2-779405377	S2
S1-772189406	S2-288287673	S2
S1-772189406	S2-59076666	S2
S1-772189406	S2-24680486	S2
S1-772189406	S2-960258435	S2
S1-772189406	S2-563753438	S2
S1-872627167	S2-788637934	S2
S1-872627167	S2-816989315	S2
S1-872627167	S2-466263961	S2
S1-872627167	S2-434166125	S2
S1-872627167	S2-305873353	S2
S1-872627167	S2-367970234	S2
S1-872627167	S2-353393611	S2
S1-872627167	S2-475419520	S2
S1-872627167	S2-704269513	S2
S1-872627167	S2-354227046	S2
S1-872627167	S2-155681006	S2
S1-872627167	S2-530330935	S2
S1-872627167	S2-260388248	S2
S1-872627167	S2-110236539	S2
S1-872627167	S2-349287094	S2
S1-173906255	S2-292552164	S2
S1-173906255	S2-318217219	S2
S1-173906255	S2-989158977	S2
S1-173906255	S2-891406198	S2
S1-173906255	S2-850741800	S2
S1-173906255	S2-116543777	S2
S1-173906255	S2-997285082	S2
S1-173906255	S2-393592371	S2
S1-173906255	S2-983318792	S2
S1-173906255	S2-585106009	S2
S1-173906255	S2-19299067	S2
S1-173906255	S2-3256414	S2
S1-173906255	S2-762023797	S2
S1-173906255	S2-310050325	S2
S1-173906255	S2-837663921	S2
S1-566012078	S2-8982199	S2
S1-566012078	S2-788754887	S2
S1-566012078	S2-536231721	S2
S1-566012078	S2-220845632	S2
S1-566012078	S2-975023541	S2
S1-566012078	S2-794352292	S2
S1-566012078	S2-972265060	S2
S1-566012078	S2-874162453	S2
S1-566012078	S2-335124172	S2
S1-566012078	S2-713572779	S2
S1-566012078	S2-502689864	S2
S1-566012078	S2-800014563	S2
S1-566012078	S2-432279643	S2
S1-566012078	S2-848946610	S2
S1-566012078	S2-135305339	S2
S1-610266870	S2-798482339	S2
S1-610266870	S2-224032436	S2
S1-610266870	S2-32982164	S2
S1-610266870	S2-25954937	S2
S1-610266870	S2-445420919	S2
S1-610266870	S2-769858942	S2
S1-610266870	S2-715522197	S2
S1-610266870	S2-554378599	S2
S1-610266870	S2-471713609	S2
S1-610266870	S2-731531571	S2
S1-610266870	S2-224839523	S2
S1-610266870	S2-864103770	S2
S1-610266870	S2-118711492	S2
S1-610266870	S2-629880378	S2
S1-610266870	S2-355616973	S2
S1-506810298	S2-842456481	S2
S1-506810298	S2-663852317	S2
S1-506810298	S2-862759276	S2
S1-506810298	S2-916238268	S2
S1-506810298	S2-209093728	S2
S1-506810298	S2-583111097	S2
S1-506810298	S2-877823257	S2
S1-506810298	S2-14852627	S2
S1-506810298	S2-197625218	S2
S1-506810298	S2-162765979	S2
S1-506810298	S2-119087459	S2
S1-506810298	S2-344754892	S2
S1-506810298	S2-646080124	S2
S1-506810298	S2-996679134	S2
S1-506810298	S2-723221488	S2
S1-162806244	S2-876145747	S2
S1-162806244	S2-133763910	S2
S1-162806244	S2-467121958	S2
S1-162806244	S2-907716013	S2
S1-162806244	S2-889497510	S2
S1-162806244	S2-527059989	S2
S1-162806244	S2-712994058	S2
S1-162806244	S2-201039176	S2
S1-162806244	S2-261144736	S2
S1-162806244	S2-450266205	S2
S1-162806244	S2-8299927	S2
S1-162806244	S2-6467307	S2
S1-162806244	S2-350985725	S2
S1-162806244	S2-447892968	S2
S1-162806244	S2-417229978	S2
S1-50643392	S2-635511596	S2
S1-50643392	S2-281557469	S2
S1-50643392	S2-237499913	S2
S1-50643392	S2-420385975	S2
S1-50643392	S2-434166125	S2
S1-50643392	S2-751058119	S2
S1-50643392	S2-145379986	S2
S1-50643392	S2-344621502	S2
S1-50643392	S2-570512018	S2
S1-50643392	S2-815037725	S2
S1-50643392	S2-947498857	S2
S1-50643392	S2-665500858	S2
S1-50643392	S2-374447205	S2
S1-50643392	S2-699195172	S2
S1-50643392	S2-340882825	S2
S1-395813861	S2-747122768	S2
S1-395813861	S2-177918546	S2
S1-395813861	S2-44100844	S2
S1-395813861	S2-95209143	S2
S1-395813861	S2-337572515	S2
S1-395813861	S2-99136836	S2
S1-395813861	S2-223493773	S2
S1-395813861	S2-655804813	S2
S1-395813861	S2-542224090	S2
S1-395813861	S2-293670539	S2
S1-395813861	S2-690767550	S2
S1-395813861	S2-387269711	S2
S1-395813861	S2-630772014	S2
S1-395813861	S2-136630789	S2
S1-395813861	S2-803100423	S2
S1-652331096	S2-8982199	S2
S1-652331096	S2-620754855	S2
S1-652331096	S2-277444929	S2
S1-652331096	S2-79911022	S2
S1-652331096	S2-313026470	S2
S1-652331096	S2-497486406	S2
S1-652331096	S2-710175093	S2
S1-652331096	S2-223117200	S2
S1-652331096	S2-391048922	S2
S1-652331096	S2-965341745	S2
S1-652331096	S2-314169444	S2
S1-652331096	S2-602353889	S2
S1-652331096	S2-626012117	S2
S1-652331096	S2-549881386	S2
S1-652331096	S2-340786070	S2
S1-436985273	S2-296598302	S2
S1-436985273	S2-432687019	S2
S1-436985273	S2-259053443	S2
S1-436985273	S2-725343258	S2
S1-436985273	S2-780354672	S2
S1-436985273	S2-475706495	S2
S1-436985273	S2-646080124	S2
S1-436985273	S2-200925331	S2
S1-436985273	S2-884135049	S2
S1-436985273	S2-498279964	S2
S1-436985273	S2-170548497	S2
S1-436985273	S2-914673196	S2
S1-436985273	S2-418551982	S2
S1-436985273	S2-78769581	S2
S1-436985273	S2-747466359	S2
S1-336308856	S2-774600043	S2
S1-336308856	S2-459633919	S2
S1-336308856	S2-314169444	S2
S1-336308856	S2-18394219	S2
S1-336308856	S2-132543275	S2
S1-336308856	S2-810843780	S2
S1-336308856	S2-766251634	S2
S1-336308856	S2-688247667	S2
S1-336308856	S2-142441358	S2
S1-336308856	S2-784259305	S2
S1-336308856	S2-258046397	S2
S1-336308856	S2-765265626	S2
S1-336308856	S2-22700931	S2
S1-336308856	S2-921274499	S2
S1-336308856	S2-975023541	S2
S1-459696014	S2-828872229	S2
S1-459696014	S2-807474854	S2
S1-459696014	S2-349666272	S2
S1-459696014	S2-167426364	S2
S1-459696014	S2-485419143	S2
S1-459696014	S2-449617627	S2
S1-459696014	S2-651190084	S2
S1-459696014	S2-176139646	S2
S1-459696014	S2-895116270	S2
S1-459696014	S2-314169444	S2
S1-459696014	S2-626012117	S2
S1-459696014	S2-549881386	S2
S1-459696014	S2-602353889	S2
S1-459696014	S2-472320169	S2
S1-459696014	S2-340786070	S2
S1-169008536	S2-378867947	S2
S1-169008536	S2-748268413	S2
S1-169008536	S2-398460096	S2
S1-169008536	S2-802130222	S2
S1-169008536	S2-311402763	S2
S1-169008536	S2-644844275	S2
S1-169008536	S2-876721131	S2
S1-169008536	S2-731588087	S2
S1-169008536	S2-516946324	S2
S1-169008536	S2-514200750	S2
S1-169008536	S2-349365849	S2
S1-169008536	S2-448967653	S2
S1-169008536	S2-921362349	S2
S1-169008536	S2-505041950	S2
S1-169008536	S2-68402423	S2
S1-128347375	S2-3914789	S2
S1-128347375	S2-678788003	S2
S1-128347375	S2-625899005	S2
S1-128347375	S2-772323364	S2
S1-128347375	S2-333989418	S2
S1-128347375	S2-816989315	S2
S1-128347375	S2-264940990	S2
S1-128347375	S2-358237238	S2
S1-128347375	S2-944030245	S2
S1-128347375	S2-205132293	S2
S1-128347375	S2-67201778	S2
S1-128347375	S2-800694119	S2
S1-128347375	S2-164039123	S2
S1-128347375	S2-640987463	S2
S1-128347375	S2-665573717	S2
S1-493363382	S2-647040826	S2
S1-493363382	S2-667274253	S2
S1-493363382	S2-709994826	S2
S1-493363382	S2-819911306	S2
S1-493363382	S2-903979096	S2
S1-493363382	S2-792941939	S2
S1-493363382	S2-806329868	S2
S1-493363382	S2-645024489	S2
S1-493363382	S2-567514562	S2
S1-493363382	S2-777785870	S2
S1-493363382	S2-510931175	S2
S1-493363382	S2-438969319	S2
S1-493363382	S2-596515519	S2
S1-493363382	S2-418033252	S2
S1-493363382	S2-447804682	S2
S1-457935815	S2-779405377	S2
S1-457935815	S2-589492301	S2
S1-457935815	S2-862571135	S2
S1-457935815	S2-520441214	S2
S1-457935815	S2-58825780	S2
S1-457935815	S2-446844245	S2
S1-457935815	S2-570512018	S2
S1-457935815	S2-284585076	S2
S1-457935815	S2-580420578	S2
S1-457935815	S2-98331541	S2
S1-457935815	S2-491950020	S2
S1-457935815	S2-61330089	S2
S1-457935815	S2-668310822	S2
S1-457935815	S2-698383825	S2
S1-457935815	S2-232105388	S2
S1-924009686	S2-789511558	S2
S1-924009686	S2-895071828	S2
S1-924009686	S2-101325335	S2
S1-924009686	S2-77419070	S2
S1-924009686	S2-95424985	S2
S1-924009686	S2-771685137	S2
S1-924009686	S2-99468652	S2
S1-924009686	S2-846262463	S2
S1-924009686	S2-242582700	S2
S1-924009686	S2-873177396	S2
S1-924009686	S2-726045392	S2
S1-924009686	S2-402548315	S2
S1-924009686	S2-788754887	S2
S1-924009686	S2-335124172	S2
S1-924009686	S2-265891218	S2
S1-820394674	S2-628335210	S2
S1-820394674	S2-994301220	S2
S1-820394674	S2-31854557	S2
S1-820394674	S2-207084937	S2
S1-820394674	S2-609292694	S2
S1-820394674	S2-528483872	S2
S1-820394674	S2-484559177	S2
S1-820394674	S2-885496247	S2
S1-820394674	S2-862571135	S2
S1-820394674	S2-182529912	S2
S1-820394674	S2-479081815	S2
S1-820394674	S2-315872469	S2
S1-820394674	S2-665652910	S2
S1-820394674	S2-159175610	S2
S1-820394674	S2-274109622	S2
S1-116247627	S2-402816014	S2
S1-116247627	S2-840895255	S2
S1-116247627	S2-811863966	S2
S1-116247627	S2-833900025	S2
S1-116247627	S2-40746806	S2
S1-116247627	S2-108228337	S2
S1-116247627	S2-721241427	S2
S1-116247627	S2-662221399	S2
S1-116247627	S2-40574852	S2
S1-116247627	S2-1240778	S2
S1-116247627	S2-536098194	S2
S1-116247627	S2-824972458	S2
S1-116247627	S2-795809304	S2
S1-116247627	S2-511106943	S2
S1-116247627	S2-425338531	S2
S1-409451774	S2-529867680	S2
S1-409451774	S2-662616520	S2
S1-409451774	S2-104858458	S2
S1-409451774	S2-298598465	S2
S1-409451774	S2-485902426	S2
S1-409451774	S2-754091408	S2
S1-409451774	S2-491074769	S2
S1-409451774	S2-85163295	S2
S1-409451774	S2-970711089	S2
S1-409451774	S2-892976075	S2
S1-409451774	S2-159338989	S2
S1-409451774	S2-912228916	S2
S1-409451774	S2-878134898	S2
S1-409451774	S2-895944134	S2
S1-409451774	S2-837096453	S2
S1-270844042	S2-954942261	S2
S1-270844042	S2-203944670	S2
S1-270844042	S2-663884088	S2
S1-270844042	S2-535260713	S2
S1-270844042	S2-488789411	S2
S1-270844042	S2-846158069	S2
S1-270844042	S2-751588111	S2
S1-270844042	S2-913216366	S2
S1-270844042	S2-506145204	S2
S1-270844042	S2-526412482	S2
S1-270844042	S2-291868119	S2
S1-270844042	S2-448793585	S2
S1-270844042	S2-748044572	S2
S1-270844042	S2-865044868	S2
S1-270844042	S2-18394219	S2
S1-165891282	S2-274109622	S2
S1-165891282	S2-17360295	S2
S1-165891282	S2-712777388	S2
S1-165891282	S2-557541533	S2
S1-165891282	S2-815424973	S2
S1-165891282	S2-810915319	S2
S1-165891282	S2-673822670	S2
S1-165891282	S2-534318812	S2
S1-165891282	S2-513743270	S2
S1-165891282	S2-941130626	S2
S1-165891282	S2-9962270	S2
S1-165891282	S2-202910951	S2
S1-165891282	S2-834353592	S2
S1-165891282	S2-325615566	S2
S1-165891282	S2-609292694	S2
S1-49032225	S2-394565864	S2
S1-49032225	S2-828872229	S2
S1-49032225	S2-349666272	S2
S1-49032225	S2-485419143	S2
S1-49032225	S2-167426364	S2
S1-49032225	S2-449617627	S2
S1-49032225	S2-651190084	S2
S1-49032225	S2-176139646	S2
S1-49032225	S2-895116270	S2
S1-49032225	S2-698245094	S2
S1-49032225	S2-939074826	S2
S1-49032225	S2-339142042	S2
S1-49032225	S2-472320169	S2
S1-49032225	S2-640420911	S2
S1-49032225	S2-690767550	S2
S1-581797355	S2-777730349	S2
S1-581797355	S2-20143885	S2
S1-581797355	S2-8982199	S2
S1-581797355	S2-67505679	S2
S1-581797355	S2-30000261	S2
S1-581797355	S2-665463193	S2
S1-581797355	S2-502689864	S2
S1-581797355	S2-794352292	S2
S1-581797355	S2-79488526	S2
S1-581797355	S2-788168060	S2
S1-581797355	S2-224980295	S2
S1-581797355	S2-212955583	S2
S1-581797355	S2-19299067	S2
S1-581797355	S2-800098684	S2
S1-581797355	S2-882459657	S2
S1-979042353	S2-475419520	S2
S1-979042353	S2-155681006	S2
S1-979042353	S2-354227046	S2
S1-979042353	S2-260388248	S2
S1-979042353	S2-100598528	S2
S1-979042353	S2-709626608	S2
S1-979042353	S2-369512941	S2
S1-979042353	S2-815424973	S2
S1-979042353	S2-728928259	S2
S1-979042353	S2-259929846	S2
S1-979042353	S2-434166125	S2
S1-979042353	S2-353393611	S2
S1-979042353	S2-287300820	S2
S1-979042353	S2-492786272	S2
S1-979042353	S2-354912564	S2
S1-284710338	S2-187514897	S2
S1-284710338	S2-631410361	S2
S1-284710338	S2-678818787	S2
S1-284710338	S2-432279643	S2
S1-284710338	S2-713572779	S2
S1-284710338	S2-536231721	S2
S1-284710338	S2-196618803	S2
S1-284710338	S2-874162453	S2
S1-284710338	S2-609292694	S2
S1-284710338	S2-848946610	S2
S1-284710338	S2-335124172	S2
S1-284710338	S2-135305339	S2
S1-284710338	S2-620110385	S2
S1-284710338	S2-878639783	S2
S1-284710338	S2-800014563	S2
S1-812886866	S2-727608986	S2
S1-812886866	S2-92835928	S2
S1-812886866	S2-133252993	S2
S1-812886866	S2-441422968	S2
S1-812886866	S2-404431253	S2
S1-812886866	S2-153046971	S2
S1-812886866	S2-324372014	S2
S1-812886866	S2-102704852	S2
S1-812886866	S2-731649105	S2
S1-812886866	S2-450648359	S2
S1-812886866	S2-150634918	S2
S1-812886866	S2-672321572	S2
S1-812886866	S2-411547279	S2
S1-812886866	S2-991981696	S2
S1-812886866	S2-223493773	S2
S1-677741106	S2-715096064	S2
S1-677741106	S2-255396836	S2
S1-677741106	S2-246533409	S2
S1-677741106	S2-625831173	S2
S1-677741106	S2-569515778	S2
S1-677741106	S2-108090038	S2
S1-677741106	S2-404232285	S2
S1-677741106	S2-598884836	S2
S1-677741106	S2-315872469	S2
S1-677741106	S2-253120022	S2
S1-677741106	S2-776794265	S2
S1-677741106	S2-692060905	S2
S1-677741106	S2-682660453	S2
S1-677741106	S2-855836919	S2
S1-677741106	S2-89587960	S2
S1-263481527	S2-518721601	S2
S1-263481527	S2-43073112	S2
S1-263481527	S2-775394710	S2
S1-263481527	S2-53273621	S2
S1-263481527	S2-469073813	S2
S1-263481527	S2-85642806	S2
S1-263481527	S2-802075529	S2
S1-263481527	S2-831239310	S2
S1-263481527	S2-202394836	S2
S1-263481527	S2-308041768	S2
S1-263481527	S2-966475004	S2
S1-263481527	S2-636634036	S2
S1-263481527	S2-905737147	S2
S1-263481527	S2-253412037	S2
S1-263481527	S2-245909245	S2
S1-447103941	S2-164651728	S2
S1-447103941	S2-193026221	S2
S1-447103941	S2-777730349	S2
S1-447103941	S2-713572779	S2
S1-447103941	S2-102309877	S2
S1-447103941	S2-212955583	S2
S1-447103941	S2-794352292	S2
S1-447103941	S2-409726115	S2
S1-447103941	S2-905737147	S2
S1-447103941	S2-8982199	S2
S1-447103941	S2-736787326	S2
S1-447103941	S2-921202375	S2
S1-447103941	S2-527812446	S2
S1-447103941	S2-146382194	S2
S1-447103941	S2-643308876	S2
S1-177375169	S2-633146423	S2
S1-177375169	S2-170119635	S2
S1-177375169	S2-164086509	S2
S1-177375169	S2-383023238	S2
S1-177375169	S2-423030845	S2
S1-177375169	S2-142962200	S2
S1-177375169	S2-524004407	S2
S1-177375169	S2-878768582	S2
S1-177375169	S2-838526909	S2
S1-177375169	S2-731531571	S2
S1-177375169	S2-629880378	S2
S1-177375169	S2-105086356	S2
S1-177375169	S2-605633090	S2
S1-177375169	S2-206775978	S2
S1-177375169	S2-854676522	S2
S1-706514314	S2-40746806	S2
S1-706514314	S2-696617658	S2
S1-706514314	S2-426439815	S2
S1-706514314	S2-175865714	S2
S1-706514314	S2-741639927	S2
S1-706514314	S2-92868774	S2
S1-706514314	S2-721241427	S2
S1-706514314	S2-536514418	S2
S1-706514314	S2-165809100	S2
S1-706514314	S2-662221399	S2
S1-706514314	S2-811863966	S2
S1-706514314	S2-232484718	S2
S1-706514314	S2-256286125	S2
S1-706514314	S2-857627805	S2
S1-706514314	S2-69559356	S2
S1-352234501	S2-888667254	S2
S1-352234501	S2-352464995	S2
S1-352234501	S2-941264213	S2
S1-352234501	S2-500008641	S2
S1-352234501	S2-26324258	S2
S1-352234501	S2-437309128	S2
S1-352234501	S2-487925537	S2
S1-352234501	S2-764430935	S2
S1-352234501	S2-748325649	S2
S1-352234501	S2-369458829	S2
S1-352234501	S2-126113089	S2
S1-352234501	S2-672736825	S2
S1-352234501	S2-229217508	S2
S1-352234501	S2-512382393	S2
S1-352234501	S2-362602827	S2
S1-225119054	S2-478122065	S2
S1-225119054	S2-953579753	S2
S1-225119054	S2-563644814	S2
S1-225119054	S2-445637459	S2
S1-225119054	S2-960361858	S2
S1-225119054	S2-15235408	S2
S1-225119054	S2-659685525	S2
S1-225119054	S2-535988246	S2
S1-225119054	S2-631521974	S2
S1-225119054	S2-324771787	S2
S1-225119054	S2-601185190	S2
S1-225119054	S2-295254551	S2
S1-225119054	S2-476525997	S2
S1-225119054	S2-363154872	S2
S1-225119054	S2-431255095	S2
S1-543144015	S2-466380342	S2
S1-543144015	S2-199635728	S2
S1-543144015	S2-344354613	S2
S1-543144015	S2-192974905	S2
S1-543144015	S2-489677213	S2
S1-543144015	S2-324372014	S2
S1-543144015	S2-946002985	S2
S1-543144015	S2-193389855	S2
S1-543144015	S2-907018183	S2
S1-543144015	S2-982950235	S2
S1-543144015	S2-599195929	S2
S1-543144015	S2-136305349	S2
S1-543144015	S2-381426717	S2
S1-543144015	S2-614640857	S2
S1-543144015	S2-343655850	S2
S1-233584777	S2-492879191	S2
S1-233584777	S2-219432880	S2
S1-233584777	S2-51424319	S2
S1-233584777	S2-597331429	S2
S1-233584777	S2-303327441	S2
S1-233584777	S2-674315309	S2
S1-233584777	S2-623705967	S2
S1-233584777	S2-409726115	S2
S1-233584777	S2-510383940	S2
S1-233584777	S2-516871248	S2
S1-233584777	S2-560818510	S2
S1-233584777	S2-202159021	S2
S1-233584777	S2-25787219	S2
S1-233584777	S2-47799063	S2
S1-233584777	S2-802873219	S2
S1-192327811	S2-491074769	S2
S1-192327811	S2-485902426	S2
S1-192327811	S2-537858187	S2
S1-192327811	S2-963646032	S2
S1-192327811	S2-568951817	S2
S1-192327811	S2-85163295	S2
S1-192327811	S2-892976075	S2
S1-192327811	S2-326946504	S2
S1-192327811	S2-912228916	S2
S1-192327811	S2-335038001	S2
S1-192327811	S2-630688873	S2
S1-192327811	S2-878134898	S2
S1-192327811	S2-210601194	S2
S1-192327811	S2-837096453	S2
S1-192327811	S2-895944134	S2
S1-993357110	S2-136235099	S2
S1-993357110	S2-664981233	S2
S1-993357110	S2-683120884	S2
S1-993357110	S2-785852339	S2
S1-993357110	S2-962522174	S2
S1-993357110	S2-183176697	S2
S1-993357110	S2-963300188	S2
S1-993357110	S2-854959253	S2
S1-993357110	S2-749642407	S2
S1-993357110	S2-165809100	S2
S1-993357110	S2-699301561	S2
S1-993357110	S2-596751909	S2
S1-993357110	S2-666342792	S2
S1-993357110	S2-849565658	S2
S1-993357110	S2-185405451	S2
S1-440023753	S2-820761727	S2
S1-440023753	S2-913240757	S2
S1-440023753	S2-572367141	S2
S1-440023753	S2-537803499	S2
S1-440023753	S2-178971361	S2
S1-440023753	S2-572650198	S2
S1-440023753	S2-256236598	S2
S1-440023753	S2-944853638	S2
S1-440023753	S2-836846019	S2
S1-440023753	S2-47749434	S2
S1-440023753	S2-902261581	S2
S1-440023753	S2-868365106	S2
S1-440023753	S2-563644814	S2
S1-440023753	S2-960361858	S2
S1-440023753	S2-535988246	S2
S1-854319024	S2-514714174	S2
S1-854319024	S2-665652910	S2
S1-854319024	S2-544612526	S2
S1-854319024	S2-159175610	S2
S1-854319024	S2-282390486	S2
S1-854319024	S2-724723594	S2
S1-854319024	S2-41514279	S2
S1-854319024	S2-937454805	S2
S1-854319024	S2-232484718	S2
S1-854319024	S2-77285093	S2
S1-854319024	S2-140036589	S2
S1-854319024	S2-540931339	S2
S1-854319024	S2-46771753	S2
S1-854319024	S2-347017935	S2
S1-854319024	S2-815783446	S2
S1-86094936	S2-348504325	S2
S1-86094936	S2-568951817	S2
S1-86094936	S2-483453128	S2
S1-86094936	S2-532020500	S2
S1-86094936	S2-95424985	S2
S1-86094936	S2-659496238	S2
S1-86094936	S2-684635925	S2
S1-86094936	S2-491028094	S2
S1-86094936	S2-146498176	S2
S1-86094936	S2-761644899	S2
S1-86094936	S2-382657775	S2
S1-86094936	S2-54240060	S2
S1-86094936	S2-602353889	S2
S1-86094936	S2-124970234	S2
S1-86094936	S2-822482083	S2
S1-981904067	S2-775099408	S2
S1-981904067	S2-17360295	S2
S1-981904067	S2-426259815	S2
S1-981904067	S2-558443244	S2
S1-981904067	S2-231195947	S2
S1-981904067	S2-916871057	S2
S1-981904067	S2-634994990	S2
S1-981904067	S2-229217508	S2
S1-981904067	S2-960771041	S2
S1-981904067	S2-284585076	S2
S1-981904067	S2-402444489	S2
S1-981904067	S2-535988246	S2
S1-981904067	S2-567514562	S2
S1-981904067	S2-155086154	S2
S1-981904067	S2-25787219	S2
S1-832211747	S2-518590135	S2
S1-832211747	S2-570512018	S2
S1-832211747	S2-338373453	S2
S1-832211747	S2-265959271	S2
S1-832211747	S2-215162995	S2
S1-832211747	S2-948855445	S2
S1-832211747	S2-796933103	S2
S1-832211747	S2-777295554	S2
S1-832211747	S2-873164808	S2
S1-832211747	S2-653692463	S2
S1-832211747	S2-394533528	S2
S1-832211747	S2-707178891	S2
S1-832211747	S2-964142099	S2
S1-832211747	S2-284919985	S2
S1-832211747	S2-176316491	S2
S1-488506845	S2-278045217	S2
S1-488506845	S2-623163178	S2
S1-488506845	S2-237499913	S2
S1-488506845	S2-692022593	S2
S1-488506845	S2-462526248	S2
S1-488506845	S2-111237832	S2
S1-488506845	S2-956608424	S2
S1-488506845	S2-871829810	S2
S1-488506845	S2-964240180	S2
S1-488506845	S2-143232725	S2
S1-488506845	S2-159566092	S2
S1-488506845	S2-276674538	S2
S1-488506845	S2-426839110	S2
S1-488506845	S2-622773844	S2
S1-488506845	S2-288876615	S2
S1-654697159	S2-491950020	S2
S1-654697159	S2-421540927	S2
S1-654697159	S2-455830760	S2
S1-654697159	S2-980246492	S2
S1-654697159	S2-469964803	S2
S1-654697159	S2-4675625	S2
S1-654697159	S2-38041426	S2
S1-654697159	S2-850499815	S2
S1-654697159	S2-773705845	S2
S1-654697159	S2-121759397	S2
S1-654697159	S2-810623833	S2
S1-654697159	S2-42669710	S2
S1-654697159	S2-103317508	S2
S1-654697159	S2-183050312	S2
S1-654697159	S2-848633916	S2
S1-739195544	S2-74926793	S2
S1-739195544	S2-867614780	S2
S1-739195544	S2-526876910	S2
S1-739195544	S2-522792557	S2
S1-739195544	S2-556334410	S2
S1-739195544	S2-325866948	S2
S1-739195544	S2-330251499	S2
S1-739195544	S2-229183845	S2
S1-739195544	S2-607666338	S2
S1-739195544	S2-19749906	S2
S1-739195544	S2-470518488	S2
S1-739195544	S2-778604392	S2
S1-739195544	S2-49942811	S2
S1-739195544	S2-494876351	S2
S1-739195544	S2-89956614	S2
S1-559551054	S2-335038001	S2
S1-559551054	S2-830797725	S2
S1-559551054	S2-760648353	S2
S1-559551054	S2-378055021	S2
S1-559551054	S2-210601194	S2
S1-559551054	S2-864548311	S2
S1-559551054	S2-570843710	S2
S1-559551054	S2-185148108	S2
S1-559551054	S2-755671955	S2
S1-559551054	S2-161592048	S2
S1-559551054	S2-991843540	S2
S1-559551054	S2-623031574	S2
S1-559551054	S2-519912199	S2
S1-559551054	S2-789711070	S2
S1-559551054	S2-847374839	S2
S1-580254632	S2-219432880	S2
S1-580254632	S2-583891679	S2
S1-580254632	S2-889497510	S2
S1-580254632	S2-190642185	S2
S1-580254632	S2-877085471	S2
S1-580254632	S2-727570982	S2
S1-580254632	S2-515581965	S2
S1-580254632	S2-829598251	S2
S1-580254632	S2-921594231	S2
S1-580254632	S2-332453876	S2
S1-580254632	S2-371437571	S2
S1-580254632	S2-342482411	S2
S1-580254632	S2-74992830	S2
S1-580254632	S2-977609843	S2
S1-580254632	S2-859726068	S2
S1-405795474	S2-333359081	S2
S1-405795474	S2-811863966	S2
S1-405795474	S2-614713174	S2
S1-405795474	S2-907237193	S2
S1-405795474	S2-362515452	S2
S1-405795474	S2-77419070	S2
S1-405795474	S2-741566402	S2
S1-405795474	S2-919385476	S2
S1-405795474	S2-59556650	S2
S1-405795474	S2-7418163	S2
S1-405795474	S2-862278331	S2
S1-405795474	S2-117325459	S2
S1-405795474	S2-191186951	S2
S1-405795474	S2-775233420	S2
S1-405795474	S2-173632166	S2
S1-765456522	S2-576029625	S2
S1-765456522	S2-74877522	S2
S1-765456522	S2-125036006	S2
S1-765456522	S2-574940993	S2
S1-765456522	S2-770422756	S2
S1-765456522	S2-221008320	S2
S1-765456522	S2-525213039	S2
S1-765456522	S2-275401270	S2
S1-765456522	S2-706615728	S2
S1-765456522	S2-598858367	S2
S1-765456522	S2-197696225	S2
S1-765456522	S2-565543920	S2
S1-765456522	S2-150882117	S2
S1-765456522	S2-835063716	S2
S1-765456522	S2-897475107	S2
S1-55333937	S2-221008320	S2
S1-55333937	S2-74992830	S2
S1-55333937	S2-191045664	S2
S1-55333937	S2-574940993	S2
S1-55333937	S2-181945985	S2
S1-55333937	S2-706615728	S2
S1-55333937	S2-525213039	S2
S1-55333937	S2-877085471	S2
S1-55333937	S2-565543920	S2
S1-55333937	S2-197696225	S2
S1-55333937	S2-835063716	S2
S1-55333937	S2-598858367	S2
S1-55333937	S2-275401270	S2
S1-55333937	S2-150882117	S2
S1-55333937	S2-897475107	S2
S1-876256279	S2-135305339	S2
S1-876256279	S2-929722075	S2
S1-876256279	S2-978606166	S2
S1-876256279	S2-794352292	S2
S1-876256279	S2-975023541	S2
S1-876256279	S2-777730349	S2
S1-876256279	S2-670948516	S2
S1-876256279	S2-126506454	S2
S1-876256279	S2-409726115	S2
S1-876256279	S2-163159297	S2
S1-876256279	S2-93531460	S2
S1-876256279	S2-921202375	S2
S1-876256279	S2-432715099	S2
S1-876256279	S2-8982199	S2
S1-876256279	S2-704269513	S2
S1-651095976	S2-239425365	S2
S1-651095976	S2-333359081	S2
S1-651095976	S2-48866343	S2
S1-651095976	S2-66640013	S2
S1-651095976	S2-606589402	S2
S1-651095976	S2-727608986	S2
S1-651095976	S2-256518183	S2
S1-651095976	S2-648055380	S2
S1-651095976	S2-775099408	S2
S1-651095976	S2-324372014	S2
S1-651095976	S2-138702507	S2
S1-651095976	S2-982950235	S2
S1-651095976	S2-154655572	S2
S1-651095976	S2-794926277	S2
S1-651095976	S2-35320888	S2
S1-522840559	S2-311198605	S2
S1-522840559	S2-716687956	S2
S1-522840559	S2-69869857	S2
S1-522840559	S2-145521404	S2
S1-522840559	S2-866650875	S2
S1-522840559	S2-122570602	S2
S1-522840559	S2-69559356	S2
S1-522840559	S2-176968531	S2
S1-522840559	S2-574914445	S2
S1-522840559	S2-304562241	S2
S1-522840559	S2-457500956	S2
S1-522840559	S2-516249560	S2
S1-522840559	S2-92868774	S2
S1-522840559	S2-790947608	S2
S1-522840559	S2-27986137	S2
S1-601945198	S2-791856232	S2
S1-601945198	S2-738996676	S2
S1-601945198	S2-757197434	S2
S1-601945198	S2-822482083	S2
S1-601945198	S2-784715242	S2
S1-601945198	S2-67633039	S2
S1-601945198	S2-975285928	S2
S1-601945198	S2-628378031	S2
S1-601945198	S2-776794265	S2
S1-601945198	S2-752081733	S2
S1-601945198	S2-882915480	S2
S1-601945198	S2-453482489	S2
S1-601945198	S2-682964593	S2
S1-601945198	S2-957597561	S2
S1-601945198	S2-622481215	S2
S1-757082720	S2-232484718	S2
S1-757082720	S2-140036589	S2
S1-757082720	S2-347017935	S2
S1-757082720	S2-822714622	S2
S1-757082720	S2-46771753	S2
S1-757082720	S2-436041396	S2
S1-757082720	S2-540931339	S2
S1-757082720	S2-815783446	S2
S1-757082720	S2-736654053	S2
S1-757082720	S2-138429970	S2
S1-757082720	S2-983379660	S2
S1-757082720	S2-366081375	S2
S1-757082720	S2-725412413	S2
S1-757082720	S2-965326114	S2
S1-757082720	S2-537858187	S2
S1-590134263	S2-469073813	S2
S1-590134263	S2-213099480	S2
S1-590134263	S2-794412447	S2
S1-590134263	S2-751588111	S2
S1-590134263	S2-459018782	S2
S1-590134263	S2-537858187	S2
S1-590134263	S2-963646032	S2
S1-590134263	S2-838493982	S2
S1-590134263	S2-568951817	S2
S1-590134263	S2-859393404	S2
S1-590134263	S2-326946504	S2
S1-590134263	S2-630688873	S2
S1-590134263	S2-335038001	S2
S1-590134263	S2-210601194	S2
S1-590134263	S2-344591721	S2
S1-842497118	S2-619748319	S2
S1-842497118	S2-849565658	S2
S1-842497118	S2-120391369	S2
S1-842497118	S2-37191173	S2
S1-842497118	S2-879041312	S2
S1-842497118	S2-790103191	S2
S1-842497118	S2-500096956	S2
S1-842497118	S2-496765251	S2
S1-842497118	S2-136235099	S2
S1-842497118	S2-158828409	S2
S1-842497118	S2-274323360	S2
S1-842497118	S2-590757045	S2
S1-842497118	S2-123459391	S2
S1-842497118	S2-727477424	S2
S1-842497118	S2-757487043	S2
S1-326704888	S2-721241427	S2
S1-326704888	S2-427111019	S2
S1-326704888	S2-40746806	S2
S1-326704888	S2-31633295	S2
S1-326704888	S2-857681318	S2
S1-326704888	S2-892882538	S2
S1-326704888	S2-351822798	S2
S1-326704888	S2-487524833	S2
S1-326704888	S2-92854944	S2
S1-326704888	S2-674223031	S2
S1-326704888	S2-550763752	S2
S1-326704888	S2-932434431	S2
S1-326704888	S2-647040826	S2
S1-326704888	S2-687374926	S2
S1-326704888	S2-594607876	S2
S1-4869416	S2-417277947	S2
S1-4869416	S2-473305544	S2
S1-4869416	S2-269775293	S2
S1-4869416	S2-983379660	S2
S1-4869416	S2-574357374	S2
S1-4869416	S2-710492190	S2
S1-4869416	S2-978253391	S2
S1-4869416	S2-380179669	S2
S1-4869416	S2-51424319	S2
S1-4869416	S2-459481005	S2
S1-4869416	S2-855428297	S2
S1-4869416	S2-866650875	S2
S1-4869416	S2-968735721	S2
S1-4869416	S2-373143276	S2
S1-4869416	S2-253315499	S2
S1-720468760	S2-687591963	S2
S1-720468760	S2-182529912	S2
S1-720468760	S2-698001157	S2
S1-720468760	S2-255396836	S2
S1-720468760	S2-373730786	S2
S1-720468760	S2-684531221	S2
S1-720468760	S2-508602797	S2
S1-720468760	S2-774139241	S2
S1-720468760	S2-971339247	S2
S1-720468760	S2-846842010	S2
S1-720468760	S2-204591452	S2
S1-720468760	S2-193026221	S2
S1-720468760	S2-369527493	S2
S1-720468760	S2-109034922	S2
S1-720468760	S2-836566896	S2
S1-93806322	S2-432279643	S2
S1-93806322	S2-8982199	S2
S1-93806322	S2-921202375	S2
S1-93806322	S2-381676404	S2
S1-93806322	S2-334354664	S2
S1-93806322	S2-369458829	S2
S1-93806322	S2-311029819	S2
S1-93806322	S2-848946610	S2
S1-93806322	S2-721134375	S2
S1-93806322	S2-689428234	S2
S1-93806322	S2-109905092	S2
S1-93806322	S2-322536831	S2
S1-93806322	S2-135305339	S2
S1-93806322	S2-742941063	S2
S1-93806322	S2-674862293	S2
S1-16642923	S2-727570982	S2
S1-16642923	S2-332453876	S2
S1-16642923	S2-190642185	S2
S1-16642923	S2-540853782	S2
S1-16642923	S2-339391894	S2
S1-16642923	S2-710539502	S2
S1-16642923	S2-810843780	S2
S1-16642923	S2-148466906	S2
S1-16642923	S2-426144370	S2
S1-16642923	S2-697665921	S2
S1-16642923	S2-825374035	S2
S1-16642923	S2-568951817	S2
S1-16642923	S2-940106616	S2
S1-16642923	S2-847120229	S2
S1-16642923	S2-191045664	S2
S1-951871591	S2-534416622	S2
S1-951871591	S2-510383940	S2
S1-951871591	S2-454450916	S2
S1-951871591	S2-770688784	S2
S1-951871591	S2-4675625	S2
S1-951871591	S2-106188251	S2
S1-951871591	S2-542975651	S2
S1-951871591	S2-421672451	S2
S1-951871591	S2-525338352	S2
S1-951871591	S2-308505251	S2
S1-951871591	S2-538976068	S2
S1-951871591	S2-842456481	S2
S1-951871591	S2-957978733	S2
S1-951871591	S2-980846147	S2
S1-951871591	S2-231042988	S2
S1-665355186	S2-246534162	S2
S1-665355186	S2-937858663	S2
S1-665355186	S2-945813340	S2
S1-665355186	S2-104641729	S2
S1-665355186	S2-529318908	S2
S1-665355186	S2-859393404	S2
S1-665355186	S2-200200363	S2
S1-665355186	S2-187593824	S2
S1-665355186	S2-12970251	S2
S1-665355186	S2-137335733	S2
S1-665355186	S2-831625227	S2
S1-665355186	S2-506682722	S2
S1-665355186	S2-695240341	S2
S1-665355186	S2-391886434	S2
S1-665355186	S2-256451765	S2
S1-953470089	S2-12796093	S2
S1-953470089	S2-400230753	S2
S1-953470089	S2-484254734	S2
S1-953470089	S2-910212980	S2
S1-953470089	S2-846600326	S2
S1-953470089	S2-937072190	S2
S1-953470089	S2-938612654	S2
S1-953470089	S2-307272578	S2
S1-953470089	S2-816119025	S2
S1-953470089	S2-155636061	S2
S1-953470089	S2-29108033	S2
S1-953470089	S2-971491700	S2
S1-953470089	S2-438972703	S2
S1-953470089	S2-861414287	S2
S1-953470089	S2-275292871	S2
S1-464105135	S2-918655668	S2
S1-464105135	S2-960553036	S2
S1-464105135	S2-290759547	S2
S1-464105135	S2-983318792	S2
S1-464105135	S2-368206306	S2
S1-464105135	S2-1722538	S2
S1-464105135	S2-970203166	S2
S1-464105135	S2-857545705	S2
S1-464105135	S2-572531501	S2
S1-464105135	S2-998764761	S2
S1-464105135	S2-382500675	S2
S1-464105135	S2-444528389	S2
S1-464105135	S2-591536531	S2
S1-464105135	S2-155721168	S2
S1-464105135	S2-960372483	S2
S1-272091966	S2-830163987	S2
S1-272091966	S2-619282421	S2
S1-272091966	S2-191045664	S2
S1-272091966	S2-660426546	S2
S1-272091966	S2-864913262	S2
S1-272091966	S2-476525997	S2
S1-272091966	S2-507619867	S2
S1-272091966	S2-178777487	S2
S1-272091966	S2-91953344	S2
S1-272091966	S2-485902426	S2
S1-272091966	S2-958296449	S2
S1-272091966	S2-718331277	S2
S1-272091966	S2-33228405	S2
S1-272091966	S2-344874828	S2
S1-272091966	S2-304283115	S2
S1-675959550	S2-670948516	S2
S1-675959550	S2-135305339	S2
S1-675959550	S2-713572779	S2
S1-675959550	S2-794352292	S2
S1-675959550	S2-409726115	S2
S1-675959550	S2-921202375	S2
S1-675959550	S2-8982199	S2
S1-675959550	S2-91908767	S2
S1-675959550	S2-164651728	S2
S1-675959550	S2-332036682	S2
S1-675959550	S2-225823147	S2
S1-675959550	S2-318348932	S2
S1-675959550	S2-699404448	S2
S1-675959550	S2-67505679	S2
S1-675959550	S2-929722075	S2
S1-716442915	S2-831437465	S2
S1-716442915	S2-179458531	S2
S1-716442915	S2-787757653	S2
S1-716442915	S2-150634918	S2
S1-716442915	S2-623817123	S2
S1-716442915	S2-404431253	S2
S1-716442915	S2-450648359	S2
S1-716442915	S2-133252993	S2
S1-716442915	S2-92835928	S2
S1-716442915	S2-153046971	S2
S1-716442915	S2-991981696	S2
S1-716442915	S2-731649105	S2
S1-716442915	S2-223493773	S2
S1-716442915	S2-411547279	S2
S1-716442915	S2-672321572	S2
S1-657025372	S2-694627142	S2
S1-657025372	S2-74154365	S2
S1-657025372	S2-406854790	S2
S1-657025372	S2-759979128	S2
S1-657025372	S2-779723055	S2
S1-657025372	S2-139831055	S2
S1-657025372	S2-120771780	S2
S1-657025372	S2-430193699	S2
S1-657025372	S2-847685918	S2
S1-657025372	S2-513743270	S2
S1-657025372	S2-165228168	S2
S1-657025372	S2-423447509	S2
S1-657025372	S2-392482719	S2
S1-657025372	S2-537997029	S2
S1-657025372	S2-184020156	S2
S1-958577120	S2-126506454	S2
S1-958577120	S2-975023541	S2
S1-958577120	S2-164651728	S2
S1-958577120	S2-929722075	S2
S1-958577120	S2-978606166	S2
S1-958577120	S2-835063716	S2
S1-958577120	S2-772323364	S2
S1-958577120	S2-135305339	S2
S1-958577120	S2-318348932	S2
S1-958577120	S2-670948516	S2
S1-958577120	S2-794352292	S2
S1-958577120	S2-816989315	S2
S1-958577120	S2-777730349	S2
S1-958577120	S2-921202375	S2
S1-958577120	S2-8982199	S2
S1-606480359	S2-17360295	S2
S1-606480359	S2-199235212	S2
S1-606480359	S2-991981696	S2
S1-606480359	S2-44909703	S2
S1-606480359	S2-432279643	S2
S1-606480359	S2-566293411	S2
S1-606480359	S2-18442426	S2
S1-606480359	S2-20143885	S2
S1-606480359	S2-502689864	S2
S1-606480359	S2-888030033	S2
S1-606480359	S2-450648359	S2
S1-606480359	S2-79488526	S2
S1-606480359	S2-223493773	S2
S1-606480359	S2-794352292	S2
S1-606480359	S2-224980295	S2
S1-378652653	S2-129228958	S2
S1-378652653	S2-125254201	S2
S1-378652653	S2-505326493	S2
S1-378652653	S2-696686166	S2
S1-378652653	S2-530253274	S2
S1-378652653	S2-212582677	S2
S1-378652653	S2-88437832	S2
S1-378652653	S2-147367965	S2
S1-378652653	S2-873164808	S2
S1-378652653	S2-843071321	S2
S1-378652653	S2-105086356	S2
S1-378652653	S2-789711070	S2
S1-378652653	S2-727779637	S2
S1-378652653	S2-559968500	S2
S1-378652653	S2-53012167	S2
S1-24519478	S2-444467356	S2
S1-24519478	S2-525859393	S2
S1-24519478	S2-549881386	S2
S1-24519478	S2-619844913	S2
S1-24519478	S2-358052714	S2
S1-24519478	S2-937987341	S2
S1-24519478	S2-736787326	S2
S1-24519478	S2-929722075	S2
S1-24519478	S2-977796762	S2
S1-24519478	S2-302833544	S2
S1-24519478	S2-996428837	S2
S1-24519478	S2-793689201	S2
S1-24519478	S2-921202375	S2
S1-24519478	S2-57375033	S2
S1-24519478	S2-710175093	S2
S1-539197690	S2-312533710	S2
S1-539197690	S2-102286733	S2
S1-539197690	S2-184993338	S2
S1-539197690	S2-760621281	S2
S1-539197690	S2-156460390	S2
S1-539197690	S2-67201778	S2
S1-539197690	S2-358237238	S2
S1-539197690	S2-164039123	S2
S1-539197690	S2-800694119	S2
S1-539197690	S2-536231721	S2
S1-539197690	S2-937234624	S2
S1-539197690	S2-205132293	S2
S1-539197690	S2-544365657	S2
S1-539197690	S2-640987463	S2
S1-539197690	S2-665573717	S2
S1-977704542	S2-61994815	S2
S1-977704542	S2-20047958	S2
S1-977704542	S2-416107889	S2
S1-977704542	S2-616836723	S2
S1-977704542	S2-769808418	S2
S1-977704542	S2-123315323	S2
S1-977704542	S2-848582954	S2
S1-977704542	S2-903479853	S2
S1-977704542	S2-200440168	S2
S1-977704542	S2-354091917	S2
S1-977704542	S2-417090507	S2
S1-977704542	S2-259305279	S2
S1-977704542	S2-446585847	S2
S1-977704542	S2-353872072	S2
S1-977704542	S2-47852966	S2
S1-338840619	S2-536514418	S2
S1-338840619	S2-858691756	S2
S1-338840619	S2-390167188	S2
S1-338840619	S2-234907956	S2
S1-338840619	S2-292607667	S2
S1-338840619	S2-696617658	S2
S1-338840619	S2-670524857	S2
S1-338840619	S2-991699777	S2
S1-338840619	S2-619282421	S2
S1-338840619	S2-117080450	S2
S1-338840619	S2-723550919	S2
S1-338840619	S2-822658217	S2
S1-338840619	S2-224495015	S2
S1-338840619	S2-234917047	S2
S1-338840619	S2-500304361	S2
S1-170960991	S2-635228641	S2
S1-170960991	S2-521665381	S2
S1-170960991	S2-698383825	S2
S1-170960991	S2-713920891	S2
S1-170960991	S2-63261077	S2
S1-170960991	S2-518525663	S2
S1-170960991	S2-309042378	S2
S1-170960991	S2-278045217	S2
S1-170960991	S2-238811766	S2
S1-170960991	S2-956608424	S2
S1-170960991	S2-143232725	S2
S1-170960991	S2-381676404	S2
S1-170960991	S2-644290298	S2
S1-170960991	S2-660467546	S2
S1-170960991	S2-111237832	S2
S1-152967828	S2-515581965	S2
S1-152967828	S2-921594231	S2
S1-152967828	S2-868574975	S2
S1-152967828	S2-383539909	S2
S1-152967828	S2-17933853	S2
S1-152967828	S2-785139940	S2
S1-152967828	S2-370549501	S2
S1-152967828	S2-494828371	S2
S1-152967828	S2-669804692	S2
S1-152967828	S2-130736404	S2
S1-152967828	S2-672321572	S2
S1-152967828	S2-833201275	S2
S1-152967828	S2-427374357	S2
S1-152967828	S2-196587307	S2
S1-152967828	S2-449578781	S2
S1-13859063	S2-174059963	S2
S1-13859063	S2-763108962	S2
S1-13859063	S2-585835879	S2
S1-13859063	S2-921287883	S2
S1-13859063	S2-523031614	S2
S1-13859063	S2-742941063	S2
S1-13859063	S2-741639927	S2
S1-13859063	S2-730588551	S2
S1-13859063	S2-696885509	S2
S1-13859063	S2-460515872	S2
S1-13859063	S2-161476122	S2
S1-13859063	S2-468242606	S2
S1-13859063	S2-131125837	S2
S1-13859063	S2-166629328	S2
S1-13859063	S2-650621734	S2
S1-152217425	S2-889578554	S2
S1-152217425	S2-796679719	S2
S1-152217425	S2-907716013	S2
S1-152217425	S2-262031736	S2
S1-152217425	S2-997019475	S2
S1-152217425	S2-17933853	S2
S1-152217425	S2-142142252	S2
S1-152217425	S2-905223021	S2
S1-152217425	S2-929782824	S2
S1-152217425	S2-613102013	S2
S1-152217425	S2-908151511	S2
S1-152217425	S2-313502741	S2
S1-152217425	S2-67863065	S2
S1-152217425	S2-306085496	S2
S1-152217425	S2-420960738	S2
S1-113241674	S2-940106616	S2
S1-113241674	S2-36732240	S2
S1-113241674	S2-158641226	S2
S1-113241674	S2-362717442	S2
S1-113241674	S2-682660453	S2
S1-113241674	S2-525338352	S2
S1-113241674	S2-394915298	S2
S1-113241674	S2-907716013	S2
S1-113241674	S2-837663921	S2
S1-113241674	S2-684055122	S2
S1-113241674	S2-701477103	S2
S1-113241674	S2-705462394	S2
S1-113241674	S2-836906889	S2
S1-113241674	S2-862378225	S2
S1-113241674	S2-601607305	S2
S1-711682948	S2-826516454	S2
S1-711682948	S2-222540081	S2
S1-711682948	S2-936893839	S2
S1-711682948	S2-154655572	S2
S1-711682948	S2-712777388	S2
S1-711682948	S2-17360295	S2
S1-711682948	S2-274109622	S2
S1-711682948	S2-709626608	S2
S1-711682948	S2-534318812	S2
S1-711682948	S2-810915319	S2
S1-711682948	S2-673822670	S2
S1-711682948	S2-815424973	S2
S1-711682948	S2-513743270	S2
S1-711682948	S2-834353592	S2
S1-711682948	S2-609292694	S2
S1-284209086	S2-515581965	S2
S1-284209086	S2-314926539	S2
S1-284209086	S2-660467546	S2
S1-284209086	S2-921594231	S2
S1-284209086	S2-293675262	S2
S1-284209086	S2-370549501	S2
S1-284209086	S2-785139940	S2
S1-284209086	S2-669804692	S2
S1-284209086	S2-17933853	S2
S1-284209086	S2-672321572	S2
S1-284209086	S2-874488020	S2
S1-284209086	S2-494828371	S2
S1-284209086	S2-196587307	S2
S1-284209086	S2-833201275	S2
S1-284209086	S2-427374357	S2
S1-537478269	S2-738509117	S2
S1-537478269	S2-942849471	S2
S1-537478269	S2-232484718	S2
S1-537478269	S2-295799812	S2
S1-537478269	S2-293011085	S2
S1-537478269	S2-824972458	S2
S1-537478269	S2-175865714	S2
S1-537478269	S2-330251499	S2
S1-537478269	S2-741639927	S2
S1-537478269	S2-62736893	S2
S1-537478269	S2-884331770	S2
S1-537478269	S2-608615424	S2
S1-537478269	S2-683312986	S2
S1-537478269	S2-808715382	S2
S1-537478269	S2-944772275	S2
S1-208550511	S2-569534268	S2
S1-208550511	S2-224495015	S2
S1-208550511	S2-780123305	S2
S1-208550511	S2-348789755	S2
S1-208550511	S2-842456481	S2
S1-208550511	S2-388148756	S2
S1-208550511	S2-298712121	S2
S1-208550511	S2-966475004	S2
S1-208550511	S2-613204180	S2
S1-208550511	S2-662425862	S2
S1-208550511	S2-536514418	S2
S1-208550511	S2-387930936	S2
S1-208550511	S2-390167188	S2
S1-208550511	S2-858691756	S2
S1-208550511	S2-696617658	S2
S1-632136965	S2-938623294	S2
S1-632136965	S2-484063105	S2
S1-632136965	S2-811863966	S2
S1-632136965	S2-471521279	S2
S1-632136965	S2-723550919	S2
S1-632136965	S2-862278331	S2
S1-632136965	S2-194307610	S2
S1-632136965	S2-520524718	S2
S1-632136965	S2-93135134	S2
S1-632136965	S2-421540927	S2
S1-632136965	S2-472204730	S2
S1-632136965	S2-159338989	S2
S1-632136965	S2-932626440	S2
S1-632136965	S2-284542259	S2
S1-632136965	S2-131264573	S2
S1-133868991	S2-305873353	S2
S1-133868991	S2-137335733	S2
S1-133868991	S2-642367103	S2
S1-133868991	S2-840538759	S2
S1-133868991	S2-748325649	S2
S1-133868991	S2-205132293	S2
S1-133868991	S2-882915480	S2
S1-133868991	S2-592650888	S2
S1-133868991	S2-86720793	S2
S1-133868991	S2-981550471	S2
S1-133868991	S2-192695882	S2
S1-133868991	S2-810843780	S2
S1-133868991	S2-116895353	S2
S1-133868991	S2-492444908	S2
S1-133868991	S2-814955870	S2
S1-684878299	S2-381676404	S2
S1-684878299	S2-113550967	S2
S1-684878299	S2-75129136	S2
S1-684878299	S2-393523489	S2
S1-684878299	S2-868087865	S2
S1-684878299	S2-675355826	S2
S1-684878299	S2-844267085	S2
S1-684878299	S2-449617627	S2
S1-684878299	S2-167426364	S2
S1-684878299	S2-88437832	S2
S1-684878299	S2-485419143	S2
S1-684878299	S2-651190084	S2
S1-684878299	S2-176139646	S2
S1-684878299	S2-895116270	S2
S1-684878299	S2-472320169	S2
S1-281356776	S2-174059963	S2
S1-281356776	S2-585835879	S2
S1-281356776	S2-564839940	S2
S1-281356776	S2-921287883	S2
S1-281356776	S2-523031614	S2
S1-281356776	S2-742941063	S2
S1-281356776	S2-696885509	S2
S1-281356776	S2-730588551	S2
S1-281356776	S2-460515872	S2
S1-281356776	S2-741639927	S2
S1-281356776	S2-161476122	S2
S1-281356776	S2-468242606	S2
S1-281356776	S2-131125837	S2
S1-281356776	S2-166629328	S2
S1-281356776	S2-650621734	S2
S1-40830766	S2-734632823	S2
S1-40830766	S2-726732611	S2
S1-40830766	S2-92216230	S2
S1-40830766	S2-860534246	S2
S1-40830766	S2-358578952	S2
S1-40830766	S2-195373941	S2
S1-40830766	S2-597243519	S2
S1-40830766	S2-183050312	S2
S1-40830766	S2-235976983	S2
S1-40830766	S2-861758392	S2
S1-40830766	S2-683872853	S2
S1-40830766	S2-537803499	S2
S1-40830766	S2-459758045	S2
S1-40830766	S2-319667672	S2
S1-40830766	S2-252321761	S2
S1-89093509	S2-294305745	S2
S1-89093509	S2-888030033	S2
S1-89093509	S2-800014563	S2
S1-89093509	S2-690767550	S2
S1-89093509	S2-145624152	S2
S1-89093509	S2-115895061	S2
S1-89093509	S2-193026221	S2
S1-89093509	S2-286362115	S2
S1-89093509	S2-791990398	S2
S1-89093509	S2-281309190	S2
S1-89093509	S2-795261579	S2
S1-89093509	S2-30842411	S2
S1-89093509	S2-205132293	S2
S1-89093509	S2-298914373	S2
S1-89093509	S2-713109591	S2
S1-954595905	S2-872319713	S2
S1-954595905	S2-698245094	S2
S1-954595905	S2-996064384	S2
S1-954595905	S2-145379986	S2
S1-954595905	S2-635511596	S2
S1-954595905	S2-891406198	S2
S1-954595905	S2-47749434	S2
S1-954595905	S2-503157961	S2
S1-954595905	S2-384556840	S2
S1-954595905	S2-885518	S2
S1-954595905	S2-530253274	S2
S1-954595905	S2-712486191	S2
S1-954595905	S2-821982484	S2
S1-954595905	S2-381127815	S2
S1-954595905	S2-368772488	S2
S1-287666599	S2-130460888	S2
S1-287666599	S2-884331770	S2
S1-287666599	S2-877823257	S2
S1-287666599	S2-811863966	S2
S1-287666599	S2-958183207	S2
S1-287666599	S2-658688492	S2
S1-287666599	S2-150965879	S2
S1-287666599	S2-150746027	S2
S1-287666599	S2-741639927	S2
S1-287666599	S2-423030845	S2
S1-287666599	S2-878768582	S2
S1-287666599	S2-105086356	S2
S1-287666599	S2-206775978	S2
S1-287666599	S2-605633090	S2
S1-287666599	S2-854676522	S2
S1-952988982	S2-121759397	S2
S1-952988982	S2-327738915	S2
S1-952988982	S2-332541981	S2
S1-952988982	S2-132022202	S2
S1-952988982	S2-724723594	S2
S1-952988982	S2-120350789	S2
S1-952988982	S2-938395802	S2
S1-952988982	S2-558659500	S2
S1-952988982	S2-286201851	S2
S1-952988982	S2-690798862	S2
S1-952988982	S2-254422036	S2
S1-952988982	S2-734993182	S2
S1-952988982	S2-513674710	S2
S1-952988982	S2-52135149	S2
S1-952988982	S2-575166296	S2
S1-349873839	S2-441341822	S2
S1-349873839	S2-945339512	S2
S1-349873839	S2-308505251	S2
S1-349873839	S2-282629268	S2
S1-349873839	S2-22257325	S2
S1-349873839	S2-696538156	S2
S1-349873839	S2-630890287	S2
S1-349873839	S2-253412037	S2
S1-349873839	S2-538976068	S2
S1-349873839	S2-842456481	S2
S1-349873839	S2-834738396	S2
S1-349873839	S2-957978733	S2
S1-349873839	S2-335038001	S2
S1-349873839	S2-980846147	S2
S1-349873839	S2-231042988	S2
S1-279661956	S2-304283115	S2
S1-279661956	S2-731531571	S2
S1-279661956	S2-68483150	S2
S1-279661956	S2-102699008	S2
S1-279661956	S2-448515850	S2
S1-279661956	S2-791429680	S2
S1-279661956	S2-696744966	S2
S1-279661956	S2-209093728	S2
S1-279661956	S2-514714174	S2
S1-279661956	S2-591277113	S2
S1-279661956	S2-2670847	S2
S1-279661956	S2-778812617	S2
S1-279661956	S2-578590880	S2
S1-279661956	S2-880764652	S2
S1-279661956	S2-130460888	S2
S1-353948236	S2-867197250	S2
S1-353948236	S2-657092756	S2
S1-353948236	S2-294062437	S2
S1-353948236	S2-466147229	S2
S1-353948236	S2-133609214	S2
S1-353948236	S2-99445931	S2
S1-353948236	S2-885486981	S2
S1-353948236	S2-248578795	S2
S1-353948236	S2-701906667	S2
S1-353948236	S2-960372483	S2
S1-353948236	S2-806523322	S2
S1-353948236	S2-667274253	S2
S1-353948236	S2-879330978	S2
S1-353948236	S2-397600396	S2
S1-353948236	S2-452973108	S2
S1-126927804	S2-576580892	S2
S1-126927804	S2-648420391	S2
S1-126927804	S2-191045664	S2
S1-126927804	S2-137335733	S2
S1-126927804	S2-414238106	S2
S1-126927804	S2-711267664	S2
S1-126927804	S2-706697011	S2
S1-126927804	S2-423099834	S2
S1-126927804	S2-403364722	S2
S1-126927804	S2-230184729	S2
S1-126927804	S2-814052487	S2
S1-126927804	S2-797821871	S2
S1-126927804	S2-897475107	S2
S1-126927804	S2-885381494	S2
S1-126927804	S2-672381387	S2
S1-627443733	S2-8982199	S2
S1-627443733	S2-921202375	S2
S1-627443733	S2-788754887	S2
S1-627443733	S2-536231721	S2
S1-627443733	S2-210903973	S2
S1-627443733	S2-381426717	S2
S1-627443733	S2-874162453	S2
S1-627443733	S2-335124172	S2
S1-627443733	S2-432279643	S2
S1-627443733	S2-713572779	S2
S1-627443733	S2-800014563	S2
S1-627443733	S2-848946610	S2
S1-627443733	S2-614640857	S2
S1-627443733	S2-135305339	S2
S1-627443733	S2-343655850	S2
S1-280818643	S2-626058699	S2
S1-280818643	S2-512060211	S2
S1-280818643	S2-294114423	S2
S1-280818643	S2-556830291	S2
S1-280818643	S2-590158229	S2
S1-280818643	S2-633921347	S2
S1-280818643	S2-793779186	S2
S1-280818643	S2-746717750	S2
S1-280818643	S2-998406285	S2
S1-280818643	S2-701906667	S2
S1-280818643	S2-827093547	S2
S1-280818643	S2-455325987	S2
S1-280818643	S2-752363850	S2
S1-280818643	S2-72591393	S2
S1-280818643	S2-575813071	S2
S1-974716750	S2-358237238	S2
S1-974716750	S2-640987463	S2
S1-974716750	S2-361966224	S2
S1-974716750	S2-665573717	S2
S1-974716750	S2-570512018	S2
S1-974716750	S2-625899005	S2
S1-974716750	S2-264940990	S2
S1-974716750	S2-282629268	S2
S1-974716750	S2-777625208	S2
S1-974716750	S2-696538156	S2
S1-974716750	S2-497944131	S2
S1-974716750	S2-184190407	S2
S1-974716750	S2-185654339	S2
S1-974716750	S2-158757260	S2
S1-974716750	S2-646274481	S2
S1-85500745	S2-988824861	S2
S1-85500745	S2-410671671	S2
S1-85500745	S2-316755660	S2
S1-85500745	S2-318023531	S2
S1-85500745	S2-82856803	S2
S1-85500745	S2-590386743	S2
S1-85500745	S2-764430935	S2
S1-85500745	S2-256286125	S2
S1-85500745	S2-481240106	S2
S1-85500745	S2-926524693	S2
S1-85500745	S2-257098293	S2
S1-85500745	S2-717546	S2
S1-85500745	S2-264731923	S2
S1-85500745	S2-230946285	S2
S1-85500745	S2-779405377	S2
S1-452308590	S2-372202978	S2
S1-452308590	S2-2670847	S2
S1-452308590	S2-251270580	S2
S1-452308590	S2-407917981	S2
S1-452308590	S2-582932642	S2
S1-452308590	S2-613431408	S2
S1-452308590	S2-193995593	S2
S1-452308590	S2-868087865	S2
S1-452308590	S2-749932508	S2
S1-452308590	S2-792661362	S2
S1-452308590	S2-229183845	S2
S1-452308590	S2-459018782	S2
S1-452308590	S2-821383594	S2
S1-452308590	S2-630688873	S2
S1-452308590	S2-622481215	S2
S1-330281696	S2-200200363	S2
S1-330281696	S2-449660364	S2
S1-330281696	S2-859393404	S2
S1-330281696	S2-487803690	S2
S1-330281696	S2-945813340	S2
S1-330281696	S2-12970251	S2
S1-330281696	S2-187593824	S2
S1-330281696	S2-506682722	S2
S1-330281696	S2-695240341	S2
S1-330281696	S2-137335733	S2
S1-330281696	S2-742941063	S2
S1-330281696	S2-529318908	S2
S1-330281696	S2-256451765	S2
S1-330281696	S2-831625227	S2
S1-330281696	S2-391886434	S2
S1-75862106	S2-979119575	S2
S1-75862106	S2-582679076	S2
S1-75862106	S2-174396062	S2
S1-75862106	S2-534415637	S2
S1-75862106	S2-432522197	S2
S1-75862106	S2-277557813	S2
S1-75862106	S2-758681750	S2
S1-75862106	S2-518692071	S2
S1-75862106	S2-252469399	S2
S1-75862106	S2-156054800	S2
S1-75862106	S2-206863564	S2
S1-75862106	S2-146892719	S2
S1-75862106	S2-632851303	S2
S1-75862106	S2-175865714	S2
S1-75862106	S2-849580158	S2
S1-763496609	S2-569860965	S2
S1-763496609	S2-241291924	S2
S1-763496609	S2-570006860	S2
S1-763496609	S2-293065883	S2
S1-763496609	S2-259053443	S2
S1-763496609	S2-243813488	S2
S1-763496609	S2-375938862	S2
S1-763496609	S2-385922466	S2
S1-763496609	S2-747478411	S2
S1-763496609	S2-665940290	S2
S1-763496609	S2-199635728	S2
S1-763496609	S2-748163379	S2
S1-763496609	S2-43498869	S2
S1-763496609	S2-967508286	S2
S1-763496609	S2-91908767	S2
S1-631165181	S2-419789553	S2
S1-631165181	S2-195768351	S2
S1-631165181	S2-474056246	S2
S1-631165181	S2-870854431	S2
S1-631165181	S2-572367141	S2
S1-631165181	S2-161990650	S2
S1-631165181	S2-425201806	S2
S1-631165181	S2-820761727	S2
S1-631165181	S2-212582677	S2
S1-631165181	S2-178971361	S2
S1-631165181	S2-913240757	S2
S1-631165181	S2-537803499	S2
S1-631165181	S2-114121811	S2
S1-631165181	S2-782160235	S2
S1-631165181	S2-591448531	S2
S1-737977090	S2-846047154	S2
S1-737977090	S2-195768351	S2
S1-737977090	S2-438972703	S2
S1-737977090	S2-420385975	S2
S1-737977090	S2-690909438	S2
S1-737977090	S2-138046867	S2
S1-737977090	S2-786687739	S2
S1-737977090	S2-964623878	S2
S1-737977090	S2-298598465	S2
S1-737977090	S2-891950002	S2
S1-737977090	S2-184993338	S2
S1-737977090	S2-964891724	S2
S1-737977090	S2-85642806	S2
S1-737977090	S2-203311042	S2
S1-737977090	S2-705462394	S2
S1-987994833	S2-77419070	S2
S1-987994833	S2-873177396	S2
S1-987994833	S2-99468652	S2
S1-987994833	S2-192695882	S2
S1-987994833	S2-477648435	S2
S1-987994833	S2-878639783	S2
S1-987994833	S2-620110385	S2
S1-987994833	S2-874162453	S2
S1-987994833	S2-713572779	S2
S1-987994833	S2-432279643	S2
S1-987994833	S2-335124172	S2
S1-987994833	S2-848946610	S2
S1-987994833	S2-135305339	S2
S1-987994833	S2-800014563	S2
S1-987994833	S2-59544689	S2
S1-512288351	S2-736787326	S2
S1-512288351	S2-164651728	S2
S1-512288351	S2-318348932	S2
S1-512288351	S2-135305339	S2
S1-512288351	S2-79488526	S2
S1-512288351	S2-409726115	S2
S1-512288351	S2-929722075	S2
S1-512288351	S2-978606166	S2
S1-512288351	S2-794352292	S2
S1-512288351	S2-777730349	S2
S1-512288351	S2-670948516	S2
S1-512288351	S2-921202375	S2
S1-512288351	S2-975023541	S2
S1-512288351	S2-8982199	S2
S1-512288351	S2-167426364	S2
S1-198026451	S2-505041950	S2
S1-198026451	S2-921274499	S2
S1-198026451	S2-265891218	S2
S1-198026451	S2-784775419	S2
S1-198026451	S2-535538356	S2
S1-198026451	S2-569860965	S2
S1-198026451	S2-706360388	S2
S1-198026451	S2-297926319	S2
S1-198026451	S2-340786070	S2
S1-198026451	S2-565543920	S2
S1-198026451	S2-164651728	S2
S1-198026451	S2-564777969	S2
S1-198026451	S2-892880098	S2
S1-198026451	S2-712153407	S2
S1-198026451	S2-79488526	S2
S1-493059116	S2-609126175	S2
S1-493059116	S2-579566857	S2
S1-493059116	S2-74052072	S2
S1-493059116	S2-311071517	S2
S1-493059116	S2-955718772	S2
S1-493059116	S2-777295554	S2
S1-493059116	S2-459107455	S2
S1-493059116	S2-803596169	S2
S1-493059116	S2-540853782	S2
S1-493059116	S2-630651352	S2
S1-493059116	S2-634015823	S2
S1-493059116	S2-762128837	S2
S1-493059116	S2-34892868	S2
S1-493059116	S2-734058456	S2
S1-493059116	S2-956579766	S2
S1-708417088	S2-164651728	S2
S1-708417088	S2-929722075	S2
S1-708417088	S2-224980295	S2
S1-708417088	S2-528205184	S2
S1-708417088	S2-294219540	S2
S1-708417088	S2-736787326	S2
S1-708417088	S2-135305339	S2
S1-708417088	S2-978606166	S2
S1-708417088	S2-670948516	S2
S1-708417088	S2-318348932	S2
S1-708417088	S2-777730349	S2
S1-708417088	S2-8982199	S2
S1-708417088	S2-794352292	S2
S1-708417088	S2-921202375	S2
S1-708417088	S2-975023541	S2
S1-548116192	S2-49942811	S2
S1-548116192	S2-307709577	S2
S1-548116192	S2-295254551	S2
S1-548116192	S2-229183845	S2
S1-548116192	S2-476525997	S2
S1-548116192	S2-431255095	S2
S1-548116192	S2-363154872	S2
S1-548116192	S2-475419520	S2
S1-548116192	S2-324771787	S2
S1-548116192	S2-570006860	S2
S1-548116192	S2-329256726	S2
S1-548116192	S2-626058699	S2
S1-548116192	S2-152030787	S2
S1-548116192	S2-150000368	S2
S1-548116192	S2-25973612	S2
S1-74901450	S2-15148623	S2
S1-74901450	S2-857545705	S2
S1-74901450	S2-18394219	S2
S1-74901450	S2-158902765	S2
S1-74901450	S2-921274499	S2
S1-74901450	S2-265891218	S2
S1-74901450	S2-975285928	S2
S1-74901450	S2-133252993	S2
S1-74901450	S2-467121958	S2
S1-74901450	S2-340786070	S2
S1-74901450	S2-794412447	S2
S1-74901450	S2-157735411	S2
S1-74901450	S2-967923960	S2
S1-74901450	S2-535538356	S2
S1-74901450	S2-297926319	S2
S1-19868030	S2-566627479	S2
S1-19868030	S2-889017900	S2
S1-19868030	S2-500008641	S2
S1-19868030	S2-888030033	S2
S1-19868030	S2-834563673	S2
S1-19868030	S2-582679076	S2
S1-19868030	S2-277557813	S2
S1-19868030	S2-432522197	S2
S1-19868030	S2-156054800	S2
S1-19868030	S2-849580158	S2
S1-19868030	S2-518692071	S2
S1-19868030	S2-174396062	S2
S1-19868030	S2-252469399	S2
S1-19868030	S2-534415637	S2
S1-19868030	S2-175865714	S2
S1-460136045	S2-794352292	S2
S1-460136045	S2-349666272	S2
S1-460136045	S2-921202375	S2
S1-460136045	S2-8982199	S2
S1-460136045	S2-368478519	S2
S1-460136045	S2-575271306	S2
S1-460136045	S2-892880098	S2
S1-460136045	S2-145624152	S2
S1-460136045	S2-22700931	S2
S1-460136045	S2-882459657	S2
S1-460136045	S2-698245094	S2
S1-460136045	S2-939074826	S2
S1-460136045	S2-339142042	S2
S1-460136045	S2-640420911	S2
S1-460136045	S2-690767550	S2
S1-332388880	S2-373143276	S2
S1-332388880	S2-968735721	S2
S1-332388880	S2-103194364	S2
S1-332388880	S2-74926793	S2
S1-332388880	S2-574349442	S2
S1-332388880	S2-438085957	S2
S1-332388880	S2-70698601	S2
S1-332388880	S2-960276783	S2
S1-332388880	S2-330251499	S2
S1-332388880	S2-229183845	S2
S1-332388880	S2-143852128	S2
S1-332388880	S2-469964803	S2
S1-332388880	S2-339853392	S2
S1-332388880	S2-867614780	S2
S1-332388880	S2-526876910	S2
S1-792880767	S2-632851303	S2
S1-792880767	S2-57375033	S2
S1-792880767	S2-47799063	S2
S1-792880767	S2-710175093	S2
S1-792880767	S2-996428837	S2
S1-792880767	S2-848687795	S2
S1-792880767	S2-937987341	S2
S1-792880767	S2-566356754	S2
S1-792880767	S2-358052714	S2
S1-792880767	S2-962270896	S2
S1-792880767	S2-328900052	S2
S1-792880767	S2-344591721	S2
S1-792880767	S2-561796765	S2
S1-792880767	S2-698001157	S2
S1-792880767	S2-359710026	S2
S1-457615425	S2-592359559	S2
S1-457615425	S2-764713035	S2
S1-457615425	S2-703267220	S2
S1-457615425	S2-675296997	S2
S1-457615425	S2-918655668	S2
S1-457615425	S2-925511054	S2
S1-457615425	S2-718979866	S2
S1-457615425	S2-822346901	S2
S1-457615425	S2-254788701	S2
S1-457615425	S2-461563520	S2
S1-457615425	S2-630651352	S2
S1-457615425	S2-438753836	S2
S1-457615425	S2-418380949	S2
S1-457615425	S2-263273654	S2
S1-457615425	S2-228779604	S2
S1-396759763	S2-888667254	S2
S1-396759763	S2-686366565	S2
S1-396759763	S2-769808418	S2
S1-396759763	S2-61994815	S2
S1-396759763	S2-416107889	S2
S1-396759763	S2-20047958	S2
S1-396759763	S2-383110508	S2
S1-396759763	S2-616836723	S2
S1-396759763	S2-903479853	S2
S1-396759763	S2-200440168	S2
S1-396759763	S2-910842372	S2
S1-396759763	S2-932434431	S2
S1-396759763	S2-259305279	S2
S1-396759763	S2-56744275	S2
S1-396759763	S2-446585847	S2
S1-944430830	S2-749852939	S2
S1-944430830	S2-991981696	S2
S1-944430830	S2-225823147	S2
S1-944430830	S2-929722075	S2
S1-944430830	S2-177918546	S2
S1-944430830	S2-699404448	S2
S1-944430830	S2-326621295	S2
S1-944430830	S2-815576787	S2
S1-944430830	S2-556747559	S2
S1-944430830	S2-528320338	S2
S1-944430830	S2-119087459	S2
S1-944430830	S2-237499913	S2
S1-944430830	S2-231688856	S2
S1-944430830	S2-619844913	S2
S1-944430830	S2-344621502	S2
S1-90032658	S2-292607667	S2
S1-90032658	S2-332036682	S2
S1-90032658	S2-726621584	S2
S1-90032658	S2-645138790	S2
S1-90032658	S2-50586341	S2
S1-90032658	S2-411547279	S2
S1-90032658	S2-95883726	S2
S1-90032658	S2-602297798	S2
S1-90032658	S2-281309190	S2
S1-90032658	S2-644264374	S2
S1-90032658	S2-861414287	S2
S1-90032658	S2-678788003	S2
S1-90032658	S2-915769300	S2
S1-90032658	S2-293675262	S2
S1-90032658	S2-67505679	S2
S1-483140947	S2-524004407	S2
S1-483140947	S2-760648353	S2
S1-483140947	S2-714077903	S2
S1-483140947	S2-835256551	S2
S1-483140947	S2-270518407	S2
S1-483140947	S2-1986290	S2
S1-483140947	S2-170119635	S2
S1-483140947	S2-780872035	S2
S1-483140947	S2-972466865	S2
S1-483140947	S2-222899205	S2
S1-483140947	S2-349365849	S2
S1-483140947	S2-623164214	S2
S1-483140947	S2-591277113	S2
S1-483140947	S2-700717757	S2
S1-483140947	S2-838526909	S2
S1-566183725	S2-837096453	S2
S1-566183725	S2-930968972	S2
S1-566183725	S2-546744883	S2
S1-566183725	S2-497486406	S2
S1-566183725	S2-221108126	S2
S1-566183725	S2-609888752	S2
S1-566183725	S2-118275942	S2
S1-566183725	S2-426660752	S2
S1-566183725	S2-305071473	S2
S1-566183725	S2-626546137	S2
S1-566183725	S2-925486917	S2
S1-566183725	S2-912228916	S2
S1-566183725	S2-60332086	S2
S1-566183725	S2-378780545	S2
S1-566183725	S2-637500424	S2
S1-756304715	S2-682660453	S2
S1-756304715	S2-794352292	S2
S1-756304715	S2-268504009	S2
S1-756304715	S2-661443009	S2
S1-756304715	S2-910067788	S2
S1-756304715	S2-324596369	S2
S1-756304715	S2-52135149	S2
S1-756304715	S2-434463442	S2
S1-756304715	S2-416243900	S2
S1-756304715	S2-416300306	S2
S1-756304715	S2-374447205	S2
S1-756304715	S2-520441214	S2
S1-756304715	S2-696617658	S2
S1-756304715	S2-582629579	S2
S1-756304715	S2-344874828	S2
S1-306095185	S2-200200363	S2
S1-306095185	S2-391886434	S2
S1-306095185	S2-945813340	S2
S1-306095185	S2-859393404	S2
S1-306095185	S2-256451765	S2
S1-306095185	S2-506682722	S2
S1-306095185	S2-12970251	S2
S1-306095185	S2-695240341	S2
S1-306095185	S2-370665662	S2
S1-306095185	S2-820645328	S2
S1-306095185	S2-680198089	S2
S1-306095185	S2-34449822	S2
S1-306095185	S2-449660364	S2
S1-306095185	S2-895797947	S2
S1-306095185	S2-104641729	S2
S1-387418200	S2-143232725	S2
S1-387418200	S2-192774038	S2
S1-387418200	S2-559968500	S2
S1-387418200	S2-459018782	S2
S1-387418200	S2-237499913	S2
S1-387418200	S2-741576886	S2
S1-387418200	S2-716687956	S2
S1-387418200	S2-92758088	S2
S1-387418200	S2-829124015	S2
S1-387418200	S2-803596169	S2
S1-387418200	S2-12434856	S2
S1-387418200	S2-983931290	S2
S1-387418200	S2-977127221	S2
S1-387418200	S2-880662813	S2
S1-387418200	S2-815037725	S2
S1-500998121	S2-822123183	S2
S1-500998121	S2-806329868	S2
S1-500998121	S2-625831173	S2
S1-500998121	S2-891746522	S2
S1-500998121	S2-474914898	S2
S1-500998121	S2-785890760	S2
S1-500998121	S2-813396578	S2
S1-500998121	S2-684046440	S2
S1-500998121	S2-590158229	S2
S1-500998121	S2-302828791	S2
S1-500998121	S2-849074551	S2
S1-500998121	S2-950705478	S2
S1-500998121	S2-41847464	S2
S1-500998121	S2-784613702	S2
S1-500998121	S2-526057016	S2
S1-362880192	S2-40746806	S2
S1-362880192	S2-53012167	S2
S1-362880192	S2-441765868	S2
S1-362880192	S2-605936287	S2
S1-362880192	S2-284919985	S2
S1-362880192	S2-472675182	S2
S1-362880192	S2-265951472	S2
S1-362880192	S2-302833544	S2
S1-362880192	S2-619844913	S2
S1-362880192	S2-125254201	S2
S1-362880192	S2-793689201	S2
S1-362880192	S2-977796762	S2
S1-362880192	S2-729058852	S2
S1-362880192	S2-444467356	S2
S1-362880192	S2-559968500	S2
S1-932539298	S2-278254185	S2
S1-932539298	S2-537997029	S2
S1-932539298	S2-363634967	S2
S1-932539298	S2-307414093	S2
S1-932539298	S2-832052225	S2
S1-932539298	S2-670948516	S2
S1-932539298	S2-276431458	S2
S1-932539298	S2-123315323	S2
S1-932539298	S2-825374035	S2
S1-932539298	S2-848582954	S2
S1-932539298	S2-354091917	S2
S1-932539298	S2-417090507	S2
S1-932539298	S2-348093874	S2
S1-932539298	S2-47852966	S2
S1-932539298	S2-353872072	S2
S1-98168281	S2-383822500	S2
S1-98168281	S2-647664606	S2
S1-98168281	S2-617467150	S2
S1-98168281	S2-63801241	S2
S1-98168281	S2-33267509	S2
S1-98168281	S2-761559953	S2
S1-98168281	S2-381426717	S2
S1-98168281	S2-311868409	S2
S1-98168281	S2-835256551	S2
S1-98168281	S2-845062226	S2
S1-98168281	S2-831117180	S2
S1-98168281	S2-614640857	S2
S1-98168281	S2-879019234	S2
S1-98168281	S2-706168001	S2
S1-98168281	S2-343655850	S2
S1-839067903	S2-739955278	S2
S1-839067903	S2-940596292	S2
S1-839067903	S2-304562241	S2
S1-839067903	S2-984417999	S2
S1-839067903	S2-532353401	S2
S1-839067903	S2-748545907	S2
S1-839067903	S2-204591452	S2
S1-839067903	S2-621239482	S2
S1-839067903	S2-266713379	S2
S1-839067903	S2-319012131	S2
S1-839067903	S2-384330461	S2
S1-839067903	S2-564915463	S2
S1-839067903	S2-265287731	S2
S1-839067903	S2-110084330	S2
S1-839067903	S2-808487588	S2
S1-572490154	S2-889497510	S2
S1-572490154	S2-406091061	S2
S1-572490154	S2-203282369	S2
S1-572490154	S2-944030245	S2
S1-572490154	S2-566627479	S2
S1-572490154	S2-781969377	S2
S1-572490154	S2-454761179	S2
S1-572490154	S2-834563673	S2
S1-572490154	S2-141023155	S2
S1-572490154	S2-444467356	S2
S1-572490154	S2-306238454	S2
S1-572490154	S2-889017900	S2
S1-572490154	S2-888030033	S2
S1-572490154	S2-500008641	S2
S1-572490154	S2-877085471	S2
S1-545582895	S2-822798491	S2
S1-545582895	S2-630688873	S2
S1-545582895	S2-862482272	S2
S1-545582895	S2-783345185	S2
S1-545582895	S2-880764652	S2
S1-545582895	S2-198938800	S2
S1-545582895	S2-814881099	S2
S1-545582895	S2-508602797	S2
S1-545582895	S2-312533710	S2
S1-545582895	S2-156460390	S2
S1-545582895	S2-102286733	S2
S1-545582895	S2-760621281	S2
S1-545582895	S2-184993338	S2
S1-545582895	S2-544365657	S2
S1-545582895	S2-937234624	S2
S1-444149322	S2-356220463	S2
S1-444149322	S2-339737852	S2
S1-444149322	S2-56541596	S2
S1-444149322	S2-922159873	S2
S1-444149322	S2-705088632	S2
S1-444149322	S2-123409799	S2
S1-444149322	S2-281557469	S2
S1-444149322	S2-706615728	S2
S1-444149322	S2-866295263	S2
S1-444149322	S2-823869687	S2
S1-444149322	S2-376791375	S2
S1-444149322	S2-223117200	S2
S1-444149322	S2-26324258	S2
S1-444149322	S2-842446266	S2
S1-444149322	S2-293477711	S2
S1-232999426	S2-409726115	S2
S1-232999426	S2-230946285	S2
S1-232999426	S2-745995930	S2
S1-232999426	S2-929722075	S2
S1-232999426	S2-978606166	S2
S1-232999426	S2-135305339	S2
S1-232999426	S2-777730349	S2
S1-232999426	S2-670948516	S2
S1-232999426	S2-318348932	S2
S1-232999426	S2-794352292	S2
S1-232999426	S2-8982199	S2
S1-232999426	S2-921202375	S2
S1-232999426	S2-660467546	S2
S1-232999426	S2-693296247	S2
S1-232999426	S2-975023541	S2
S1-402046621	S2-37960046	S2
S1-402046621	S2-841917974	S2
S1-402046621	S2-598991538	S2
S1-402046621	S2-334284265	S2
S1-402046621	S2-589492301	S2
S1-402046621	S2-520441214	S2
S1-402046621	S2-749642407	S2
S1-402046621	S2-58825780	S2
S1-402046621	S2-98331541	S2
S1-402046621	S2-626832027	S2
S1-402046621	S2-857681318	S2
S1-402046621	S2-862571135	S2
S1-402046621	S2-698383825	S2
S1-402046621	S2-284585076	S2
S1-402046621	S2-570512018	S2
S1-323747485	S2-150000368	S2
S1-323747485	S2-25973612	S2
S1-323747485	S2-152030787	S2
S1-323747485	S2-307709577	S2
S1-323747485	S2-329256726	S2
S1-323747485	S2-570006860	S2
S1-323747485	S2-775233420	S2
S1-323747485	S2-173632166	S2
S1-323747485	S2-324771787	S2
S1-323747485	S2-626058699	S2
S1-323747485	S2-363154872	S2
S1-323747485	S2-295254551	S2
S1-323747485	S2-601185190	S2
S1-323747485	S2-476525997	S2
S1-323747485	S2-431255095	S2
S1-780502827	S2-494876351	S2
S1-780502827	S2-19749906	S2
S1-780502827	S2-778604392	S2
S1-780502827	S2-74926793	S2
S1-780502827	S2-574349442	S2
S1-780502827	S2-70698601	S2
S1-780502827	S2-960276783	S2
S1-780502827	S2-330251499	S2
S1-780502827	S2-143852128	S2
S1-780502827	S2-867607931	S2
S1-780502827	S2-229183845	S2
S1-780502827	S2-236577190	S2
S1-780502827	S2-339853392	S2
S1-780502827	S2-867614780	S2
S1-780502827	S2-526876910	S2
S1-120433302	S2-727477424	S2
S1-120433302	S2-123315323	S2
S1-120433302	S2-93729553	S2
S1-120433302	S2-879041312	S2
S1-120433302	S2-727608986	S2
S1-120433302	S2-108630610	S2
S1-120433302	S2-607423444	S2
S1-120433302	S2-565543920	S2
S1-120433302	S2-605833213	S2
S1-120433302	S2-423030845	S2
S1-120433302	S2-447396827	S2
S1-120433302	S2-701563511	S2
S1-120433302	S2-356775340	S2
S1-120433302	S2-256518183	S2
S1-120433302	S2-767390046	S2
S1-131038804	S2-524004407	S2
S1-131038804	S2-374123528	S2
S1-131038804	S2-1986290	S2
S1-131038804	S2-838526909	S2
S1-131038804	S2-830797725	S2
S1-131038804	S2-864548311	S2
S1-131038804	S2-570843710	S2
S1-131038804	S2-185148108	S2
S1-131038804	S2-161592048	S2
S1-131038804	S2-755671955	S2
S1-131038804	S2-519912199	S2
S1-131038804	S2-623031574	S2
S1-131038804	S2-991843540	S2
S1-131038804	S2-789711070	S2
S1-131038804	S2-847374839	S2
S1-436307824	S2-459481005	S2
S1-436307824	S2-269775293	S2
S1-436307824	S2-978253391	S2
S1-436307824	S2-983379660	S2
S1-436307824	S2-710492190	S2
S1-436307824	S2-525998554	S2
S1-436307824	S2-730043743	S2
S1-436307824	S2-866650875	S2
S1-436307824	S2-26950925	S2
S1-436307824	S2-968735721	S2
S1-436307824	S2-373143276	S2
S1-436307824	S2-853275037	S2
S1-436307824	S2-520545166	S2
S1-436307824	S2-448710587	S2
S1-436307824	S2-786687739	S2
S1-314962839	S2-219374527	S2
S1-314962839	S2-902147205	S2
S1-314962839	S2-776942202	S2
S1-314962839	S2-896214011	S2
S1-314962839	S2-718979866	S2
S1-314962839	S2-8914613	S2
S1-314962839	S2-890896148	S2
S1-314962839	S2-804822084	S2
S1-314962839	S2-877745187	S2
S1-314962839	S2-474535244	S2
S1-314962839	S2-932843757	S2
S1-314962839	S2-182955632	S2
S1-314962839	S2-857681318	S2
S1-314962839	S2-152104014	S2
S1-314962839	S2-244340971	S2
S1-804663373	S2-954942261	S2
S1-804663373	S2-506145204	S2
S1-804663373	S2-535260713	S2
S1-804663373	S2-751588111	S2
S1-804663373	S2-526412482	S2
S1-804663373	S2-748044572	S2
S1-804663373	S2-448793585	S2
S1-804663373	S2-846158069	S2
S1-804663373	S2-757197434	S2
S1-804663373	S2-913216366	S2
S1-804663373	S2-377809075	S2
S1-804663373	S2-291868119	S2
S1-804663373	S2-865044868	S2
S1-804663373	S2-641217477	S2
S1-804663373	S2-18394219	S2
S1-760380153	S2-575990209	S2
S1-760380153	S2-662032378	S2
S1-760380153	S2-842456481	S2
S1-760380153	S2-513550621	S2
S1-760380153	S2-770769195	S2
S1-760380153	S2-60794651	S2
S1-760380153	S2-142962200	S2
S1-760380153	S2-772922754	S2
S1-760380153	S2-916238268	S2
S1-760380153	S2-862759276	S2
S1-760380153	S2-583111097	S2
S1-760380153	S2-877823257	S2
S1-760380153	S2-646080124	S2
S1-760380153	S2-119087459	S2
S1-760380153	S2-197625218	S2
S1-820935401	S2-104858458	S2
S1-820935401	S2-741811666	S2
S1-820935401	S2-771685137	S2
S1-820935401	S2-720983730	S2
S1-820935401	S2-726045392	S2
S1-820935401	S2-846262463	S2
S1-820935401	S2-873177396	S2
S1-820935401	S2-265891218	S2
S1-820935401	S2-402548315	S2
S1-820935401	S2-242582700	S2
S1-820935401	S2-335124172	S2
S1-820935401	S2-414624479	S2
S1-820935401	S2-788754887	S2
S1-820935401	S2-415834554	S2
S1-820935401	S2-904488870	S2
S1-562989120	S2-699404448	S2
S1-562989120	S2-882459657	S2
S1-562989120	S2-164651728	S2
S1-562989120	S2-318348932	S2
S1-562989120	S2-135305339	S2
S1-562989120	S2-736787326	S2
S1-562989120	S2-978606166	S2
S1-562989120	S2-409726115	S2
S1-562989120	S2-929722075	S2
S1-562989120	S2-670948516	S2
S1-562989120	S2-975023541	S2
S1-562989120	S2-777730349	S2
S1-562989120	S2-794352292	S2
S1-562989120	S2-8982199	S2
S1-562989120	S2-921202375	S2
S1-125331877	S2-326946504	S2
S1-125331877	S2-630688873	S2
S1-125331877	S2-335038001	S2
S1-125331877	S2-590714216	S2
S1-125331877	S2-210601194	S2
S1-125331877	S2-784569977	S2
S1-125331877	S2-138051778	S2
S1-125331877	S2-109905092	S2
S1-125331877	S2-884083511	S2
S1-125331877	S2-322536831	S2
S1-125331877	S2-190642185	S2
S1-125331877	S2-311029819	S2
S1-125331877	S2-797821871	S2
S1-125331877	S2-742941063	S2
S1-125331877	S2-532776476	S2
S1-276322405	S2-139831055	S2
S1-276322405	S2-611936552	S2
S1-276322405	S2-847685918	S2
S1-276322405	S2-735647694	S2
S1-276322405	S2-779723055	S2
S1-276322405	S2-76561277	S2
S1-276322405	S2-165228168	S2
S1-276322405	S2-423447509	S2
S1-276322405	S2-293477711	S2
S1-276322405	S2-279679940	S2
S1-276322405	S2-392482719	S2
S1-276322405	S2-192774038	S2
S1-276322405	S2-842446266	S2
S1-276322405	S2-74154365	S2
S1-276322405	S2-105423216	S2
S1-71714945	S2-417725545	S2
S1-71714945	S2-846600326	S2
S1-71714945	S2-145379986	S2
S1-71714945	S2-635511596	S2
S1-71714945	S2-202394836	S2
S1-71714945	S2-996064384	S2
S1-71714945	S2-308041768	S2
S1-71714945	S2-905737147	S2
S1-71714945	S2-891406198	S2
S1-71714945	S2-253412037	S2
S1-71714945	S2-503157961	S2
S1-71714945	S2-47749434	S2
S1-71714945	S2-245909245	S2
S1-71714945	S2-712486191	S2
S1-71714945	S2-821982484	S2
S1-636549603	S2-857681318	S2
S1-636549603	S2-3326062	S2
S1-636549603	S2-284585076	S2
S1-636549603	S2-894693263	S2
S1-636549603	S2-862571135	S2
S1-636549603	S2-145204119	S2
S1-636549603	S2-573094730	S2
S1-636549603	S2-698383825	S2
S1-636549603	S2-441341822	S2
S1-636549603	S2-570512018	S2
S1-636549603	S2-613033114	S2
S1-636549603	S2-699391872	S2
S1-636549603	S2-17860697	S2
S1-636549603	S2-362555190	S2
S1-636549603	S2-225100350	S2
S1-147465602	S2-302833544	S2
S1-147465602	S2-525859393	S2
S1-147465602	S2-344354613	S2
S1-147465602	S2-619844913	S2
S1-147465602	S2-903626837	S2
S1-147465602	S2-977796762	S2
S1-147465602	S2-190103142	S2
S1-147465602	S2-793689201	S2
S1-147465602	S2-921202375	S2
S1-147465602	S2-907018183	S2
S1-147465602	S2-946002985	S2
S1-147465602	S2-199635728	S2
S1-147465602	S2-136305349	S2
S1-147465602	S2-164651728	S2
S1-147465602	S2-324372014	S2
S1-724291976	S2-144437050	S2
S1-724291976	S2-682964593	S2
S1-724291976	S2-507704636	S2
S1-724291976	S2-468234939	S2
S1-724291976	S2-314356998	S2
S1-724291976	S2-750473552	S2
S1-724291976	S2-585973304	S2
S1-724291976	S2-386366146	S2
S1-724291976	S2-222636194	S2
S1-724291976	S2-15919698	S2
S1-724291976	S2-913240757	S2
S1-724291976	S2-970203166	S2
S1-724291976	S2-985114164	S2
S1-724291976	S2-923748120	S2
S1-724291976	S2-857545705	S2
S1-906281937	S2-294531411	S2
S1-906281937	S2-9614101	S2
S1-906281937	S2-186614082	S2
S1-906281937	S2-597331429	S2
S1-906281937	S2-409726115	S2
S1-906281937	S2-591448531	S2
S1-906281937	S2-202159021	S2
S1-906281937	S2-219432880	S2
S1-906281937	S2-623705967	S2
S1-906281937	S2-51424319	S2
S1-906281937	S2-516871248	S2
S1-906281937	S2-560818510	S2
S1-906281937	S2-510383940	S2
S1-906281937	S2-25787219	S2
S1-906281937	S2-802873219	S2
S1-97581850	S2-150284085	S2
S1-97581850	S2-847335213	S2
S1-97581850	S2-663852317	S2
S1-97581850	S2-935425652	S2
S1-97581850	S2-662770103	S2
S1-97581850	S2-678788003	S2
S1-97581850	S2-68511408	S2
S1-97581850	S2-487803690	S2
S1-97581850	S2-214835079	S2
S1-97581850	S2-265951472	S2
S1-97581850	S2-498046006	S2
S1-97581850	S2-199635728	S2
S1-97581850	S2-861758392	S2
S1-97581850	S2-94341972	S2
S1-97581850	S2-890423795	S2
S1-15005997	S2-948826263	S2
S1-15005997	S2-779723055	S2
S1-15005997	S2-532776476	S2
S1-15005997	S2-479278257	S2
S1-15005997	S2-472694676	S2
S1-15005997	S2-813595060	S2
S1-15005997	S2-874995586	S2
S1-15005997	S2-193955920	S2
S1-15005997	S2-539626107	S2
S1-15005997	S2-700966121	S2
S1-15005997	S2-103464119	S2
S1-15005997	S2-411562965	S2
S1-15005997	S2-628378031	S2
S1-15005997	S2-171673064	S2
S1-15005997	S2-674565629	S2
S1-866369736	S2-605936287	S2
S1-866369736	S2-117064852	S2
S1-866369736	S2-557882604	S2
S1-866369736	S2-863198881	S2
S1-866369736	S2-282390486	S2
S1-866369736	S2-423368397	S2
S1-866369736	S2-960553036	S2
S1-866369736	S2-630825823	S2
S1-866369736	S2-102286733	S2
S1-866369736	S2-175456325	S2
S1-866369736	S2-986923268	S2
S1-866369736	S2-492826161	S2
S1-866369736	S2-622064104	S2
S1-866369736	S2-9622708	S2
S1-866369736	S2-177471665	S2
S1-989125871	S2-841152676	S2
S1-989125871	S2-564502430	S2
S1-989125871	S2-220948169	S2
S1-989125871	S2-959693129	S2
S1-989125871	S2-820079347	S2
S1-989125871	S2-760535604	S2
S1-989125871	S2-777295554	S2
S1-989125871	S2-701906667	S2
S1-989125871	S2-964142099	S2
S1-989125871	S2-796933103	S2
S1-989125871	S2-873164808	S2
S1-989125871	S2-284919985	S2
S1-989125871	S2-184309677	S2
S1-989125871	S2-282629268	S2
S1-989125871	S2-696538156	S2
S1-447452795	S2-88437832	S2
S1-447452795	S2-583111097	S2
S1-447452795	S2-129228958	S2
S1-447452795	S2-877823257	S2
S1-447452795	S2-862759276	S2
S1-447452795	S2-873164808	S2
S1-447452795	S2-119087459	S2
S1-447452795	S2-789711070	S2
S1-447452795	S2-197625218	S2
S1-447452795	S2-646080124	S2
S1-447452795	S2-530253274	S2
S1-447452795	S2-843071321	S2
S1-447452795	S2-105086356	S2
S1-447452795	S2-727779637	S2
S1-447452795	S2-147367965	S2
S1-698954473	S2-895071828	S2
S1-698954473	S2-77419070	S2
S1-698954473	S2-101325335	S2
S1-698954473	S2-99468652	S2
S1-698954473	S2-771685137	S2
S1-698954473	S2-242582700	S2
S1-698954473	S2-265891218	S2
S1-698954473	S2-846262463	S2
S1-698954473	S2-873177396	S2
S1-698954473	S2-656888247	S2
S1-698954473	S2-726045392	S2
S1-698954473	S2-788754887	S2
S1-698954473	S2-402548315	S2
S1-698954473	S2-335124172	S2
S1-698954473	S2-766251634	S2
S1-701741704	S2-438972703	S2
S1-701741704	S2-493765804	S2
S1-701741704	S2-195972156	S2
S1-701741704	S2-824685628	S2
S1-701741704	S2-204591452	S2
S1-701741704	S2-569931245	S2
S1-701741704	S2-830783927	S2
S1-701741704	S2-710971383	S2
S1-701741704	S2-921362349	S2
S1-701741704	S2-133664209	S2
S1-701741704	S2-101325335	S2
S1-701741704	S2-256172355	S2
S1-701741704	S2-968735721	S2
S1-701741704	S2-692060905	S2
S1-701741704	S2-752508714	S2
S1-314045617	S2-832052225	S2
S1-314045617	S2-319012131	S2
S1-314045617	S2-307414093	S2
S1-314045617	S2-266713379	S2
S1-314045617	S2-564915463	S2
S1-314045617	S2-384330461	S2
S1-314045617	S2-123315323	S2
S1-314045617	S2-265287731	S2
S1-314045617	S2-848582954	S2
S1-314045617	S2-110084330	S2
S1-314045617	S2-417090507	S2
S1-314045617	S2-808487588	S2
S1-314045617	S2-354091917	S2
S1-314045617	S2-353872072	S2
S1-314045617	S2-47852966	S2
S1-832593986	S2-215134403	S2
S1-832593986	S2-246621020	S2
S1-832593986	S2-174609481	S2
S1-832593986	S2-220286148	S2
S1-832593986	S2-778812617	S2
S1-832593986	S2-138051778	S2
S1-832593986	S2-181566415	S2
S1-832593986	S2-619859806	S2
S1-832593986	S2-648420391	S2
S1-832593986	S2-303327441	S2
S1-832593986	S2-89906125	S2
S1-832593986	S2-47799063	S2
S1-832593986	S2-848687795	S2
S1-832593986	S2-517995133	S2
S1-832593986	S2-854951998	S2
S1-889584874	S2-214313720	S2
S1-889584874	S2-235039028	S2
S1-889584874	S2-654636304	S2
S1-889584874	S2-728928259	S2
S1-889584874	S2-859924222	S2
S1-889584874	S2-926723118	S2
S1-889584874	S2-529238319	S2
S1-889584874	S2-894313135	S2
S1-889584874	S2-308390109	S2
S1-889584874	S2-959518463	S2
S1-889584874	S2-527812446	S2
S1-889584874	S2-98331541	S2
S1-889584874	S2-172207378	S2
S1-889584874	S2-444139007	S2
S1-889584874	S2-713920891	S2
S1-926018314	S2-385922466	S2
S1-926018314	S2-967508286	S2
S1-926018314	S2-71161222	S2
S1-926018314	S2-152587093	S2
S1-926018314	S2-862278331	S2
S1-926018314	S2-209410163	S2
S1-926018314	S2-640663140	S2
S1-926018314	S2-447785689	S2
S1-926018314	S2-428779057	S2
S1-926018314	S2-895944720	S2
S1-926018314	S2-785378860	S2
S1-926018314	S2-430367614	S2
S1-926018314	S2-940187710	S2
S1-926018314	S2-91704178	S2
S1-926018314	S2-178951342	S2
S1-90128015	S2-235039028	S2
S1-90128015	S2-453455590	S2
S1-90128015	S2-157564986	S2
S1-90128015	S2-127778636	S2
S1-90128015	S2-619282421	S2
S1-90128015	S2-964240180	S2
S1-90128015	S2-460653265	S2
S1-90128015	S2-830783927	S2
S1-90128015	S2-926927744	S2
S1-90128015	S2-981022954	S2
S1-90128015	S2-976576895	S2
S1-90128015	S2-153334775	S2
S1-90128015	S2-622519132	S2
S1-90128015	S2-945865905	S2
S1-90128015	S2-824685628	S2
S1-748243940	S2-757169960	S2
S1-748243940	S2-645024049	S2
S1-748243940	S2-781790661	S2
S1-748243940	S2-714077903	S2
S1-748243940	S2-906609960	S2
S1-748243940	S2-776409894	S2
S1-748243940	S2-843741773	S2
S1-748243940	S2-690798862	S2
S1-748243940	S2-780354672	S2
S1-748243940	S2-729287557	S2
S1-748243940	S2-972130692	S2
S1-748243940	S2-826851492	S2
S1-748243940	S2-527812446	S2
S1-748243940	S2-654995017	S2
S1-748243940	S2-849686830	S2
S1-543291404	S2-287588845	S2
S1-543291404	S2-592507930	S2
S1-543291404	S2-810723110	S2
S1-543291404	S2-268638596	S2
S1-543291404	S2-2048071	S2
S1-543291404	S2-731682240	S2
S1-543291404	S2-661036235	S2
S1-543291404	S2-846975420	S2
S1-543291404	S2-478830670	S2
S1-543291404	S2-706238826	S2
S1-543291404	S2-391886434	S2
S1-543291404	S2-222540081	S2
S1-543291404	S2-100798928	S2
S1-543291404	S2-848878443	S2
S1-543291404	S2-187499079	S2
S1-878904744	S2-831064278	S2
S1-878904744	S2-276826990	S2
S1-878904744	S2-36652117	S2
S1-878904744	S2-138068334	S2
S1-878904744	S2-99260087	S2
S1-878904744	S2-757402261	S2
S1-878904744	S2-613251572	S2
S1-878904744	S2-658037794	S2
S1-878904744	S2-174939675	S2
S1-878904744	S2-962270896	S2
S1-878904744	S2-691463903	S2
S1-878904744	S2-339853392	S2
S1-878904744	S2-738536601	S2
S1-878904744	S2-500350498	S2
S1-878904744	S2-419789553	S2
S1-778456014	S2-912228916	S2
S1-778456014	S2-129228958	S2
S1-778456014	S2-530253274	S2
S1-778456014	S2-696686166	S2
S1-778456014	S2-212582677	S2
S1-778456014	S2-878134898	S2
S1-778456014	S2-88437832	S2
S1-778456014	S2-837096453	S2
S1-778456014	S2-873164808	S2
S1-778456014	S2-789711070	S2
S1-778456014	S2-895944134	S2
S1-778456014	S2-147367965	S2
S1-778456014	S2-105086356	S2
S1-778456014	S2-843071321	S2
S1-778456014	S2-727779637	S2
S1-887285254	S2-448548244	S2
S1-887285254	S2-315291297	S2
S1-887285254	S2-894693263	S2
S1-887285254	S2-683730928	S2
S1-887285254	S2-737745236	S2
S1-887285254	S2-62315810	S2
S1-887285254	S2-122570602	S2
S1-887285254	S2-784849034	S2
S1-887285254	S2-636826764	S2
S1-887285254	S2-100842773	S2
S1-887285254	S2-859269096	S2
S1-887285254	S2-563158163	S2
S1-887285254	S2-362105495	S2
S1-887285254	S2-371168439	S2
S1-887285254	S2-15514991	S2
S1-387008828	S2-848687795	S2
S1-387008828	S2-794352292	S2
S1-387008828	S2-359710026	S2
S1-387008828	S2-549881386	S2
S1-387008828	S2-79488526	S2
S1-387008828	S2-358052714	S2
S1-387008828	S2-937987341	S2
S1-387008828	S2-929722075	S2
S1-387008828	S2-736787326	S2
S1-387008828	S2-843741773	S2
S1-387008828	S2-665573717	S2
S1-387008828	S2-996428837	S2
S1-387008828	S2-942417082	S2
S1-387008828	S2-57375033	S2
S1-387008828	S2-710175093	S2
S1-338441694	S2-330823411	S2
S1-338441694	S2-667295957	S2
S1-338441694	S2-411476341	S2
S1-338441694	S2-891406198	S2
S1-338441694	S2-996064384	S2
S1-338441694	S2-635511596	S2
S1-338441694	S2-145507253	S2
S1-338441694	S2-47749434	S2
S1-338441694	S2-698245094	S2
S1-338441694	S2-872319713	S2
S1-338441694	S2-503157961	S2
S1-338441694	S2-846600326	S2
S1-338441694	S2-145379986	S2
S1-338441694	S2-712486191	S2
S1-338441694	S2-821982484	S2
S1-407730822	S2-3914789	S2
S1-407730822	S2-715327535	S2
S1-407730822	S2-399391347	S2
S1-407730822	S2-699970234	S2
S1-407730822	S2-75129136	S2
S1-407730822	S2-225823147	S2
S1-407730822	S2-394565864	S2
S1-407730822	S2-52846978	S2
S1-407730822	S2-772323364	S2
S1-407730822	S2-807248702	S2
S1-407730822	S2-699404448	S2
S1-407730822	S2-929722075	S2
S1-407730822	S2-816989315	S2
S1-407730822	S2-828872229	S2
S1-407730822	S2-349666272	S2
S1-584442364	S2-509362529	S2
S1-584442364	S2-820150442	S2
S1-584442364	S2-888017647	S2
S1-584442364	S2-138046867	S2
S1-584442364	S2-625556810	S2
S1-584442364	S2-841917974	S2
S1-584442364	S2-298761341	S2
S1-584442364	S2-978126813	S2
S1-584442364	S2-916871057	S2
S1-584442364	S2-496777850	S2
S1-584442364	S2-574357374	S2
S1-584442364	S2-832217974	S2
S1-584442364	S2-384951393	S2
S1-584442364	S2-316020185	S2
S1-584442364	S2-472555582	S2
S1-590082446	S2-794352292	S2
S1-590082446	S2-409726115	S2
S1-590082446	S2-195972156	S2
S1-590082446	S2-895944720	S2
S1-590082446	S2-67633039	S2
S1-590082446	S2-212279628	S2
S1-590082446	S2-147418558	S2
S1-590082446	S2-736787326	S2
S1-590082446	S2-136305349	S2
S1-590082446	S2-241868453	S2
S1-590082446	S2-199635728	S2
S1-590082446	S2-775099408	S2
S1-590082446	S2-907018183	S2
S1-590082446	S2-324372014	S2
S1-590082446	S2-164651728	S2
S1-629969170	S2-288287673	S2
S1-629969170	S2-241868453	S2
S1-629969170	S2-376791375	S2
S1-629969170	S2-281557469	S2
S1-629969170	S2-481306942	S2
S1-629969170	S2-823869687	S2
S1-629969170	S2-223117200	S2
S1-629969170	S2-137335733	S2
S1-629969170	S2-26324258	S2
S1-629969170	S2-670948516	S2
S1-629969170	S2-825374035	S2
S1-629969170	S2-897475107	S2
S1-629969170	S2-423099834	S2
S1-629969170	S2-348093874	S2
S1-629969170	S2-123409799	S2
S1-883468618	S2-789511558	S2
S1-883468618	S2-762096507	S2
S1-883468618	S2-895071828	S2
S1-883468618	S2-101325335	S2
S1-883468618	S2-77419070	S2
S1-883468618	S2-99468652	S2
S1-883468618	S2-771685137	S2
S1-883468618	S2-265891218	S2
S1-883468618	S2-242582700	S2
S1-883468618	S2-846262463	S2
S1-883468618	S2-726045392	S2
S1-883468618	S2-873177396	S2
S1-883468618	S2-402548315	S2
S1-883468618	S2-788754887	S2
S1-883468618	S2-335124172	S2
S1-904228116	S2-94339175	S2
S1-904228116	S2-848687795	S2
S1-904228116	S2-309113625	S2
S1-904228116	S2-423368397	S2
S1-904228116	S2-826868298	S2
S1-904228116	S2-485902426	S2
S1-904228116	S2-980246492	S2
S1-904228116	S2-238469305	S2
S1-904228116	S2-103317508	S2
S1-904228116	S2-469964803	S2
S1-904228116	S2-668310822	S2
S1-904228116	S2-633146423	S2
S1-904228116	S2-72260125	S2
S1-904228116	S2-849580158	S2
S1-904228116	S2-491950020	S2
S1-805104360	S2-850741800	S2
S1-805104360	S2-49461175	S2
S1-805104360	S2-518011514	S2
S1-805104360	S2-121549347	S2
S1-805104360	S2-681384833	S2
S1-805104360	S2-595414933	S2
S1-805104360	S2-692356310	S2
S1-805104360	S2-723550919	S2
S1-805104360	S2-400132919	S2
S1-805104360	S2-736654053	S2
S1-805104360	S2-988228866	S2
S1-805104360	S2-846535978	S2
S1-805104360	S2-222024725	S2
S1-805104360	S2-97346546	S2
S1-805104360	S2-381785440	S2
S1-224534945	S2-905737147	S2
S1-224534945	S2-882459657	S2
S1-224534945	S2-610173207	S2
S1-224534945	S2-978606166	S2
S1-224534945	S2-777730349	S2
S1-224534945	S2-769858942	S2
S1-224534945	S2-921202375	S2
S1-224534945	S2-794352292	S2
S1-224534945	S2-8982199	S2
S1-224534945	S2-492826161	S2
S1-224534945	S2-715522197	S2
S1-224534945	S2-118711492	S2
S1-224534945	S2-864103770	S2
S1-224534945	S2-68402423	S2
S1-224534945	S2-224839523	S2
S1-631840437	S2-768946792	S2
S1-631840437	S2-863198881	S2
S1-631840437	S2-203944670	S2
S1-631840437	S2-656948848	S2
S1-631840437	S2-524230824	S2
S1-631840437	S2-522109781	S2
S1-631840437	S2-73502247	S2
S1-631840437	S2-321590098	S2
S1-631840437	S2-908987230	S2
S1-631840437	S2-364022164	S2
S1-631840437	S2-885790584	S2
S1-631840437	S2-220286148	S2
S1-631840437	S2-337462823	S2
S1-631840437	S2-672736825	S2
S1-631840437	S2-987659709	S2
S1-117902162	S2-265891218	S2
S1-117902162	S2-426824642	S2
S1-117902162	S2-902147205	S2
S1-117902162	S2-726045392	S2
S1-117902162	S2-895798537	S2
S1-117902162	S2-620110385	S2
S1-117902162	S2-182955632	S2
S1-117902162	S2-242582700	S2
S1-117902162	S2-126896976	S2
S1-117902162	S2-152104014	S2
S1-117902162	S2-932843757	S2
S1-117902162	S2-990119436	S2
S1-117902162	S2-930194769	S2
S1-117902162	S2-436621421	S2
S1-117902162	S2-776942202	S2
S1-381957415	S2-260686291	S2
S1-381957415	S2-117064852	S2
S1-381957415	S2-557882604	S2
S1-381957415	S2-630825823	S2
S1-381957415	S2-863198881	S2
S1-381957415	S2-423368397	S2
S1-381957415	S2-175456325	S2
S1-381957415	S2-960553036	S2
S1-381957415	S2-282390486	S2
S1-381957415	S2-986923268	S2
S1-381957415	S2-622064104	S2
S1-381957415	S2-9622708	S2
S1-381957415	S2-177471665	S2
S1-381957415	S2-102286733	S2
S1-381957415	S2-492826161	S2
S1-258353664	S2-975023541	S2
S1-258353664	S2-890423795	S2
S1-258353664	S2-978606166	S2
S1-258353664	S2-566931281	S2
S1-258353664	S2-929722075	S2
S1-258353664	S2-318348932	S2
S1-258353664	S2-212955583	S2
S1-258353664	S2-794352292	S2
S1-258353664	S2-921202375	S2
S1-258353664	S2-670948516	S2
S1-258353664	S2-409726115	S2
S1-258353664	S2-777730349	S2
S1-258353664	S2-8982199	S2
S1-258353664	S2-577969603	S2
S1-258353664	S2-807474854	S2
S1-745976550	S2-546127792	S2
S1-745976550	S2-563158163	S2
S1-745976550	S2-265295979	S2
S1-745976550	S2-663041128	S2
S1-745976550	S2-174396062	S2
S1-745976550	S2-575813071	S2
S1-745976550	S2-874136723	S2
S1-745976550	S2-308993997	S2
S1-745976550	S2-298761341	S2
S1-745976550	S2-656948848	S2
S1-745976550	S2-589086253	S2
S1-745976550	S2-669879950	S2
S1-745976550	S2-591536531	S2
S1-745976550	S2-681956450	S2
S1-745976550	S2-318217219	S2
S1-164240371	S2-824972458	S2
S1-164240371	S2-58825780	S2
S1-164240371	S2-175865714	S2
S1-164240371	S2-862571135	S2
S1-164240371	S2-721241427	S2
S1-164240371	S2-570512018	S2
S1-164240371	S2-62736893	S2
S1-164240371	S2-741639927	S2
S1-164240371	S2-662221399	S2
S1-164240371	S2-284585076	S2
S1-164240371	S2-857681318	S2
S1-164240371	S2-980457024	S2
S1-164240371	S2-884331770	S2
S1-164240371	S2-608615424	S2
S1-164240371	S2-698383825	S2
S1-346603579	S2-331692143	S2
S1-346603579	S2-386366146	S2
S1-346603579	S2-223117200	S2
S1-346603579	S2-387930936	S2
S1-346603579	S2-536514418	S2
S1-346603579	S2-48939070	S2
S1-346603579	S2-858691756	S2
S1-346603579	S2-390167188	S2
S1-346603579	S2-696617658	S2
S1-346603579	S2-799238901	S2
S1-346603579	S2-66236312	S2
S1-346603579	S2-71529448	S2
S1-346603579	S2-418691151	S2
S1-346603579	S2-327738915	S2
S1-346603579	S2-508784928	S2
S1-328371553	S2-255396836	S2
S1-328371553	S2-634180182	S2
S1-328371553	S2-246533409	S2
S1-328371553	S2-715096064	S2
S1-328371553	S2-404232285	S2
S1-328371553	S2-569515778	S2
S1-328371553	S2-108090038	S2
S1-328371553	S2-598884836	S2
S1-328371553	S2-776794265	S2
S1-328371553	S2-253120022	S2
S1-328371553	S2-315872469	S2
S1-328371553	S2-855836919	S2
S1-328371553	S2-89587960	S2
S1-328371553	S2-692060905	S2
S1-328371553	S2-682660453	S2
S1-542424915	S2-165395178	S2
S1-542424915	S2-137876921	S2
S1-542424915	S2-358052714	S2
S1-542424915	S2-698001157	S2
S1-542424915	S2-806324381	S2
S1-542424915	S2-548296657	S2
S1-542424915	S2-895944134	S2
S1-542424915	S2-632851303	S2
S1-542424915	S2-566356754	S2
S1-542424915	S2-710175093	S2
S1-542424915	S2-57375033	S2
S1-542424915	S2-47799063	S2
S1-542424915	S2-996428837	S2
S1-542424915	S2-848687795	S2
S1-542424915	S2-937987341	S2
S1-116081375	S2-25954937	S2
S1-116081375	S2-404377649	S2
S1-116081375	S2-597243519	S2
S1-116081375	S2-704652401	S2
S1-116081375	S2-889904221	S2
S1-116081375	S2-244340971	S2
S1-116081375	S2-707039857	S2
S1-116081375	S2-610038935	S2
S1-116081375	S2-795261579	S2
S1-116081375	S2-272918438	S2
S1-116081375	S2-872690777	S2
S1-116081375	S2-360633734	S2
S1-116081375	S2-447095477	S2
S1-116081375	S2-479770402	S2
S1-116081375	S2-72311199	S2
S1-956108284	S2-135305339	S2
S1-956108284	S2-794352292	S2
S1-956108284	S2-921202375	S2
S1-956108284	S2-330518097	S2
S1-956108284	S2-8982199	S2
S1-956108284	S2-394565864	S2
S1-956108284	S2-828872229	S2
S1-956108284	S2-785643946	S2
S1-956108284	S2-225823147	S2
S1-956108284	S2-349666272	S2
S1-956108284	S2-793779186	S2
S1-956108284	S2-699404448	S2
S1-956108284	S2-345172295	S2
S1-956108284	S2-929722075	S2
S1-956108284	S2-86720793	S2
S1-599703679	S2-919385476	S2
S1-599703679	S2-482965691	S2
S1-599703679	S2-298589362	S2
S1-599703679	S2-790947608	S2
S1-599703679	S2-638319392	S2
S1-599703679	S2-182591175	S2
S1-599703679	S2-694627142	S2
S1-599703679	S2-738629358	S2
S1-599703679	S2-558443244	S2
S1-599703679	S2-774048672	S2
S1-599703679	S2-548633980	S2
S1-599703679	S2-111294604	S2
S1-599703679	S2-545940068	S2
S1-599703679	S2-64494419	S2
S1-599703679	S2-910920599	S2
S1-159067707	S2-287588845	S2
S1-159067707	S2-592507930	S2
S1-159067707	S2-540745651	S2
S1-159067707	S2-157856390	S2
S1-159067707	S2-788754887	S2
S1-159067707	S2-796310966	S2
S1-159067707	S2-661036235	S2
S1-159067707	S2-846975420	S2
S1-159067707	S2-478830670	S2
S1-159067707	S2-706238826	S2
S1-159067707	S2-222540081	S2
S1-159067707	S2-100798928	S2
S1-159067707	S2-33105288	S2
S1-159067707	S2-848878443	S2
S1-159067707	S2-187499079	S2
S1-590285242	S2-894313135	S2
S1-590285242	S2-253120022	S2
S1-590285242	S2-959518463	S2
S1-590285242	S2-455830760	S2
S1-590285242	S2-682660453	S2
S1-590285242	S2-89587960	S2
S1-590285242	S2-315872469	S2
S1-590285242	S2-692060905	S2
S1-590285242	S2-444139007	S2
S1-590285242	S2-735647694	S2
S1-590285242	S2-730814853	S2
S1-590285242	S2-544612526	S2
S1-590285242	S2-9622708	S2
S1-590285242	S2-713920891	S2
S1-590285242	S2-889472913	S2
S1-378978603	S2-228710851	S2
S1-378978603	S2-790947608	S2
S1-378978603	S2-218771556	S2
S1-378978603	S2-919385476	S2
S1-378978603	S2-298589362	S2
S1-378978603	S2-661030345	S2
S1-378978603	S2-150634918	S2
S1-378978603	S2-247487143	S2
S1-378978603	S2-638319392	S2
S1-378978603	S2-558443244	S2
S1-378978603	S2-774048672	S2
S1-378978603	S2-548633980	S2
S1-378978603	S2-111294604	S2
S1-378978603	S2-761733049	S2
S1-378978603	S2-64494419	S2
S1-730858380	S2-757197434	S2
S1-730858380	S2-585316294	S2
S1-730858380	S2-872209566	S2
S1-730858380	S2-984241859	S2
S1-730858380	S2-764306412	S2
S1-730858380	S2-231195947	S2
S1-730858380	S2-91908767	S2
S1-730858380	S2-779614645	S2
S1-730858380	S2-18394219	S2
S1-730858380	S2-772323364	S2
S1-730858380	S2-626012117	S2
S1-730858380	S2-914761441	S2
S1-730858380	S2-569860965	S2
S1-730858380	S2-816989315	S2
S1-730858380	S2-90112897	S2
S1-101076392	S2-343655850	S2
S1-101076392	S2-947466256	S2
S1-101076392	S2-318784543	S2
S1-101076392	S2-863198881	S2
S1-101076392	S2-225761300	S2
S1-101076392	S2-700323495	S2
S1-101076392	S2-466380342	S2
S1-101076392	S2-163212711	S2
S1-101076392	S2-804872908	S2
S1-101076392	S2-79905632	S2
S1-101076392	S2-642921016	S2
S1-101076392	S2-76923389	S2
S1-101076392	S2-520587790	S2
S1-101076392	S2-121534599	S2
S1-101076392	S2-800992054	S2
S1-635491453	S2-656749559	S2
S1-635491453	S2-560140043	S2
S1-635491453	S2-843741773	S2
S1-635491453	S2-923853202	S2
S1-635491453	S2-640420911	S2
S1-635491453	S2-26324258	S2
S1-635491453	S2-437309128	S2
S1-635491453	S2-764430935	S2
S1-635491453	S2-748325649	S2
S1-635491453	S2-126113089	S2
S1-635491453	S2-369458829	S2
S1-635491453	S2-229217508	S2
S1-635491453	S2-512382393	S2
S1-635491453	S2-672736825	S2
S1-635491453	S2-362602827	S2
S1-148845479	S2-533197229	S2
S1-148845479	S2-757677016	S2
S1-148845479	S2-780872035	S2
S1-148845479	S2-295065312	S2
S1-148845479	S2-311198605	S2
S1-148845479	S2-685027145	S2
S1-148845479	S2-448548244	S2
S1-148845479	S2-644844275	S2
S1-148845479	S2-270518407	S2
S1-148845479	S2-912812990	S2
S1-148845479	S2-222899205	S2
S1-148845479	S2-349365849	S2
S1-148845479	S2-591277113	S2
S1-148845479	S2-51477351	S2
S1-148845479	S2-700717757	S2
S1-29696416	S2-467121958	S2
S1-29696416	S2-663852317	S2
S1-29696416	S2-662770103	S2
S1-29696416	S2-935425652	S2
S1-29696416	S2-487803690	S2
S1-29696416	S2-68511408	S2
S1-29696416	S2-214835079	S2
S1-29696416	S2-265951472	S2
S1-29696416	S2-984241859	S2
S1-29696416	S2-498046006	S2
S1-29696416	S2-199635728	S2
S1-29696416	S2-18394219	S2
S1-29696416	S2-861758392	S2
S1-29696416	S2-94341972	S2
S1-29696416	S2-890423795	S2
S1-684012770	S2-294062437	S2
S1-684012770	S2-441341822	S2
S1-684012770	S2-898880623	S2
S1-684012770	S2-105463326	S2
S1-684012770	S2-373678906	S2
S1-684012770	S2-867197250	S2
S1-684012770	S2-93682954	S2
S1-684012770	S2-81154512	S2
S1-684012770	S2-637697607	S2
S1-684012770	S2-960372483	S2
S1-684012770	S2-879030047	S2
S1-684012770	S2-998885968	S2
S1-684012770	S2-728507538	S2
S1-684012770	S2-133609214	S2
S1-684012770	S2-56133264	S2
S1-71172417	S2-905737147	S2
S1-71172417	S2-794352292	S2
S1-71172417	S2-445420919	S2
S1-71172417	S2-8982199	S2
S1-71172417	S2-921202375	S2
S1-71172417	S2-25954937	S2
S1-71172417	S2-675348100	S2
S1-71172417	S2-345172295	S2
S1-71172417	S2-769858942	S2
S1-71172417	S2-715522197	S2
S1-71172417	S2-864103770	S2
S1-71172417	S2-118711492	S2
S1-71172417	S2-224839523	S2
S1-71172417	S2-275292871	S2
S1-71172417	S2-861414287	S2
S1-8813651	S2-752654978	S2
S1-8813651	S2-337572515	S2
S1-8813651	S2-834353592	S2
S1-8813651	S2-222540081	S2
S1-8813651	S2-833227760	S2
S1-8813651	S2-712777388	S2
S1-8813651	S2-395800668	S2
S1-8813651	S2-534318812	S2
S1-8813651	S2-673822670	S2
S1-8813651	S2-810915319	S2
S1-8813651	S2-3914789	S2
S1-8813651	S2-875461623	S2
S1-8813651	S2-17360295	S2
S1-8813651	S2-826516454	S2
S1-8813651	S2-609292694	S2
S1-183363639	S2-764430935	S2
S1-183363639	S2-730043743	S2
S1-183363639	S2-418691151	S2
S1-183363639	S2-161047745	S2
S1-183363639	S2-602695064	S2
S1-183363639	S2-144437050	S2
S1-183363639	S2-327738915	S2
S1-183363639	S2-216377044	S2
S1-183363639	S2-202135780	S2
S1-183363639	S2-564916390	S2
S1-183363639	S2-888017647	S2
S1-183363639	S2-295065312	S2
S1-183363639	S2-448548244	S2
S1-183363639	S2-685027145	S2
S1-183363639	S2-912812990	S2
S1-999555430	S2-233123309	S2
S1-999555430	S2-390971137	S2
S1-999555430	S2-158902765	S2
S1-999555430	S2-794412447	S2
S1-999555430	S2-494905313	S2
S1-999555430	S2-265891218	S2
S1-999555430	S2-157735411	S2
S1-999555430	S2-133252993	S2
S1-999555430	S2-340786070	S2
S1-999555430	S2-378055021	S2
S1-999555430	S2-967923960	S2
S1-999555430	S2-927572293	S2
S1-999555430	S2-49312012	S2
S1-999555430	S2-535538356	S2
S1-999555430	S2-297926319	S2
S1-633779655	S2-34732391	S2
S1-633779655	S2-158828409	S2
S1-633779655	S2-510654046	S2
S1-633779655	S2-517140140	S2
S1-633779655	S2-566194399	S2
S1-633779655	S2-201039176	S2
S1-633779655	S2-194885385	S2
S1-633779655	S2-442689738	S2
S1-633779655	S2-811863966	S2
S1-633779655	S2-67703868	S2
S1-633779655	S2-723642257	S2
S1-633779655	S2-279664505	S2
S1-633779655	S2-790716224	S2
S1-633779655	S2-63261077	S2
S1-633779655	S2-139757130	S2
S1-913042783	S2-224495015	S2
S1-913042783	S2-651292790	S2
S1-913042783	S2-822658217	S2
S1-913042783	S2-569534268	S2
S1-913042783	S2-794530374	S2
S1-913042783	S2-348789755	S2
S1-913042783	S2-298712121	S2
S1-913042783	S2-126222886	S2
S1-913042783	S2-634015823	S2
S1-913042783	S2-613204180	S2
S1-913042783	S2-536514418	S2
S1-913042783	S2-387930936	S2
S1-913042783	S2-390167188	S2
S1-913042783	S2-858691756	S2
S1-913042783	S2-696617658	S2
S1-558031216	S2-651292790	S2
S1-558031216	S2-569534268	S2
S1-558031216	S2-794530374	S2
S1-558031216	S2-558112615	S2
S1-558031216	S2-352552540	S2
S1-558031216	S2-535260713	S2
S1-558031216	S2-993107908	S2
S1-558031216	S2-558443244	S2
S1-558031216	S2-76289234	S2
S1-558031216	S2-896214011	S2
S1-558031216	S2-539726746	S2
S1-558031216	S2-694466866	S2
S1-558031216	S2-8648579	S2
S1-558031216	S2-264731923	S2
S1-558031216	S2-780123305	S2
S1-690538628	S2-213099480	S2
S1-690538628	S2-294901033	S2
S1-690538628	S2-528483872	S2
S1-690538628	S2-910195544	S2
S1-690538628	S2-458053941	S2
S1-690538628	S2-513883989	S2
S1-690538628	S2-889497510	S2
S1-690538628	S2-662891369	S2
S1-690538628	S2-102309877	S2
S1-690538628	S2-187379771	S2
S1-690538628	S2-861414287	S2
S1-690538628	S2-927303907	S2
S1-690538628	S2-516216793	S2
S1-690538628	S2-275292871	S2
S1-690538628	S2-713135503	S2
S1-86804153	S2-730243009	S2
S1-86804153	S2-530400446	S2
S1-86804153	S2-902205396	S2
S1-86804153	S2-684046440	S2
S1-86804153	S2-354227046	S2
S1-86804153	S2-413822422	S2
S1-86804153	S2-815783446	S2
S1-86804153	S2-333785505	S2
S1-86804153	S2-759079441	S2
S1-86804153	S2-296598302	S2
S1-86804153	S2-14506136	S2
S1-86804153	S2-755481720	S2
S1-86804153	S2-780354672	S2
S1-86804153	S2-646080124	S2
S1-86804153	S2-259053443	S2
S1-92768400	S2-540853782	S2
S1-92768400	S2-13574353	S2
S1-92768400	S2-15025788	S2
S1-92768400	S2-879019234	S2
S1-92768400	S2-109447170	S2
S1-92768400	S2-46093451	S2
S1-92768400	S2-428985968	S2
S1-92768400	S2-398793962	S2
S1-92768400	S2-419837913	S2
S1-92768400	S2-938743845	S2
S1-92768400	S2-932096839	S2
S1-92768400	S2-488915476	S2
S1-92768400	S2-916238268	S2
S1-92768400	S2-680762771	S2
S1-92768400	S2-184582259	S2
S1-246225268	S2-753020760	S2
S1-246225268	S2-780872035	S2
S1-246225268	S2-469073813	S2
S1-246225268	S2-831239310	S2
S1-246225268	S2-222899205	S2
S1-246225268	S2-905737147	S2
S1-246225268	S2-308041768	S2
S1-246225268	S2-311198605	S2
S1-246225268	S2-202394836	S2
S1-246225268	S2-700717757	S2
S1-246225268	S2-349365849	S2
S1-246225268	S2-85642806	S2
S1-246225268	S2-253412037	S2
S1-246225268	S2-591277113	S2
S1-246225268	S2-245909245	S2
S1-979509841	S2-419605789	S2
S1-979509841	S2-373678906	S2
S1-979509841	S2-92758088	S2
S1-979509841	S2-717546	S2
S1-979509841	S2-294062437	S2
S1-979509841	S2-731531571	S2
S1-979509841	S2-895944720	S2
S1-979509841	S2-867197250	S2
S1-979509841	S2-703267220	S2
S1-979509841	S2-960372483	S2
S1-979509841	S2-133609214	S2
S1-979509841	S2-302419463	S2
S1-979509841	S2-369116881	S2
S1-979509841	S2-802129140	S2
S1-979509841	S2-742406486	S2
S1-942087593	S2-846158069	S2
S1-942087593	S2-663446783	S2
S1-942087593	S2-913216366	S2
S1-942087593	S2-377809075	S2
S1-942087593	S2-203944670	S2
S1-942087593	S2-526412482	S2
S1-942087593	S2-291868119	S2
S1-942087593	S2-488789411	S2
S1-942087593	S2-506145204	S2
S1-942087593	S2-18394219	S2
S1-942087593	S2-751588111	S2
S1-942087593	S2-954942261	S2
S1-942087593	S2-448793585	S2
S1-942087593	S2-865044868	S2
S1-942087593	S2-748044572	S2
S1-566485202	S2-797821871	S2
S1-566485202	S2-345152867	S2
S1-566485202	S2-742941063	S2
S1-566485202	S2-862759276	S2
S1-566485202	S2-369458829	S2
S1-566485202	S2-642367103	S2
S1-566485202	S2-876313973	S2
S1-566485202	S2-532776476	S2
S1-566485202	S2-431286952	S2
S1-566485202	S2-689428234	S2
S1-566485202	S2-788168060	S2
S1-566485202	S2-882459657	S2
S1-566485202	S2-252010908	S2
S1-566485202	S2-890977739	S2
S1-566485202	S2-34956606	S2
S1-360188878	S2-74992830	S2
S1-360188878	S2-576580892	S2
S1-360188878	S2-972051451	S2
S1-360188878	S2-707420806	S2
S1-360188878	S2-281309190	S2
S1-360188878	S2-733025108	S2
S1-360188878	S2-882915480	S2
S1-360188878	S2-424537185	S2
S1-360188878	S2-17933853	S2
S1-360188878	S2-713109591	S2
S1-360188878	S2-645440237	S2
S1-360188878	S2-60818919	S2
S1-360188878	S2-512950951	S2
S1-360188878	S2-619664055	S2
S1-360188878	S2-726813453	S2
S1-607646145	S2-795809304	S2
S1-607646145	S2-49107732	S2
S1-607646145	S2-485599345	S2
S1-607646145	S2-806573115	S2
S1-607646145	S2-92469603	S2
S1-607646145	S2-482219416	S2
S1-607646145	S2-68483150	S2
S1-607646145	S2-701563511	S2
S1-607646145	S2-908719488	S2
S1-607646145	S2-71201246	S2
S1-607646145	S2-195972156	S2
S1-607646145	S2-900515245	S2
S1-607646145	S2-644264374	S2
S1-607646145	S2-528143818	S2
S1-607646145	S2-585835879	S2
S1-422926253	S2-168560796	S2
S1-422926253	S2-831239310	S2
S1-422926253	S2-232100103	S2
S1-422926253	S2-802075529	S2
S1-422926253	S2-202394836	S2
S1-422926253	S2-64301738	S2
S1-422926253	S2-308041768	S2
S1-422926253	S2-7521413	S2
S1-422926253	S2-935426120	S2
S1-422926253	S2-905737147	S2
S1-422926253	S2-775394710	S2
S1-422926253	S2-253412037	S2
S1-422926253	S2-245909245	S2
S1-422926253	S2-598068208	S2
S1-422926253	S2-747478411	S2
S1-92729851	S2-780123305	S2
S1-92729851	S2-979910605	S2
S1-92729851	S2-640284162	S2
S1-92729851	S2-789881006	S2
S1-92729851	S2-333030681	S2
S1-92729851	S2-222024725	S2
S1-92729851	S2-406854790	S2
S1-92729851	S2-472530538	S2
S1-92729851	S2-195819452	S2
S1-92729851	S2-832217974	S2
S1-92729851	S2-518525663	S2
S1-92729851	S2-640723488	S2
S1-92729851	S2-992673515	S2
S1-92729851	S2-729058852	S2
S1-92729851	S2-844363575	S2
S1-674558177	S2-978606166	S2
S1-674558177	S2-861414287	S2
S1-674558177	S2-905737147	S2
S1-674558177	S2-670948516	S2
S1-674558177	S2-777730349	S2
S1-674558177	S2-642367103	S2
S1-674558177	S2-409726115	S2
S1-674558177	S2-921202375	S2
S1-674558177	S2-915769300	S2
S1-674558177	S2-8982199	S2
S1-674558177	S2-794352292	S2
S1-674558177	S2-689428234	S2
S1-674558177	S2-939074826	S2
S1-674558177	S2-788168060	S2
S1-674558177	S2-882459657	S2
S1-126393436	S2-828872229	S2
S1-126393436	S2-991981696	S2
S1-126393436	S2-619844913	S2
S1-126393436	S2-492444908	S2
S1-126393436	S2-349666272	S2
S1-126393436	S2-814955870	S2
S1-126393436	S2-749852939	S2
S1-126393436	S2-344621502	S2
S1-126393436	S2-177918546	S2
S1-126393436	S2-528320338	S2
S1-126393436	S2-556747559	S2
S1-126393436	S2-231688856	S2
S1-126393436	S2-225823147	S2
S1-126393436	S2-699404448	S2
S1-126393436	S2-929722075	S2
S1-806365059	S2-219432880	S2
S1-806365059	S2-635228641	S2
S1-806365059	S2-877085471	S2
S1-806365059	S2-706360388	S2
S1-806365059	S2-9614101	S2
S1-806365059	S2-369512941	S2
S1-806365059	S2-727570982	S2
S1-806365059	S2-332453876	S2
S1-806365059	S2-956379452	S2
S1-806365059	S2-190642185	S2
S1-806365059	S2-74992830	S2
S1-806365059	S2-822482083	S2
S1-806365059	S2-831449937	S2
S1-806365059	S2-715698913	S2
S1-806365059	S2-902147205	S2
S1-180523534	S2-885496247	S2
S1-180523534	S2-479081815	S2
S1-180523534	S2-626832027	S2
S1-180523534	S2-665652910	S2
S1-180523534	S2-159175610	S2
S1-180523534	S2-315872469	S2
S1-180523534	S2-6905210	S2
S1-180523534	S2-893074332	S2
S1-180523534	S2-775233420	S2
S1-180523534	S2-944853638	S2
S1-180523534	S2-524247699	S2
S1-180523534	S2-803740918	S2
S1-180523534	S2-783841787	S2
S1-180523534	S2-515459751	S2
S1-180523534	S2-207084937	S2
S1-713966229	S2-165863386	S2
S1-713966229	S2-960129567	S2
S1-713966229	S2-576580892	S2
S1-713966229	S2-194980849	S2
S1-713966229	S2-60818919	S2
S1-713966229	S2-436663188	S2
S1-713966229	S2-972051451	S2
S1-713966229	S2-733025108	S2
S1-713966229	S2-819216280	S2
S1-713966229	S2-619664055	S2
S1-713966229	S2-726813453	S2
S1-713966229	S2-882915480	S2
S1-713966229	S2-281309190	S2
S1-713966229	S2-713109591	S2
S1-713966229	S2-512950951	S2
S1-790887991	S2-613019176	S2
S1-790887991	S2-680816356	S2
S1-790887991	S2-234380287	S2
S1-790887991	S2-534416622	S2
S1-790887991	S2-454450916	S2
S1-790887991	S2-770688784	S2
S1-790887991	S2-106188251	S2
S1-790887991	S2-542975651	S2
S1-790887991	S2-421672451	S2
S1-790887991	S2-308505251	S2
S1-790887991	S2-538976068	S2
S1-790887991	S2-842456481	S2
S1-790887991	S2-957978733	S2
S1-790887991	S2-980846147	S2
S1-790887991	S2-231042988	S2
S1-46049969	S2-301404229	S2
S1-46049969	S2-200440168	S2
S1-46049969	S2-779485994	S2
S1-46049969	S2-233123309	S2
S1-46049969	S2-573307988	S2
S1-46049969	S2-844242434	S2
S1-46049969	S2-437309128	S2
S1-46049969	S2-287588845	S2
S1-46049969	S2-683312986	S2
S1-46049969	S2-460821959	S2
S1-46049969	S2-808715382	S2
S1-46049969	S2-386881464	S2
S1-46049969	S2-987414512	S2
S1-46049969	S2-605734275	S2
S1-46049969	S2-187593824	S2
S1-106691524	S2-777730349	S2
S1-106691524	S2-331461725	S2
S1-106691524	S2-764306412	S2
S1-106691524	S2-794352292	S2
S1-106691524	S2-921202375	S2
S1-106691524	S2-281309190	S2
S1-106691524	S2-8982199	S2
S1-106691524	S2-929722075	S2
S1-106691524	S2-846262463	S2
S1-106691524	S2-209410163	S2
S1-106691524	S2-30842411	S2
S1-106691524	S2-813862982	S2
S1-106691524	S2-672082301	S2
S1-106691524	S2-298914373	S2
S1-106691524	S2-867358397	S2
S1-183540234	S2-670948516	S2
S1-183540234	S2-641217477	S2
S1-183540234	S2-736787326	S2
S1-183540234	S2-777730349	S2
S1-183540234	S2-905737147	S2
S1-183540234	S2-929722075	S2
S1-183540234	S2-794352292	S2
S1-183540234	S2-298914373	S2
S1-183540234	S2-978606166	S2
S1-183540234	S2-921202375	S2
S1-183540234	S2-882459657	S2
S1-183540234	S2-8982199	S2
S1-183540234	S2-754316539	S2
S1-183540234	S2-333060453	S2
S1-183540234	S2-596517091	S2
S1-545370440	S2-418033252	S2
S1-545370440	S2-943861343	S2
S1-545370440	S2-471154795	S2
S1-545370440	S2-980457024	S2
S1-545370440	S2-537858187	S2
S1-545370440	S2-690909438	S2
S1-545370440	S2-15025788	S2
S1-545370440	S2-138429970	S2
S1-545370440	S2-835613264	S2
S1-545370440	S2-684055122	S2
S1-545370440	S2-436041396	S2
S1-545370440	S2-983379660	S2
S1-545370440	S2-725412413	S2
S1-545370440	S2-366081375	S2
S1-545370440	S2-965326114	S2
S1-410040347	S2-209093728	S2
S1-410040347	S2-132022202	S2
S1-410040347	S2-514714174	S2
S1-410040347	S2-591277113	S2
S1-410040347	S2-699840570	S2
S1-410040347	S2-778812617	S2
S1-410040347	S2-448515850	S2
S1-410040347	S2-535988246	S2
S1-410040347	S2-827260882	S2
S1-410040347	S2-98740207	S2
S1-410040347	S2-382118226	S2
S1-410040347	S2-777835859	S2
S1-410040347	S2-940079305	S2
S1-410040347	S2-890977739	S2
S1-410040347	S2-34956606	S2
S1-174390454	S2-619844913	S2
S1-174390454	S2-991981696	S2
S1-174390454	S2-828872229	S2
S1-174390454	S2-492444908	S2
S1-174390454	S2-349666272	S2
S1-174390454	S2-814955870	S2
S1-174390454	S2-749852939	S2
S1-174390454	S2-344621502	S2
S1-174390454	S2-177918546	S2
S1-174390454	S2-528320338	S2
S1-174390454	S2-556747559	S2
S1-174390454	S2-231688856	S2
S1-174390454	S2-225823147	S2
S1-174390454	S2-699404448	S2
S1-174390454	S2-929722075	S2
S1-695737678	S2-256286125	S2
S1-695737678	S2-857627805	S2
S1-695737678	S2-774048672	S2
S1-695737678	S2-998885968	S2
S1-695737678	S2-277830258	S2
S1-695737678	S2-927235908	S2
S1-695737678	S2-426439815	S2
S1-695737678	S2-879030047	S2
S1-695737678	S2-741639927	S2
S1-695737678	S2-402816014	S2
S1-695737678	S2-811863966	S2
S1-695737678	S2-833900025	S2
S1-695737678	S2-40746806	S2
S1-695737678	S2-721241427	S2
S1-695737678	S2-662221399	S2
S1-143410687	S2-404639263	S2
S1-143410687	S2-727477424	S2
S1-143410687	S2-698567775	S2
S1-143410687	S2-950124108	S2
S1-143410687	S2-256172355	S2
S1-143410687	S2-456020855	S2
S1-143410687	S2-646192031	S2
S1-143410687	S2-543049878	S2
S1-143410687	S2-339680178	S2
S1-143410687	S2-383956381	S2
S1-143410687	S2-130488242	S2
S1-143410687	S2-324596369	S2
S1-143410687	S2-947549174	S2
S1-143410687	S2-667620668	S2
S1-143410687	S2-635730595	S2
S1-690898835	S2-73502247	S2
S1-690898835	S2-398902312	S2
S1-690898835	S2-883044184	S2
S1-690898835	S2-981256053	S2
S1-690898835	S2-738629358	S2
S1-690898835	S2-526991413	S2
S1-690898835	S2-914961766	S2
S1-690898835	S2-325615566	S2
S1-690898835	S2-149345266	S2
S1-690898835	S2-158757260	S2
S1-690898835	S2-454450916	S2
S1-690898835	S2-635228641	S2
S1-690898835	S2-383023238	S2
S1-690898835	S2-688230388	S2
S1-690898835	S2-384137942	S2
S1-196054265	S2-510931175	S2
S1-196054265	S2-381785440	S2
S1-196054265	S2-739603930	S2
S1-196054265	S2-983379660	S2
S1-196054265	S2-846975420	S2
S1-196054265	S2-304667963	S2
S1-196054265	S2-366081375	S2
S1-196054265	S2-725412413	S2
S1-196054265	S2-965326114	S2
S1-196054265	S2-745714890	S2
S1-196054265	S2-666899523	S2
S1-196054265	S2-533197229	S2
S1-196054265	S2-975334742	S2
S1-196054265	S2-251270580	S2
S1-196054265	S2-956708079	S2
S1-710909094	S2-770769195	S2
S1-710909094	S2-842456481	S2
S1-710909094	S2-158828409	S2
S1-710909094	S2-583111097	S2
S1-710909094	S2-918349502	S2
S1-710909094	S2-646080124	S2
S1-710909094	S2-119087459	S2
S1-710909094	S2-877823257	S2
S1-710909094	S2-197625218	S2
S1-710909094	S2-546407954	S2
S1-710909094	S2-142962200	S2
S1-710909094	S2-447095477	S2
S1-710909094	S2-566627479	S2
S1-710909094	S2-557520173	S2
S1-710909094	S2-964240180	S2
S1-171653159	S2-840538759	S2
S1-171653159	S2-446844245	S2
S1-171653159	S2-995199364	S2
S1-171653159	S2-560300733	S2
S1-171653159	S2-847374839	S2
S1-171653159	S2-133763910	S2
S1-171653159	S2-949636022	S2
S1-171653159	S2-866481396	S2
S1-171653159	S2-260686291	S2
S1-171653159	S2-27297350	S2
S1-171653159	S2-228567244	S2
S1-171653159	S2-642367103	S2
S1-171653159	S2-651292790	S2
S1-171653159	S2-569534268	S2
S1-171653159	S2-794530374	S2
S1-861378966	S2-820843834	S2
S1-861378966	S2-172745464	S2
S1-861378966	S2-497486406	S2
S1-861378966	S2-687591963	S2
S1-861378966	S2-221108126	S2
S1-861378966	S2-609888752	S2
S1-861378966	S2-118275942	S2
S1-861378966	S2-426660752	S2
S1-861378966	S2-912228916	S2
S1-861378966	S2-305071473	S2
S1-861378966	S2-626546137	S2
S1-861378966	S2-925486917	S2
S1-861378966	S2-60332086	S2
S1-861378966	S2-378780545	S2
S1-861378966	S2-637500424	S2
S1-60629534	S2-518525663	S2
S1-60629534	S2-111237832	S2
S1-60629534	S2-49942811	S2
S1-60629534	S2-278045217	S2
S1-60629534	S2-956608424	S2
S1-60629534	S2-747793486	S2
S1-60629534	S2-660113658	S2
S1-60629534	S2-604893296	S2
S1-60629534	S2-143232725	S2
S1-60629534	S2-207084937	S2
S1-60629534	S2-519903945	S2
S1-60629534	S2-253799125	S2
S1-60629534	S2-911982345	S2
S1-60629534	S2-937509955	S2
S1-60629534	S2-662107705	S2
S1-679782609	S2-155574448	S2
S1-679782609	S2-731649105	S2
S1-679782609	S2-450648359	S2
S1-679782609	S2-299980209	S2
S1-679782609	S2-848711718	S2
S1-679782609	S2-862759276	S2
S1-679782609	S2-92835928	S2
S1-679782609	S2-655804813	S2
S1-679782609	S2-81664343	S2
S1-679782609	S2-94751831	S2
S1-679782609	S2-672321572	S2
S1-679782609	S2-411547279	S2
S1-679782609	S2-133252993	S2
S1-679782609	S2-44100844	S2
S1-679782609	S2-223493773	S2
S1-150829563	S2-668014567	S2
S1-150829563	S2-736110069	S2
S1-150829563	S2-762128837	S2
S1-150829563	S2-770688784	S2
S1-150829563	S2-574940993	S2
S1-150829563	S2-221008320	S2
S1-150829563	S2-525213039	S2
S1-150829563	S2-706615728	S2
S1-150829563	S2-565543920	S2
S1-150829563	S2-598858367	S2
S1-150829563	S2-835063716	S2
S1-150829563	S2-275401270	S2
S1-150829563	S2-197696225	S2
S1-150829563	S2-150882117	S2
S1-150829563	S2-897475107	S2
S1-986863583	S2-582458634	S2
S1-986863583	S2-349301525	S2
S1-986863583	S2-43889792	S2
S1-986863583	S2-445149265	S2
S1-986863583	S2-52846978	S2
S1-986863583	S2-879472043	S2
S1-986863583	S2-391718145	S2
S1-986863583	S2-922159873	S2
S1-986863583	S2-926723118	S2
S1-986863583	S2-570512018	S2
S1-986863583	S2-697958072	S2
S1-986863583	S2-33267509	S2
S1-986863583	S2-246869552	S2
S1-986863583	S2-722247491	S2
S1-986863583	S2-810670202	S2
S1-67904101	S2-645138790	S2
S1-67904101	S2-513743270	S2
S1-67904101	S2-225403671	S2
S1-67904101	S2-712777388	S2
S1-67904101	S2-202910951	S2
S1-67904101	S2-941130626	S2
S1-67904101	S2-449997657	S2
S1-67904101	S2-9962270	S2
S1-67904101	S2-126896976	S2
S1-67904101	S2-834353592	S2
S1-67904101	S2-154655572	S2
S1-67904101	S2-325615566	S2
S1-67904101	S2-434799271	S2
S1-67904101	S2-609292694	S2
S1-67904101	S2-417269575	S2
S1-552720726	S2-135305339	S2
S1-552720726	S2-975023541	S2
S1-552720726	S2-929722075	S2
S1-552720726	S2-164651728	S2
S1-552720726	S2-978606166	S2
S1-552720726	S2-913038433	S2
S1-552720726	S2-794352292	S2
S1-552720726	S2-777730349	S2
S1-552720726	S2-22700931	S2
S1-552720726	S2-670948516	S2
S1-552720726	S2-882459657	S2
S1-552720726	S2-8982199	S2
S1-552720726	S2-921202375	S2
S1-552720726	S2-775394710	S2
S1-552720726	S2-577969603	S2
S1-531110798	S2-628294685	S2
S1-531110798	S2-528205184	S2
S1-531110798	S2-549401533	S2
S1-531110798	S2-196618803	S2
S1-531110798	S2-385546967	S2
S1-531110798	S2-674028684	S2
S1-531110798	S2-925056466	S2
S1-531110798	S2-537854766	S2
S1-531110798	S2-344591721	S2
S1-531110798	S2-405681592	S2
S1-531110798	S2-352552540	S2
S1-531110798	S2-338866041	S2
S1-531110798	S2-969392100	S2
S1-531110798	S2-206082608	S2
S1-531110798	S2-232709023	S2
S1-88905792	S2-471441474	S2
S1-88905792	S2-225823147	S2
S1-88905792	S2-774139241	S2
S1-88905792	S2-250915022	S2
S1-88905792	S2-945842043	S2
S1-88905792	S2-35086639	S2
S1-88905792	S2-783158461	S2
S1-88905792	S2-734058456	S2
S1-88905792	S2-174528596	S2
S1-88905792	S2-585835879	S2
S1-88905792	S2-921287883	S2
S1-88905792	S2-649938200	S2
S1-88905792	S2-970843942	S2
S1-88905792	S2-293441687	S2
S1-88905792	S2-763108962	S2
S1-403028834	S2-524247699	S2
S1-403028834	S2-424537185	S2
S1-403028834	S2-944853638	S2
S1-403028834	S2-165863386	S2
S1-403028834	S2-726813453	S2
S1-403028834	S2-436663188	S2
S1-403028834	S2-645440237	S2
S1-403028834	S2-60818919	S2
S1-403028834	S2-515459751	S2
S1-403028834	S2-803740918	S2
S1-403028834	S2-783841787	S2
S1-403028834	S2-512950951	S2
S1-403028834	S2-972051451	S2
S1-403028834	S2-619664055	S2
S1-403028834	S2-713109591	S2
S1-279014952	S2-391886434	S2
S1-279014952	S2-882459657	S2
S1-279014952	S2-135305339	S2
S1-279014952	S2-929722075	S2
S1-279014952	S2-978606166	S2
S1-279014952	S2-736787326	S2
S1-279014952	S2-318348932	S2
S1-279014952	S2-81084363	S2
S1-279014952	S2-370549501	S2
S1-279014952	S2-777730349	S2
S1-279014952	S2-794352292	S2
S1-279014952	S2-975023541	S2
S1-279014952	S2-670948516	S2
S1-279014952	S2-921202375	S2
S1-279014952	S2-8982199	S2
S1-66101502	S2-670524857	S2
S1-66101502	S2-811863966	S2
S1-66101502	S2-537831921	S2
S1-66101502	S2-638011629	S2
S1-66101502	S2-371951712	S2
S1-66101502	S2-187074087	S2
S1-66101502	S2-836302212	S2
S1-66101502	S2-612859563	S2
S1-66101502	S2-676815762	S2
S1-66101502	S2-82369450	S2
S1-66101502	S2-178971361	S2
S1-66101502	S2-489049291	S2
S1-66101502	S2-841227826	S2
S1-66101502	S2-735647694	S2
S1-66101502	S2-71434915	S2
S1-419304665	S2-210601194	S2
S1-419304665	S2-138478502	S2
S1-419304665	S2-319761515	S2
S1-419304665	S2-277126355	S2
S1-419304665	S2-609911019	S2
S1-419304665	S2-228169316	S2
S1-419304665	S2-925928705	S2
S1-419304665	S2-820150442	S2
S1-419304665	S2-212279628	S2
S1-419304665	S2-977796762	S2
S1-419304665	S2-838230067	S2
S1-419304665	S2-472694676	S2
S1-419304665	S2-477993186	S2
S1-419304665	S2-915202445	S2
S1-419304665	S2-421540927	S2
S1-189831319	S2-8982199	S2
S1-189831319	S2-30830908	S2
S1-189831319	S2-599195929	S2
S1-189831319	S2-192974905	S2
S1-189831319	S2-982950235	S2
S1-189831319	S2-445568278	S2
S1-189831319	S2-903626837	S2
S1-189831319	S2-344354613	S2
S1-189831319	S2-190103142	S2
S1-189831319	S2-946002985	S2
S1-189831319	S2-907018183	S2
S1-189831319	S2-199635728	S2
S1-189831319	S2-164651728	S2
S1-189831319	S2-324372014	S2
S1-189831319	S2-136305349	S2
S1-464514986	S2-937734462	S2
S1-464514986	S2-22257325	S2
S1-464514986	S2-73037424	S2
S1-464514986	S2-886247443	S2
S1-464514986	S2-159064454	S2
S1-464514986	S2-964240180	S2
S1-464514986	S2-686251531	S2
S1-464514986	S2-118970010	S2
S1-464514986	S2-91953344	S2
S1-464514986	S2-620589797	S2
S1-464514986	S2-970730978	S2
S1-464514986	S2-728566332	S2
S1-464514986	S2-523031614	S2
S1-464514986	S2-453455590	S2
S1-464514986	S2-619282421	S2
S1-418896338	S2-510931175	S2
S1-418896338	S2-809775998	S2
S1-418896338	S2-769670550	S2
S1-418896338	S2-702965552	S2
S1-418896338	S2-224520354	S2
S1-418896338	S2-792941939	S2
S1-418896338	S2-645024489	S2
S1-418896338	S2-321590098	S2
S1-418896338	S2-647040826	S2
S1-418896338	S2-961859453	S2
S1-418896338	S2-819911306	S2
S1-418896338	S2-188887388	S2
S1-418896338	S2-709994826	S2
S1-418896338	S2-567514562	S2
S1-418896338	S2-406091061	S2
S1-492793391	S2-965341745	S2
S1-492793391	S2-713109591	S2
S1-492793391	S2-464291399	S2
S1-492793391	S2-71161222	S2
S1-492793391	S2-421518911	S2
S1-492793391	S2-426632654	S2
S1-492793391	S2-476751021	S2
S1-492793391	S2-544612526	S2
S1-492793391	S2-223741344	S2
S1-492793391	S2-387930936	S2
S1-492793391	S2-178867720	S2
S1-492793391	S2-660059542	S2
S1-492793391	S2-595795733	S2
S1-492793391	S2-970558196	S2
S1-492793391	S2-236789268	S2
S1-648894561	S2-865353440	S2
S1-648894561	S2-960129567	S2
S1-648894561	S2-872209566	S2
S1-648894561	S2-764306412	S2
S1-648894561	S2-231195947	S2
S1-648894561	S2-91908767	S2
S1-648894561	S2-779614645	S2
S1-648894561	S2-772323364	S2
S1-648894561	S2-93729553	S2
S1-648894561	S2-626012117	S2
S1-648894561	S2-147418558	S2
S1-648894561	S2-914761441	S2
S1-648894561	S2-569860965	S2
S1-648894561	S2-816989315	S2
S1-648894561	S2-90112897	S2
S1-143671838	S2-20873018	S2
S1-143671838	S2-673341944	S2
S1-143671838	S2-554378599	S2
S1-143671838	S2-678818787	S2
S1-143671838	S2-815576787	S2
S1-143671838	S2-277126355	S2
S1-143671838	S2-605633090	S2
S1-143671838	S2-295564788	S2
S1-143671838	S2-138051778	S2
S1-143671838	S2-925928705	S2
S1-143671838	S2-228169316	S2
S1-143671838	S2-977796762	S2
S1-143671838	S2-421540927	S2
S1-143671838	S2-212279628	S2
S1-143671838	S2-477993186	S2
S1-851799346	S2-847374839	S2
S1-851799346	S2-133763910	S2
S1-851799346	S2-260686291	S2
S1-851799346	S2-863755882	S2
S1-851799346	S2-721241427	S2
S1-851799346	S2-607849971	S2
S1-851799346	S2-302419463	S2
S1-851799346	S2-35086639	S2
S1-851799346	S2-662221399	S2
S1-851799346	S2-406854790	S2
S1-851799346	S2-623164214	S2
S1-851799346	S2-446844245	S2
S1-851799346	S2-177779132	S2
S1-851799346	S2-228567244	S2
S1-851799346	S2-27297350	S2
S1-804171096	S2-215365689	S2
S1-804171096	S2-307690106	S2
S1-804171096	S2-888667254	S2
S1-804171096	S2-352575092	S2
S1-804171096	S2-977033809	S2
S1-804171096	S2-837615087	S2
S1-804171096	S2-221999414	S2
S1-804171096	S2-206863564	S2
S1-804171096	S2-200925331	S2
S1-804171096	S2-509937094	S2
S1-804171096	S2-696686166	S2
S1-804171096	S2-253799125	S2
S1-804171096	S2-839523258	S2
S1-804171096	S2-974623300	S2
S1-804171096	S2-564829794	S2
S1-751608780	S2-848687795	S2
S1-751608780	S2-63801241	S2
S1-751608780	S2-710175093	S2
S1-751608780	S2-996428837	S2
S1-751608780	S2-69214320	S2
S1-751608780	S2-302419463	S2
S1-751608780	S2-872823424	S2
S1-751608780	S2-804872908	S2
S1-751608780	S2-937987341	S2
S1-751608780	S2-220596390	S2
S1-751608780	S2-26126776	S2
S1-751608780	S2-802129140	S2
S1-751608780	S2-973292523	S2
S1-751608780	S2-426153797	S2
S1-751608780	S2-39617527	S2
S1-163766842	S2-317647861	S2
S1-163766842	S2-816205839	S2
S1-163766842	S2-466380342	S2
S1-163766842	S2-331797662	S2
S1-163766842	S2-792661362	S2
S1-163766842	S2-553620620	S2
S1-163766842	S2-191045664	S2
S1-163766842	S2-507619867	S2
S1-163766842	S2-178777487	S2
S1-163766842	S2-93711546	S2
S1-163766842	S2-790425886	S2
S1-163766842	S2-103317508	S2
S1-163766842	S2-637317501	S2
S1-163766842	S2-801373301	S2
S1-163766842	S2-153452187	S2
S1-569100881	S2-137062485	S2
S1-569100881	S2-847120229	S2
S1-569100881	S2-828872229	S2
S1-569100881	S2-349666272	S2
S1-569100881	S2-268504009	S2
S1-569100881	S2-103603271	S2
S1-569100881	S2-488141050	S2
S1-569100881	S2-378780545	S2
S1-569100881	S2-50513846	S2
S1-569100881	S2-574121799	S2
S1-569100881	S2-399391347	S2
S1-569100881	S2-51768850	S2
S1-569100881	S2-892909897	S2
S1-569100881	S2-75129136	S2
S1-569100881	S2-35021649	S2
S1-104955523	S2-698245094	S2
S1-104955523	S2-872319713	S2
S1-104955523	S2-846600326	S2
S1-104955523	S2-996064384	S2
S1-104955523	S2-101451801	S2
S1-104955523	S2-891406198	S2
S1-104955523	S2-145379986	S2
S1-104955523	S2-715905554	S2
S1-104955523	S2-635511596	S2
S1-104955523	S2-47749434	S2
S1-104955523	S2-426144370	S2
S1-104955523	S2-697665921	S2
S1-104955523	S2-503157961	S2
S1-104955523	S2-821982484	S2
S1-104955523	S2-712486191	S2
S1-291991311	S2-764713035	S2
S1-291991311	S2-26950925	S2
S1-291991311	S2-675296997	S2
S1-291991311	S2-918655668	S2
S1-291991311	S2-703267220	S2
S1-291991311	S2-718979866	S2
S1-291991311	S2-822346901	S2
S1-291991311	S2-254788701	S2
S1-291991311	S2-925511054	S2
S1-291991311	S2-461563520	S2
S1-291991311	S2-630651352	S2
S1-291991311	S2-438753836	S2
S1-291991311	S2-418380949	S2
S1-291991311	S2-263273654	S2
S1-291991311	S2-228779604	S2
S1-364278564	S2-782032185	S2
S1-364278564	S2-221999414	S2
S1-364278564	S2-35086639	S2
S1-364278564	S2-80378413	S2
S1-364278564	S2-716107739	S2
S1-364278564	S2-637536373	S2
S1-364278564	S2-302419463	S2
S1-364278564	S2-863755882	S2
S1-364278564	S2-406854790	S2
S1-364278564	S2-539778054	S2
S1-364278564	S2-704269513	S2
S1-364278564	S2-163159297	S2
S1-364278564	S2-867607931	S2
S1-364278564	S2-777835859	S2
S1-364278564	S2-977599464	S2
S1-965040695	S2-193955920	S2
S1-965040695	S2-888030033	S2
S1-965040695	S2-117680822	S2
S1-965040695	S2-794352292	S2
S1-965040695	S2-349666272	S2
S1-965040695	S2-409726115	S2
S1-965040695	S2-145624152	S2
S1-965040695	S2-683131470	S2
S1-965040695	S2-791990398	S2
S1-965040695	S2-507704636	S2
S1-965040695	S2-969898742	S2
S1-965040695	S2-685908264	S2
S1-965040695	S2-895860200	S2
S1-965040695	S2-29238569	S2
S1-965040695	S2-472694676	S2
S1-509571057	S2-744917936	S2
S1-509571057	S2-657092756	S2
S1-509571057	S2-466147229	S2
S1-509571057	S2-885486981	S2
S1-509571057	S2-701906667	S2
S1-509571057	S2-99445931	S2
S1-509571057	S2-248578795	S2
S1-509571057	S2-667274253	S2
S1-509571057	S2-806523322	S2
S1-509571057	S2-879330978	S2
S1-509571057	S2-163963287	S2
S1-509571057	S2-465837411	S2
S1-509571057	S2-397600396	S2
S1-509571057	S2-452973108	S2
S1-509571057	S2-590386743	S2
S1-150821320	S2-914761441	S2
S1-150821320	S2-764306412	S2
S1-150821320	S2-243813488	S2
S1-150821320	S2-375938862	S2
S1-150821320	S2-259053443	S2
S1-150821320	S2-90112897	S2
S1-150821320	S2-385922466	S2
S1-150821320	S2-772323364	S2
S1-150821320	S2-665940290	S2
S1-150821320	S2-816989315	S2
S1-150821320	S2-569860965	S2
S1-150821320	S2-293065883	S2
S1-150821320	S2-967508286	S2
S1-150821320	S2-748163379	S2
S1-150821320	S2-91908767	S2
S1-78166516	S2-510383940	S2
S1-78166516	S2-406854790	S2
S1-78166516	S2-640284162	S2
S1-78166516	S2-780123305	S2
S1-78166516	S2-516871248	S2
S1-78166516	S2-893692125	S2
S1-78166516	S2-560818510	S2
S1-78166516	S2-623705967	S2
S1-78166516	S2-477373580	S2
S1-78166516	S2-222024725	S2
S1-78166516	S2-472530538	S2
S1-78166516	S2-25787219	S2
S1-78166516	S2-802873219	S2
S1-78166516	S2-832217974	S2
S1-78166516	S2-518525663	S2
S1-112860356	S2-361966224	S2
S1-112860356	S2-126113089	S2
S1-112860356	S2-164651728	S2
S1-112860356	S2-625899005	S2
S1-112860356	S2-147418558	S2
S1-112860356	S2-333989418	S2
S1-112860356	S2-264940990	S2
S1-112860356	S2-358237238	S2
S1-112860356	S2-944030245	S2
S1-112860356	S2-205132293	S2
S1-112860356	S2-800694119	S2
S1-112860356	S2-164039123	S2
S1-112860356	S2-67201778	S2
S1-112860356	S2-640987463	S2
S1-112860356	S2-665573717	S2
S1-419129929	S2-381676404	S2
S1-419129929	S2-216434283	S2
S1-419129929	S2-947549174	S2
S1-419129929	S2-237416325	S2
S1-419129929	S2-548190668	S2
S1-419129929	S2-930351241	S2
S1-419129929	S2-814955870	S2
S1-419129929	S2-34892868	S2
S1-419129929	S2-1722538	S2
S1-419129929	S2-763813514	S2
S1-419129929	S2-678788003	S2
S1-419129929	S2-161047745	S2
S1-419129929	S2-535988246	S2
S1-419129929	S2-932626440	S2
S1-419129929	S2-327738915	S2
S1-40045119	S2-590158229	S2
S1-40045119	S2-327203402	S2
S1-40045119	S2-873624335	S2
S1-40045119	S2-268638596	S2
S1-40045119	S2-637184698	S2
S1-40045119	S2-192695882	S2
S1-40045119	S2-958296449	S2
S1-40045119	S2-705827573	S2
S1-40045119	S2-674028684	S2
S1-40045119	S2-16075678	S2
S1-40045119	S2-359710026	S2
S1-40045119	S2-683312986	S2
S1-40045119	S2-784259305	S2
S1-40045119	S2-402495223	S2
S1-40045119	S2-292552164	S2
S1-837908386	S2-368206306	S2
S1-837908386	S2-488956093	S2
S1-837908386	S2-976205330	S2
S1-837908386	S2-944772275	S2
S1-837908386	S2-459107455	S2
S1-837908386	S2-342386355	S2
S1-837908386	S2-540853782	S2
S1-837908386	S2-843071321	S2
S1-837908386	S2-338866041	S2
S1-837908386	S2-924143713	S2
S1-837908386	S2-418551982	S2
S1-837908386	S2-197696225	S2
S1-837908386	S2-998764761	S2
S1-837908386	S2-720782740	S2
S1-837908386	S2-983318792	S2
S1-967500830	S2-84982417	S2
S1-967500830	S2-250365111	S2
S1-967500830	S2-521665381	S2
S1-967500830	S2-417849143	S2
S1-967500830	S2-668014567	S2
S1-967500830	S2-820558687	S2
S1-967500830	S2-738536601	S2
S1-967500830	S2-742860190	S2
S1-967500830	S2-830888138	S2
S1-967500830	S2-170119635	S2
S1-967500830	S2-518413297	S2
S1-967500830	S2-268447092	S2
S1-967500830	S2-90995360	S2
S1-967500830	S2-65378876	S2
S1-967500830	S2-242055718	S2
S1-718976444	S2-764236252	S2
S1-718976444	S2-539943184	S2
S1-718976444	S2-152104014	S2
S1-718976444	S2-844267085	S2
S1-718976444	S2-124970234	S2
S1-718976444	S2-730588551	S2
S1-718976444	S2-200200363	S2
S1-718976444	S2-509764556	S2
S1-718976444	S2-85446560	S2
S1-718976444	S2-739603930	S2
S1-718976444	S2-712777388	S2
S1-718976444	S2-372789171	S2
S1-718976444	S2-584188304	S2
S1-718976444	S2-3987022	S2
S1-718976444	S2-815524559	S2
S1-304297041	S2-340786070	S2
S1-304297041	S2-349365849	S2
S1-304297041	S2-514200750	S2
S1-304297041	S2-455209026	S2
S1-304297041	S2-448967653	S2
S1-304297041	S2-311402763	S2
S1-304297041	S2-921362349	S2
S1-304297041	S2-164651728	S2
S1-304297041	S2-569860965	S2
S1-304297041	S2-565543920	S2
S1-304297041	S2-516946324	S2
S1-304297041	S2-892880098	S2
S1-304297041	S2-79488526	S2
S1-304297041	S2-68402423	S2
S1-304297041	S2-505041950	S2
S1-177943533	S2-937987341	S2
S1-177943533	S2-349301525	S2
S1-177943533	S2-414623921	S2
S1-177943533	S2-150965879	S2
S1-177943533	S2-202081914	S2
S1-177943533	S2-222636194	S2
S1-177943533	S2-878003016	S2
S1-177943533	S2-130460888	S2
S1-177943533	S2-377001396	S2
S1-177943533	S2-77285093	S2
S1-177943533	S2-441769049	S2
S1-177943533	S2-46777321	S2
S1-177943533	S2-28134581	S2
S1-177943533	S2-490251737	S2
S1-177943533	S2-919706463	S2
S1-868064087	S2-569860965	S2
S1-868064087	S2-777730349	S2
S1-868064087	S2-53619573	S2
S1-868064087	S2-794352292	S2
S1-868064087	S2-882459657	S2
S1-868064087	S2-921202375	S2
S1-868064087	S2-8982199	S2
S1-868064087	S2-79488526	S2
S1-868064087	S2-858691756	S2
S1-868064087	S2-978606166	S2
S1-868064087	S2-736787326	S2
S1-868064087	S2-30842411	S2
S1-868064087	S2-164651728	S2
S1-868064087	S2-644504484	S2
S1-868064087	S2-485969289	S2
S1-409256428	S2-576580892	S2
S1-409256428	S2-265891218	S2
S1-409256428	S2-864103770	S2
S1-409256428	S2-340786070	S2
S1-409256428	S2-897475107	S2
S1-409256428	S2-514200750	S2
S1-409256428	S2-349365849	S2
S1-409256428	S2-423099834	S2
S1-409256428	S2-448967653	S2
S1-409256428	S2-137335733	S2
S1-409256428	S2-311402763	S2
S1-409256428	S2-921362349	S2
S1-409256428	S2-505041950	S2
S1-409256428	S2-516946324	S2
S1-409256428	S2-68402423	S2
S1-631031485	S2-242468905	S2
S1-631031485	S2-878003016	S2
S1-631031485	S2-202081914	S2
S1-631031485	S2-883981278	S2
S1-631031485	S2-222636194	S2
S1-631031485	S2-150965879	S2
S1-631031485	S2-74877522	S2
S1-631031485	S2-130460888	S2
S1-631031485	S2-377001396	S2
S1-631031485	S2-77285093	S2
S1-631031485	S2-441769049	S2
S1-631031485	S2-46777321	S2
S1-631031485	S2-28134581	S2
S1-631031485	S2-490251737	S2
S1-631031485	S2-919706463	S2
S1-16807998	S2-321398182	S2
S1-16807998	S2-102704852	S2
S1-16807998	S2-606589402	S2
S1-16807998	S2-938612654	S2
S1-16807998	S2-239425365	S2
S1-16807998	S2-217976803	S2
S1-16807998	S2-138702507	S2
S1-16807998	S2-324372014	S2
S1-16807998	S2-775099408	S2
S1-16807998	S2-646579063	S2
S1-16807998	S2-154655572	S2
S1-16807998	S2-982950235	S2
S1-16807998	S2-648055380	S2
S1-16807998	S2-35320888	S2
S1-16807998	S2-175456325	S2
S1-600462984	S2-356220463	S2
S1-600462984	S2-108304064	S2
S1-600462984	S2-813957984	S2
S1-600462984	S2-360210911	S2
S1-600462984	S2-975334742	S2
S1-600462984	S2-143614907	S2
S1-600462984	S2-738509117	S2
S1-600462984	S2-392482719	S2
S1-600462984	S2-220948169	S2
S1-600462984	S2-820079347	S2
S1-600462984	S2-922159873	S2
S1-600462984	S2-583111097	S2
S1-600462984	S2-533183444	S2
S1-600462984	S2-694627142	S2
S1-600462984	S2-558752020	S2
S1-240050566	S2-315872469	S2
S1-240050566	S2-692060905	S2
S1-240050566	S2-253120022	S2
S1-240050566	S2-682660453	S2
S1-240050566	S2-737745236	S2
S1-240050566	S2-62315810	S2
S1-240050566	S2-89587960	S2
S1-240050566	S2-563158163	S2
S1-240050566	S2-855836919	S2
S1-240050566	S2-122570602	S2
S1-240050566	S2-784849034	S2
S1-240050566	S2-859269096	S2
S1-240050566	S2-636826764	S2
S1-240050566	S2-371168439	S2
S1-240050566	S2-894693263	S2
S1-840622396	S2-844363575	S2
S1-840622396	S2-53012167	S2
S1-840622396	S2-854959253	S2
S1-840622396	S2-254663123	S2
S1-840622396	S2-754789254	S2
S1-840622396	S2-472675182	S2
S1-840622396	S2-200288263	S2
S1-840622396	S2-441765868	S2
S1-840622396	S2-883044184	S2
S1-840622396	S2-605936287	S2
S1-840622396	S2-780872035	S2
S1-840622396	S2-284919985	S2
S1-840622396	S2-729058852	S2
S1-840622396	S2-125254201	S2
S1-840622396	S2-559968500	S2
S1-130034572	S2-795809304	S2
S1-130034572	S2-705827573	S2
S1-130034572	S2-6905210	S2
S1-130034572	S2-893074332	S2
S1-130034572	S2-895944720	S2
S1-130034572	S2-302419463	S2
S1-130034572	S2-369116881	S2
S1-130034572	S2-775233420	S2
S1-130034572	S2-802129140	S2
S1-130034572	S2-944853638	S2
S1-130034572	S2-524247699	S2
S1-130034572	S2-742406486	S2
S1-130034572	S2-783841787	S2
S1-130034572	S2-803740918	S2
S1-130034572	S2-515459751	S2
S1-164072881	S2-72591393	S2
S1-164072881	S2-48939070	S2
S1-164072881	S2-13574353	S2
S1-164072881	S2-879019234	S2
S1-164072881	S2-234262247	S2
S1-164072881	S2-109447170	S2
S1-164072881	S2-869788374	S2
S1-164072881	S2-398793962	S2
S1-164072881	S2-932096839	S2
S1-164072881	S2-419837913	S2
S1-164072881	S2-938743845	S2
S1-164072881	S2-488915476	S2
S1-164072881	S2-916238268	S2
S1-164072881	S2-680762771	S2
S1-164072881	S2-184582259	S2
S1-587645790	S2-794352292	S2
S1-587645790	S2-777730349	S2
S1-587645790	S2-564812597	S2
S1-587645790	S2-8982199	S2
S1-587645790	S2-940106616	S2
S1-587645790	S2-576312763	S2
S1-587645790	S2-773705845	S2
S1-587645790	S2-156688612	S2
S1-587645790	S2-91305348	S2
S1-587645790	S2-50083056	S2
S1-587645790	S2-259929846	S2
S1-587645790	S2-532389987	S2
S1-587645790	S2-629880378	S2
S1-587645790	S2-525859393	S2
S1-587645790	S2-921202375	S2
S1-577250550	S2-840538759	S2
S1-577250550	S2-622519132	S2
S1-577250550	S2-945865905	S2
S1-577250550	S2-814955870	S2
S1-577250550	S2-981550471	S2
S1-577250550	S2-810843780	S2
S1-577250550	S2-193389855	S2
S1-577250550	S2-824685628	S2
S1-577250550	S2-448710587	S2
S1-577250550	S2-808728262	S2
S1-577250550	S2-830783927	S2
S1-577250550	S2-735910191	S2
S1-577250550	S2-94339175	S2
S1-577250550	S2-127778636	S2
S1-577250550	S2-460653265	S2
S1-487652257	S2-477675434	S2
S1-487652257	S2-461664377	S2
S1-487652257	S2-741566402	S2
S1-487652257	S2-794926277	S2
S1-487652257	S2-333359081	S2
S1-487652257	S2-521121876	S2
S1-487652257	S2-325615566	S2
S1-487652257	S2-802873219	S2
S1-487652257	S2-428415426	S2
S1-487652257	S2-202057528	S2
S1-487652257	S2-27503468	S2
S1-487652257	S2-402816014	S2
S1-487652257	S2-7352143	S2
S1-487652257	S2-852115447	S2
S1-487652257	S2-434575880	S2
S1-281725882	S2-95424985	S2
S1-281725882	S2-382657775	S2
S1-281725882	S2-602353889	S2
S1-281725882	S2-401408311	S2
S1-281725882	S2-684635925	S2
S1-281725882	S2-124970234	S2
S1-281725882	S2-522109781	S2
S1-281725882	S2-213113754	S2
S1-281725882	S2-856654739	S2
S1-281725882	S2-802075529	S2
S1-281725882	S2-1618286	S2
S1-281725882	S2-681634213	S2
S1-281725882	S2-483453128	S2
S1-281725882	S2-674315309	S2
S1-281725882	S2-915769300	S2
S1-562163221	S2-74992830	S2
S1-562163221	S2-707420806	S2
S1-562163221	S2-972051451	S2
S1-562163221	S2-424537185	S2
S1-562163221	S2-17933853	S2
S1-562163221	S2-645440237	S2
S1-562163221	S2-576580892	S2
S1-562163221	S2-60818919	S2
S1-562163221	S2-733025108	S2
S1-562163221	S2-281309190	S2
S1-562163221	S2-882915480	S2
S1-562163221	S2-619664055	S2
S1-562163221	S2-713109591	S2
S1-562163221	S2-512950951	S2
S1-562163221	S2-726813453	S2
S1-92502000	S2-748325649	S2
S1-92502000	S2-220845632	S2
S1-92502000	S2-205132293	S2
S1-92502000	S2-882915480	S2
S1-92502000	S2-592650888	S2
S1-92502000	S2-981550471	S2
S1-92502000	S2-99468652	S2
S1-92502000	S2-147321898	S2
S1-92502000	S2-256518183	S2
S1-92502000	S2-242582700	S2
S1-92502000	S2-810843780	S2
S1-92502000	S2-192695882	S2
S1-92502000	S2-492444908	S2
S1-92502000	S2-448710587	S2
S1-92502000	S2-814955870	S2
S1-268149339	S2-168560796	S2
S1-268149339	S2-802075529	S2
S1-268149339	S2-253412037	S2
S1-268149339	S2-322536831	S2
S1-268149339	S2-518721601	S2
S1-268149339	S2-2307515	S2
S1-268149339	S2-469073813	S2
S1-268149339	S2-566293411	S2
S1-268149339	S2-775394710	S2
S1-268149339	S2-245909245	S2
S1-268149339	S2-715327535	S2
S1-268149339	S2-3914789	S2
S1-268149339	S2-889852631	S2
S1-268149339	S2-997165561	S2
S1-268149339	S2-905737147	S2
S1-667406578	S2-287300820	S2
S1-667406578	S2-343655850	S2
S1-667406578	S2-704012671	S2
S1-667406578	S2-947466256	S2
S1-667406578	S2-70991129	S2
S1-667406578	S2-564777969	S2
S1-667406578	S2-150882117	S2
S1-667406578	S2-287275758	S2
S1-667406578	S2-959734804	S2
S1-667406578	S2-318784543	S2
S1-667406578	S2-466380342	S2
S1-667406578	S2-310050325	S2
S1-667406578	S2-290977286	S2
S1-667406578	S2-143614907	S2
S1-667406578	S2-996679134	S2
S1-908498505	S2-956119495	S2
S1-908498505	S2-704449115	S2
S1-908498505	S2-803100423	S2
S1-908498505	S2-202394836	S2
S1-908498505	S2-862759276	S2
S1-908498505	S2-630772014	S2
S1-908498505	S2-155574448	S2
S1-908498505	S2-122944993	S2
S1-908498505	S2-848711718	S2
S1-908498505	S2-223493773	S2
S1-908498505	S2-655804813	S2
S1-908498505	S2-81664343	S2
S1-908498505	S2-94751831	S2
S1-908498505	S2-177918546	S2
S1-908498505	S2-44100844	S2
S1-156883486	S2-997285082	S2
S1-156883486	S2-824783934	S2
S1-156883486	S2-419789553	S2
S1-156883486	S2-420385975	S2
S1-156883486	S2-247565679	S2
S1-156883486	S2-572367141	S2
S1-156883486	S2-591536531	S2
S1-156883486	S2-714768922	S2
S1-156883486	S2-448604943	S2
S1-156883486	S2-468234939	S2
S1-156883486	S2-820761727	S2
S1-156883486	S2-537803499	S2
S1-156883486	S2-178971361	S2
S1-156883486	S2-913240757	S2
S1-156883486	S2-195768351	S2
S1-368846142	S2-929646481	S2
S1-368846142	S2-156443143	S2
S1-368846142	S2-418691151	S2
S1-368846142	S2-736654053	S2
S1-368846142	S2-66640013	S2
S1-368846142	S2-764430935	S2
S1-368846142	S2-602695064	S2
S1-368846142	S2-784849034	S2
S1-368846142	S2-144437050	S2
S1-368846142	S2-822377517	S2
S1-368846142	S2-54307441	S2
S1-368846142	S2-730043743	S2
S1-368846142	S2-766743346	S2
S1-368846142	S2-988430985	S2
S1-368846142	S2-888017647	S2
S1-231101064	S2-830803484	S2
S1-231101064	S2-22805370	S2
S1-231101064	S2-153359899	S2
S1-231101064	S2-118711492	S2
S1-231101064	S2-224839523	S2
S1-231101064	S2-93981671	S2
S1-231101064	S2-247565679	S2
S1-231101064	S2-431904537	S2
S1-231101064	S2-947153697	S2
S1-231101064	S2-878671698	S2
S1-231101064	S2-623163178	S2
S1-231101064	S2-265295979	S2
S1-231101064	S2-609334836	S2
S1-231101064	S2-603052709	S2
S1-231101064	S2-342386355	S2
S1-372903225	S2-727570982	S2
S1-372903225	S2-945813340	S2
S1-372903225	S2-831625227	S2
S1-372903225	S2-67505679	S2
S1-372903225	S2-808715382	S2
S1-372903225	S2-529318908	S2
S1-372903225	S2-518525663	S2
S1-372903225	S2-408865400	S2
S1-372903225	S2-126506454	S2
S1-372903225	S2-143232725	S2
S1-372903225	S2-670948516	S2
S1-372903225	S2-777730349	S2
S1-372903225	S2-8982199	S2
S1-372903225	S2-724723594	S2
S1-372903225	S2-914794752	S2
S1-621386822	S2-940106616	S2
S1-621386822	S2-576312763	S2
S1-621386822	S2-773705845	S2
S1-621386822	S2-3914789	S2
S1-621386822	S2-699970234	S2
S1-621386822	S2-156688612	S2
S1-621386822	S2-91305348	S2
S1-621386822	S2-50083056	S2
S1-621386822	S2-772323364	S2
S1-621386822	S2-816989315	S2
S1-621386822	S2-532389987	S2
S1-621386822	S2-259929846	S2
S1-621386822	S2-629880378	S2
S1-621386822	S2-525859393	S2
S1-621386822	S2-921202375	S2
S1-238012566	S2-698567775	S2
S1-238012566	S2-950124108	S2
S1-238012566	S2-874782865	S2
S1-238012566	S2-646192031	S2
S1-238012566	S2-812894315	S2
S1-238012566	S2-456020855	S2
S1-238012566	S2-543049878	S2
S1-238012566	S2-339680178	S2
S1-238012566	S2-383956381	S2
S1-238012566	S2-324596369	S2
S1-238012566	S2-256172355	S2
S1-238012566	S2-130488242	S2
S1-238012566	S2-667620668	S2
S1-238012566	S2-947549174	S2
S1-238012566	S2-635730595	S2
S1-96384915	S2-867710047	S2
S1-96384915	S2-826607227	S2
S1-96384915	S2-810843780	S2
S1-96384915	S2-378867947	S2
S1-96384915	S2-835613264	S2
S1-96384915	S2-509764556	S2
S1-96384915	S2-132543275	S2
S1-96384915	S2-258046397	S2
S1-96384915	S2-748268413	S2
S1-96384915	S2-975023541	S2
S1-96384915	S2-398460096	S2
S1-96384915	S2-802130222	S2
S1-96384915	S2-731588087	S2
S1-96384915	S2-876721131	S2
S1-96384915	S2-477993186	S2
S1-307702274	S2-352464995	S2
S1-307702274	S2-559859533	S2
S1-307702274	S2-265891218	S2
S1-307702274	S2-846262463	S2
S1-307702274	S2-258046397	S2
S1-307702274	S2-402548315	S2
S1-307702274	S2-788754887	S2
S1-307702274	S2-873177396	S2
S1-307702274	S2-220845632	S2
S1-307702274	S2-895798537	S2
S1-307702274	S2-620110385	S2
S1-307702274	S2-335124172	S2
S1-307702274	S2-975023541	S2
S1-307702274	S2-99468652	S2
S1-307702274	S2-242582700	S2
S1-933356469	S2-891948772	S2
S1-933356469	S2-977609843	S2
S1-933356469	S2-395800668	S2
S1-933356469	S2-162977382	S2
S1-933356469	S2-609911019	S2
S1-933356469	S2-371437571	S2
S1-933356469	S2-889578554	S2
S1-933356469	S2-803100423	S2
S1-933356469	S2-583891679	S2
S1-933356469	S2-258702122	S2
S1-933356469	S2-688657051	S2
S1-933356469	S2-342482411	S2
S1-933356469	S2-829598251	S2
S1-933356469	S2-859726068	S2
S1-933356469	S2-889497510	S2
S1-164830224	S2-918349502	S2
S1-164830224	S2-557520173	S2
S1-164830224	S2-16801220	S2
S1-164830224	S2-813569572	S2
S1-164830224	S2-707037561	S2
S1-164830224	S2-566627479	S2
S1-164830224	S2-819911306	S2
S1-164830224	S2-73262730	S2
S1-164830224	S2-66236312	S2
S1-164830224	S2-386366146	S2
S1-164830224	S2-64494419	S2
S1-164830224	S2-799238901	S2
S1-164830224	S2-71529448	S2
S1-164830224	S2-418691151	S2
S1-164830224	S2-508784928	S2
S1-100405609	S2-696686166	S2
S1-100405609	S2-472530538	S2
S1-100405609	S2-282390486	S2
S1-100405609	S2-212582677	S2
S1-100405609	S2-88437832	S2
S1-100405609	S2-498215317	S2
S1-100405609	S2-780123305	S2
S1-100405609	S2-832217974	S2
S1-100405609	S2-147367965	S2
S1-100405609	S2-789711070	S2
S1-100405609	S2-843071321	S2
S1-100405609	S2-727779637	S2
S1-100405609	S2-105086356	S2
S1-100405609	S2-518525663	S2
S1-100405609	S2-873164808	S2
S1-234407650	S2-215156674	S2
S1-234407650	S2-620482053	S2
S1-234407650	S2-661443009	S2
S1-234407650	S2-136235099	S2
S1-234407650	S2-910067788	S2
S1-234407650	S2-52135149	S2
S1-234407650	S2-434463442	S2
S1-234407650	S2-416243900	S2
S1-234407650	S2-324596369	S2
S1-234407650	S2-520441214	S2
S1-234407650	S2-374447205	S2
S1-234407650	S2-416300306	S2
S1-234407650	S2-696617658	S2
S1-234407650	S2-582629579	S2
S1-234407650	S2-344874828	S2
S1-725482440	S2-200200363	S2
S1-725482440	S2-487803690	S2
S1-725482440	S2-449660364	S2
S1-725482440	S2-859393404	S2
S1-725482440	S2-945813340	S2
S1-725482440	S2-12970251	S2
S1-725482440	S2-187593824	S2
S1-725482440	S2-506682722	S2
S1-725482440	S2-695240341	S2
S1-725482440	S2-137335733	S2
S1-725482440	S2-529318908	S2
S1-725482440	S2-892880098	S2
S1-725482440	S2-256451765	S2
S1-725482440	S2-831625227	S2
S1-725482440	S2-391886434	S2
S1-192345497	S2-518525663	S2
S1-192345497	S2-63261077	S2
S1-192345497	S2-8982199	S2
S1-192345497	S2-713920891	S2
S1-192345497	S2-111237832	S2
S1-192345497	S2-882459657	S2
S1-192345497	S2-698383825	S2
S1-192345497	S2-788168060	S2
S1-192345497	S2-956608424	S2
S1-192345497	S2-278045217	S2
S1-192345497	S2-143232725	S2
S1-192345497	S2-354091917	S2
S1-192345497	S2-569515778	S2
S1-192345497	S2-839751839	S2
S1-192345497	S2-582984116	S2
S1-622515318	S2-67505679	S2
S1-622515318	S2-354227046	S2
S1-622515318	S2-921202375	S2
S1-622515318	S2-136305349	S2
S1-622515318	S2-907018183	S2
S1-622515318	S2-8982199	S2
S1-622515318	S2-983514167	S2
S1-622515318	S2-241868453	S2
S1-622515318	S2-147418558	S2
S1-622515318	S2-775099408	S2
S1-622515318	S2-199635728	S2
S1-622515318	S2-324372014	S2
S1-622515318	S2-665463193	S2
S1-622515318	S2-23933178	S2
S1-622515318	S2-164651728	S2
S1-59409377	S2-9550244	S2
S1-59409377	S2-731649105	S2
S1-59409377	S2-237726767	S2
S1-59409377	S2-452973108	S2
S1-59409377	S2-827093547	S2
S1-59409377	S2-366986483	S2
S1-59409377	S2-983514167	S2
S1-59409377	S2-876145747	S2
S1-59409377	S2-240326327	S2
S1-59409377	S2-683730928	S2
S1-59409377	S2-527059989	S2
S1-59409377	S2-968244171	S2
S1-59409377	S2-144437050	S2
S1-59409377	S2-953005146	S2
S1-59409377	S2-682964593	S2
S1-319952925	S2-377001396	S2
S1-319952925	S2-130460888	S2
S1-319952925	S2-698567775	S2
S1-319952925	S2-46777321	S2
S1-319952925	S2-28134581	S2
S1-319952925	S2-872566864	S2
S1-319952925	S2-994612767	S2
S1-319952925	S2-441769049	S2
S1-319952925	S2-919706463	S2
S1-319952925	S2-490251737	S2
S1-319952925	S2-77285093	S2
S1-319952925	S2-53273621	S2
S1-319952925	S2-43073112	S2
S1-319952925	S2-966475004	S2
S1-319952925	S2-636634036	S2
S1-111867989	S2-296670248	S2
S1-111867989	S2-858423651	S2
S1-111867989	S2-540745651	S2
S1-111867989	S2-144609625	S2
S1-111867989	S2-828544692	S2
S1-111867989	S2-100798928	S2
S1-111867989	S2-478830670	S2
S1-111867989	S2-591398537	S2
S1-111867989	S2-357197766	S2
S1-111867989	S2-287588845	S2
S1-111867989	S2-222540081	S2
S1-111867989	S2-187499079	S2
S1-111867989	S2-661036235	S2
S1-111867989	S2-848878443	S2
S1-111867989	S2-846975420	S2
S1-580992307	S2-623817123	S2
S1-580992307	S2-441422968	S2
S1-580992307	S2-145624152	S2
S1-580992307	S2-92835928	S2
S1-580992307	S2-153046971	S2
S1-580992307	S2-150634918	S2
S1-580992307	S2-22700931	S2
S1-580992307	S2-324372014	S2
S1-580992307	S2-102704852	S2
S1-580992307	S2-882459657	S2
S1-580992307	S2-731649105	S2
S1-580992307	S2-672321572	S2
S1-580992307	S2-411547279	S2
S1-580992307	S2-991981696	S2
S1-580992307	S2-223493773	S2
S1-684624531	S2-135305339	S2
S1-684624531	S2-956132872	S2
S1-684624531	S2-258904656	S2
S1-684624531	S2-326946504	S2
S1-684624531	S2-630688873	S2
S1-684624531	S2-335038001	S2
S1-684624531	S2-180999100	S2
S1-684624531	S2-532020500	S2
S1-684624531	S2-850499815	S2
S1-684624531	S2-210601194	S2
S1-684624531	S2-213099480	S2
S1-684624531	S2-469073813	S2
S1-684624531	S2-684635925	S2
S1-684624531	S2-838493982	S2
S1-684624531	S2-22700931	S2
S1-744424482	S2-162252776	S2
S1-744424482	S2-250788994	S2
S1-744424482	S2-213100180	S2
S1-744424482	S2-425338531	S2
S1-744424482	S2-480877177	S2
S1-744424482	S2-49714549	S2
S1-744424482	S2-34892868	S2
S1-744424482	S2-477346021	S2
S1-744424482	S2-595913199	S2
S1-744424482	S2-439483413	S2
S1-744424482	S2-23854429	S2
S1-744424482	S2-859321758	S2
S1-744424482	S2-105671746	S2
S1-744424482	S2-678818787	S2
S1-744424482	S2-196088758	S2
S1-160617128	S2-91908767	S2
S1-160617128	S2-409726115	S2
S1-160617128	S2-591398537	S2
S1-160617128	S2-105671746	S2
S1-160617128	S2-399052000	S2
S1-160617128	S2-946589159	S2
S1-160617128	S2-214447140	S2
S1-160617128	S2-134697040	S2
S1-160617128	S2-329607640	S2
S1-160617128	S2-635002967	S2
S1-160617128	S2-679190243	S2
S1-160617128	S2-85446560	S2
S1-160617128	S2-800694119	S2
S1-160617128	S2-507569300	S2
S1-160617128	S2-371549760	S2
S1-388951829	S2-344621502	S2
S1-388951829	S2-884331770	S2
S1-388951829	S2-187514897	S2
S1-388951829	S2-165863386	S2
S1-388951829	S2-964833935	S2
S1-388951829	S2-760621281	S2
S1-388951829	S2-91305348	S2
S1-388951829	S2-494828371	S2
S1-388951829	S2-156460390	S2
S1-388951829	S2-814881099	S2
S1-388951829	S2-59175936	S2
S1-388951829	S2-889222096	S2
S1-388951829	S2-317079908	S2
S1-388951829	S2-660017999	S2
S1-388951829	S2-402444489	S2
S1-502282153	S2-801352391	S2
S1-502282153	S2-891406198	S2
S1-502282153	S2-374185954	S2
S1-502282153	S2-854546683	S2
S1-502282153	S2-874757538	S2
S1-502282153	S2-599864991	S2
S1-502282153	S2-378055021	S2
S1-502282153	S2-233123309	S2
S1-502282153	S2-355967072	S2
S1-502282153	S2-960892569	S2
S1-502282153	S2-276674538	S2
S1-502282153	S2-494905313	S2
S1-502282153	S2-927572293	S2
S1-502282153	S2-390971137	S2
S1-502282153	S2-49312012	S2
S1-554328643	S2-382118226	S2
S1-554328643	S2-460821959	S2
S1-554328643	S2-153046971	S2
S1-554328643	S2-940079305	S2
S1-554328643	S2-777835859	S2
S1-554328643	S2-572650198	S2
S1-554328643	S2-256236598	S2
S1-554328643	S2-944853638	S2
S1-554328643	S2-836846019	S2
S1-554328643	S2-902261581	S2
S1-554328643	S2-47749434	S2
S1-554328643	S2-868365106	S2
S1-554328643	S2-563644814	S2
S1-554328643	S2-960361858	S2
S1-554328643	S2-535988246	S2
S1-959189311	S2-369116881	S2
S1-959189311	S2-986923268	S2
S1-959189311	S2-802129140	S2
S1-959189311	S2-652123001	S2
S1-959189311	S2-742406486	S2
S1-959189311	S2-268638596	S2
S1-959189311	S2-327203402	S2
S1-959189311	S2-958296449	S2
S1-959189311	S2-637184698	S2
S1-959189311	S2-16075678	S2
S1-959189311	S2-674028684	S2
S1-959189311	S2-292552164	S2
S1-959189311	S2-359710026	S2
S1-959189311	S2-784259305	S2
S1-959189311	S2-402495223	S2
S1-355110377	S2-461664377	S2
S1-355110377	S2-816119025	S2
S1-355110377	S2-92758088	S2
S1-355110377	S2-731531571	S2
S1-355110377	S2-307272578	S2
S1-355110377	S2-938612654	S2
S1-355110377	S2-400230753	S2
S1-355110377	S2-484254734	S2
S1-355110377	S2-29108033	S2
S1-355110377	S2-155636061	S2
S1-355110377	S2-2670847	S2
S1-355110377	S2-971491700	S2
S1-355110377	S2-438972703	S2
S1-355110377	S2-910212980	S2
S1-355110377	S2-75150479	S2
S1-419243203	S2-955315930	S2
S1-419243203	S2-837096453	S2
S1-419243203	S2-895944134	S2
S1-419243203	S2-460821959	S2
S1-419243203	S2-787718430	S2
S1-419243203	S2-109121051	S2
S1-419243203	S2-706697011	S2
S1-419243203	S2-516216793	S2
S1-419243203	S2-55073412	S2
S1-419243203	S2-634180182	S2
S1-419243203	S2-517966898	S2
S1-419243203	S2-426259815	S2
S1-419243203	S2-496777850	S2
S1-419243203	S2-961859453	S2
S1-419243203	S2-472530538	S2
S1-791484925	S2-391886434	S2
S1-791484925	S2-256451765	S2
S1-791484925	S2-12970251	S2
S1-791484925	S2-506682722	S2
S1-791484925	S2-104641729	S2
S1-791484925	S2-287588845	S2
S1-791484925	S2-357197766	S2
S1-791484925	S2-222540081	S2
S1-791484925	S2-695240341	S2
S1-791484925	S2-828544692	S2
S1-791484925	S2-187499079	S2
S1-791484925	S2-661036235	S2
S1-791484925	S2-846975420	S2
S1-791484925	S2-848878443	S2
S1-791484925	S2-859393404	S2
S1-607311453	S2-98331541	S2
S1-607311453	S2-58825780	S2
S1-607311453	S2-426439815	S2
S1-607311453	S2-308734653	S2
S1-607311453	S2-833900025	S2
S1-607311453	S2-40746806	S2
S1-607311453	S2-332764638	S2
S1-607311453	S2-741639927	S2
S1-607311453	S2-721241427	S2
S1-607311453	S2-698383825	S2
S1-607311453	S2-369116881	S2
S1-607311453	S2-662221399	S2
S1-607311453	S2-811863966	S2
S1-607311453	S2-824972458	S2
S1-607311453	S2-946872072	S2
S1-823066174	S2-134697040	S2
S1-823066174	S2-779614645	S2
S1-823066174	S2-635002967	S2
S1-823066174	S2-772323364	S2
S1-823066174	S2-679190243	S2
S1-823066174	S2-85446560	S2
S1-823066174	S2-800694119	S2
S1-823066174	S2-507569300	S2
S1-823066174	S2-626012117	S2
S1-823066174	S2-914761441	S2
S1-823066174	S2-91908767	S2
S1-823066174	S2-371549760	S2
S1-823066174	S2-569860965	S2
S1-823066174	S2-816989315	S2
S1-823066174	S2-90112897	S2
S1-169036830	S2-369458829	S2
S1-169036830	S2-126113089	S2
S1-169036830	S2-489461707	S2
S1-169036830	S2-176968531	S2
S1-169036830	S2-229217508	S2
S1-169036830	S2-116895038	S2
S1-169036830	S2-672736825	S2
S1-169036830	S2-779197401	S2
S1-169036830	S2-918917310	S2
S1-169036830	S2-800098684	S2
S1-169036830	S2-476714949	S2
S1-169036830	S2-236577190	S2
S1-169036830	S2-570512018	S2
S1-169036830	S2-385325065	S2
S1-169036830	S2-23812106	S2
S1-345107626	S2-13574353	S2
S1-345107626	S2-200200363	S2
S1-345107626	S2-517668630	S2
S1-345107626	S2-164646602	S2
S1-345107626	S2-945813340	S2
S1-345107626	S2-243092207	S2
S1-345107626	S2-488915476	S2
S1-345107626	S2-808715382	S2
S1-345107626	S2-680762771	S2
S1-345107626	S2-293011085	S2
S1-345107626	S2-683312986	S2
S1-345107626	S2-863824251	S2
S1-345107626	S2-109447170	S2
S1-345107626	S2-351945894	S2
S1-345107626	S2-848024418	S2
S1-748540962	S2-672736825	S2
S1-748540962	S2-843741773	S2
S1-748540962	S2-329607640	S2
S1-748540962	S2-487803690	S2
S1-748540962	S2-362602827	S2
S1-748540962	S2-748325649	S2
S1-748540962	S2-8982199	S2
S1-748540962	S2-503157961	S2
S1-748540962	S2-126113089	S2
S1-748540962	S2-369458829	S2
S1-748540962	S2-640420911	S2
S1-748540962	S2-91305348	S2
S1-748540962	S2-26324258	S2
S1-748540962	S2-833227760	S2
S1-748540962	S2-512382393	S2
S1-277014552	S2-375938862	S2
S1-277014552	S2-259053443	S2
S1-277014552	S2-764306412	S2
S1-277014552	S2-90112897	S2
S1-277014552	S2-231688856	S2
S1-277014552	S2-385922466	S2
S1-277014552	S2-665940290	S2
S1-277014552	S2-772323364	S2
S1-277014552	S2-978606166	S2
S1-277014552	S2-816989315	S2
S1-277014552	S2-569860965	S2
S1-277014552	S2-293065883	S2
S1-277014552	S2-967508286	S2
S1-277014552	S2-748163379	S2
S1-277014552	S2-91908767	S2
S1-912273534	S2-318217219	S2
S1-912273534	S2-411345119	S2
S1-912273534	S2-116895038	S2
S1-912273534	S2-802129140	S2
S1-912273534	S2-570512018	S2
S1-912273534	S2-764879575	S2
S1-912273534	S2-915229145	S2
S1-912273534	S2-450445631	S2
S1-912273534	S2-138068334	S2
S1-912273534	S2-773750717	S2
S1-912273534	S2-541570442	S2
S1-912273534	S2-848711718	S2
S1-912273534	S2-525338352	S2
S1-912273534	S2-575813071	S2
S1-912273534	S2-456180704	S2
S1-456715439	S2-60794651	S2
S1-456715439	S2-916238268	S2
S1-456715439	S2-339680178	S2
S1-456715439	S2-772922754	S2
S1-456715439	S2-209093728	S2
S1-456715439	S2-513550621	S2
S1-456715439	S2-583111097	S2
S1-456715439	S2-862759276	S2
S1-456715439	S2-646080124	S2
S1-456715439	S2-119087459	S2
S1-456715439	S2-877823257	S2
S1-456715439	S2-197625218	S2
S1-456715439	S2-466667272	S2
S1-456715439	S2-150746027	S2
S1-456715439	S2-964240180	S2
S1-637465929	S2-293065883	S2
S1-637465929	S2-243813488	S2
S1-637465929	S2-259053443	S2
S1-637465929	S2-403364722	S2
S1-637465929	S2-375938862	S2
S1-637465929	S2-385922466	S2
S1-637465929	S2-665940290	S2
S1-637465929	S2-797821871	S2
S1-637465929	S2-885381494	S2
S1-637465929	S2-748163379	S2
S1-637465929	S2-414238106	S2
S1-637465929	S2-967508286	S2
S1-637465929	S2-91908767	S2
S1-637465929	S2-672381387	S2
S1-637465929	S2-814052487	S2
S1-526349990	S2-872823424	S2
S1-526349990	S2-985375674	S2
S1-526349990	S2-764573417	S2
S1-526349990	S2-563814105	S2
S1-526349990	S2-721104467	S2
S1-526349990	S2-623758944	S2
S1-526349990	S2-131488214	S2
S1-526349990	S2-456598271	S2
S1-526349990	S2-998406285	S2
S1-526349990	S2-623626120	S2
S1-526349990	S2-494905313	S2
S1-526349990	S2-493765804	S2
S1-526349990	S2-888440125	S2
S1-526349990	S2-853275037	S2
S1-526349990	S2-333785505	S2
S1-296323848	S2-764306412	S2
S1-296323848	S2-243813488	S2
S1-296323848	S2-375938862	S2
S1-296323848	S2-90112897	S2
S1-296323848	S2-259053443	S2
S1-296323848	S2-385922466	S2
S1-296323848	S2-772323364	S2
S1-296323848	S2-665940290	S2
S1-296323848	S2-146095676	S2
S1-296323848	S2-816989315	S2
S1-296323848	S2-569860965	S2
S1-296323848	S2-293065883	S2
S1-296323848	S2-967508286	S2
S1-296323848	S2-748163379	S2
S1-296323848	S2-91908767	S2
S1-547546143	S2-8982199	S2
S1-547546143	S2-349666272	S2
S1-547546143	S2-145624152	S2
S1-547546143	S2-892880098	S2
S1-547546143	S2-590714216	S2
S1-547546143	S2-22700931	S2
S1-547546143	S2-138051778	S2
S1-547546143	S2-884083511	S2
S1-547546143	S2-882459657	S2
S1-547546143	S2-797821871	S2
S1-547546143	S2-532776476	S2
S1-547546143	S2-109905092	S2
S1-547546143	S2-311029819	S2
S1-547546143	S2-322536831	S2
S1-547546143	S2-742941063	S2
S1-80960427	S2-464291399	S2
S1-80960427	S2-630772014	S2
S1-80960427	S2-965341745	S2
S1-80960427	S2-71161222	S2
S1-80960427	S2-421518911	S2
S1-80960427	S2-426632654	S2
S1-80960427	S2-476751021	S2
S1-80960427	S2-544612526	S2
S1-80960427	S2-223741344	S2
S1-80960427	S2-387930936	S2
S1-80960427	S2-178867720	S2
S1-80960427	S2-660059542	S2
S1-80960427	S2-970558196	S2
S1-80960427	S2-595795733	S2
S1-80960427	S2-236789268	S2
S1-609323033	S2-788195957	S2
S1-609323033	S2-469073813	S2
S1-609323033	S2-751588111	S2
S1-609323033	S2-213099480	S2
S1-609323033	S2-459018782	S2
S1-609323033	S2-963646032	S2
S1-609323033	S2-859393404	S2
S1-609323033	S2-537858187	S2
S1-609323033	S2-568951817	S2
S1-609323033	S2-794412447	S2
S1-609323033	S2-838493982	S2
S1-609323033	S2-630688873	S2
S1-609323033	S2-326946504	S2
S1-609323033	S2-335038001	S2
S1-609323033	S2-210601194	S2
S1-523354110	S2-532389987	S2
S1-523354110	S2-281803835	S2
S1-523354110	S2-708389947	S2
S1-523354110	S2-625899005	S2
S1-523354110	S2-882819261	S2
S1-523354110	S2-264940990	S2
S1-523354110	S2-333989418	S2
S1-523354110	S2-358237238	S2
S1-523354110	S2-944030245	S2
S1-523354110	S2-205132293	S2
S1-523354110	S2-67201778	S2
S1-523354110	S2-800694119	S2
S1-523354110	S2-164039123	S2
S1-523354110	S2-640987463	S2
S1-523354110	S2-665573717	S2
S1-231416129	S2-330251499	S2
S1-231416129	S2-824972458	S2
S1-231416129	S2-175865714	S2
S1-231416129	S2-407917981	S2
S1-231416129	S2-251270580	S2
S1-231416129	S2-582932642	S2
S1-231416129	S2-721241427	S2
S1-231416129	S2-193995593	S2
S1-231416129	S2-741639927	S2
S1-231416129	S2-662221399	S2
S1-231416129	S2-62736893	S2
S1-231416129	S2-608615424	S2
S1-231416129	S2-459018782	S2
S1-231416129	S2-792661362	S2
S1-231416129	S2-884331770	S2
S1-460133008	S2-972130692	S2
S1-460133008	S2-369527493	S2
S1-460133008	S2-463617918	S2
S1-460133008	S2-418033252	S2
S1-460133008	S2-662425862	S2
S1-460133008	S2-694627142	S2
S1-460133008	S2-903979096	S2
S1-460133008	S2-645024049	S2
S1-460133008	S2-667274253	S2
S1-460133008	S2-567514562	S2
S1-460133008	S2-953675570	S2
S1-460133008	S2-776409894	S2
S1-460133008	S2-843741773	S2
S1-460133008	S2-527812446	S2
S1-460133008	S2-906609960	S2
S1-676648395	S2-536231721	S2
S1-676648395	S2-609292694	S2
S1-676648395	S2-848946610	S2
S1-676648395	S2-330228627	S2
S1-676648395	S2-874162453	S2
S1-676648395	S2-293670539	S2
S1-676648395	S2-196618803	S2
S1-676648395	S2-345516678	S2
S1-676648395	S2-135305339	S2
S1-676648395	S2-631410361	S2
S1-676648395	S2-878639783	S2
S1-676648395	S2-800014563	S2
S1-676648395	S2-335124172	S2
S1-676648395	S2-620110385	S2
S1-676648395	S2-418175589	S2
S1-972836911	S2-561796765	S2
S1-972836911	S2-867614780	S2
S1-972836911	S2-602695064	S2
S1-972836911	S2-548633980	S2
S1-972836911	S2-384219063	S2
S1-972836911	S2-195972156	S2
S1-972836911	S2-512060211	S2
S1-972836911	S2-527059989	S2
S1-972836911	S2-895944720	S2
S1-972836911	S2-23812106	S2
S1-972836911	S2-813862982	S2
S1-972836911	S2-67633039	S2
S1-972836911	S2-515473872	S2
S1-972836911	S2-715352193	S2
S1-972836911	S2-712174856	S2
S1-292830915	S2-853275037	S2
S1-292830915	S2-92469603	S2
S1-292830915	S2-795809304	S2
S1-292830915	S2-485599345	S2
S1-292830915	S2-68483150	S2
S1-292830915	S2-482219416	S2
S1-292830915	S2-701563511	S2
S1-292830915	S2-908719488	S2
S1-292830915	S2-71201246	S2
S1-292830915	S2-195972156	S2
S1-292830915	S2-900515245	S2
S1-292830915	S2-644264374	S2
S1-292830915	S2-528143818	S2
S1-292830915	S2-955679080	S2
S1-292830915	S2-585835879	S2
S1-51101506	S2-549354680	S2
S1-51101506	S2-674862293	S2
S1-51101506	S2-727570982	S2
S1-51101506	S2-219432880	S2
S1-51101506	S2-631410361	S2
S1-51101506	S2-381676404	S2
S1-51101506	S2-190642185	S2
S1-51101506	S2-889497510	S2
S1-51101506	S2-913033756	S2
S1-51101506	S2-81084363	S2
S1-51101506	S2-513883989	S2
S1-51101506	S2-651190084	S2
S1-51101506	S2-213099480	S2
S1-51101506	S2-332453876	S2
S1-51101506	S2-944030245	S2
S1-509332273	S2-370549501	S2
S1-509332273	S2-409555983	S2
S1-509332273	S2-794352292	S2
S1-509332273	S2-670948516	S2
S1-509332273	S2-975023541	S2
S1-509332273	S2-8982199	S2
S1-509332273	S2-921202375	S2
S1-509332273	S2-105898926	S2
S1-509332273	S2-351773656	S2
S1-509332273	S2-915202445	S2
S1-509332273	S2-415834554	S2
S1-509332273	S2-534906411	S2
S1-509332273	S2-599195929	S2
S1-509332273	S2-186918703	S2
S1-509332273	S2-907307129	S2
S1-127222577	S2-569860965	S2
S1-127222577	S2-23933178	S2
S1-127222577	S2-164651728	S2
S1-127222577	S2-158902765	S2
S1-127222577	S2-975285928	S2
S1-127222577	S2-157735411	S2
S1-127222577	S2-505041950	S2
S1-127222577	S2-939986664	S2
S1-127222577	S2-921274499	S2
S1-127222577	S2-265891218	S2
S1-127222577	S2-892880098	S2
S1-127222577	S2-340786070	S2
S1-127222577	S2-535538356	S2
S1-127222577	S2-297926319	S2
S1-127222577	S2-79488526	S2
S1-589521969	S2-752508714	S2
S1-589521969	S2-295564788	S2
S1-589521969	S2-666773	S2
S1-589521969	S2-625831173	S2
S1-589521969	S2-715243543	S2
S1-589521969	S2-64494419	S2
S1-589521969	S2-831239310	S2
S1-589521969	S2-931322156	S2
S1-589521969	S2-317647861	S2
S1-589521969	S2-707039857	S2
S1-589521969	S2-816205839	S2
S1-589521969	S2-553620620	S2
S1-589521969	S2-38917398	S2
S1-589521969	S2-93711546	S2
S1-589521969	S2-790425886	S2
S1-208167915	S2-557541533	S2
S1-208167915	S2-70709851	S2
S1-208167915	S2-35086639	S2
S1-208167915	S2-774139241	S2
S1-208167915	S2-250915022	S2
S1-208167915	S2-945842043	S2
S1-208167915	S2-783158461	S2
S1-208167915	S2-734058456	S2
S1-208167915	S2-174528596	S2
S1-208167915	S2-585835879	S2
S1-208167915	S2-921287883	S2
S1-208167915	S2-649938200	S2
S1-208167915	S2-970843942	S2
S1-208167915	S2-293441687	S2
S1-208167915	S2-763108962	S2
S1-420226248	S2-118393214	S2
S1-420226248	S2-613971680	S2
S1-420226248	S2-757677016	S2
S1-420226248	S2-981022954	S2
S1-420226248	S2-644844275	S2
S1-420226248	S2-439888025	S2
S1-420226248	S2-533197229	S2
S1-420226248	S2-477346021	S2
S1-420226248	S2-780872035	S2
S1-420226248	S2-270518407	S2
S1-420226248	S2-700717757	S2
S1-420226248	S2-222899205	S2
S1-420226248	S2-311198605	S2
S1-420226248	S2-591277113	S2
S1-420226248	S2-349365849	S2
S1-512080827	S2-318348932	S2
S1-512080827	S2-929722075	S2
S1-512080827	S2-978606166	S2
S1-512080827	S2-409726115	S2
S1-512080827	S2-164651728	S2
S1-512080827	S2-975023541	S2
S1-512080827	S2-777730349	S2
S1-512080827	S2-794352292	S2
S1-512080827	S2-670948516	S2
S1-512080827	S2-921202375	S2
S1-512080827	S2-208504427	S2
S1-512080827	S2-8982199	S2
S1-512080827	S2-193586650	S2
S1-512080827	S2-441765868	S2
S1-512080827	S2-106174634	S2
S1-151302070	S2-849078694	S2
S1-151302070	S2-484254734	S2
S1-151302070	S2-938612654	S2
S1-151302070	S2-390971137	S2
S1-151302070	S2-927572293	S2
S1-151302070	S2-400230753	S2
S1-151302070	S2-548633980	S2
S1-151302070	S2-910212980	S2
S1-151302070	S2-29108033	S2
S1-151302070	S2-155636061	S2
S1-151302070	S2-49312012	S2
S1-151302070	S2-48866343	S2
S1-151302070	S2-971491700	S2
S1-151302070	S2-794926277	S2
S1-151302070	S2-438972703	S2
S1-670025586	S2-203944670	S2
S1-670025586	S2-488789411	S2
S1-670025586	S2-751588111	S2
S1-670025586	S2-954942261	S2
S1-670025586	S2-506145204	S2
S1-670025586	S2-535260713	S2
S1-670025586	S2-448793585	S2
S1-670025586	S2-526412482	S2
S1-670025586	S2-748044572	S2
S1-670025586	S2-846158069	S2
S1-670025586	S2-913216366	S2
S1-670025586	S2-377809075	S2
S1-670025586	S2-291868119	S2
S1-670025586	S2-865044868	S2
S1-670025586	S2-18394219	S2
S1-529148390	S2-828872229	S2
S1-529148390	S2-777730349	S2
S1-529148390	S2-409726115	S2
S1-529148390	S2-921202375	S2
S1-529148390	S2-699404448	S2
S1-529148390	S2-349666272	S2
S1-529148390	S2-488141050	S2
S1-529148390	S2-8982199	S2
S1-529148390	S2-91908767	S2
S1-529148390	S2-794352292	S2
S1-529148390	S2-929722075	S2
S1-529148390	S2-810623833	S2
S1-529148390	S2-223117200	S2
S1-529148390	S2-43505201	S2
S1-529148390	S2-841193719	S2
S1-12487330	S2-20143885	S2
S1-12487330	S2-409726115	S2
S1-12487330	S2-225823147	S2
S1-12487330	S2-978606166	S2
S1-12487330	S2-929722075	S2
S1-12487330	S2-875461623	S2
S1-12487330	S2-79488526	S2
S1-12487330	S2-224980295	S2
S1-12487330	S2-848946610	S2
S1-12487330	S2-777730349	S2
S1-12487330	S2-670948516	S2
S1-12487330	S2-794352292	S2
S1-12487330	S2-921202375	S2
S1-12487330	S2-447293847	S2
S1-12487330	S2-8982199	S2
S1-831133424	S2-479081815	S2
S1-831133424	S2-665652910	S2
S1-831133424	S2-159175610	S2
S1-831133424	S2-137658355	S2
S1-831133424	S2-136113375	S2
S1-831133424	S2-290146361	S2
S1-831133424	S2-159472146	S2
S1-831133424	S2-845362212	S2
S1-831133424	S2-693383953	S2
S1-831133424	S2-211389639	S2
S1-831133424	S2-358578952	S2
S1-831133424	S2-895531443	S2
S1-831133424	S2-598788762	S2
S1-831133424	S2-992673515	S2
S1-831133424	S2-345917206	S2
S1-671445253	S2-619748319	S2
S1-671445253	S2-345917206	S2
S1-671445253	S2-764430935	S2
S1-671445253	S2-418691151	S2
S1-671445253	S2-784849034	S2
S1-671445253	S2-602695064	S2
S1-671445253	S2-144437050	S2
S1-671445253	S2-730043743	S2
S1-671445253	S2-736654053	S2
S1-671445253	S2-822377517	S2
S1-671445253	S2-762128837	S2
S1-671445253	S2-888017647	S2
S1-671445253	S2-54307441	S2
S1-671445253	S2-766743346	S2
S1-671445253	S2-988430985	S2
S1-700600281	S2-868365106	S2
S1-700600281	S2-790245385	S2
S1-700600281	S2-582458634	S2
S1-700600281	S2-916238268	S2
S1-700600281	S2-740009891	S2
S1-700600281	S2-200472231	S2
S1-700600281	S2-425201806	S2
S1-700600281	S2-317647861	S2
S1-700600281	S2-916020939	S2
S1-700600281	S2-453455590	S2
S1-700600281	S2-806329868	S2
S1-700600281	S2-288287673	S2
S1-700600281	S2-454082161	S2
S1-700600281	S2-471521279	S2
S1-700600281	S2-161990650	S2
S1-857022301	S2-801612886	S2
S1-857022301	S2-931322156	S2
S1-857022301	S2-315872469	S2
S1-857022301	S2-89587960	S2
S1-857022301	S2-100101893	S2
S1-857022301	S2-760648353	S2
S1-857022301	S2-620482053	S2
S1-857022301	S2-32597485	S2
S1-857022301	S2-52268591	S2
S1-857022301	S2-246533409	S2
S1-857022301	S2-489049291	S2
S1-857022301	S2-820558687	S2
S1-857022301	S2-3332574	S2
S1-857022301	S2-118970010	S2
S1-857022301	S2-43889792	S2
S1-64140802	S2-606589402	S2
S1-64140802	S2-324372014	S2
S1-64140802	S2-775099408	S2
S1-64140802	S2-175456325	S2
S1-64140802	S2-873232185	S2
S1-64140802	S2-902261581	S2
S1-64140802	S2-460515872	S2
S1-64140802	S2-154655572	S2
S1-64140802	S2-138702507	S2
S1-64140802	S2-795924720	S2
S1-64140802	S2-982950235	S2
S1-64140802	S2-972051451	S2
S1-64140802	S2-757169960	S2
S1-64140802	S2-35320888	S2
S1-64140802	S2-217976803	S2
S1-690449852	S2-540745651	S2
S1-690449852	S2-2670847	S2
S1-690449852	S2-273999815	S2
S1-690449852	S2-673704658	S2
S1-690449852	S2-823869687	S2
S1-690449852	S2-234262247	S2
S1-690449852	S2-376791375	S2
S1-690449852	S2-223117200	S2
S1-690449852	S2-155636061	S2
S1-690449852	S2-26324258	S2
S1-690449852	S2-971491700	S2
S1-690449852	S2-438972703	S2
S1-690449852	S2-705827573	S2
S1-690449852	S2-75150479	S2
S1-690449852	S2-910212980	S2
S1-391697975	S2-214447140	S2
S1-391697975	S2-105671746	S2
S1-391697975	S2-591398537	S2
S1-391697975	S2-399052000	S2
S1-391697975	S2-448710587	S2
S1-391697975	S2-946589159	S2
S1-391697975	S2-329607640	S2
S1-391697975	S2-134697040	S2
S1-391697975	S2-635002967	S2
S1-391697975	S2-786687739	S2
S1-391697975	S2-85446560	S2
S1-391697975	S2-679190243	S2
S1-391697975	S2-507569300	S2
S1-391697975	S2-800694119	S2
S1-391697975	S2-371549760	S2
S1-486510827	S2-672321572	S2
S1-486510827	S2-411547279	S2
S1-486510827	S2-146498176	S2
S1-486510827	S2-991981696	S2
S1-486510827	S2-761644899	S2
S1-486510827	S2-54240060	S2
S1-486510827	S2-491028094	S2
S1-486510827	S2-532020500	S2
S1-486510827	S2-223493773	S2
S1-486510827	S2-95424985	S2
S1-486510827	S2-822482083	S2
S1-486510827	S2-382657775	S2
S1-486510827	S2-602353889	S2
S1-486510827	S2-124970234	S2
S1-486510827	S2-684635925	S2
S1-516705356	S2-137335733	S2
S1-516705356	S2-126896976	S2
S1-516705356	S2-637304807	S2
S1-516705356	S2-990119436	S2
S1-516705356	S2-414624479	S2
S1-516705356	S2-952329168	S2
S1-516705356	S2-75711327	S2
S1-516705356	S2-726045392	S2
S1-516705356	S2-895798537	S2
S1-516705356	S2-260445047	S2
S1-516705356	S2-620110385	S2
S1-516705356	S2-897475107	S2
S1-516705356	S2-889472913	S2
S1-516705356	S2-242582700	S2
S1-516705356	S2-423099834	S2
S1-275228042	S2-96508179	S2
S1-275228042	S2-204440999	S2
S1-275228042	S2-637697607	S2
S1-275228042	S2-8914613	S2
S1-275228042	S2-594607876	S2
S1-275228042	S2-219374527	S2
S1-275228042	S2-574914445	S2
S1-275228042	S2-718979866	S2
S1-275228042	S2-687374926	S2
S1-275228042	S2-804822084	S2
S1-275228042	S2-454272837	S2
S1-275228042	S2-368462066	S2
S1-275228042	S2-857681318	S2
S1-275228042	S2-474535244	S2
S1-275228042	S2-890896148	S2
S1-612138552	S2-837096453	S2
S1-612138552	S2-557352853	S2
S1-612138552	S2-421540927	S2
S1-612138552	S2-797857062	S2
S1-612138552	S2-455830760	S2
S1-612138552	S2-27148087	S2
S1-612138552	S2-187777854	S2
S1-612138552	S2-4675625	S2
S1-612138552	S2-318217219	S2
S1-612138552	S2-733025108	S2
S1-612138552	S2-121759397	S2
S1-612138552	S2-848633916	S2
S1-612138552	S2-133763910	S2
S1-612138552	S2-850499815	S2
S1-612138552	S2-967508286	S2
S1-571214733	S2-619748319	S2
S1-571214733	S2-753020760	S2
S1-571214733	S2-665981472	S2
S1-571214733	S2-120391369	S2
S1-571214733	S2-37191173	S2
S1-571214733	S2-790103191	S2
S1-571214733	S2-879041312	S2
S1-571214733	S2-496765251	S2
S1-571214733	S2-500096956	S2
S1-571214733	S2-274323360	S2
S1-571214733	S2-158828409	S2
S1-571214733	S2-590757045	S2
S1-571214733	S2-123459391	S2
S1-571214733	S2-727477424	S2
S1-571214733	S2-757487043	S2
S1-906686327	S2-981916482	S2
S1-906686327	S2-932843757	S2
S1-906686327	S2-28418448	S2
S1-906686327	S2-161956716	S2
S1-906686327	S2-977033809	S2
S1-906686327	S2-519903945	S2
S1-906686327	S2-99260087	S2
S1-906686327	S2-784152114	S2
S1-906686327	S2-283699128	S2
S1-906686327	S2-608598841	S2
S1-906686327	S2-220596390	S2
S1-906686327	S2-563644814	S2
S1-906686327	S2-236302728	S2
S1-906686327	S2-941264213	S2
S1-906686327	S2-487925537	S2
S1-939880982	S2-727314761	S2
S1-939880982	S2-683312986	S2
S1-939880982	S2-371549760	S2
S1-939880982	S2-371168439	S2
S1-939880982	S2-818555762	S2
S1-939880982	S2-162849450	S2
S1-939880982	S2-859269096	S2
S1-939880982	S2-259929846	S2
S1-939880982	S2-727514766	S2
S1-939880982	S2-1505887	S2
S1-939880982	S2-394314645	S2
S1-939880982	S2-549320589	S2
S1-939880982	S2-308442620	S2
S1-939880982	S2-859924222	S2
S1-939880982	S2-614260033	S2
S1-60980827	S2-200200363	S2
S1-60980827	S2-391886434	S2
S1-60980827	S2-859393404	S2
S1-60980827	S2-945813340	S2
S1-60980827	S2-256451765	S2
S1-60980827	S2-506682722	S2
S1-60980827	S2-12970251	S2
S1-60980827	S2-695240341	S2
S1-60980827	S2-370665662	S2
S1-60980827	S2-680198089	S2
S1-60980827	S2-820645328	S2
S1-60980827	S2-449660364	S2
S1-60980827	S2-34449822	S2
S1-60980827	S2-895797947	S2
S1-60980827	S2-104641729	S2
S1-476385483	S2-741639927	S2
S1-476385483	S2-623758944	S2
S1-476385483	S2-721241427	S2
S1-476385483	S2-916859477	S2
S1-476385483	S2-983379660	S2
S1-476385483	S2-662221399	S2
S1-476385483	S2-166269541	S2
S1-476385483	S2-811863966	S2
S1-476385483	S2-879030047	S2
S1-476385483	S2-998885968	S2
S1-476385483	S2-366081375	S2
S1-476385483	S2-725412413	S2
S1-476385483	S2-845849286	S2
S1-476385483	S2-965326114	S2
S1-476385483	S2-436041396	S2
S1-359497386	S2-794412447	S2
S1-359497386	S2-459018782	S2
S1-359497386	S2-213099480	S2
S1-359497386	S2-963646032	S2
S1-359497386	S2-859393404	S2
S1-359497386	S2-537858187	S2
S1-359497386	S2-568951817	S2
S1-359497386	S2-838493982	S2
S1-359497386	S2-326946504	S2
S1-359497386	S2-630688873	S2
S1-359497386	S2-335038001	S2
S1-359497386	S2-199635728	S2
S1-359497386	S2-210601194	S2
S1-359497386	S2-747478411	S2
S1-359497386	S2-43498869	S2
S1-791947968	S2-295799812	S2
S1-791947968	S2-174059963	S2
S1-791947968	S2-921287883	S2
S1-791947968	S2-523031614	S2
S1-791947968	S2-585835879	S2
S1-791947968	S2-742941063	S2
S1-791947968	S2-741639927	S2
S1-791947968	S2-696885509	S2
S1-791947968	S2-730588551	S2
S1-791947968	S2-460515872	S2
S1-791947968	S2-161476122	S2
S1-791947968	S2-468242606	S2
S1-791947968	S2-131125837	S2
S1-791947968	S2-166629328	S2
S1-791947968	S2-650621734	S2
S1-2106291	S2-975285928	S2
S1-2106291	S2-939986664	S2
S1-2106291	S2-736350861	S2
S1-2106291	S2-896696403	S2
S1-2106291	S2-921274499	S2
S1-2106291	S2-265891218	S2
S1-2106291	S2-208815786	S2
S1-2106291	S2-297926319	S2
S1-2106291	S2-773208378	S2
S1-2106291	S2-340786070	S2
S1-2106291	S2-784775419	S2
S1-2106291	S2-706360388	S2
S1-2106291	S2-535538356	S2
S1-2106291	S2-564777969	S2
S1-2106291	S2-712153407	S2
S1-802762694	S2-663446783	S2
S1-802762694	S2-846158069	S2
S1-802762694	S2-913216366	S2
S1-802762694	S2-954942261	S2
S1-802762694	S2-377809075	S2
S1-802762694	S2-506145204	S2
S1-802762694	S2-203944670	S2
S1-802762694	S2-488789411	S2
S1-802762694	S2-291868119	S2
S1-802762694	S2-526412482	S2
S1-802762694	S2-751588111	S2
S1-802762694	S2-18394219	S2
S1-802762694	S2-448793585	S2
S1-802762694	S2-865044868	S2
S1-802762694	S2-748044572	S2
S1-763758768	S2-235039028	S2
S1-763758768	S2-728928259	S2
S1-763758768	S2-214313720	S2
S1-763758768	S2-859924222	S2
S1-763758768	S2-98331541	S2
S1-763758768	S2-654636304	S2
S1-763758768	S2-959518463	S2
S1-763758768	S2-787718430	S2
S1-763758768	S2-894313135	S2
S1-763758768	S2-529238319	S2
S1-763758768	S2-926723118	S2
S1-763758768	S2-785643946	S2
S1-763758768	S2-444139007	S2
S1-763758768	S2-793779186	S2
S1-763758768	S2-713920891	S2
S1-368557784	S2-726045392	S2
S1-368557784	S2-352464995	S2
S1-368557784	S2-559859533	S2
S1-368557784	S2-788754887	S2
S1-368557784	S2-620110385	S2
S1-368557784	S2-402548315	S2
S1-368557784	S2-895798537	S2
S1-368557784	S2-220845632	S2
S1-368557784	S2-846262463	S2
S1-368557784	S2-99468652	S2
S1-368557784	S2-873177396	S2
S1-368557784	S2-489103612	S2
S1-368557784	S2-242582700	S2
S1-368557784	S2-335124172	S2
S1-368557784	S2-142031060	S2
S1-801306682	S2-585698283	S2
S1-801306682	S2-102286733	S2
S1-801306682	S2-312533710	S2
S1-801306682	S2-997592409	S2
S1-801306682	S2-612768292	S2
S1-801306682	S2-487988118	S2
S1-801306682	S2-880764652	S2
S1-801306682	S2-667917730	S2
S1-801306682	S2-814881099	S2
S1-801306682	S2-760621281	S2
S1-801306682	S2-156460390	S2
S1-801306682	S2-184993338	S2
S1-801306682	S2-157735411	S2
S1-801306682	S2-937234624	S2
S1-801306682	S2-544365657	S2
S1-910150597	S2-48120065	S2
S1-910150597	S2-544612526	S2
S1-910150597	S2-947421213	S2
S1-910150597	S2-514714174	S2
S1-910150597	S2-282390486	S2
S1-910150597	S2-724723594	S2
S1-910150597	S2-77285093	S2
S1-910150597	S2-937454805	S2
S1-910150597	S2-41514279	S2
S1-910150597	S2-140036589	S2
S1-910150597	S2-232484718	S2
S1-910150597	S2-540931339	S2
S1-910150597	S2-46771753	S2
S1-910150597	S2-815783446	S2
S1-910150597	S2-347017935	S2
S1-204397870	S2-212279628	S2
S1-204397870	S2-845062226	S2
S1-204397870	S2-494710355	S2
S1-204397870	S2-384219063	S2
S1-204397870	S2-383822500	S2
S1-204397870	S2-617467150	S2
S1-204397870	S2-63801241	S2
S1-204397870	S2-33267509	S2
S1-204397870	S2-761559953	S2
S1-204397870	S2-647664606	S2
S1-204397870	S2-835256551	S2
S1-204397870	S2-831117180	S2
S1-204397870	S2-879019234	S2
S1-204397870	S2-311868409	S2
S1-204397870	S2-706168001	S2
S1-853669737	S2-699404448	S2
S1-853669737	S2-135305339	S2
S1-853669737	S2-975023541	S2
S1-853669737	S2-929722075	S2
S1-853669737	S2-978606166	S2
S1-853669737	S2-670948516	S2
S1-853669737	S2-777730349	S2
S1-853669737	S2-794352292	S2
S1-853669737	S2-921202375	S2
S1-853669737	S2-8982199	S2
S1-853669737	S2-147418558	S2
S1-853669737	S2-259858270	S2
S1-853669737	S2-278254185	S2
S1-853669737	S2-177348709	S2
S1-853669737	S2-164651728	S2
S1-170998977	S2-17185421	S2
S1-170998977	S2-513954426	S2
S1-170998977	S2-220286148	S2
S1-170998977	S2-968147520	S2
S1-170998977	S2-779327043	S2
S1-170998977	S2-885790584	S2
S1-170998977	S2-625682061	S2
S1-170998977	S2-860399725	S2
S1-170998977	S2-991532073	S2
S1-170998977	S2-203944670	S2
S1-170998977	S2-699134996	S2
S1-170998977	S2-790245385	S2
S1-170998977	S2-337462823	S2
S1-170998977	S2-581946988	S2
S1-170998977	S2-867710047	S2
S1-72369296	S2-245909245	S2
S1-72369296	S2-322536831	S2
S1-72369296	S2-532020500	S2
S1-72369296	S2-95424985	S2
S1-72369296	S2-3914789	S2
S1-72369296	S2-889852631	S2
S1-72369296	S2-469073813	S2
S1-72369296	S2-822482083	S2
S1-72369296	S2-715327535	S2
S1-72369296	S2-602353889	S2
S1-72369296	S2-997165561	S2
S1-72369296	S2-124970234	S2
S1-72369296	S2-382657775	S2
S1-72369296	S2-684635925	S2
S1-72369296	S2-905737147	S2
S1-114279394	S2-414895830	S2
S1-114279394	S2-772269040	S2
S1-114279394	S2-294062437	S2
S1-114279394	S2-247759089	S2
S1-114279394	S2-305071473	S2
S1-114279394	S2-736654053	S2
S1-114279394	S2-284585076	S2
S1-114279394	S2-513550621	S2
S1-114279394	S2-570512018	S2
S1-114279394	S2-964142099	S2
S1-114279394	S2-841917974	S2
S1-114279394	S2-38917398	S2
S1-114279394	S2-284919985	S2
S1-114279394	S2-665500858	S2
S1-114279394	S2-525338352	S2
S1-558634684	S2-777730349	S2
S1-558634684	S2-136305349	S2
S1-558634684	S2-241868453	S2
S1-558634684	S2-794352292	S2
S1-558634684	S2-727570982	S2
S1-558634684	S2-8982199	S2
S1-558634684	S2-199635728	S2
S1-558634684	S2-929722075	S2
S1-558634684	S2-775099408	S2
S1-558634684	S2-921202375	S2
S1-558634684	S2-147418558	S2
S1-558634684	S2-324372014	S2
S1-558634684	S2-760621281	S2
S1-558634684	S2-890423795	S2
S1-558634684	S2-164651728	S2
S1-185338284	S2-535260713	S2
S1-185338284	S2-488789411	S2
S1-185338284	S2-846158069	S2
S1-185338284	S2-751588111	S2
S1-185338284	S2-913216366	S2
S1-185338284	S2-117672295	S2
S1-185338284	S2-876480978	S2
S1-185338284	S2-770422756	S2
S1-185338284	S2-506145204	S2
S1-185338284	S2-526412482	S2
S1-185338284	S2-291868119	S2
S1-185338284	S2-448793585	S2
S1-185338284	S2-748044572	S2
S1-185338284	S2-865044868	S2
S1-185338284	S2-18394219	S2
S1-352005417	S2-832052225	S2
S1-352005417	S2-848582954	S2
S1-352005417	S2-276431458	S2
S1-352005417	S2-354091917	S2
S1-352005417	S2-6599540	S2
S1-352005417	S2-968661299	S2
S1-352005417	S2-138967824	S2
S1-352005417	S2-405089580	S2
S1-352005417	S2-63044075	S2
S1-352005417	S2-380179669	S2
S1-352005417	S2-625556810	S2
S1-352005417	S2-637675946	S2
S1-352005417	S2-185654339	S2
S1-352005417	S2-445568278	S2
S1-352005417	S2-205121019	S2
S1-870254921	S2-318348932	S2
S1-870254921	S2-873177396	S2
S1-870254921	S2-777730349	S2
S1-870254921	S2-8982199	S2
S1-870254921	S2-921202375	S2
S1-870254921	S2-788754887	S2
S1-870254921	S2-536231721	S2
S1-870254921	S2-306238454	S2
S1-870254921	S2-874162453	S2
S1-870254921	S2-335124172	S2
S1-870254921	S2-713572779	S2
S1-870254921	S2-432279643	S2
S1-870254921	S2-800014563	S2
S1-870254921	S2-848946610	S2
S1-870254921	S2-135305339	S2
S1-574943722	S2-514714174	S2
S1-574943722	S2-563753438	S2
S1-574943722	S2-815783446	S2
S1-574943722	S2-504977086	S2
S1-574943722	S2-540931339	S2
S1-574943722	S2-347017935	S2
S1-574943722	S2-423090663	S2
S1-574943722	S2-541414076	S2
S1-574943722	S2-492031103	S2
S1-574943722	S2-224909884	S2
S1-574943722	S2-568385282	S2
S1-574943722	S2-182145854	S2
S1-574943722	S2-957597561	S2
S1-574943722	S2-446585847	S2
S1-574943722	S2-70367717	S2
S1-829163315	S2-741298163	S2
S1-829163315	S2-211389639	S2
S1-829163315	S2-155721168	S2
S1-829163315	S2-214447140	S2
S1-829163315	S2-18394219	S2
S1-829163315	S2-403364722	S2
S1-829163315	S2-914673196	S2
S1-829163315	S2-467121958	S2
S1-829163315	S2-830888138	S2
S1-829163315	S2-863652256	S2
S1-829163315	S2-838401167	S2
S1-829163315	S2-748268413	S2
S1-829163315	S2-415733261	S2
S1-829163315	S2-518413297	S2
S1-829163315	S2-878352124	S2
S1-657654513	S2-454519384	S2
S1-657654513	S2-626058699	S2
S1-657654513	S2-714768922	S2
S1-657654513	S2-138046867	S2
S1-657654513	S2-558654912	S2
S1-657654513	S2-586067025	S2
S1-657654513	S2-43963109	S2
S1-657654513	S2-772997011	S2
S1-657654513	S2-439161022	S2
S1-657654513	S2-132147493	S2
S1-657654513	S2-874757538	S2
S1-657654513	S2-590158229	S2
S1-657654513	S2-658347451	S2
S1-657654513	S2-507704636	S2
S1-657654513	S2-910842372	S2
S1-623261026	S2-191045664	S2
S1-623261026	S2-103317508	S2
S1-623261026	S2-555593257	S2
S1-623261026	S2-218771556	S2
S1-623261026	S2-507619867	S2
S1-623261026	S2-178777487	S2
S1-623261026	S2-546127792	S2
S1-623261026	S2-950851985	S2
S1-623261026	S2-8914613	S2
S1-623261026	S2-612768292	S2
S1-623261026	S2-187498810	S2
S1-623261026	S2-247759089	S2
S1-623261026	S2-246621020	S2
S1-623261026	S2-659685525	S2
S1-623261026	S2-489461707	S2
S1-393157555	S2-450445631	S2
S1-393157555	S2-827197931	S2
S1-393157555	S2-860399725	S2
S1-393157555	S2-206766125	S2
S1-393157555	S2-939986664	S2
S1-393157555	S2-703267220	S2
S1-393157555	S2-831064278	S2
S1-393157555	S2-471154795	S2
S1-393157555	S2-373678906	S2
S1-393157555	S2-294062437	S2
S1-393157555	S2-867197250	S2
S1-393157555	S2-960372483	S2
S1-393157555	S2-138068334	S2
S1-393157555	S2-133609214	S2
S1-393157555	S2-99260087	S2
S1-528999441	S2-866481396	S2
S1-528999441	S2-717160791	S2
S1-528999441	S2-112834662	S2
S1-528999441	S2-13281882	S2
S1-528999441	S2-97937368	S2
S1-528999441	S2-237942217	S2
S1-528999441	S2-76206961	S2
S1-528999441	S2-572367141	S2
S1-528999441	S2-105463326	S2
S1-528999441	S2-474934237	S2
S1-528999441	S2-420141877	S2
S1-528999441	S2-457321092	S2
S1-528999441	S2-229886583	S2
S1-528999441	S2-680125018	S2
S1-528999441	S2-872022787	S2
S1-445131173	S2-878768582	S2
S1-445131173	S2-513550621	S2
S1-445131173	S2-54659459	S2
S1-445131173	S2-754764875	S2
S1-445131173	S2-284585076	S2
S1-445131173	S2-250915022	S2
S1-445131173	S2-539531490	S2
S1-445131173	S2-575171696	S2
S1-445131173	S2-690151442	S2
S1-445131173	S2-399112375	S2
S1-445131173	S2-582629579	S2
S1-445131173	S2-894152578	S2
S1-445131173	S2-474914898	S2
S1-445131173	S2-792941939	S2
S1-445131173	S2-978059769	S2
S1-906572599	S2-558810816	S2
S1-906572599	S2-666781884	S2
S1-906572599	S2-308041768	S2
S1-906572599	S2-281309190	S2
S1-906572599	S2-806902783	S2
S1-906572599	S2-726621584	S2
S1-906572599	S2-809086049	S2
S1-906572599	S2-861414287	S2
S1-906572599	S2-50586341	S2
S1-906572599	S2-926524693	S2
S1-906572599	S2-915769300	S2
S1-906572599	S2-563493244	S2
S1-906572599	S2-411547279	S2
S1-906572599	S2-678788003	S2
S1-906572599	S2-602297798	S2
S1-720173062	S2-424220142	S2
S1-720173062	S2-737755324	S2
S1-720173062	S2-779405377	S2
S1-720173062	S2-457500956	S2
S1-720173062	S2-402816908	S2
S1-720173062	S2-569049408	S2
S1-720173062	S2-340882825	S2
S1-720173062	S2-363534521	S2
S1-720173062	S2-808728262	S2
S1-720173062	S2-337462823	S2
S1-720173062	S2-785890760	S2
S1-720173062	S2-454450916	S2
S1-720173062	S2-41514279	S2
S1-720173062	S2-390167188	S2
S1-720173062	S2-352561696	S2
S1-779180246	S2-624679320	S2
S1-779180246	S2-560702438	S2
S1-779180246	S2-10587098	S2
S1-779180246	S2-590714216	S2
S1-779180246	S2-772792384	S2
S1-779180246	S2-337172708	S2
S1-779180246	S2-243782054	S2
S1-779180246	S2-897571622	S2
S1-779180246	S2-424464370	S2
S1-779180246	S2-494755154	S2
S1-779180246	S2-331797662	S2
S1-779180246	S2-454855149	S2
S1-779180246	S2-972799572	S2
S1-779180246	S2-710175093	S2
S1-779180246	S2-79911022	S2
S1-812486340	S2-872209566	S2
S1-812486340	S2-644264374	S2
S1-812486340	S2-231195947	S2
S1-812486340	S2-91908767	S2
S1-812486340	S2-764306412	S2
S1-812486340	S2-779614645	S2
S1-812486340	S2-772323364	S2
S1-812486340	S2-626012117	S2
S1-812486340	S2-293675262	S2
S1-812486340	S2-914761441	S2
S1-812486340	S2-569860965	S2
S1-812486340	S2-816989315	S2
S1-812486340	S2-90112897	S2
S1-812486340	S2-67505679	S2
S1-812486340	S2-95883726	S2
S1-585692765	S2-726813453	S2
S1-585692765	S2-972051451	S2
S1-585692765	S2-512950951	S2
S1-585692765	S2-357197766	S2
S1-585692765	S2-187499079	S2
S1-585692765	S2-287588845	S2
S1-585692765	S2-619664055	S2
S1-585692765	S2-846975420	S2
S1-585692765	S2-848878443	S2
S1-585692765	S2-222540081	S2
S1-585692765	S2-661036235	S2
S1-585692765	S2-713109591	S2
S1-585692765	S2-591398537	S2
S1-585692765	S2-828544692	S2
S1-585692765	S2-707420806	S2
S1-358447941	S2-625831173	S2
S1-358447941	S2-666773	S2
S1-358447941	S2-931322156	S2
S1-358447941	S2-382500675	S2
S1-358447941	S2-64494419	S2
S1-358447941	S2-831239310	S2
S1-358447941	S2-113964806	S2
S1-358447941	S2-317647861	S2
S1-358447941	S2-38917398	S2
S1-358447941	S2-427111019	S2
S1-358447941	S2-295564788	S2
S1-358447941	S2-816205839	S2
S1-358447941	S2-553620620	S2
S1-358447941	S2-93711546	S2
S1-358447941	S2-790425886	S2
S1-206894799	S2-460821959	S2
S1-206894799	S2-386881464	S2
S1-206894799	S2-223741344	S2
S1-206894799	S2-94341972	S2
S1-206894799	S2-975929602	S2
S1-206894799	S2-935425652	S2
S1-206894799	S2-879158207	S2
S1-206894799	S2-214835079	S2
S1-206894799	S2-827503791	S2
S1-206894799	S2-784569977	S2
S1-206894799	S2-987414512	S2
S1-206894799	S2-498046006	S2
S1-206894799	S2-265951472	S2
S1-206894799	S2-68511408	S2
S1-206894799	S2-605734275	S2
S1-27158214	S2-802604278	S2
S1-27158214	S2-532776476	S2
S1-27158214	S2-907716013	S2
S1-27158214	S2-6467307	S2
S1-27158214	S2-840112181	S2
S1-27158214	S2-83042259	S2
S1-27158214	S2-15280146	S2
S1-27158214	S2-845379409	S2
S1-27158214	S2-824783934	S2
S1-27158214	S2-338288495	S2
S1-27158214	S2-858423651	S2
S1-27158214	S2-230281581	S2
S1-27158214	S2-904673479	S2
S1-27158214	S2-635730595	S2
S1-27158214	S2-423099834	S2
S1-196578854	S2-143084362	S2
S1-196578854	S2-708386648	S2
S1-196578854	S2-405784926	S2
S1-196578854	S2-202081914	S2
S1-196578854	S2-360210911	S2
S1-196578854	S2-200925331	S2
S1-196578854	S2-284019526	S2
S1-196578854	S2-843071321	S2
S1-196578854	S2-959150948	S2
S1-196578854	S2-720782740	S2
S1-196578854	S2-472555582	S2
S1-196578854	S2-509362529	S2
S1-196578854	S2-546426576	S2
S1-196578854	S2-793479348	S2
S1-196578854	S2-342386355	S2
S1-624045976	S2-617467150	S2
S1-624045976	S2-235398491	S2
S1-624045976	S2-569534268	S2
S1-624045976	S2-56744275	S2
S1-624045976	S2-717546	S2
S1-624045976	S2-419605789	S2
S1-624045976	S2-694410926	S2
S1-624045976	S2-311198605	S2
S1-624045976	S2-730043743	S2
S1-624045976	S2-983514167	S2
S1-624045976	S2-339680178	S2
S1-624045976	S2-103317508	S2
S1-624045976	S2-82665539	S2
S1-624045976	S2-92758088	S2
S1-624045976	S2-731531571	S2
S1-362520	S2-175865714	S2
S1-362520	S2-39401964	S2
S1-362520	S2-741639927	S2
S1-362520	S2-402816014	S2
S1-362520	S2-833900025	S2
S1-362520	S2-811863966	S2
S1-362520	S2-40746806	S2
S1-362520	S2-92868774	S2
S1-362520	S2-444139007	S2
S1-362520	S2-721241427	S2
S1-362520	S2-713920891	S2
S1-362520	S2-662221399	S2
S1-362520	S2-232484718	S2
S1-362520	S2-69559356	S2
S1-362520	S2-256286125	S2
S1-463548524	S2-469073813	S2
S1-463548524	S2-2307515	S2
S1-463548524	S2-518721601	S2
S1-463548524	S2-775394710	S2
S1-463548524	S2-329607640	S2
S1-463548524	S2-715327535	S2
S1-463548524	S2-245909245	S2
S1-463548524	S2-889852631	S2
S1-463548524	S2-487803690	S2
S1-463548524	S2-3914789	S2
S1-463548524	S2-997165561	S2
S1-463548524	S2-503157961	S2
S1-463548524	S2-91305348	S2
S1-463548524	S2-833227760	S2
S1-463548524	S2-905737147	S2
S1-897226407	S2-818687100	S2
S1-897226407	S2-834353592	S2
S1-897226407	S2-222540081	S2
S1-897226407	S2-325615566	S2
S1-897226407	S2-395800668	S2
S1-897226407	S2-833227760	S2
S1-897226407	S2-712777388	S2
S1-897226407	S2-534318812	S2
S1-897226407	S2-673822670	S2
S1-897226407	S2-3914789	S2
S1-897226407	S2-810915319	S2
S1-897226407	S2-875461623	S2
S1-897226407	S2-17360295	S2
S1-897226407	S2-826516454	S2
S1-897226407	S2-609292694	S2
S1-645713459	S2-674315309	S2
S1-645713459	S2-456180704	S2
S1-645713459	S2-409726115	S2
S1-645713459	S2-510383940	S2
S1-645713459	S2-237726767	S2
S1-645713459	S2-516871248	S2
S1-645713459	S2-51424319	S2
S1-645713459	S2-202159021	S2
S1-645713459	S2-666773	S2
S1-645713459	S2-597331429	S2
S1-645713459	S2-737521149	S2
S1-645713459	S2-895791781	S2
S1-645713459	S2-560818510	S2
S1-645713459	S2-25787219	S2
S1-645713459	S2-802873219	S2
S1-229555888	S2-794530374	S2
S1-229555888	S2-298712121	S2
S1-229555888	S2-534415637	S2
S1-229555888	S2-384219063	S2
S1-229555888	S2-23812106	S2
S1-229555888	S2-613204180	S2
S1-229555888	S2-813862982	S2
S1-229555888	S2-292948374	S2
S1-229555888	S2-387930936	S2
S1-229555888	S2-536514418	S2
S1-229555888	S2-858691756	S2
S1-229555888	S2-390167188	S2
S1-229555888	S2-515473872	S2
S1-229555888	S2-696617658	S2
S1-229555888	S2-715352193	S2
S1-68456921	S2-187593824	S2
S1-68456921	S2-27297350	S2
S1-68456921	S2-987414512	S2
S1-68456921	S2-228567244	S2
S1-68456921	S2-752654978	S2
S1-68456921	S2-840538759	S2
S1-68456921	S2-560300733	S2
S1-68456921	S2-883117276	S2
S1-68456921	S2-949636022	S2
S1-68456921	S2-260686291	S2
S1-68456921	S2-569534268	S2
S1-68456921	S2-642367103	S2
S1-68456921	S2-794530374	S2
S1-68456921	S2-605734275	S2
S1-68456921	S2-651292790	S2
S1-992003464	S2-889497510	S2
S1-992003464	S2-452973108	S2
S1-992003464	S2-121759397	S2
S1-992003464	S2-60818919	S2
S1-992003464	S2-485969289	S2
S1-992003464	S2-259305279	S2
S1-992003464	S2-996679134	S2
S1-992003464	S2-868915655	S2
S1-992003464	S2-876145747	S2
S1-992003464	S2-850499815	S2
S1-992003464	S2-827093547	S2
S1-992003464	S2-983514167	S2
S1-992003464	S2-43498869	S2
S1-992003464	S2-155574448	S2
S1-992003464	S2-527059989	S2
S1-912947277	S2-444452024	S2
S1-912947277	S2-846975420	S2
S1-912947277	S2-92959536	S2
S1-912947277	S2-739603930	S2
S1-912947277	S2-845372583	S2
S1-912947277	S2-930033885	S2
S1-912947277	S2-502406312	S2
S1-912947277	S2-631869569	S2
S1-912947277	S2-648770543	S2
S1-912947277	S2-337172708	S2
S1-912947277	S2-886987750	S2
S1-912947277	S2-475170125	S2
S1-912947277	S2-949845335	S2
S1-912947277	S2-256459754	S2
S1-912947277	S2-510931175	S2
S1-417264639	S2-498215317	S2
S1-417264639	S2-215156674	S2
S1-417264639	S2-564502430	S2
S1-417264639	S2-931263231	S2
S1-417264639	S2-765287336	S2
S1-417264639	S2-376939341	S2
S1-417264639	S2-47749434	S2
S1-417264639	S2-813862982	S2
S1-417264639	S2-653459371	S2
S1-417264639	S2-541570442	S2
S1-417264639	S2-220948169	S2
S1-417264639	S2-371850661	S2
S1-417264639	S2-820079347	S2
S1-417264639	S2-745995930	S2
S1-417264639	S2-230946285	S2
S1-470845482	S2-566356754	S2
S1-470845482	S2-670948516	S2
S1-470845482	S2-921202375	S2
S1-470845482	S2-47799063	S2
S1-470845482	S2-8982199	S2
S1-470845482	S2-848687795	S2
S1-470845482	S2-794352292	S2
S1-470845482	S2-549881386	S2
S1-470845482	S2-358052714	S2
S1-470845482	S2-736787326	S2
S1-470845482	S2-937987341	S2
S1-470845482	S2-929722075	S2
S1-470845482	S2-996428837	S2
S1-470845482	S2-57375033	S2
S1-470845482	S2-710175093	S2
S1-987779515	S2-792034672	S2
S1-987779515	S2-847685918	S2
S1-987779515	S2-139831055	S2
S1-987779515	S2-423447509	S2
S1-987779515	S2-82369450	S2
S1-987779515	S2-65301879	S2
S1-987779515	S2-912459395	S2
S1-987779515	S2-842446266	S2
S1-987779515	S2-74154365	S2
S1-987779515	S2-735647694	S2
S1-987779515	S2-293477711	S2
S1-987779515	S2-611936552	S2
S1-987779515	S2-447193368	S2
S1-987779515	S2-377895888	S2
S1-987779515	S2-779723055	S2
S1-509283665	S2-908490642	S2
S1-509283665	S2-994612767	S2
S1-509283665	S2-872566864	S2
S1-509283665	S2-652123001	S2
S1-509283665	S2-991532073	S2
S1-509283665	S2-824972458	S2
S1-509283665	S2-447785689	S2
S1-509283665	S2-308734653	S2
S1-509283665	S2-43073112	S2
S1-509283665	S2-53273621	S2
S1-509283665	S2-332764638	S2
S1-509283665	S2-966475004	S2
S1-509283665	S2-636634036	S2
S1-509283665	S2-369116881	S2
S1-509283665	S2-946872072	S2
S1-619895264	S2-645024489	S2
S1-619895264	S2-809775998	S2
S1-619895264	S2-748325649	S2
S1-619895264	S2-26324258	S2
S1-619895264	S2-764430935	S2
S1-619895264	S2-437309128	S2
S1-619895264	S2-512382393	S2
S1-619895264	S2-369458829	S2
S1-619895264	S2-126113089	S2
S1-619895264	S2-672736825	S2
S1-619895264	S2-229217508	S2
S1-619895264	S2-362602827	S2
S1-619895264	S2-751138699	S2
S1-619895264	S2-388981331	S2
S1-619895264	S2-814876053	S2
S1-17339733	S2-287872643	S2
S1-17339733	S2-39401964	S2
S1-17339733	S2-69869857	S2
S1-17339733	S2-866650875	S2
S1-17339733	S2-662221399	S2
S1-17339733	S2-706770555	S2
S1-17339733	S2-399449669	S2
S1-17339733	S2-304562241	S2
S1-17339733	S2-27986137	S2
S1-17339733	S2-574914445	S2
S1-17339733	S2-457500956	S2
S1-17339733	S2-218771556	S2
S1-17339733	S2-145521404	S2
S1-17339733	S2-69559356	S2
S1-17339733	S2-92868774	S2
S1-647059934	S2-796679719	S2
S1-647059934	S2-626058699	S2
S1-647059934	S2-685027145	S2
S1-647059934	S2-290759547	S2
S1-647059934	S2-22257325	S2
S1-647059934	S2-945339512	S2
S1-647059934	S2-62736893	S2
S1-647059934	S2-441341822	S2
S1-647059934	S2-282629268	S2
S1-647059934	S2-630890287	S2
S1-647059934	S2-834738396	S2
S1-647059934	S2-696538156	S2
S1-647059934	S2-253412037	S2
S1-647059934	S2-335038001	S2
S1-647059934	S2-322877870	S2
S1-161901150	S2-277830258	S2
S1-161901150	S2-746717750	S2
S1-161901150	S2-308041768	S2
S1-161901150	S2-384350223	S2
S1-161901150	S2-644290298	S2
S1-161901150	S2-155574448	S2
S1-161901150	S2-108090038	S2
S1-161901150	S2-797857062	S2
S1-161901150	S2-813611214	S2
S1-161901150	S2-837096453	S2
S1-161901150	S2-4675625	S2
S1-161901150	S2-455830760	S2
S1-161901150	S2-421540927	S2
S1-161901150	S2-121759397	S2
S1-161901150	S2-850499815	S2
S1-241742700	S2-850741800	S2
S1-241742700	S2-823434500	S2
S1-241742700	S2-989158977	S2
S1-241742700	S2-147367965	S2
S1-241742700	S2-932626440	S2
S1-241742700	S2-93977217	S2
S1-241742700	S2-878448261	S2
S1-241742700	S2-534415637	S2
S1-241742700	S2-133809905	S2
S1-241742700	S2-23812106	S2
S1-241742700	S2-813862982	S2
S1-241742700	S2-384219063	S2
S1-241742700	S2-515473872	S2
S1-241742700	S2-715352193	S2
S1-241742700	S2-704652401	S2
S1-512634625	S2-650540638	S2
S1-512634625	S2-215156674	S2
S1-512634625	S2-12434856	S2
S1-512634625	S2-175865714	S2
S1-512634625	S2-821123172	S2
S1-512634625	S2-434166125	S2
S1-512634625	S2-947498857	S2
S1-512634625	S2-476714949	S2
S1-512634625	S2-344621502	S2
S1-512634625	S2-295799812	S2
S1-512634625	S2-915345864	S2
S1-512634625	S2-374447205	S2
S1-512634625	S2-665500858	S2
S1-512634625	S2-699195172	S2
S1-512634625	S2-340882825	S2
S1-37213524	S2-859924222	S2
S1-37213524	S2-945842043	S2
S1-37213524	S2-703267220	S2
S1-37213524	S2-5405243	S2
S1-37213524	S2-247759089	S2
S1-37213524	S2-772269040	S2
S1-37213524	S2-513550621	S2
S1-37213524	S2-305071473	S2
S1-37213524	S2-537858187	S2
S1-37213524	S2-31854557	S2
S1-37213524	S2-284585076	S2
S1-37213524	S2-186614082	S2
S1-37213524	S2-570512018	S2
S1-37213524	S2-841917974	S2
S1-37213524	S2-38917398	S2
S1-916773322	S2-234262247	S2
S1-916773322	S2-539726746	S2
S1-916773322	S2-866650875	S2
S1-916773322	S2-968735721	S2
S1-916773322	S2-51424319	S2
S1-916773322	S2-741940589	S2
S1-916773322	S2-443406741	S2
S1-916773322	S2-373143276	S2
S1-916773322	S2-800098684	S2
S1-916773322	S2-150814682	S2
S1-916773322	S2-645024489	S2
S1-916773322	S2-809775998	S2
S1-916773322	S2-31971701	S2
S1-916773322	S2-881342723	S2
S1-916773322	S2-607870664	S2
S1-263724589	S2-681956450	S2
S1-263724589	S2-197625218	S2
S1-263724589	S2-988430985	S2
S1-263724589	S2-629499045	S2
S1-263724589	S2-741576886	S2
S1-263724589	S2-213100180	S2
S1-263724589	S2-767109874	S2
S1-263724589	S2-176849787	S2
S1-263724589	S2-383775997	S2
S1-263724589	S2-991457427	S2
S1-263724589	S2-288004005	S2
S1-263724589	S2-587839085	S2
S1-263724589	S2-132543275	S2
S1-263724589	S2-956379452	S2
S1-263724589	S2-277126355	S2
S1-734453985	S2-812902368	S2
S1-734453985	S2-509362529	S2
S1-734453985	S2-213099480	S2
S1-734453985	S2-942849471	S2
S1-734453985	S2-889497510	S2
S1-734453985	S2-965204047	S2
S1-734453985	S2-149845283	S2
S1-734453985	S2-180999100	S2
S1-734453985	S2-316224656	S2
S1-734453985	S2-775394710	S2
S1-734453985	S2-164761174	S2
S1-734453985	S2-793689201	S2
S1-734453985	S2-569049408	S2
S1-734453985	S2-279795129	S2
S1-734453985	S2-978253391	S2
S1-722883348	S2-179181266	S2
S1-722883348	S2-29108033	S2
S1-722883348	S2-748163379	S2
S1-722883348	S2-654636304	S2
S1-722883348	S2-285659000	S2
S1-722883348	S2-487925537	S2
S1-722883348	S2-566931281	S2
S1-722883348	S2-252321761	S2
S1-722883348	S2-707195845	S2
S1-722883348	S2-706455784	S2
S1-722883348	S2-472320169	S2
S1-722883348	S2-116895038	S2
S1-722883348	S2-620446219	S2
S1-722883348	S2-883955706	S2
S1-722883348	S2-888873504	S2
S1-309101313	S2-860534246	S2
S1-309101313	S2-826516454	S2
S1-309101313	S2-975285928	S2
S1-309101313	S2-684635925	S2
S1-309101313	S2-358578952	S2
S1-309101313	S2-195373941	S2
S1-309101313	S2-597243519	S2
S1-309101313	S2-683872853	S2
S1-309101313	S2-537803499	S2
S1-309101313	S2-183050312	S2
S1-309101313	S2-235976983	S2
S1-309101313	S2-459758045	S2
S1-309101313	S2-861758392	S2
S1-309101313	S2-319667672	S2
S1-309101313	S2-252321761	S2
S1-266640251	S2-626012117	S2
S1-266640251	S2-378820746	S2
S1-266640251	S2-872809565	S2
S1-266640251	S2-914761441	S2
S1-266640251	S2-852307591	S2
S1-266640251	S2-793153206	S2
S1-266640251	S2-321398182	S2
S1-266640251	S2-91908767	S2
S1-266640251	S2-90112897	S2
S1-266640251	S2-569860965	S2
S1-266640251	S2-816989315	S2
S1-266640251	S2-126222886	S2
S1-266640251	S2-585316294	S2
S1-266640251	S2-764306412	S2
S1-266640251	S2-772323364	S2
S1-619068107	S2-82856803	S2
S1-619068107	S2-955730734	S2
S1-619068107	S2-62315810	S2
S1-619068107	S2-406854790	S2
S1-619068107	S2-960361858	S2
S1-619068107	S2-780123305	S2
S1-619068107	S2-979910605	S2
S1-619068107	S2-477373580	S2
S1-619068107	S2-789881006	S2
S1-619068107	S2-640284162	S2
S1-619068107	S2-222024725	S2
S1-619068107	S2-472530538	S2
S1-619068107	S2-832217974	S2
S1-619068107	S2-518525663	S2
S1-619068107	S2-321660864	S2
S1-706856946	S2-183050312	S2
S1-706856946	S2-416243900	S2
S1-706856946	S2-235976983	S2
S1-706856946	S2-537803499	S2
S1-706856946	S2-861758392	S2
S1-706856946	S2-248782105	S2
S1-706856946	S2-9416718	S2
S1-706856946	S2-660059542	S2
S1-706856946	S2-625899005	S2
S1-706856946	S2-459758045	S2
S1-706856946	S2-264776657	S2
S1-706856946	S2-638282892	S2
S1-706856946	S2-319667672	S2
S1-706856946	S2-252321761	S2
S1-706856946	S2-579566857	S2
S1-774836812	S2-426259815	S2
S1-774836812	S2-231195947	S2
S1-774836812	S2-558443244	S2
S1-774836812	S2-960771041	S2
S1-774836812	S2-634994990	S2
S1-774836812	S2-229217508	S2
S1-774836812	S2-402444489	S2
S1-774836812	S2-284585076	S2
S1-774836812	S2-916871057	S2
S1-774836812	S2-535988246	S2
S1-774836812	S2-567514562	S2
S1-774836812	S2-155086154	S2
S1-774836812	S2-25787219	S2
S1-774836812	S2-402804051	S2
S1-774836812	S2-523953646	S2
S1-452691275	S2-315872469	S2
S1-452691275	S2-479081815	S2
S1-452691275	S2-159175610	S2
S1-452691275	S2-665652910	S2
S1-452691275	S2-915284307	S2
S1-452691275	S2-118228907	S2
S1-452691275	S2-749932508	S2
S1-452691275	S2-628335210	S2
S1-452691275	S2-389773262	S2
S1-452691275	S2-945842043	S2
S1-452691275	S2-158399201	S2
S1-452691275	S2-460552614	S2
S1-452691275	S2-837187320	S2
S1-452691275	S2-994301220	S2
S1-452691275	S2-484559177	S2
S1-277375862	S2-402816014	S2
S1-277375862	S2-35064066	S2
S1-277375862	S2-811863966	S2
S1-277375862	S2-976795148	S2
S1-277375862	S2-40746806	S2
S1-277375862	S2-833900025	S2
S1-277375862	S2-150634918	S2
S1-277375862	S2-748347027	S2
S1-277375862	S2-721241427	S2
S1-277375862	S2-200288263	S2
S1-277375862	S2-393523489	S2
S1-277375862	S2-662221399	S2
S1-277375862	S2-430379962	S2
S1-277375862	S2-900515245	S2
S1-277375862	S2-938623294	S2
S1-110602510	S2-713572779	S2
S1-110602510	S2-8982199	S2
S1-110602510	S2-921202375	S2
S1-110602510	S2-794352292	S2
S1-110602510	S2-432279643	S2
S1-110602510	S2-975023541	S2
S1-110602510	S2-906898057	S2
S1-110602510	S2-334354664	S2
S1-110602510	S2-381676404	S2
S1-110602510	S2-848946610	S2
S1-110602510	S2-332453876	S2
S1-110602510	S2-135305339	S2
S1-110602510	S2-674862293	S2
S1-110602510	S2-68402423	S2
S1-110602510	S2-882819261	S2
S1-770963722	S2-784613702	S2
S1-770963722	S2-317647861	S2
S1-770963722	S2-35411465	S2
S1-770963722	S2-582180107	S2
S1-770963722	S2-11817249	S2
S1-770963722	S2-200472231	S2
S1-770963722	S2-714768922	S2
S1-770963722	S2-525338352	S2
S1-770963722	S2-288287673	S2
S1-770963722	S2-590158229	S2
S1-770963722	S2-454082161	S2
S1-770963722	S2-453455590	S2
S1-770963722	S2-471521279	S2
S1-770963722	S2-309950217	S2
S1-770963722	S2-806329868	S2
S1-341378122	S2-770769195	S2
S1-341378122	S2-662032378	S2
S1-341378122	S2-142962200	S2
S1-341378122	S2-513550621	S2
S1-341378122	S2-916238268	S2
S1-341378122	S2-663852317	S2
S1-341378122	S2-772922754	S2
S1-341378122	S2-842456481	S2
S1-341378122	S2-326195146	S2
S1-341378122	S2-862759276	S2
S1-341378122	S2-583111097	S2
S1-341378122	S2-877823257	S2
S1-341378122	S2-646080124	S2
S1-341378122	S2-119087459	S2
S1-341378122	S2-197625218	S2
S1-202909837	S2-72260125	S2
S1-202909837	S2-444679914	S2
S1-202909837	S2-626832027	S2
S1-202909837	S2-589492301	S2
S1-202909837	S2-58825780	S2
S1-202909837	S2-98331541	S2
S1-202909837	S2-857681318	S2
S1-202909837	S2-37960046	S2
S1-202909837	S2-520441214	S2
S1-202909837	S2-862571135	S2
S1-202909837	S2-491950020	S2
S1-202909837	S2-284585076	S2
S1-202909837	S2-668310822	S2
S1-202909837	S2-698383825	S2
S1-202909837	S2-570512018	S2
S1-520992658	S2-537858187	S2
S1-520992658	S2-838493982	S2
S1-520992658	S2-859393404	S2
S1-520992658	S2-568951817	S2
S1-520992658	S2-477675434	S2
S1-520992658	S2-344874828	S2
S1-520992658	S2-326946504	S2
S1-520992658	S2-304283115	S2
S1-520992658	S2-630688873	S2
S1-520992658	S2-335038001	S2
S1-520992658	S2-325615566	S2
S1-520992658	S2-210601194	S2
S1-520992658	S2-202057528	S2
S1-520992658	S2-459018782	S2
S1-520992658	S2-27503468	S2
S1-277391322	S2-447396827	S2
S1-277391322	S2-727779637	S2
S1-277391322	S2-287588845	S2
S1-277391322	S2-228338166	S2
S1-277391322	S2-53012167	S2
S1-277391322	S2-505326493	S2
S1-277391322	S2-908151511	S2
S1-277391322	S2-908088236	S2
S1-277391322	S2-460821959	S2
S1-277391322	S2-792073969	S2
S1-277391322	S2-498215317	S2
S1-277391322	S2-987414512	S2
S1-277391322	S2-212582677	S2
S1-277391322	S2-605734275	S2
S1-277391322	S2-165768476	S2
S1-638110492	S2-947549174	S2
S1-638110492	S2-803294359	S2
S1-638110492	S2-507619867	S2
S1-638110492	S2-635730595	S2
S1-638110492	S2-791990398	S2
S1-638110492	S2-875461623	S2
S1-638110492	S2-748545907	S2
S1-638110492	S2-147418558	S2
S1-638110492	S2-178777487	S2
S1-638110492	S2-8982199	S2
S1-638110492	S2-331797662	S2
S1-638110492	S2-659496238	S2
S1-638110492	S2-333989418	S2
S1-638110492	S2-402548315	S2
S1-638110492	S2-256172355	S2
S1-844896591	S2-31855479	S2
S1-844896591	S2-345936735	S2
S1-844896591	S2-630688873	S2
S1-844896591	S2-859269096	S2
S1-844896591	S2-556803824	S2
S1-844896591	S2-402444489	S2
S1-844896591	S2-335038001	S2
S1-844896591	S2-210601194	S2
S1-844896591	S2-950124108	S2
S1-844896591	S2-326946504	S2
S1-844896591	S2-355967072	S2
S1-844896591	S2-146095676	S2
S1-844896591	S2-423368397	S2
S1-844896591	S2-485902426	S2
S1-844896591	S2-238469305	S2
S1-245014023	S2-709994826	S2
S1-245014023	S2-31854557	S2
S1-245014023	S2-207084937	S2
S1-245014023	S2-623626120	S2
S1-245014023	S2-484559177	S2
S1-245014023	S2-873660516	S2
S1-245014023	S2-528483872	S2
S1-245014023	S2-274109622	S2
S1-245014023	S2-862571135	S2
S1-245014023	S2-182529912	S2
S1-245014023	S2-885496247	S2
S1-245014023	S2-479081815	S2
S1-245014023	S2-315872469	S2
S1-245014023	S2-159175610	S2
S1-245014023	S2-665652910	S2
S1-790771894	S2-598991538	S2
S1-790771894	S2-626832027	S2
S1-790771894	S2-72260125	S2
S1-790771894	S2-37960046	S2
S1-790771894	S2-589492301	S2
S1-790771894	S2-58825780	S2
S1-790771894	S2-857681318	S2
S1-790771894	S2-98331541	S2
S1-790771894	S2-862571135	S2
S1-790771894	S2-570512018	S2
S1-790771894	S2-520441214	S2
S1-790771894	S2-284585076	S2
S1-790771894	S2-491950020	S2
S1-790771894	S2-668310822	S2
S1-790771894	S2-698383825	S2
S1-437422427	S2-259305279	S2
S1-437422427	S2-629086028	S2
S1-437422427	S2-432522197	S2
S1-437422427	S2-645209515	S2
S1-437422427	S2-234784280	S2
S1-437422427	S2-941570409	S2
S1-437422427	S2-548705010	S2
S1-437422427	S2-869995817	S2
S1-437422427	S2-765237014	S2
S1-437422427	S2-354541531	S2
S1-437422427	S2-762632812	S2
S1-437422427	S2-613431408	S2
S1-437422427	S2-16075678	S2
S1-437422427	S2-462526248	S2
S1-437422427	S2-199883120	S2
S1-870525516	S2-155681006	S2
S1-870525516	S2-349287094	S2
S1-870525516	S2-815424973	S2
S1-870525516	S2-354227046	S2
S1-870525516	S2-475419520	S2
S1-870525516	S2-287300820	S2
S1-870525516	S2-66569650	S2
S1-870525516	S2-354912564	S2
S1-870525516	S2-530330935	S2
S1-870525516	S2-492786272	S2
S1-870525516	S2-728928259	S2
S1-870525516	S2-788637934	S2
S1-870525516	S2-260388248	S2
S1-870525516	S2-434166125	S2
S1-870525516	S2-353393611	S2
S1-382138150	S2-164651728	S2
S1-382138150	S2-892880098	S2
S1-382138150	S2-905737147	S2
S1-382138150	S2-135305339	S2
S1-382138150	S2-978606166	S2
S1-382138150	S2-929722075	S2
S1-382138150	S2-975023541	S2
S1-382138150	S2-22700931	S2
S1-382138150	S2-794352292	S2
S1-382138150	S2-777730349	S2
S1-382138150	S2-670948516	S2
S1-382138150	S2-882459657	S2
S1-382138150	S2-921202375	S2
S1-382138150	S2-8982199	S2
S1-382138150	S2-607679396	S2
S1-470699785	S2-187074087	S2
S1-470699785	S2-392990451	S2
S1-470699785	S2-563493244	S2
S1-470699785	S2-910195544	S2
S1-470699785	S2-468700275	S2
S1-470699785	S2-281309190	S2
S1-470699785	S2-50586341	S2
S1-470699785	S2-726621584	S2
S1-470699785	S2-861414287	S2
S1-470699785	S2-926524693	S2
S1-470699785	S2-809086049	S2
S1-470699785	S2-915769300	S2
S1-470699785	S2-678788003	S2
S1-470699785	S2-411547279	S2
S1-470699785	S2-602297798	S2
S1-696598587	S2-533197229	S2
S1-696598587	S2-795141272	S2
S1-696598587	S2-755671955	S2
S1-696598587	S2-443356087	S2
S1-696598587	S2-841193719	S2
S1-696598587	S2-785890760	S2
S1-696598587	S2-810670202	S2
S1-696598587	S2-813862982	S2
S1-696598587	S2-208005980	S2
S1-696598587	S2-349365849	S2
S1-696598587	S2-425397364	S2
S1-696598587	S2-382500675	S2
S1-696598587	S2-895116270	S2
S1-696598587	S2-475420641	S2
S1-696598587	S2-663049678	S2
S1-960756168	S2-748325649	S2
S1-960756168	S2-127778636	S2
S1-960756168	S2-193389855	S2
S1-960756168	S2-205132293	S2
S1-960756168	S2-592650888	S2
S1-960756168	S2-192695882	S2
S1-960756168	S2-492444908	S2
S1-960756168	S2-448710587	S2
S1-960756168	S2-460653265	S2
S1-960756168	S2-814955870	S2
S1-960756168	S2-981550471	S2
S1-960756168	S2-810843780	S2
S1-960756168	S2-94339175	S2
S1-960756168	S2-781790661	S2
S1-960756168	S2-808728262	S2
S1-842881175	S2-369125410	S2
S1-842881175	S2-921287883	S2
S1-842881175	S2-291868119	S2
S1-842881175	S2-392482719	S2
S1-842881175	S2-166986252	S2
S1-842881175	S2-650540638	S2
S1-842881175	S2-714768922	S2
S1-842881175	S2-846158069	S2
S1-842881175	S2-179461226	S2
S1-842881175	S2-529023041	S2
S1-842881175	S2-288004005	S2
S1-842881175	S2-546744883	S2
S1-842881175	S2-448793585	S2
S1-842881175	S2-504223867	S2
S1-842881175	S2-644543255	S2
S1-42596820	S2-698245094	S2
S1-42596820	S2-194980849	S2
S1-42596820	S2-60818919	S2
S1-42596820	S2-819216280	S2
S1-42596820	S2-939074826	S2
S1-42596820	S2-733025108	S2
S1-42596820	S2-726813453	S2
S1-42596820	S2-339142042	S2
S1-42596820	S2-619664055	S2
S1-42596820	S2-882915480	S2
S1-42596820	S2-281309190	S2
S1-42596820	S2-640420911	S2
S1-42596820	S2-713109591	S2
S1-42596820	S2-690767550	S2
S1-42596820	S2-512950951	S2
S1-360871186	S2-422774904	S2
S1-360871186	S2-73037424	S2
S1-360871186	S2-573950787	S2
S1-360871186	S2-34449822	S2
S1-360871186	S2-774048672	S2
S1-360871186	S2-759542904	S2
S1-360871186	S2-885365561	S2
S1-360871186	S2-857627805	S2
S1-360871186	S2-70367717	S2
S1-360871186	S2-397600396	S2
S1-360871186	S2-662107705	S2
S1-360871186	S2-51424319	S2
S1-360871186	S2-811863966	S2
S1-360871186	S2-648420391	S2
S1-360871186	S2-178777487	S2
S1-868335410	S2-459481005	S2
S1-868335410	S2-521121876	S2
S1-868335410	S2-978253391	S2
S1-868335410	S2-126222886	S2
S1-868335410	S2-983379660	S2
S1-868335410	S2-269775293	S2
S1-868335410	S2-567089005	S2
S1-868335410	S2-710492190	S2
S1-868335410	S2-451528254	S2
S1-868335410	S2-634015823	S2
S1-868335410	S2-39969572	S2
S1-868335410	S2-866650875	S2
S1-868335410	S2-968735721	S2
S1-868335410	S2-373143276	S2
S1-868335410	S2-147367965	S2
S1-780893579	S2-60332086	S2
S1-780893579	S2-352552540	S2
S1-780893579	S2-373678906	S2
S1-780893579	S2-876145747	S2
S1-780893579	S2-827093547	S2
S1-780893579	S2-426144370	S2
S1-780893579	S2-99445931	S2
S1-780893579	S2-665463193	S2
S1-780893579	S2-459758045	S2
S1-780893579	S2-23933178	S2
S1-780893579	S2-154479629	S2
S1-780893579	S2-554378599	S2
S1-780893579	S2-527059989	S2
S1-780893579	S2-103317508	S2
S1-780893579	S2-983514167	S2
S1-372897884	S2-195768351	S2
S1-372897884	S2-150882117	S2
S1-372897884	S2-1505887	S2
S1-372897884	S2-564777969	S2
S1-372897884	S2-276826990	S2
S1-372897884	S2-959734804	S2
S1-372897884	S2-947466256	S2
S1-372897884	S2-572367141	S2
S1-372897884	S2-287300820	S2
S1-372897884	S2-466380342	S2
S1-372897884	S2-913240757	S2
S1-372897884	S2-178971361	S2
S1-372897884	S2-537803499	S2
S1-372897884	S2-820761727	S2
S1-372897884	S2-308442620	S2
S1-582550646	S2-444528389	S2
S1-582550646	S2-650540638	S2
S1-582550646	S2-382500675	S2
S1-582550646	S2-1722538	S2
S1-582550646	S2-368206306	S2
S1-582550646	S2-630825823	S2
S1-582550646	S2-492031103	S2
S1-582550646	S2-520545166	S2
S1-582550646	S2-501890286	S2
S1-582550646	S2-70991129	S2
S1-582550646	S2-803343298	S2
S1-582550646	S2-175566180	S2
S1-582550646	S2-585744040	S2
S1-582550646	S2-721104467	S2
S1-582550646	S2-743455401	S2
S1-761888543	S2-752654978	S2
S1-761888543	S2-818687100	S2
S1-761888543	S2-834353592	S2
S1-761888543	S2-222540081	S2
S1-761888543	S2-395800668	S2
S1-761888543	S2-712777388	S2
S1-761888543	S2-534318812	S2
S1-761888543	S2-833227760	S2
S1-761888543	S2-673822670	S2
S1-761888543	S2-810915319	S2
S1-761888543	S2-3914789	S2
S1-761888543	S2-875461623	S2
S1-761888543	S2-17360295	S2
S1-761888543	S2-826516454	S2
S1-761888543	S2-609292694	S2
S1-430842276	S2-929614987	S2
S1-430842276	S2-539943184	S2
S1-430842276	S2-660467546	S2
S1-430842276	S2-314926539	S2
S1-430842276	S2-981550471	S2
S1-430842276	S2-693296247	S2
S1-430842276	S2-868574975	S2
S1-430842276	S2-566293411	S2
S1-430842276	S2-293675262	S2
S1-430842276	S2-291868119	S2
S1-430842276	S2-566309986	S2
S1-430842276	S2-494828371	S2
S1-430842276	S2-791990398	S2
S1-430842276	S2-196587307	S2
S1-430842276	S2-370549501	S2
S1-533701421	S2-849819552	S2
S1-533701421	S2-18877748	S2
S1-533701421	S2-72897582	S2
S1-533701421	S2-169597264	S2
S1-533701421	S2-473425954	S2
S1-533701421	S2-561796765	S2
S1-533701421	S2-67633039	S2
S1-533701421	S2-602695064	S2
S1-533701421	S2-548633980	S2
S1-533701421	S2-195972156	S2
S1-533701421	S2-867614780	S2
S1-533701421	S2-895944720	S2
S1-533701421	S2-512060211	S2
S1-533701421	S2-646593051	S2
S1-533701421	S2-91468451	S2
S1-140574806	S2-163212711	S2
S1-140574806	S2-812353470	S2
S1-140574806	S2-613019176	S2
S1-140574806	S2-837615087	S2
S1-140574806	S2-371692381	S2
S1-140574806	S2-866295263	S2
S1-140574806	S2-801373301	S2
S1-140574806	S2-851158280	S2
S1-140574806	S2-92835928	S2
S1-140574806	S2-227887567	S2
S1-140574806	S2-573307988	S2
S1-140574806	S2-153452187	S2
S1-140574806	S2-379148212	S2
S1-140574806	S2-142962200	S2
S1-140574806	S2-420385975	S2
S1-388312190	S2-848656635	S2
S1-388312190	S2-684046440	S2
S1-388312190	S2-895944134	S2
S1-388312190	S2-373678906	S2
S1-388312190	S2-15514991	S2
S1-388312190	S2-463010789	S2
S1-388312190	S2-51477351	S2
S1-388312190	S2-822918754	S2
S1-388312190	S2-685027145	S2
S1-388312190	S2-216377044	S2
S1-388312190	S2-564916390	S2
S1-388312190	S2-202135780	S2
S1-388312190	S2-295065312	S2
S1-388312190	S2-448548244	S2
S1-388312190	S2-912812990	S2
S1-767371184	S2-479081815	S2
S1-767371184	S2-665652910	S2
S1-767371184	S2-159175610	S2
S1-767371184	S2-316020185	S2
S1-767371184	S2-915284307	S2
S1-767371184	S2-118228907	S2
S1-767371184	S2-749932508	S2
S1-767371184	S2-628335210	S2
S1-767371184	S2-945842043	S2
S1-767371184	S2-389773262	S2
S1-767371184	S2-158399201	S2
S1-767371184	S2-460552614	S2
S1-767371184	S2-837187320	S2
S1-767371184	S2-994301220	S2
S1-767371184	S2-484559177	S2
S1-395950954	S2-228710851	S2
S1-395950954	S2-919385476	S2
S1-395950954	S2-661030345	S2
S1-395950954	S2-298589362	S2
S1-395950954	S2-218771556	S2
S1-395950954	S2-482965691	S2
S1-395950954	S2-738629358	S2
S1-395950954	S2-638319392	S2
S1-395950954	S2-558443244	S2
S1-395950954	S2-548633980	S2
S1-395950954	S2-774048672	S2
S1-395950954	S2-111294604	S2
S1-395950954	S2-64494419	S2
S1-395950954	S2-886247443	S2
S1-395950954	S2-285859028	S2
S1-691555791	S2-503048625	S2
S1-691555791	S2-368206306	S2
S1-691555791	S2-454855149	S2
S1-691555791	S2-984943631	S2
S1-691555791	S2-216470228	S2
S1-691555791	S2-157856390	S2
S1-691555791	S2-800779929	S2
S1-691555791	S2-43073112	S2
S1-691555791	S2-428985968	S2
S1-691555791	S2-333785505	S2
S1-691555791	S2-559859533	S2
S1-691555791	S2-264731923	S2
S1-691555791	S2-300552236	S2
S1-691555791	S2-598177562	S2
S1-691555791	S2-790425886	S2
S1-793019850	S2-702965552	S2
S1-793019850	S2-665652910	S2
S1-793019850	S2-574914445	S2
S1-793019850	S2-809775998	S2
S1-793019850	S2-510931175	S2
S1-793019850	S2-769670550	S2
S1-793019850	S2-224520354	S2
S1-793019850	S2-647040826	S2
S1-793019850	S2-792941939	S2
S1-793019850	S2-697586803	S2
S1-793019850	S2-645024489	S2
S1-793019850	S2-321590098	S2
S1-793019850	S2-819911306	S2
S1-793019850	S2-567514562	S2
S1-793019850	S2-709994826	S2
S1-975506716	S2-77419070	S2
S1-975506716	S2-771685137	S2
S1-975506716	S2-99468652	S2
S1-975506716	S2-242582700	S2
S1-975506716	S2-402548315	S2
S1-975506716	S2-726045392	S2
S1-975506716	S2-788754887	S2
S1-975506716	S2-455209026	S2
S1-975506716	S2-873177396	S2
S1-975506716	S2-846262463	S2
S1-975506716	S2-265891218	S2
S1-975506716	S2-335124172	S2
S1-975506716	S2-101325335	S2
S1-975506716	S2-95424985	S2
S1-975506716	S2-44843332	S2
S1-495990882	S2-416300306	S2
S1-495990882	S2-479261653	S2
S1-495990882	S2-224520354	S2
S1-495990882	S2-582629579	S2
S1-495990882	S2-5405243	S2
S1-495990882	S2-696617658	S2
S1-495990882	S2-763656124	S2
S1-495990882	S2-145204119	S2
S1-495990882	S2-414895830	S2
S1-495990882	S2-585698283	S2
S1-495990882	S2-754789254	S2
S1-495990882	S2-344874828	S2
S1-495990882	S2-646593051	S2
S1-495990882	S2-564433190	S2
S1-495990882	S2-294062437	S2
S1-666435696	S2-696617658	S2
S1-666435696	S2-914961766	S2
S1-666435696	S2-698567775	S2
S1-666435696	S2-444467356	S2
S1-666435696	S2-619844913	S2
S1-666435696	S2-977796762	S2
S1-666435696	S2-302833544	S2
S1-666435696	S2-793689201	S2
S1-666435696	S2-373143276	S2
S1-666435696	S2-994612767	S2
S1-666435696	S2-43073112	S2
S1-666435696	S2-872566864	S2
S1-666435696	S2-53273621	S2
S1-666435696	S2-636634036	S2
S1-666435696	S2-966475004	S2
S1-129027978	S2-708727646	S2
S1-129027978	S2-960129567	S2
S1-129027978	S2-441765868	S2
S1-129027978	S2-281309190	S2
S1-129027978	S2-165863386	S2
S1-129027978	S2-424537185	S2
S1-129027978	S2-317647861	S2
S1-129027978	S2-726813453	S2
S1-129027978	S2-436663188	S2
S1-129027978	S2-645440237	S2
S1-129027978	S2-972051451	S2
S1-129027978	S2-60818919	S2
S1-129027978	S2-512950951	S2
S1-129027978	S2-713109591	S2
S1-129027978	S2-619664055	S2
S1-922994065	S2-698001157	S2
S1-922994065	S2-561796765	S2
S1-922994065	S2-358052714	S2
S1-922994065	S2-549881386	S2
S1-922994065	S2-359710026	S2
S1-922994065	S2-806324381	S2
S1-922994065	S2-548296657	S2
S1-922994065	S2-632851303	S2
S1-922994065	S2-566356754	S2
S1-922994065	S2-47799063	S2
S1-922994065	S2-848687795	S2
S1-922994065	S2-937987341	S2
S1-922994065	S2-57375033	S2
S1-922994065	S2-996428837	S2
S1-922994065	S2-710175093	S2
S1-623350674	S2-757402261	S2
S1-623350674	S2-49714549	S2
S1-623350674	S2-487136175	S2
S1-623350674	S2-425338531	S2
S1-623350674	S2-595913199	S2
S1-623350674	S2-250788994	S2
S1-623350674	S2-34892868	S2
S1-623350674	S2-23854429	S2
S1-623350674	S2-477346021	S2
S1-623350674	S2-91704178	S2
S1-623350674	S2-859321758	S2
S1-623350674	S2-196088758	S2
S1-623350674	S2-678818787	S2
S1-623350674	S2-178951342	S2
S1-623350674	S2-105671746	S2
S1-753180274	S2-220286148	S2
S1-753180274	S2-779485994	S2
S1-753180274	S2-716588163	S2
S1-753180274	S2-918763928	S2
S1-753180274	S2-43091282	S2
S1-753180274	S2-820079347	S2
S1-753180274	S2-220948169	S2
S1-753180274	S2-294114423	S2
S1-753180274	S2-215156674	S2
S1-753180274	S2-811863966	S2
S1-753180274	S2-910448815	S2
S1-753180274	S2-362875802	S2
S1-753180274	S2-562575047	S2
S1-753180274	S2-826868298	S2
S1-753180274	S2-597331429	S2
S1-617270478	S2-367970234	S2
S1-617270478	S2-110236539	S2
S1-617270478	S2-709626608	S2
S1-617270478	S2-829251462	S2
S1-617270478	S2-287300820	S2
S1-617270478	S2-530330935	S2
S1-617270478	S2-305873353	S2
S1-617270478	S2-466263961	S2
S1-617270478	S2-260388248	S2
S1-617270478	S2-100598528	S2
S1-617270478	S2-475419520	S2
S1-617270478	S2-354227046	S2
S1-617270478	S2-349287094	S2
S1-617270478	S2-155681006	S2
S1-617270478	S2-704269513	S2
S1-334052695	S2-972051451	S2
S1-334052695	S2-424537185	S2
S1-334052695	S2-17933853	S2
S1-334052695	S2-194980849	S2
S1-334052695	S2-645440237	S2
S1-334052695	S2-576580892	S2
S1-334052695	S2-60818919	S2
S1-334052695	S2-892880098	S2
S1-334052695	S2-733025108	S2
S1-334052695	S2-882915480	S2
S1-334052695	S2-726813453	S2
S1-334052695	S2-619664055	S2
S1-334052695	S2-713109591	S2
S1-334052695	S2-281309190	S2
S1-334052695	S2-512950951	S2
S1-102971431	S2-840538759	S2
S1-102971431	S2-311029819	S2
S1-102971431	S2-27297350	S2
S1-102971431	S2-752654978	S2
S1-102971431	S2-228567244	S2
S1-102971431	S2-322536831	S2
S1-102971431	S2-742941063	S2
S1-102971431	S2-560300733	S2
S1-102971431	S2-883117276	S2
S1-102971431	S2-260686291	S2
S1-102971431	S2-949636022	S2
S1-102971431	S2-642367103	S2
S1-102971431	S2-569534268	S2
S1-102971431	S2-794530374	S2
S1-102971431	S2-651292790	S2
S1-948624922	S2-540853782	S2
S1-948624922	S2-67863065	S2
S1-948624922	S2-17933853	S2
S1-948624922	S2-822918754	S2
S1-948624922	S2-142142252	S2
S1-948624922	S2-150348786	S2
S1-948624922	S2-63052434	S2
S1-948624922	S2-54240060	S2
S1-948624922	S2-776942202	S2
S1-948624922	S2-241868453	S2
S1-948624922	S2-481306942	S2
S1-948624922	S2-177471665	S2
S1-948624922	S2-670948516	S2
S1-948624922	S2-825374035	S2
S1-948624922	S2-348093874	S2
S1-638785454	S2-133763910	S2
S1-638785454	S2-847374839	S2
S1-638785454	S2-799238901	S2
S1-638785454	S2-569534268	S2
S1-638785454	S2-560300733	S2
S1-638785454	S2-642367103	S2
S1-638785454	S2-949636022	S2
S1-638785454	S2-794530374	S2
S1-638785454	S2-840538759	S2
S1-638785454	S2-27297350	S2
S1-638785454	S2-752654978	S2
S1-638785454	S2-228567244	S2
S1-638785454	S2-883117276	S2
S1-638785454	S2-260686291	S2
S1-638785454	S2-651292790	S2
S1-455885431	S2-945842043	S2
S1-455885431	S2-348093874	S2
S1-455885431	S2-147317655	S2
S1-455885431	S2-255178941	S2
S1-455885431	S2-460552614	S2
S1-455885431	S2-232488330	S2
S1-455885431	S2-158399201	S2
S1-455885431	S2-703946335	S2
S1-455885431	S2-930098957	S2
S1-455885431	S2-837187320	S2
S1-455885431	S2-339884517	S2
S1-455885431	S2-183430561	S2
S1-455885431	S2-644290298	S2
S1-455885431	S2-194307610	S2
S1-455885431	S2-984452660	S2
S1-312194988	S2-752654978	S2
S1-312194988	S2-651292790	S2
S1-312194988	S2-883117276	S2
S1-312194988	S2-623164214	S2
S1-312194988	S2-840538759	S2
S1-312194988	S2-446844245	S2
S1-312194988	S2-177779132	S2
S1-312194988	S2-995199364	S2
S1-312194988	S2-569534268	S2
S1-312194988	S2-133763910	S2
S1-312194988	S2-794530374	S2
S1-312194988	S2-847374839	S2
S1-312194988	S2-260686291	S2
S1-312194988	S2-27297350	S2
S1-312194988	S2-228567244	S2
S1-745218864	S2-774048672	S2
S1-745218864	S2-927235908	S2
S1-745218864	S2-150634918	S2
S1-745218864	S2-998885968	S2
S1-745218864	S2-426439815	S2
S1-745218864	S2-859726068	S2
S1-745218864	S2-741639927	S2
S1-745218864	S2-402816014	S2
S1-745218864	S2-833900025	S2
S1-745218864	S2-277830258	S2
S1-745218864	S2-811863966	S2
S1-745218864	S2-366350374	S2
S1-745218864	S2-40746806	S2
S1-745218864	S2-721241427	S2
S1-745218864	S2-662221399	S2
S1-576426786	S2-419837913	S2
S1-576426786	S2-309042378	S2
S1-576426786	S2-193955920	S2
S1-576426786	S2-155574448	S2
S1-576426786	S2-656709219	S2
S1-576426786	S2-214447140	S2
S1-576426786	S2-307443980	S2
S1-576426786	S2-437494471	S2
S1-576426786	S2-806329868	S2
S1-576426786	S2-750426664	S2
S1-576426786	S2-467121958	S2
S1-576426786	S2-785890760	S2
S1-576426786	S2-149845283	S2
S1-576426786	S2-527059989	S2
S1-576426786	S2-298598465	S2
S1-298951977	S2-98331541	S2
S1-298951977	S2-998885968	S2
S1-298951977	S2-121549347	S2
S1-298951977	S2-857681318	S2
S1-298951977	S2-402816014	S2
S1-298951977	S2-879030047	S2
S1-298951977	S2-811863966	S2
S1-298951977	S2-980246492	S2
S1-298951977	S2-833900025	S2
S1-298951977	S2-40746806	S2
S1-298951977	S2-339884517	S2
S1-298951977	S2-680761610	S2
S1-298951977	S2-721241427	S2
S1-298951977	S2-698383825	S2
S1-298951977	S2-662221399	S2
S1-380060263	S2-777730349	S2
S1-380060263	S2-854377052	S2
S1-380060263	S2-794352292	S2
S1-380060263	S2-882459657	S2
S1-380060263	S2-569860965	S2
S1-380060263	S2-8982199	S2
S1-380060263	S2-921202375	S2
S1-380060263	S2-79488526	S2
S1-380060263	S2-978606166	S2
S1-380060263	S2-736787326	S2
S1-380060263	S2-30842411	S2
S1-380060263	S2-164651728	S2
S1-380060263	S2-502689864	S2
S1-380060263	S2-116543777	S2
S1-380060263	S2-394314645	S2
S1-603442937	S2-777730349	S2
S1-603442937	S2-459633919	S2
S1-603442937	S2-794352292	S2
S1-603442937	S2-921202375	S2
S1-603442937	S2-774600043	S2
S1-603442937	S2-132543275	S2
S1-603442937	S2-314169444	S2
S1-603442937	S2-8982199	S2
S1-603442937	S2-810843780	S2
S1-603442937	S2-142441358	S2
S1-603442937	S2-688247667	S2
S1-603442937	S2-765265626	S2
S1-603442937	S2-921274499	S2
S1-603442937	S2-258046397	S2
S1-603442937	S2-975023541	S2
S1-795245610	S2-459018782	S2
S1-795245610	S2-957978733	S2
S1-795245610	S2-785852339	S2
S1-795245610	S2-683120884	S2
S1-795245610	S2-183176697	S2
S1-795245610	S2-962522174	S2
S1-795245610	S2-963300188	S2
S1-795245610	S2-854959253	S2
S1-795245610	S2-165809100	S2
S1-795245610	S2-749642407	S2
S1-795245610	S2-596751909	S2
S1-795245610	S2-666342792	S2
S1-795245610	S2-699301561	S2
S1-795245610	S2-185405451	S2
S1-795245610	S2-849565658	S2
S1-873852360	S2-670948516	S2
S1-873852360	S2-794352292	S2
S1-873852360	S2-354227046	S2
S1-873852360	S2-777730349	S2
S1-873852360	S2-983514167	S2
S1-873852360	S2-915769300	S2
S1-873852360	S2-409726115	S2
S1-873852360	S2-921202375	S2
S1-873852360	S2-8982199	S2
S1-873852360	S2-67505679	S2
S1-873852360	S2-665463193	S2
S1-873852360	S2-105086356	S2
S1-873852360	S2-605633090	S2
S1-873852360	S2-23933178	S2
S1-873852360	S2-426144370	S2
S1-144718195	S2-860399725	S2
S1-144718195	S2-869901829	S2
S1-144718195	S2-703267220	S2
S1-144718195	S2-939986664	S2
S1-144718195	S2-206766125	S2
S1-144718195	S2-294062437	S2
S1-144718195	S2-867197250	S2
S1-144718195	S2-471154795	S2
S1-144718195	S2-960372483	S2
S1-144718195	S2-890463640	S2
S1-144718195	S2-133609214	S2
S1-144718195	S2-26126776	S2
S1-144718195	S2-399971243	S2
S1-144718195	S2-884135049	S2
S1-144718195	S2-373678906	S2
S1-518394026	S2-181566415	S2
S1-518394026	S2-362776689	S2
S1-518394026	S2-673704658	S2
S1-518394026	S2-307599169	S2
S1-518394026	S2-296598302	S2
S1-518394026	S2-648420391	S2
S1-518394026	S2-230184729	S2
S1-518394026	S2-414238106	S2
S1-518394026	S2-711267664	S2
S1-518394026	S2-706697011	S2
S1-518394026	S2-403364722	S2
S1-518394026	S2-797821871	S2
S1-518394026	S2-814052487	S2
S1-518394026	S2-885381494	S2
S1-518394026	S2-672381387	S2
S1-703428973	S2-244340971	S2
S1-703428973	S2-819921403	S2
S1-703428973	S2-140550490	S2
S1-703428973	S2-731531571	S2
S1-703428973	S2-490251737	S2
S1-703428973	S2-518185574	S2
S1-703428973	S2-465837411	S2
S1-703428973	S2-870071391	S2
S1-703428973	S2-195373941	S2
S1-703428973	S2-907307129	S2
S1-703428973	S2-735201125	S2
S1-703428973	S2-831625227	S2
S1-703428973	S2-192178144	S2
S1-703428973	S2-908777030	S2
S1-703428973	S2-242582700	S2
S1-478051664	S2-103317508	S2
S1-478051664	S2-191045664	S2
S1-478051664	S2-816686119	S2
S1-478051664	S2-507619867	S2
S1-478051664	S2-404431253	S2
S1-478051664	S2-908490642	S2
S1-478051664	S2-178777487	S2
S1-478051664	S2-378055021	S2
S1-478051664	S2-15235408	S2
S1-478051664	S2-561625161	S2
S1-478051664	S2-488789411	S2
S1-478051664	S2-367970234	S2
S1-478051664	S2-929646481	S2
S1-478051664	S2-718826006	S2
S1-478051664	S2-271555689	S2
S1-95925372	S2-849819552	S2
S1-95925372	S2-827260882	S2
S1-95925372	S2-444679914	S2
S1-95925372	S2-339853392	S2
S1-95925372	S2-574349442	S2
S1-95925372	S2-98740207	S2
S1-95925372	S2-382118226	S2
S1-95925372	S2-867614780	S2
S1-95925372	S2-526876910	S2
S1-95925372	S2-777835859	S2
S1-95925372	S2-70698601	S2
S1-95925372	S2-960276783	S2
S1-95925372	S2-940079305	S2
S1-95925372	S2-27148087	S2
S1-95925372	S2-438085957	S2
S1-436247714	S2-475524221	S2
S1-436247714	S2-872022787	S2
S1-436247714	S2-232323896	S2
S1-436247714	S2-372871261	S2
S1-436247714	S2-547097573	S2
S1-436247714	S2-680198089	S2
S1-436247714	S2-229605009	S2
S1-436247714	S2-471521279	S2
S1-436247714	S2-211389639	S2
S1-436247714	S2-265862472	S2
S1-436247714	S2-905223021	S2
S1-436247714	S2-315310656	S2
S1-436247714	S2-684055122	S2
S1-436247714	S2-213208828	S2
S1-436247714	S2-404431253	S2
S1-993604636	S2-510383940	S2
S1-993604636	S2-417277947	S2
S1-993604636	S2-203282369	S2
S1-993604636	S2-516871248	S2
S1-993604636	S2-674315309	S2
S1-993604636	S2-560818510	S2
S1-993604636	S2-629086028	S2
S1-993604636	S2-583271471	S2
S1-993604636	S2-25787219	S2
S1-993604636	S2-932843757	S2
S1-993604636	S2-598068208	S2
S1-993604636	S2-802873219	S2
S1-993604636	S2-428899461	S2
S1-993604636	S2-9614101	S2
S1-993604636	S2-219432880	S2
S1-515624637	S2-932096839	S2
S1-515624637	S2-531774058	S2
S1-515624637	S2-862759276	S2
S1-515624637	S2-202081914	S2
S1-515624637	S2-130460888	S2
S1-515624637	S2-97857545	S2
S1-515624637	S2-958183207	S2
S1-515624637	S2-150965879	S2
S1-515624637	S2-383822500	S2
S1-515624637	S2-878768582	S2
S1-515624637	S2-423030845	S2
S1-515624637	S2-605633090	S2
S1-515624637	S2-105086356	S2
S1-515624637	S2-206775978	S2
S1-515624637	S2-854676522	S2
S1-295377582	S2-751588111	S2
S1-295377582	S2-954942261	S2
S1-295377582	S2-535260713	S2
S1-295377582	S2-506145204	S2
S1-295377582	S2-526412482	S2
S1-295377582	S2-448793585	S2
S1-295377582	S2-399052000	S2
S1-295377582	S2-748044572	S2
S1-295377582	S2-846158069	S2
S1-295377582	S2-913216366	S2
S1-295377582	S2-377809075	S2
S1-295377582	S2-291868119	S2
S1-295377582	S2-865044868	S2
S1-295377582	S2-18394219	S2
S1-295377582	S2-715522197	S2
S1-616628716	S2-642110210	S2
S1-616628716	S2-715096064	S2
S1-616628716	S2-404232285	S2
S1-616628716	S2-255396836	S2
S1-616628716	S2-246533409	S2
S1-616628716	S2-569515778	S2
S1-616628716	S2-598884836	S2
S1-616628716	S2-108090038	S2
S1-616628716	S2-776794265	S2
S1-616628716	S2-253120022	S2
S1-616628716	S2-315872469	S2
S1-616628716	S2-692060905	S2
S1-616628716	S2-682660453	S2
S1-616628716	S2-855836919	S2
S1-616628716	S2-89587960	S2
S1-187058094	S2-795924720	S2
S1-187058094	S2-138702507	S2
S1-187058094	S2-239425365	S2
S1-187058094	S2-775099408	S2
S1-187058094	S2-324372014	S2
S1-187058094	S2-154655572	S2
S1-187058094	S2-757169960	S2
S1-187058094	S2-982950235	S2
S1-187058094	S2-648055380	S2
S1-187058094	S2-217976803	S2
S1-187058094	S2-35320888	S2
S1-187058094	S2-254739149	S2
S1-187058094	S2-737827326	S2
S1-187058094	S2-435778329	S2
S1-187058094	S2-704449115	S2
S1-557975484	S2-776942202	S2
S1-557975484	S2-344085581	S2
S1-557975484	S2-378780545	S2
S1-557975484	S2-50513846	S2
S1-557975484	S2-877745187	S2
S1-557975484	S2-902147205	S2
S1-557975484	S2-574121799	S2
S1-557975484	S2-182955632	S2
S1-557975484	S2-399391347	S2
S1-557975484	S2-152104014	S2
S1-557975484	S2-630829551	S2
S1-557975484	S2-932843757	S2
S1-557975484	S2-75129136	S2
S1-557975484	S2-892909897	S2
S1-557975484	S2-777642350	S2
S1-487154804	S2-410671671	S2
S1-487154804	S2-895791781	S2
S1-487154804	S2-633677238	S2
S1-487154804	S2-624920895	S2
S1-487154804	S2-216434283	S2
S1-487154804	S2-219374527	S2
S1-487154804	S2-30769224	S2
S1-487154804	S2-1986290	S2
S1-487154804	S2-226551251	S2
S1-487154804	S2-481306942	S2
S1-487154804	S2-673704658	S2
S1-487154804	S2-388362035	S2
S1-487154804	S2-76243565	S2
S1-487154804	S2-80378413	S2
S1-487154804	S2-174609481	S2
S1-536638885	S2-555707870	S2
S1-536638885	S2-988241366	S2
S1-536638885	S2-2048071	S2
S1-536638885	S2-996064384	S2
S1-536638885	S2-258904656	S2
S1-536638885	S2-722166534	S2
S1-536638885	S2-218208532	S2
S1-536638885	S2-747145329	S2
S1-536638885	S2-401293041	S2
S1-536638885	S2-327707439	S2
S1-536638885	S2-74877522	S2
S1-536638885	S2-399112375	S2
S1-536638885	S2-586389069	S2
S1-536638885	S2-831117180	S2
S1-536638885	S2-137954799	S2
S1-511863452	S2-143232725	S2
S1-511863452	S2-399449669	S2
S1-511863452	S2-69559356	S2
S1-511863452	S2-176968531	S2
S1-511863452	S2-69869857	S2
S1-511863452	S2-145521404	S2
S1-511863452	S2-866650875	S2
S1-511863452	S2-574914445	S2
S1-511863452	S2-27986137	S2
S1-511863452	S2-457500956	S2
S1-511863452	S2-727570982	S2
S1-511863452	S2-304562241	S2
S1-511863452	S2-122570602	S2
S1-511863452	S2-716687956	S2
S1-511863452	S2-92868774	S2
S1-956446110	S2-636826764	S2
S1-956446110	S2-58825780	S2
S1-956446110	S2-598588474	S2
S1-956446110	S2-743560610	S2
S1-956446110	S2-475170125	S2
S1-956446110	S2-510931175	S2
S1-956446110	S2-949845335	S2
S1-956446110	S2-505987024	S2
S1-956446110	S2-274323360	S2
S1-956446110	S2-964581929	S2
S1-956446110	S2-319761515	S2
S1-956446110	S2-945339512	S2
S1-956446110	S2-967569498	S2
S1-956446110	S2-1365339	S2
S1-956446110	S2-92959536	S2
S1-889448973	S2-199235212	S2
S1-889448973	S2-707195845	S2
S1-889448973	S2-921202375	S2
S1-889448973	S2-882459657	S2
S1-889448973	S2-17360295	S2
S1-889448973	S2-8982199	S2
S1-889448973	S2-566293411	S2
S1-889448973	S2-432279643	S2
S1-889448973	S2-44909703	S2
S1-889448973	S2-18442426	S2
S1-889448973	S2-502689864	S2
S1-889448973	S2-794352292	S2
S1-889448973	S2-79488526	S2
S1-889448973	S2-224980295	S2
S1-889448973	S2-20143885	S2
S1-925403791	S2-422648938	S2
S1-925403791	S2-380743763	S2
S1-925403791	S2-459633919	S2
S1-925403791	S2-208680051	S2
S1-925403791	S2-739603930	S2
S1-925403791	S2-142031060	S2
S1-925403791	S2-769858942	S2
S1-925403791	S2-398568734	S2
S1-925403791	S2-176116039	S2
S1-925403791	S2-964581929	S2
S1-925403791	S2-539943184	S2
S1-925403791	S2-513250663	S2
S1-925403791	S2-277830258	S2
S1-925403791	S2-631410361	S2
S1-925403791	S2-265557209	S2
S1-234200441	S2-423368397	S2
S1-234200441	S2-447095477	S2
S1-234200441	S2-485902426	S2
S1-234200441	S2-762793223	S2
S1-234200441	S2-572367141	S2
S1-234200441	S2-238469305	S2
S1-234200441	S2-309042378	S2
S1-234200441	S2-867352859	S2
S1-234200441	S2-981104251	S2
S1-234200441	S2-323747399	S2
S1-234200441	S2-90324650	S2
S1-234200441	S2-683872853	S2
S1-234200441	S2-270211292	S2
S1-234200441	S2-16791478	S2
S1-234200441	S2-569625167	S2
S1-354705482	S2-72883532	S2
S1-354705482	S2-885486981	S2
S1-354705482	S2-646593051	S2
S1-354705482	S2-91150407	S2
S1-354705482	S2-867614780	S2
S1-354705482	S2-561796765	S2
S1-354705482	S2-67633039	S2
S1-354705482	S2-602695064	S2
S1-354705482	S2-895944720	S2
S1-354705482	S2-548633980	S2
S1-354705482	S2-512060211	S2
S1-354705482	S2-195972156	S2
S1-354705482	S2-877617898	S2
S1-354705482	S2-321660864	S2
S1-354705482	S2-777785870	S2
S1-37630161	S2-51424319	S2
S1-37630161	S2-294531411	S2
S1-37630161	S2-623705967	S2
S1-37630161	S2-109905092	S2
S1-37630161	S2-510383940	S2
S1-37630161	S2-136235099	S2
S1-37630161	S2-387269711	S2
S1-37630161	S2-964240180	S2
S1-37630161	S2-516871248	S2
S1-37630161	S2-25787219	S2
S1-37630161	S2-560818510	S2
S1-37630161	S2-202159021	S2
S1-37630161	S2-598068208	S2
S1-37630161	S2-802873219	S2
S1-37630161	S2-409726115	S2
S1-763611874	S2-745144089	S2
S1-763611874	S2-145507253	S2
S1-763611874	S2-465837411	S2
S1-763611874	S2-698245094	S2
S1-763611874	S2-872319713	S2
S1-763611874	S2-846600326	S2
S1-763611874	S2-996064384	S2
S1-763611874	S2-891406198	S2
S1-763611874	S2-635511596	S2
S1-763611874	S2-145379986	S2
S1-763611874	S2-47749434	S2
S1-763611874	S2-503157961	S2
S1-763611874	S2-163963287	S2
S1-763611874	S2-712486191	S2
S1-763611874	S2-821982484	S2
S1-285739773	S2-162977382	S2
S1-285739773	S2-609911019	S2
S1-285739773	S2-977609843	S2
S1-285739773	S2-395800668	S2
S1-285739773	S2-371437571	S2
S1-285739773	S2-803100423	S2
S1-285739773	S2-258702122	S2
S1-285739773	S2-504223867	S2
S1-285739773	S2-688657051	S2
S1-285739773	S2-889578554	S2
S1-285739773	S2-859726068	S2
S1-285739773	S2-889497510	S2
S1-285739773	S2-583891679	S2
S1-285739773	S2-342482411	S2
S1-285739773	S2-829598251	S2
S1-119279828	S2-394565864	S2
S1-119279828	S2-625317694	S2
S1-119279828	S2-488702552	S2
S1-119279828	S2-575813071	S2
S1-119279828	S2-72591393	S2
S1-119279828	S2-488141050	S2
S1-119279828	S2-360633734	S2
S1-119279828	S2-590158229	S2
S1-119279828	S2-668014567	S2
S1-119279828	S2-633921347	S2
S1-119279828	S2-86720793	S2
S1-119279828	S2-233965830	S2
S1-119279828	S2-714768922	S2
S1-119279828	S2-793779186	S2
S1-119279828	S2-785643946	S2
S1-432139268	S2-414895830	S2
S1-432139268	S2-704652401	S2
S1-432139268	S2-95507352	S2
S1-432139268	S2-298761341	S2
S1-432139268	S2-534898658	S2
S1-432139268	S2-834738396	S2
S1-432139268	S2-335038001	S2
S1-432139268	S2-213470723	S2
S1-432139268	S2-430367614	S2
S1-432139268	S2-190462665	S2
S1-432139268	S2-904673479	S2
S1-432139268	S2-161949377	S2
S1-432139268	S2-657247851	S2
S1-432139268	S2-538680925	S2
S1-432139268	S2-301634447	S2
S1-580205927	S2-706360388	S2
S1-580205927	S2-459758045	S2
S1-580205927	S2-727570982	S2
S1-580205927	S2-890423795	S2
S1-580205927	S2-535538356	S2
S1-580205927	S2-297926319	S2
S1-580205927	S2-644844275	S2
S1-580205927	S2-311402763	S2
S1-580205927	S2-516946324	S2
S1-580205927	S2-349365849	S2
S1-580205927	S2-448967653	S2
S1-580205927	S2-514200750	S2
S1-580205927	S2-68402423	S2
S1-580205927	S2-921362349	S2
S1-580205927	S2-505041950	S2
S1-119171444	S2-126411084	S2
S1-119171444	S2-447396827	S2
S1-119171444	S2-766295001	S2
S1-119171444	S2-969392100	S2
S1-119171444	S2-737521149	S2
S1-119171444	S2-528143818	S2
S1-119171444	S2-574940993	S2
S1-119171444	S2-362717442	S2
S1-119171444	S2-968147520	S2
S1-119171444	S2-564839940	S2
S1-119171444	S2-984417999	S2
S1-119171444	S2-891406198	S2
S1-119171444	S2-829419054	S2
S1-119171444	S2-503048625	S2
S1-119171444	S2-368206306	S2
S1-584177675	S2-649251901	S2
S1-584177675	S2-826030024	S2
S1-584177675	S2-812894315	S2
S1-584177675	S2-111192912	S2
S1-584177675	S2-555593257	S2
S1-584177675	S2-148435905	S2
S1-584177675	S2-801647861	S2
S1-584177675	S2-358052714	S2
S1-584177675	S2-604653513	S2
S1-584177675	S2-492826161	S2
S1-584177675	S2-331797662	S2
S1-584177675	S2-345516678	S2
S1-584177675	S2-168560796	S2
S1-584177675	S2-344085581	S2
S1-584177675	S2-784592218	S2
S1-761930510	S2-976576895	S2
S1-761930510	S2-614640857	S2
S1-761930510	S2-715418044	S2
S1-761930510	S2-893669875	S2
S1-761930510	S2-910212980	S2
S1-761930510	S2-273999815	S2
S1-761930510	S2-745144089	S2
S1-761930510	S2-194885385	S2
S1-761930510	S2-717686537	S2
S1-761930510	S2-234289368	S2
S1-761930510	S2-126411084	S2
S1-761930510	S2-430379962	S2
S1-761930510	S2-744917936	S2
S1-761930510	S2-465837411	S2
S1-761930510	S2-163963287	S2
S1-197922151	S2-558505389	S2
S1-197922151	S2-569534268	S2
S1-197922151	S2-794530374	S2
S1-197922151	S2-348789755	S2
S1-197922151	S2-192774038	S2
S1-197922151	S2-524362280	S2
S1-197922151	S2-349301525	S2
S1-197922151	S2-298712121	S2
S1-197922151	S2-234917047	S2
S1-197922151	S2-613204180	S2
S1-197922151	S2-387930936	S2
S1-197922151	S2-858691756	S2
S1-197922151	S2-536514418	S2
S1-197922151	S2-696617658	S2
S1-197922151	S2-390167188	S2
S1-256602729	S2-217976803	S2
S1-256602729	S2-483453128	S2
S1-256602729	S2-711632305	S2
S1-256602729	S2-659496238	S2
S1-256602729	S2-532020500	S2
S1-256602729	S2-684635925	S2
S1-256602729	S2-491028094	S2
S1-256602729	S2-95424985	S2
S1-256602729	S2-761644899	S2
S1-256602729	S2-54240060	S2
S1-256602729	S2-382657775	S2
S1-256602729	S2-602353889	S2
S1-256602729	S2-146498176	S2
S1-256602729	S2-124970234	S2
S1-256602729	S2-822482083	S2
S1-274090278	S2-729345807	S2
S1-274090278	S2-91908767	S2
S1-274090278	S2-214447140	S2
S1-274090278	S2-591398537	S2
S1-274090278	S2-105671746	S2
S1-274090278	S2-399052000	S2
S1-274090278	S2-946589159	S2
S1-274090278	S2-329607640	S2
S1-274090278	S2-134697040	S2
S1-274090278	S2-635002967	S2
S1-274090278	S2-679190243	S2
S1-274090278	S2-85446560	S2
S1-274090278	S2-800694119	S2
S1-274090278	S2-507569300	S2
S1-274090278	S2-371549760	S2
S1-312481466	S2-580390359	S2
S1-312481466	S2-46777321	S2
S1-312481466	S2-554378599	S2
S1-312481466	S2-118711492	S2
S1-312481466	S2-91953344	S2
S1-312481466	S2-224839523	S2
S1-312481466	S2-22805370	S2
S1-312481466	S2-284554147	S2
S1-312481466	S2-736787326	S2
S1-312481466	S2-980850745	S2
S1-312481466	S2-777919211	S2
S1-312481466	S2-512947690	S2
S1-312481466	S2-387222645	S2
S1-312481466	S2-888560146	S2
S1-312481466	S2-705827573	S2
S1-906079981	S2-429393647	S2
S1-906079981	S2-892880098	S2
S1-906079981	S2-978606166	S2
S1-906079981	S2-569860965	S2
S1-906079981	S2-706238826	S2
S1-906079981	S2-79488526	S2
S1-906079981	S2-513883989	S2
S1-906079981	S2-164651728	S2
S1-906079981	S2-889497510	S2
S1-906079981	S2-750426664	S2
S1-906079981	S2-651190084	S2
S1-906079981	S2-944030245	S2
S1-906079981	S2-213099480	S2
S1-906079981	S2-913033756	S2
S1-906079981	S2-81084363	S2
S1-193918319	S2-17185421	S2
S1-193918319	S2-708386648	S2
S1-193918319	S2-93943992	S2
S1-193918319	S2-747561379	S2
S1-193918319	S2-371168439	S2
S1-193918319	S2-681609924	S2
S1-193918319	S2-667274253	S2
S1-193918319	S2-444467356	S2
S1-193918319	S2-438678740	S2
S1-193918319	S2-879330978	S2
S1-193918319	S2-581436607	S2
S1-193918319	S2-780162153	S2
S1-193918319	S2-811863966	S2
S1-193918319	S2-404639263	S2
S1-193918319	S2-197514971	S2
S1-928870866	S2-69869857	S2
S1-928870866	S2-93981671	S2
S1-928870866	S2-56744275	S2
S1-928870866	S2-932434431	S2
S1-928870866	S2-686366565	S2
S1-928870866	S2-61994815	S2
S1-928870866	S2-769808418	S2
S1-928870866	S2-20047958	S2
S1-928870866	S2-616836723	S2
S1-928870866	S2-200440168	S2
S1-928870866	S2-416107889	S2
S1-928870866	S2-376460483	S2
S1-928870866	S2-259305279	S2
S1-928870866	S2-903479853	S2
S1-928870866	S2-446585847	S2
S1-613445780	S2-555707870	S2
S1-613445780	S2-988241366	S2
S1-613445780	S2-2048071	S2
S1-613445780	S2-327707439	S2
S1-613445780	S2-722166534	S2
S1-613445780	S2-996064384	S2
S1-613445780	S2-218208532	S2
S1-613445780	S2-586389069	S2
S1-613445780	S2-258904656	S2
S1-613445780	S2-747145329	S2
S1-613445780	S2-74877522	S2
S1-613445780	S2-137954799	S2
S1-613445780	S2-831117180	S2
S1-613445780	S2-399112375	S2
S1-613445780	S2-401293041	S2
S1-461369552	S2-870854431	S2
S1-461369552	S2-594607876	S2
S1-461369552	S2-984417999	S2
S1-461369552	S2-768946792	S2
S1-461369552	S2-775168980	S2
S1-461369552	S2-396644933	S2
S1-461369552	S2-248782105	S2
S1-461369552	S2-439070878	S2
S1-461369552	S2-924946907	S2
S1-461369552	S2-234907956	S2
S1-461369552	S2-258676677	S2
S1-461369552	S2-74154365	S2
S1-461369552	S2-406854790	S2
S1-461369552	S2-24680486	S2
S1-461369552	S2-779405377	S2
S1-38402575	S2-105671746	S2
S1-38402575	S2-91908767	S2
S1-38402575	S2-823869687	S2
S1-38402575	S2-399052000	S2
S1-38402575	S2-329607640	S2
S1-38402575	S2-946589159	S2
S1-38402575	S2-134697040	S2
S1-38402575	S2-635002967	S2
S1-38402575	S2-223117200	S2
S1-38402575	S2-26324258	S2
S1-38402575	S2-679190243	S2
S1-38402575	S2-85446560	S2
S1-38402575	S2-800694119	S2
S1-38402575	S2-507569300	S2
S1-38402575	S2-371549760	S2
S1-37338275	S2-409726115	S2
S1-37338275	S2-777730349	S2
S1-37338275	S2-926524693	S2
S1-37338275	S2-921202375	S2
S1-37338275	S2-8982199	S2
S1-37338275	S2-809086049	S2
S1-37338275	S2-666781884	S2
S1-37338275	S2-726621584	S2
S1-37338275	S2-50586341	S2
S1-37338275	S2-411547279	S2
S1-37338275	S2-602297798	S2
S1-37338275	S2-281309190	S2
S1-37338275	S2-861414287	S2
S1-37338275	S2-678788003	S2
S1-37338275	S2-915769300	S2
S1-543127091	S2-22805370	S2
S1-543127091	S2-325919567	S2
S1-543127091	S2-150814682	S2
S1-543127091	S2-46777321	S2
S1-543127091	S2-430367614	S2
S1-543127091	S2-159566092	S2
S1-543127091	S2-186614082	S2
S1-543127091	S2-91953344	S2
S1-543127091	S2-622773844	S2
S1-543127091	S2-381127815	S2
S1-543127091	S2-178951342	S2
S1-543127091	S2-91704178	S2
S1-543127091	S2-368772488	S2
S1-543127091	S2-384556840	S2
S1-543127091	S2-429291272	S2
S1-340996011	S2-423430756	S2
S1-340996011	S2-135305339	S2
S1-340996011	S2-777730349	S2
S1-340996011	S2-794352292	S2
S1-340996011	S2-8982199	S2
S1-340996011	S2-921202375	S2
S1-340996011	S2-975285928	S2
S1-340996011	S2-901660546	S2
S1-340996011	S2-46777321	S2
S1-340996011	S2-136208372	S2
S1-340996011	S2-562696174	S2
S1-340996011	S2-379148212	S2
S1-340996011	S2-101919056	S2
S1-340996011	S2-330518097	S2
S1-340996011	S2-345172295	S2
S1-606725408	S2-74992830	S2
S1-606725408	S2-882907234	S2
S1-606725408	S2-529867680	S2
S1-606725408	S2-678788003	S2
S1-606725408	S2-979910605	S2
S1-606725408	S2-665940290	S2
S1-606725408	S2-570006860	S2
S1-606725408	S2-241291924	S2
S1-606725408	S2-259053443	S2
S1-606725408	S2-243813488	S2
S1-606725408	S2-375938862	S2
S1-606725408	S2-385922466	S2
S1-606725408	S2-748163379	S2
S1-606725408	S2-91908767	S2
S1-606725408	S2-967508286	S2
S1-945115789	S2-103603271	S2
S1-945115789	S2-488141050	S2
S1-945115789	S2-137062485	S2
S1-945115789	S2-50513846	S2
S1-945115789	S2-268504009	S2
S1-945115789	S2-394565864	S2
S1-945115789	S2-390239892	S2
S1-945115789	S2-692022593	S2
S1-945115789	S2-574121799	S2
S1-945115789	S2-828872229	S2
S1-945115789	S2-349666272	S2
S1-945115789	S2-399391347	S2
S1-945115789	S2-378780545	S2
S1-945115789	S2-75129136	S2
S1-945115789	S2-892909897	S2
S1-639012333	S2-507988	S2
S1-639012333	S2-149157756	S2
S1-639012333	S2-637697607	S2
S1-639012333	S2-988228866	S2
S1-639012333	S2-498472092	S2
S1-639012333	S2-850741800	S2
S1-639012333	S2-441341822	S2
S1-639012333	S2-898880623	S2
S1-639012333	S2-105463326	S2
S1-639012333	S2-93682954	S2
S1-639012333	S2-56133264	S2
S1-639012333	S2-81154512	S2
S1-639012333	S2-879030047	S2
S1-639012333	S2-728507538	S2
S1-639012333	S2-998885968	S2
S1-473235417	S2-362105495	S2
S1-473235417	S2-705462394	S2
S1-473235417	S2-794926277	S2
S1-473235417	S2-837615087	S2
S1-473235417	S2-609834475	S2
S1-473235417	S2-779197401	S2
S1-473235417	S2-299258785	S2
S1-473235417	S2-885496247	S2
S1-473235417	S2-570512018	S2
S1-473235417	S2-753020760	S2
S1-473235417	S2-275292871	S2
S1-473235417	S2-518413297	S2
S1-473235417	S2-765287336	S2
S1-473235417	S2-376939341	S2
S1-473235417	S2-486049201	S2
S1-930984906	S2-459633919	S2
S1-930984906	S2-921274499	S2
S1-930984906	S2-477993186	S2
S1-930984906	S2-774600043	S2
S1-930984906	S2-567514562	S2
S1-930984906	S2-132543275	S2
S1-930984906	S2-155086154	S2
S1-930984906	S2-765265626	S2
S1-930984906	S2-25787219	S2
S1-930984906	S2-17360295	S2
S1-930984906	S2-810843780	S2
S1-930984906	S2-889017900	S2
S1-930984906	S2-258046397	S2
S1-930984906	S2-975023541	S2
S1-930984906	S2-164651728	S2
S1-862093695	S2-609911019	S2
S1-862093695	S2-246869552	S2
S1-862093695	S2-563158163	S2
S1-862093695	S2-371168439	S2
S1-862093695	S2-280702058	S2
S1-862093695	S2-231286144	S2
S1-862093695	S2-810670202	S2
S1-862093695	S2-965217175	S2
S1-862093695	S2-811863966	S2
S1-862093695	S2-781969377	S2
S1-862093695	S2-138478502	S2
S1-862093695	S2-294114423	S2
S1-862093695	S2-558937618	S2
S1-862093695	S2-838230067	S2
S1-862093695	S2-200940437	S2
S1-749000475	S2-8982199	S2
S1-749000475	S2-298914373	S2
S1-749000475	S2-100798928	S2
S1-749000475	S2-30842411	S2
S1-749000475	S2-53619573	S2
S1-749000475	S2-187499079	S2
S1-749000475	S2-978606166	S2
S1-749000475	S2-736787326	S2
S1-749000475	S2-832324901	S2
S1-749000475	S2-637238651	S2
S1-749000475	S2-601262506	S2
S1-749000475	S2-243782054	S2
S1-749000475	S2-247593592	S2
S1-749000475	S2-620156938	S2
S1-749000475	S2-274227325	S2
S1-369632481	S2-644504484	S2
S1-369632481	S2-165228168	S2
S1-369632481	S2-403869292	S2
S1-369632481	S2-327008381	S2
S1-369632481	S2-846535978	S2
S1-369632481	S2-456896539	S2
S1-369632481	S2-536514418	S2
S1-369632481	S2-533115756	S2
S1-369632481	S2-471521279	S2
S1-369632481	S2-710971383	S2
S1-369632481	S2-117680822	S2
S1-369632481	S2-191186951	S2
S1-369632481	S2-961859453	S2
S1-369632481	S2-188887388	S2
S1-369632481	S2-406091061	S2
S1-430604402	S2-263930722	S2
S1-430604402	S2-841193719	S2
S1-430604402	S2-729058852	S2
S1-430604402	S2-487166499	S2
S1-430604402	S2-103194364	S2
S1-430604402	S2-937858663	S2
S1-430604402	S2-844363575	S2
S1-430604402	S2-131264573	S2
S1-430604402	S2-992673515	S2
S1-430604402	S2-957143385	S2
S1-430604402	S2-934922347	S2
S1-430604402	S2-469964803	S2
S1-430604402	S2-455325987	S2
S1-430604402	S2-909528445	S2
S1-430604402	S2-53273621	S2
S1-538780979	S2-512950951	S2
S1-538780979	S2-8982199	S2
S1-538780979	S2-688657051	S2
S1-538780979	S2-828872229	S2
S1-538780979	S2-889578554	S2
S1-538780979	S2-371437571	S2
S1-538780979	S2-370549501	S2
S1-538780979	S2-580017481	S2
S1-538780979	S2-395800668	S2
S1-538780979	S2-889497510	S2
S1-538780979	S2-829598251	S2
S1-538780979	S2-342482411	S2
S1-538780979	S2-803100423	S2
S1-538780979	S2-353771582	S2
S1-538780979	S2-583891679	S2
S1-416469670	S2-566293411	S2
S1-416469670	S2-848711718	S2
S1-416469670	S2-81664343	S2
S1-416469670	S2-293670539	S2
S1-416469670	S2-542224090	S2
S1-416469670	S2-94751831	S2
S1-416469670	S2-110236539	S2
S1-416469670	S2-690767550	S2
S1-416469670	S2-630772014	S2
S1-416469670	S2-136630789	S2
S1-416469670	S2-99136836	S2
S1-416469670	S2-44100844	S2
S1-416469670	S2-387269711	S2
S1-416469670	S2-803100423	S2
S1-416469670	S2-655804813	S2
S1-351025388	S2-64494419	S2
S1-351025388	S2-368840229	S2
S1-351025388	S2-517140140	S2
S1-351025388	S2-586812390	S2
S1-351025388	S2-325340520	S2
S1-351025388	S2-161592048	S2
S1-351025388	S2-956811797	S2
S1-351025388	S2-421767648	S2
S1-351025388	S2-158828409	S2
S1-351025388	S2-381512450	S2
S1-351025388	S2-918349502	S2
S1-351025388	S2-557520173	S2
S1-351025388	S2-546407954	S2
S1-351025388	S2-819911306	S2
S1-351025388	S2-566627479	S2
S1-960355473	S2-224980295	S2
S1-960355473	S2-794352292	S2
S1-960355473	S2-889578554	S2
S1-960355473	S2-688657051	S2
S1-960355473	S2-512950951	S2
S1-960355473	S2-371437571	S2
S1-960355473	S2-791990398	S2
S1-960355473	S2-370549501	S2
S1-960355473	S2-395800668	S2
S1-960355473	S2-828872229	S2
S1-960355473	S2-342482411	S2
S1-960355473	S2-889497510	S2
S1-960355473	S2-803100423	S2
S1-960355473	S2-583891679	S2
S1-960355473	S2-829598251	S2
S1-453223583	S2-447293847	S2
S1-453223583	S2-906898057	S2
S1-453223583	S2-665463193	S2
S1-453223583	S2-199235212	S2
S1-453223583	S2-44909703	S2
S1-453223583	S2-566293411	S2
S1-453223583	S2-18442426	S2
S1-453223583	S2-432279643	S2
S1-453223583	S2-20143885	S2
S1-453223583	S2-502689864	S2
S1-453223583	S2-888030033	S2
S1-453223583	S2-224980295	S2
S1-453223583	S2-794352292	S2
S1-453223583	S2-79488526	S2
S1-453223583	S2-205034666	S2
S1-571115458	S2-937734462	S2
S1-571115458	S2-155086154	S2
S1-571115458	S2-523031614	S2
S1-571115458	S2-368772488	S2
S1-571115458	S2-539726746	S2
S1-571115458	S2-714077903	S2
S1-571115458	S2-760648353	S2
S1-571115458	S2-1986290	S2
S1-571115458	S2-623164214	S2
S1-571115458	S2-633146423	S2
S1-571115458	S2-835256551	S2
S1-571115458	S2-170119635	S2
S1-571115458	S2-972466865	S2
S1-571115458	S2-524004407	S2
S1-571115458	S2-838526909	S2
S1-143265439	S2-326301027	S2
S1-143265439	S2-449660364	S2
S1-143265439	S2-53012167	S2
S1-143265439	S2-262229158	S2
S1-143265439	S2-925166465	S2
S1-143265439	S2-187514897	S2
S1-143265439	S2-564852431	S2
S1-143265439	S2-557541533	S2
S1-143265439	S2-567819618	S2
S1-143265439	S2-123740075	S2
S1-143265439	S2-790716224	S2
S1-143265439	S2-990866183	S2
S1-143265439	S2-908777030	S2
S1-143265439	S2-555724821	S2
S1-143265439	S2-457491323	S2
S1-220020462	S2-29108033	S2
S1-220020462	S2-285659000	S2
S1-220020462	S2-487925537	S2
S1-220020462	S2-748163379	S2
S1-220020462	S2-566931281	S2
S1-220020462	S2-654636304	S2
S1-220020462	S2-472320169	S2
S1-220020462	S2-252321761	S2
S1-220020462	S2-116895038	S2
S1-220020462	S2-869901829	S2
S1-220020462	S2-373678906	S2
S1-220020462	S2-890463640	S2
S1-220020462	S2-26126776	S2
S1-220020462	S2-399971243	S2
S1-220020462	S2-884135049	S2
S1-803676246	S2-670948516	S2
S1-803676246	S2-8982199	S2
S1-803676246	S2-921202375	S2
S1-803676246	S2-892880098	S2
S1-803676246	S2-145624152	S2
S1-803676246	S2-22700931	S2
S1-803676246	S2-752790430	S2
S1-803676246	S2-997592409	S2
S1-803676246	S2-882459657	S2
S1-803676246	S2-535260713	S2
S1-803676246	S2-908457811	S2
S1-803676246	S2-592650888	S2
S1-803676246	S2-198938800	S2
S1-803676246	S2-667917730	S2
S1-803676246	S2-157735411	S2
S1-510772858	S2-774600043	S2
S1-510772858	S2-921202375	S2
S1-510772858	S2-794352292	S2
S1-510772858	S2-132543275	S2
S1-510772858	S2-8982199	S2
S1-510772858	S2-642367103	S2
S1-510772858	S2-810843780	S2
S1-510772858	S2-142441358	S2
S1-510772858	S2-688247667	S2
S1-510772858	S2-258046397	S2
S1-510772858	S2-765265626	S2
S1-510772858	S2-921274499	S2
S1-510772858	S2-788168060	S2
S1-510772858	S2-882459657	S2
S1-510772858	S2-975023541	S2
S1-549011344	S2-405681592	S2
S1-549011344	S2-183176697	S2
S1-549011344	S2-221622332	S2
S1-549011344	S2-849686830	S2
S1-549011344	S2-153334775	S2
S1-549011344	S2-997447520	S2
S1-549011344	S2-747793486	S2
S1-549011344	S2-604893296	S2
S1-549011344	S2-660113658	S2
S1-549011344	S2-49942811	S2
S1-549011344	S2-253799125	S2
S1-549011344	S2-207084937	S2
S1-549011344	S2-911982345	S2
S1-549011344	S2-937509955	S2
S1-549011344	S2-662107705	S2
S1-350245409	S2-544612526	S2
S1-350245409	S2-988340451	S2
S1-350245409	S2-53012167	S2
S1-350245409	S2-282390486	S2
S1-350245409	S2-843071321	S2
S1-350245409	S2-105086356	S2
S1-350245409	S2-972130692	S2
S1-350245409	S2-165768476	S2
S1-350245409	S2-727779637	S2
S1-350245409	S2-498215317	S2
S1-350245409	S2-447396827	S2
S1-350245409	S2-212582677	S2
S1-350245409	S2-981104251	S2
S1-350245409	S2-939739824	S2
S1-350245409	S2-505326493	S2
S1-373457471	S2-164651728	S2
S1-373457471	S2-921202375	S2
S1-373457471	S2-47799063	S2
S1-373457471	S2-777730349	S2
S1-373457471	S2-8982199	S2
S1-373457471	S2-848687795	S2
S1-373457471	S2-794352292	S2
S1-373457471	S2-549881386	S2
S1-373457471	S2-358052714	S2
S1-373457471	S2-937987341	S2
S1-373457471	S2-736787326	S2
S1-373457471	S2-929722075	S2
S1-373457471	S2-996428837	S2
S1-373457471	S2-57375033	S2
S1-373457471	S2-710175093	S2
S1-554902174	S2-59076666	S2
S1-554902174	S2-144757916	S2
S1-554902174	S2-726732611	S2
S1-554902174	S2-860534246	S2
S1-554902174	S2-358578952	S2
S1-554902174	S2-195373941	S2
S1-554902174	S2-683872853	S2
S1-554902174	S2-597243519	S2
S1-554902174	S2-183050312	S2
S1-554902174	S2-235976983	S2
S1-554902174	S2-861758392	S2
S1-554902174	S2-537803499	S2
S1-554902174	S2-459758045	S2
S1-554902174	S2-252321761	S2
S1-554902174	S2-319667672	S2
S1-966940882	S2-561796765	S2
S1-966940882	S2-108090038	S2
S1-966940882	S2-155574448	S2
S1-966940882	S2-566356754	S2
S1-966940882	S2-797857062	S2
S1-966940882	S2-849686830	S2
S1-966940882	S2-813611214	S2
S1-966940882	S2-837096453	S2
S1-966940882	S2-421540927	S2
S1-966940882	S2-4675625	S2
S1-966940882	S2-455830760	S2
S1-966940882	S2-698001157	S2
S1-966940882	S2-121759397	S2
S1-966940882	S2-850499815	S2
S1-966940882	S2-634202116	S2
S1-241670741	S2-661030345	S2
S1-241670741	S2-228710851	S2
S1-241670741	S2-988824861	S2
S1-241670741	S2-410137278	S2
S1-241670741	S2-218771556	S2
S1-241670741	S2-919385476	S2
S1-241670741	S2-150634918	S2
S1-241670741	S2-298589362	S2
S1-241670741	S2-285859028	S2
S1-241670741	S2-638319392	S2
S1-241670741	S2-774048672	S2
S1-241670741	S2-558443244	S2
S1-241670741	S2-111294604	S2
S1-241670741	S2-548633980	S2
S1-241670741	S2-64494419	S2
S1-758075760	S2-471713609	S2
S1-758075760	S2-764430935	S2
S1-758075760	S2-748325649	S2
S1-758075760	S2-560140043	S2
S1-758075760	S2-380743763	S2
S1-758075760	S2-640420911	S2
S1-758075760	S2-656749559	S2
S1-758075760	S2-362602827	S2
S1-758075760	S2-145507253	S2
S1-758075760	S2-26324258	S2
S1-758075760	S2-369458829	S2
S1-758075760	S2-126113089	S2
S1-758075760	S2-672736825	S2
S1-758075760	S2-512382393	S2
S1-758075760	S2-229217508	S2
S1-773320212	S2-455209026	S2
S1-773320212	S2-715905554	S2
S1-773320212	S2-497486406	S2
S1-773320212	S2-135305339	S2
S1-773320212	S2-318348932	S2
S1-773320212	S2-223117200	S2
S1-773320212	S2-710175093	S2
S1-773320212	S2-8982199	S2
S1-773320212	S2-975023541	S2
S1-773320212	S2-965341745	S2
S1-773320212	S2-921202375	S2
S1-773320212	S2-670948516	S2
S1-773320212	S2-30000261	S2
S1-773320212	S2-285260582	S2
S1-773320212	S2-788754887	S2
S1-881005414	S2-945865905	S2
S1-881005414	S2-992974200	S2
S1-881005414	S2-622519132	S2
S1-881005414	S2-779405377	S2
S1-881005414	S2-824685628	S2
S1-881005414	S2-580420578	S2
S1-881005414	S2-830783927	S2
S1-881005414	S2-61330089	S2
S1-881005414	S2-446844245	S2
S1-881005414	S2-120350789	S2
S1-881005414	S2-350377103	S2
S1-881005414	S2-232105388	S2
S1-881005414	S2-976576895	S2
S1-881005414	S2-818555762	S2
S1-881005414	S2-820761727	S2
S1-100302483	S2-794926277	S2
S1-100302483	S2-154655572	S2
S1-100302483	S2-536231721	S2
S1-100302483	S2-187514897	S2
S1-100302483	S2-601767520	S2
S1-100302483	S2-745144089	S2
S1-100302483	S2-935425652	S2
S1-100302483	S2-15365332	S2
S1-100302483	S2-936867164	S2
S1-100302483	S2-48866343	S2
S1-100302483	S2-703946335	S2
S1-100302483	S2-841917974	S2
S1-100302483	S2-344621502	S2
S1-100302483	S2-275404449	S2
S1-100302483	S2-28413258	S2
S1-692096873	S2-774048672	S2
S1-692096873	S2-597243519	S2
S1-692096873	S2-548633980	S2
S1-692096873	S2-111294604	S2
S1-692096873	S2-339029624	S2
S1-692096873	S2-64494419	S2
S1-692096873	S2-802873219	S2
S1-692096873	S2-765062079	S2
S1-692096873	S2-633236997	S2
S1-692096873	S2-426046760	S2
S1-692096873	S2-617467150	S2
S1-692096873	S2-110239007	S2
S1-692096873	S2-375456364	S2
S1-692096873	S2-31854557	S2
S1-692096873	S2-186614082	S2
S1-919267939	S2-102704852	S2
S1-919267939	S2-135305339	S2
S1-919267939	S2-332036682	S2
S1-919267939	S2-975023541	S2
S1-919267939	S2-670948516	S2
S1-919267939	S2-777730349	S2
S1-919267939	S2-929722075	S2
S1-919267939	S2-978606166	S2
S1-919267939	S2-736787326	S2
S1-919267939	S2-318348932	S2
S1-919267939	S2-794352292	S2
S1-919267939	S2-8982199	S2
S1-919267939	S2-565543920	S2
S1-919267939	S2-921202375	S2
S1-919267939	S2-256518183	S2
S1-524979710	S2-721031885	S2
S1-524979710	S2-35158435	S2
S1-524979710	S2-25787219	S2
S1-524979710	S2-204440999	S2
S1-524979710	S2-697994853	S2
S1-524979710	S2-595913199	S2
S1-524979710	S2-895860200	S2
S1-524979710	S2-985114164	S2
S1-524979710	S2-281557469	S2
S1-524979710	S2-613204180	S2
S1-524979710	S2-802873219	S2
S1-524979710	S2-94068349	S2
S1-524979710	S2-602695064	S2
S1-524979710	S2-381747268	S2
S1-524979710	S2-445109396	S2
S1-886802071	S2-154655572	S2
S1-886802071	S2-434799271	S2
S1-886802071	S2-834353592	S2
S1-886802071	S2-476751021	S2
S1-886802071	S2-126896976	S2
S1-886802071	S2-544612526	S2
S1-886802071	S2-609292694	S2
S1-886802071	S2-387930936	S2
S1-886802071	S2-178867720	S2
S1-886802071	S2-970558196	S2
S1-886802071	S2-417269575	S2
S1-886802071	S2-223741344	S2
S1-886802071	S2-660059542	S2
S1-886802071	S2-595795733	S2
S1-886802071	S2-236789268	S2
S1-95264755	S2-118228907	S2
S1-95264755	S2-81084363	S2
S1-95264755	S2-749932508	S2
S1-95264755	S2-628335210	S2
S1-95264755	S2-389773262	S2
S1-95264755	S2-651190084	S2
S1-95264755	S2-945842043	S2
S1-95264755	S2-513883989	S2
S1-95264755	S2-944030245	S2
S1-95264755	S2-460552614	S2
S1-95264755	S2-213099480	S2
S1-95264755	S2-158399201	S2
S1-95264755	S2-837187320	S2
S1-95264755	S2-994301220	S2
S1-95264755	S2-484559177	S2
S1-558011533	S2-764236252	S2
S1-558011533	S2-124970234	S2
S1-558011533	S2-730588551	S2
S1-558011533	S2-509764556	S2
S1-558011533	S2-372789171	S2
S1-558011533	S2-85446560	S2
S1-558011533	S2-200200363	S2
S1-558011533	S2-503829652	S2
S1-558011533	S2-712777388	S2
S1-558011533	S2-111192912	S2
S1-558011533	S2-937072190	S2
S1-558011533	S2-584188304	S2
S1-558011533	S2-248267062	S2
S1-558011533	S2-3987022	S2
S1-558011533	S2-815524559	S2
S1-874413333	S2-741639927	S2
S1-874413333	S2-426046760	S2
S1-874413333	S2-274640549	S2
S1-874413333	S2-256286125	S2
S1-874413333	S2-165809100	S2
S1-874413333	S2-507988	S2
S1-874413333	S2-436041396	S2
S1-874413333	S2-218771556	S2
S1-874413333	S2-998885968	S2
S1-874413333	S2-721241427	S2
S1-874413333	S2-294062437	S2
S1-874413333	S2-811863966	S2
S1-874413333	S2-646593051	S2
S1-874413333	S2-23854429	S2
S1-874413333	S2-662221399	S2
S1-671129885	S2-423447509	S2
S1-671129885	S2-964891724	S2
S1-671129885	S2-539626107	S2
S1-671129885	S2-700966121	S2
S1-671129885	S2-131264573	S2
S1-671129885	S2-932841417	S2
S1-671129885	S2-479278257	S2
S1-671129885	S2-779723055	S2
S1-671129885	S2-474056246	S2
S1-671129885	S2-813595060	S2
S1-671129885	S2-674565629	S2
S1-671129885	S2-628378031	S2
S1-671129885	S2-735201125	S2
S1-671129885	S2-799199580	S2
S1-671129885	S2-822123183	S2
S1-803808238	S2-757402261	S2
S1-803808238	S2-878768582	S2
S1-803808238	S2-770751342	S2
S1-803808238	S2-308356127	S2
S1-803808238	S2-575171696	S2
S1-803808238	S2-54659459	S2
S1-803808238	S2-250915022	S2
S1-803808238	S2-582629579	S2
S1-803808238	S2-754764875	S2
S1-803808238	S2-690151442	S2
S1-803808238	S2-894152578	S2
S1-803808238	S2-399112375	S2
S1-803808238	S2-585890462	S2
S1-803808238	S2-474914898	S2
S1-803808238	S2-860399725	S2
S1-620608935	S2-227749267	S2
S1-620608935	S2-564502430	S2
S1-620608935	S2-403869292	S2
S1-620608935	S2-867710047	S2
S1-620608935	S2-378867947	S2
S1-620608935	S2-748268413	S2
S1-620608935	S2-398460096	S2
S1-620608935	S2-868444077	S2
S1-620608935	S2-742860190	S2
S1-620608935	S2-802130222	S2
S1-620608935	S2-731588087	S2
S1-620608935	S2-876721131	S2
S1-620608935	S2-79905632	S2
S1-620608935	S2-253704160	S2
S1-620608935	S2-473305544	S2
S1-951609532	S2-471977441	S2
S1-951609532	S2-50513846	S2
S1-951609532	S2-699404448	S2
S1-951609532	S2-225823147	S2
S1-951609532	S2-929722075	S2
S1-951609532	S2-574121799	S2
S1-951609532	S2-692022593	S2
S1-951609532	S2-715327535	S2
S1-951609532	S2-892909897	S2
S1-951609532	S2-399391347	S2
S1-951609532	S2-52846978	S2
S1-951609532	S2-394565864	S2
S1-951609532	S2-75129136	S2
S1-951609532	S2-828872229	S2
S1-951609532	S2-349666272	S2
S1-568217118	S2-699134996	S2
S1-568217118	S2-582458634	S2
S1-568217118	S2-153191170	S2
S1-568217118	S2-979303211	S2
S1-568217118	S2-779197401	S2
S1-568217118	S2-510916447	S2
S1-568217118	S2-163963287	S2
S1-568217118	S2-509937094	S2
S1-568217118	S2-132022202	S2
S1-568217118	S2-905223021	S2
S1-568217118	S2-570512018	S2
S1-568217118	S2-953675570	S2
S1-568217118	S2-73745396	S2
S1-568217118	S2-475706495	S2
S1-568217118	S2-717374654	S2
S1-946744214	S2-777730349	S2
S1-946744214	S2-874162453	S2
S1-946744214	S2-794352292	S2
S1-946744214	S2-921202375	S2
S1-946744214	S2-223117200	S2
S1-946744214	S2-337172708	S2
S1-946744214	S2-788754887	S2
S1-946744214	S2-783345185	S2
S1-946744214	S2-8982199	S2
S1-946744214	S2-984241859	S2
S1-946744214	S2-710175093	S2
S1-946744214	S2-26324258	S2
S1-946744214	S2-940106616	S2
S1-946744214	S2-298914373	S2
S1-946744214	S2-978606166	S2
S1-596007326	S2-437494471	S2
S1-596007326	S2-8982199	S2
S1-596007326	S2-368478519	S2
S1-596007326	S2-575271306	S2
S1-596007326	S2-149845283	S2
S1-596007326	S2-512950951	S2
S1-596007326	S2-566931281	S2
S1-596007326	S2-512382393	S2
S1-596007326	S2-905737147	S2
S1-596007326	S2-698245094	S2
S1-596007326	S2-939074826	S2
S1-596007326	S2-339142042	S2
S1-596007326	S2-750426664	S2
S1-596007326	S2-640420911	S2
S1-596007326	S2-690767550	S2
S1-104226194	S2-630688873	S2
S1-104226194	S2-726813453	S2
S1-104226194	S2-645440237	S2
S1-104226194	S2-60818919	S2
S1-104226194	S2-17933853	S2
S1-104226194	S2-512950951	S2
S1-104226194	S2-733025108	S2
S1-104226194	S2-859393404	S2
S1-104226194	S2-619664055	S2
S1-104226194	S2-713109591	S2
S1-104226194	S2-424537185	S2
S1-104226194	S2-417269575	S2
S1-104226194	S2-836846019	S2
S1-104226194	S2-165863386	S2
S1-104226194	S2-74992830	S2
S1-987152524	S2-630688873	S2
S1-987152524	S2-103194364	S2
S1-987152524	S2-613343223	S2
S1-987152524	S2-622300061	S2
S1-987152524	S2-428985968	S2
S1-987152524	S2-996064384	S2
S1-987152524	S2-461150320	S2
S1-987152524	S2-162849450	S2
S1-987152524	S2-42284542	S2
S1-987152524	S2-696885509	S2
S1-987152524	S2-741639927	S2
S1-987152524	S2-523031614	S2
S1-987152524	S2-665500858	S2
S1-987152524	S2-385546967	S2
S1-987152524	S2-257885603	S2
S1-589253257	S2-137335733	S2
S1-589253257	S2-488789411	S2
S1-589253257	S2-751588111	S2
S1-589253257	S2-954942261	S2
S1-589253257	S2-506145204	S2
S1-589253257	S2-526412482	S2
S1-589253257	S2-535260713	S2
S1-589253257	S2-748044572	S2
S1-589253257	S2-448793585	S2
S1-589253257	S2-846158069	S2
S1-589253257	S2-913216366	S2
S1-589253257	S2-377809075	S2
S1-589253257	S2-291868119	S2
S1-589253257	S2-865044868	S2
S1-589253257	S2-18394219	S2
S1-445455950	S2-960771041	S2
S1-445455950	S2-535988246	S2
S1-445455950	S2-634994990	S2
S1-445455950	S2-229217508	S2
S1-445455950	S2-284585076	S2
S1-445455950	S2-916871057	S2
S1-445455950	S2-741298163	S2
S1-445455950	S2-567514562	S2
S1-445455950	S2-155086154	S2
S1-445455950	S2-765287336	S2
S1-445455950	S2-25787219	S2
S1-445455950	S2-863652256	S2
S1-445455950	S2-564829794	S2
S1-445455950	S2-837615087	S2
S1-445455950	S2-376939341	S2
S1-198728897	S2-405089580	S2
S1-198728897	S2-278254185	S2
S1-198728897	S2-537997029	S2
S1-198728897	S2-637675946	S2
S1-198728897	S2-276431458	S2
S1-198728897	S2-307414093	S2
S1-198728897	S2-123315323	S2
S1-198728897	S2-832052225	S2
S1-198728897	S2-417090507	S2
S1-198728897	S2-848582954	S2
S1-198728897	S2-354091917	S2
S1-198728897	S2-353872072	S2
S1-198728897	S2-871636446	S2
S1-198728897	S2-47852966	S2
S1-198728897	S2-117080450	S2
S1-279971988	S2-877559598	S2
S1-279971988	S2-707037561	S2
S1-279971988	S2-955718772	S2
S1-279971988	S2-841418687	S2
S1-279971988	S2-308993997	S2
S1-279971988	S2-84813397	S2
S1-279971988	S2-580778336	S2
S1-279971988	S2-806329868	S2
S1-279971988	S2-459107455	S2
S1-279971988	S2-540853782	S2
S1-279971988	S2-760507152	S2
S1-279971988	S2-873624335	S2
S1-279971988	S2-138046867	S2
S1-279971988	S2-93977217	S2
S1-279971988	S2-23798630	S2
S1-479239049	S2-8982199	S2
S1-479239049	S2-231688856	S2
S1-479239049	S2-942417082	S2
S1-479239049	S2-899616853	S2
S1-479239049	S2-337172708	S2
S1-479239049	S2-298914373	S2
S1-479239049	S2-848878443	S2
S1-479239049	S2-706238826	S2
S1-479239049	S2-102309877	S2
S1-479239049	S2-978606166	S2
S1-479239049	S2-100798928	S2
S1-479239049	S2-447293847	S2
S1-479239049	S2-165930564	S2
S1-479239049	S2-187499079	S2
S1-479239049	S2-964142099	S2
S1-108314429	S2-93729553	S2
S1-108314429	S2-927569271	S2
S1-108314429	S2-561420173	S2
S1-108314429	S2-674667779	S2
S1-108314429	S2-532353401	S2
S1-108314429	S2-162494835	S2
S1-108314429	S2-165768476	S2
S1-108314429	S2-567819618	S2
S1-108314429	S2-193586650	S2
S1-108314429	S2-147418558	S2
S1-108314429	S2-71201246	S2
S1-108314429	S2-967923960	S2
S1-108314429	S2-746661573	S2
S1-108314429	S2-865353440	S2
S1-108314429	S2-803294359	S2
S1-700882543	S2-700717757	S2
S1-700882543	S2-570512018	S2
S1-700882543	S2-194920922	S2
S1-700882543	S2-563753438	S2
S1-700882543	S2-315291297	S2
S1-700882543	S2-683730928	S2
S1-700882543	S2-894693263	S2
S1-700882543	S2-737745236	S2
S1-700882543	S2-62315810	S2
S1-700882543	S2-563158163	S2
S1-700882543	S2-784849034	S2
S1-700882543	S2-122570602	S2
S1-700882543	S2-859269096	S2
S1-700882543	S2-636826764	S2
S1-700882543	S2-371168439	S2
S1-805440050	S2-537997029	S2
S1-805440050	S2-942849471	S2
S1-805440050	S2-276431458	S2
S1-805440050	S2-307414093	S2
S1-805440050	S2-832052225	S2
S1-805440050	S2-123315323	S2
S1-805440050	S2-354091917	S2
S1-805440050	S2-417090507	S2
S1-805440050	S2-848582954	S2
S1-805440050	S2-241726445	S2
S1-805440050	S2-353872072	S2
S1-805440050	S2-319789356	S2
S1-805440050	S2-831437465	S2
S1-805440050	S2-47852966	S2
S1-805440050	S2-610308265	S2
S1-710147242	S2-439805521	S2
S1-710147242	S2-660445841	S2
S1-710147242	S2-706360388	S2
S1-710147242	S2-459758045	S2
S1-710147242	S2-394554163	S2
S1-710147242	S2-219432880	S2
S1-710147242	S2-9614101	S2
S1-710147242	S2-635228641	S2
S1-710147242	S2-74992830	S2
S1-710147242	S2-190642185	S2
S1-710147242	S2-727570982	S2
S1-710147242	S2-877085471	S2
S1-710147242	S2-484254734	S2
S1-710147242	S2-332453876	S2
S1-710147242	S2-121185264	S2
S1-465082733	S2-882819261	S2
S1-465082733	S2-926524693	S2
S1-465082733	S2-757197434	S2
S1-465082733	S2-15919698	S2
S1-465082733	S2-872209566	S2
S1-465082733	S2-764306412	S2
S1-465082733	S2-231195947	S2
S1-465082733	S2-91908767	S2
S1-465082733	S2-779614645	S2
S1-465082733	S2-772323364	S2
S1-465082733	S2-626012117	S2
S1-465082733	S2-914761441	S2
S1-465082733	S2-569860965	S2
S1-465082733	S2-816989315	S2
S1-465082733	S2-90112897	S2
S1-402994011	S2-751588111	S2
S1-402994011	S2-213099480	S2
S1-402994011	S2-794412447	S2
S1-402994011	S2-963646032	S2
S1-402994011	S2-679333576	S2
S1-402994011	S2-859393404	S2
S1-402994011	S2-537858187	S2
S1-402994011	S2-568951817	S2
S1-402994011	S2-838493982	S2
S1-402994011	S2-459018782	S2
S1-402994011	S2-326946504	S2
S1-402994011	S2-630688873	S2
S1-402994011	S2-335038001	S2
S1-402994011	S2-210601194	S2
S1-402994011	S2-836846019	S2
S1-236963798	S2-37191173	S2
S1-236963798	S2-500096956	S2
S1-236963798	S2-648129048	S2
S1-236963798	S2-327008381	S2
S1-236963798	S2-95883726	S2
S1-236963798	S2-790103191	S2
S1-236963798	S2-274323360	S2
S1-236963798	S2-590757045	S2
S1-236963798	S2-123459391	S2
S1-236963798	S2-496765251	S2
S1-236963798	S2-235976983	S2
S1-236963798	S2-158828409	S2
S1-236963798	S2-727477424	S2
S1-236963798	S2-529318908	S2
S1-236963798	S2-757487043	S2
S1-680585243	S2-35158435	S2
S1-680585243	S2-721031885	S2
S1-680585243	S2-171593739	S2
S1-680585243	S2-944772275	S2
S1-680585243	S2-370818838	S2
S1-680585243	S2-895860200	S2
S1-680585243	S2-592124942	S2
S1-680585243	S2-683312986	S2
S1-680585243	S2-808715382	S2
S1-680585243	S2-595913199	S2
S1-680585243	S2-204440999	S2
S1-680585243	S2-281557469	S2
S1-680585243	S2-243092207	S2
S1-680585243	S2-985114164	S2
S1-680585243	S2-602695064	S2
S1-392245358	S2-921111723	S2
S1-392245358	S2-675296997	S2
S1-392245358	S2-918655668	S2
S1-392245358	S2-925511054	S2
S1-392245358	S2-703267220	S2
S1-392245358	S2-764713035	S2
S1-392245358	S2-718979866	S2
S1-392245358	S2-822346901	S2
S1-392245358	S2-254788701	S2
S1-392245358	S2-461563520	S2
S1-392245358	S2-630651352	S2
S1-392245358	S2-438753836	S2
S1-392245358	S2-418380949	S2
S1-392245358	S2-263273654	S2
S1-392245358	S2-228779604	S2
S1-521730978	S2-471713609	S2
S1-521730978	S2-437309128	S2
S1-521730978	S2-68402423	S2
S1-521730978	S2-764430935	S2
S1-521730978	S2-145507253	S2
S1-521730978	S2-843741773	S2
S1-521730978	S2-229217508	S2
S1-521730978	S2-672736825	S2
S1-521730978	S2-362602827	S2
S1-521730978	S2-748325649	S2
S1-521730978	S2-126113089	S2
S1-521730978	S2-369458829	S2
S1-521730978	S2-640420911	S2
S1-521730978	S2-26324258	S2
S1-521730978	S2-512382393	S2
S1-103952189	S2-249418882	S2
S1-103952189	S2-563644814	S2
S1-103952189	S2-568385282	S2
S1-103952189	S2-617594647	S2
S1-103952189	S2-280468346	S2
S1-103952189	S2-487925537	S2
S1-103952189	S2-716241482	S2
S1-103952189	S2-340882825	S2
S1-103952189	S2-523031614	S2
S1-103952189	S2-810865448	S2
S1-103952189	S2-237499913	S2
S1-103952189	S2-829070070	S2
S1-103952189	S2-127690578	S2
S1-103952189	S2-359684479	S2
S1-103952189	S2-469595862	S2
S1-691021205	S2-624920895	S2
S1-691021205	S2-494828371	S2
S1-691021205	S2-416243900	S2
S1-691021205	S2-716588163	S2
S1-691021205	S2-833201275	S2
S1-691021205	S2-672321572	S2
S1-691021205	S2-9416718	S2
S1-691021205	S2-248782105	S2
S1-691021205	S2-427374357	S2
S1-691021205	S2-264776657	S2
S1-691021205	S2-660059542	S2
S1-691021205	S2-196587307	S2
S1-691021205	S2-625899005	S2
S1-691021205	S2-638282892	S2
S1-691021205	S2-579566857	S2
S1-532630246	S2-877085471	S2
S1-532630246	S2-548296657	S2
S1-532630246	S2-9614101	S2
S1-532630246	S2-74992830	S2
S1-532630246	S2-332453876	S2
S1-532630246	S2-190642185	S2
S1-532630246	S2-632851303	S2
S1-532630246	S2-727570982	S2
S1-532630246	S2-566356754	S2
S1-532630246	S2-47799063	S2
S1-532630246	S2-57375033	S2
S1-532630246	S2-710175093	S2
S1-532630246	S2-996428837	S2
S1-532630246	S2-937987341	S2
S1-532630246	S2-848687795	S2
S1-63162461	S2-895797947	S2
S1-63162461	S2-949133216	S2
S1-63162461	S2-40746806	S2
S1-63162461	S2-853275037	S2
S1-63162461	S2-619844913	S2
S1-63162461	S2-265951472	S2
S1-63162461	S2-793689201	S2
S1-63162461	S2-302833544	S2
S1-63162461	S2-977796762	S2
S1-63162461	S2-444467356	S2
S1-63162461	S2-386366146	S2
S1-63162461	S2-970203166	S2
S1-63162461	S2-15919698	S2
S1-63162461	S2-985114164	S2
S1-63162461	S2-857545705	S2
S1-367965660	S2-700966121	S2
S1-367965660	S2-475524221	S2
S1-367965660	S2-811863966	S2
S1-367965660	S2-23798630	S2
S1-367965660	S2-806329868	S2
S1-367965660	S2-305376778	S2
S1-367965660	S2-958296449	S2
S1-367965660	S2-707178891	S2
S1-367965660	S2-509362529	S2
S1-367965660	S2-891950002	S2
S1-367965660	S2-125007797	S2
S1-367965660	S2-187379771	S2
S1-367965660	S2-153417256	S2
S1-367965660	S2-158641226	S2
S1-367965660	S2-428779057	S2
S1-731133418	S2-743455401	S2
S1-731133418	S2-271555689	S2
S1-731133418	S2-265951472	S2
S1-731133418	S2-16801220	S2
S1-731133418	S2-333030681	S2
S1-731133418	S2-216945512	S2
S1-731133418	S2-727414171	S2
S1-731133418	S2-498046006	S2
S1-731133418	S2-195819452	S2
S1-731133418	S2-99468652	S2
S1-731133418	S2-353872072	S2
S1-731133418	S2-861758392	S2
S1-731133418	S2-505244705	S2
S1-731133418	S2-140550490	S2
S1-731133418	S2-845577049	S2
S1-885630742	S2-558505389	S2
S1-885630742	S2-968691770	S2
S1-885630742	S2-988340451	S2
S1-885630742	S2-751138699	S2
S1-885630742	S2-647437327	S2
S1-885630742	S2-232594161	S2
S1-885630742	S2-892923793	S2
S1-885630742	S2-619277617	S2
S1-885630742	S2-329607640	S2
S1-885630742	S2-285903626	S2
S1-885630742	S2-658994017	S2
S1-885630742	S2-331692143	S2
S1-885630742	S2-223117200	S2
S1-885630742	S2-48939070	S2
S1-885630742	S2-327738915	S2
S1-807555566	S2-918349502	S2
S1-807555566	S2-681384833	S2
S1-807555566	S2-557520173	S2
S1-807555566	S2-121549347	S2
S1-807555566	S2-692356310	S2
S1-807555566	S2-595414933	S2
S1-807555566	S2-723550919	S2
S1-807555566	S2-400132919	S2
S1-807555566	S2-566627479	S2
S1-807555566	S2-736654053	S2
S1-807555566	S2-988228866	S2
S1-807555566	S2-846535978	S2
S1-807555566	S2-222024725	S2
S1-807555566	S2-97346546	S2
S1-807555566	S2-381785440	S2
S1-401836525	S2-150814682	S2
S1-401836525	S2-382377359	S2
S1-401836525	S2-325919567	S2
S1-401836525	S2-308390109	S2
S1-401836525	S2-372202978	S2
S1-401836525	S2-438397589	S2
S1-401836525	S2-505244705	S2
S1-401836525	S2-22805370	S2
S1-401836525	S2-46777321	S2
S1-401836525	S2-497025062	S2
S1-401836525	S2-140550490	S2
S1-401836525	S2-209093728	S2
S1-401836525	S2-91953344	S2
S1-401836525	S2-430367614	S2
S1-401836525	S2-845577049	S2
S1-796024407	S2-908088236	S2
S1-796024407	S2-202159021	S2
S1-796024407	S2-159566092	S2
S1-796024407	S2-877085471	S2
S1-796024407	S2-430490738	S2
S1-796024407	S2-439042318	S2
S1-796024407	S2-799199580	S2
S1-796024407	S2-751138699	S2
S1-796024407	S2-772997011	S2
S1-796024407	S2-97857545	S2
S1-796024407	S2-193026221	S2
S1-796024407	S2-976205330	S2
S1-796024407	S2-622773844	S2
S1-796024407	S2-612119416	S2
S1-796024407	S2-753298731	S2
S1-149887453	S2-529318908	S2
S1-149887453	S2-810843780	S2
S1-149887453	S2-882915480	S2
S1-149887453	S2-200200363	S2
S1-149887453	S2-945813340	S2
S1-149887453	S2-859393404	S2
S1-149887453	S2-12970251	S2
S1-149887453	S2-506682722	S2
S1-149887453	S2-981550471	S2
S1-149887453	S2-695240341	S2
S1-149887453	S2-187593824	S2
S1-149887453	S2-831625227	S2
S1-149887453	S2-391886434	S2
S1-149887453	S2-256451765	S2
S1-149887453	S2-137335733	S2
S1-823731657	S2-374024727	S2
S1-823731657	S2-635942417	S2
S1-823731657	S2-727414171	S2
S1-823731657	S2-799238901	S2
S1-823731657	S2-738509117	S2
S1-823731657	S2-321891660	S2
S1-823731657	S2-16801220	S2
S1-823731657	S2-187379771	S2
S1-823731657	S2-71529448	S2
S1-823731657	S2-418691151	S2
S1-823731657	S2-567089005	S2
S1-823731657	S2-508784928	S2
S1-823731657	S2-707037561	S2
S1-823731657	S2-807525733	S2
S1-823731657	S2-813569572	S2
S1-578641214	S2-50513846	S2
S1-578641214	S2-471977441	S2
S1-578641214	S2-699404448	S2
S1-578641214	S2-225823147	S2
S1-578641214	S2-929722075	S2
S1-578641214	S2-574121799	S2
S1-578641214	S2-692022593	S2
S1-578641214	S2-715327535	S2
S1-578641214	S2-892909897	S2
S1-578641214	S2-399391347	S2
S1-578641214	S2-52846978	S2
S1-578641214	S2-394565864	S2
S1-578641214	S2-75129136	S2
S1-578641214	S2-828872229	S2
S1-578641214	S2-349666272	S2
S1-549086594	S2-105671746	S2
S1-549086594	S2-674862293	S2
S1-549086594	S2-225823147	S2
S1-549086594	S2-399052000	S2
S1-549086594	S2-946589159	S2
S1-549086594	S2-921202375	S2
S1-549086594	S2-329607640	S2
S1-549086594	S2-134697040	S2
S1-549086594	S2-635002967	S2
S1-549086594	S2-8982199	S2
S1-549086594	S2-679190243	S2
S1-549086594	S2-85446560	S2
S1-549086594	S2-507569300	S2
S1-549086594	S2-800694119	S2
S1-549086594	S2-371549760	S2
S1-21590818	S2-243813488	S2
S1-21590818	S2-121759397	S2
S1-21590818	S2-546426576	S2
S1-21590818	S2-614713174	S2
S1-21590818	S2-202159021	S2
S1-21590818	S2-279664505	S2
S1-21590818	S2-232342145	S2
S1-21590818	S2-434166125	S2
S1-21590818	S2-546920738	S2
S1-21590818	S2-749984637	S2
S1-21590818	S2-112726369	S2
S1-21590818	S2-127690578	S2
S1-21590818	S2-850499815	S2
S1-21590818	S2-792519590	S2
S1-21590818	S2-616876975	S2
S1-555090350	S2-243813488	S2
S1-555090350	S2-816989315	S2
S1-555090350	S2-378820746	S2
S1-555090350	S2-321398182	S2
S1-555090350	S2-757197434	S2
S1-555090350	S2-803111569	S2
S1-555090350	S2-90112897	S2
S1-555090350	S2-486832341	S2
S1-555090350	S2-793153206	S2
S1-555090350	S2-764306412	S2
S1-555090350	S2-126222886	S2
S1-555090350	S2-585316294	S2
S1-555090350	S2-772323364	S2
S1-555090350	S2-872809565	S2
S1-555090350	S2-852307591	S2
S1-557511474	S2-504223867	S2
S1-557511474	S2-930968972	S2
S1-557511474	S2-458053941	S2
S1-557511474	S2-497486406	S2
S1-557511474	S2-221108126	S2
S1-557511474	S2-609888752	S2
S1-557511474	S2-118275942	S2
S1-557511474	S2-426660752	S2
S1-557511474	S2-912228916	S2
S1-557511474	S2-305071473	S2
S1-557511474	S2-626546137	S2
S1-557511474	S2-925486917	S2
S1-557511474	S2-60332086	S2
S1-557511474	S2-378780545	S2
S1-557511474	S2-637500424	S2
S1-576220090	S2-736787326	S2
S1-576220090	S2-882459657	S2
S1-576220090	S2-670948516	S2
S1-576220090	S2-164651728	S2
S1-576220090	S2-777730349	S2
S1-576220090	S2-929722075	S2
S1-576220090	S2-794352292	S2
S1-576220090	S2-975023541	S2
S1-576220090	S2-978606166	S2
S1-576220090	S2-848946610	S2
S1-576220090	S2-332036682	S2
S1-576220090	S2-8982199	S2
S1-576220090	S2-147418558	S2
S1-576220090	S2-921202375	S2
S1-576220090	S2-135305339	S2
S1-299278979	S2-673822670	S2
S1-299278979	S2-833227760	S2
S1-299278979	S2-395800668	S2
S1-299278979	S2-513743270	S2
S1-299278979	S2-634559197	S2
S1-299278979	S2-913038433	S2
S1-299278979	S2-526412482	S2
S1-299278979	S2-3914789	S2
S1-299278979	S2-875461623	S2
S1-299278979	S2-876480978	S2
S1-299278979	S2-17360295	S2
S1-299278979	S2-826516454	S2
S1-299278979	S2-834353592	S2
S1-299278979	S2-810915319	S2
S1-299278979	S2-609292694	S2
S1-202490639	S2-135305339	S2
S1-202490639	S2-794352292	S2
S1-202490639	S2-349666272	S2
S1-202490639	S2-803100423	S2
S1-202490639	S2-8982199	S2
S1-202490639	S2-921202375	S2
S1-202490639	S2-576580892	S2
S1-202490639	S2-145624152	S2
S1-202490639	S2-892880098	S2
S1-202490639	S2-22700931	S2
S1-202490639	S2-864103770	S2
S1-202490639	S2-897475107	S2
S1-202490639	S2-882459657	S2
S1-202490639	S2-423099834	S2
S1-202490639	S2-137335733	S2
S1-122618676	S2-857150604	S2
S1-122618676	S2-570512018	S2
S1-122618676	S2-142031854	S2
S1-122618676	S2-699301561	S2
S1-122618676	S2-251801751	S2
S1-122618676	S2-390167188	S2
S1-122618676	S2-590158229	S2
S1-122618676	S2-39969572	S2
S1-122618676	S2-407917981	S2
S1-122618676	S2-507704636	S2
S1-122618676	S2-387222645	S2
S1-122618676	S2-35756508	S2
S1-122618676	S2-139986213	S2
S1-122618676	S2-582458634	S2
S1-122618676	S2-930351241	S2
S1-144979450	S2-663852317	S2
S1-144979450	S2-980457024	S2
S1-144979450	S2-964240180	S2
S1-144979450	S2-925486917	S2
S1-144979450	S2-424464370	S2
S1-144979450	S2-772922754	S2
S1-144979450	S2-862759276	S2
S1-144979450	S2-916238268	S2
S1-144979450	S2-513550621	S2
S1-144979450	S2-583111097	S2
S1-144979450	S2-646080124	S2
S1-144979450	S2-877823257	S2
S1-144979450	S2-119087459	S2
S1-144979450	S2-197625218	S2
S1-144979450	S2-637500424	S2
S1-877733833	S2-980850745	S2
S1-877733833	S2-406794851	S2
S1-877733833	S2-438299704	S2
S1-877733833	S2-613343223	S2
S1-877733833	S2-103194364	S2
S1-877733833	S2-996064384	S2
S1-877733833	S2-551194254	S2
S1-877733833	S2-665500858	S2
S1-877733833	S2-622300061	S2
S1-877733833	S2-257885603	S2
S1-877733833	S2-428985968	S2
S1-877733833	S2-162849450	S2
S1-877733833	S2-385546967	S2
S1-877733833	S2-42284542	S2
S1-877733833	S2-461150320	S2
S1-51525259	S2-670948516	S2
S1-51525259	S2-794352292	S2
S1-51525259	S2-394565864	S2
S1-51525259	S2-409726115	S2
S1-51525259	S2-844267085	S2
S1-51525259	S2-828872229	S2
S1-51525259	S2-807474854	S2
S1-51525259	S2-349666272	S2
S1-51525259	S2-485419143	S2
S1-51525259	S2-167426364	S2
S1-51525259	S2-449617627	S2
S1-51525259	S2-651190084	S2
S1-51525259	S2-176139646	S2
S1-51525259	S2-895116270	S2
S1-51525259	S2-472320169	S2
S1-945650918	S2-570512018	S2
S1-945650918	S2-757677016	S2
S1-945650918	S2-284585076	S2
S1-945650918	S2-644844275	S2
S1-945650918	S2-849580158	S2
S1-945650918	S2-270518407	S2
S1-945650918	S2-780872035	S2
S1-945650918	S2-311198605	S2
S1-945650918	S2-491950020	S2
S1-945650918	S2-700717757	S2
S1-945650918	S2-668310822	S2
S1-945650918	S2-222899205	S2
S1-945650918	S2-349365849	S2
S1-945650918	S2-591277113	S2
S1-945650918	S2-698383825	S2
S1-947166860	S2-79488526	S2
S1-947166860	S2-929722075	S2
S1-947166860	S2-978606166	S2
S1-947166860	S2-736787326	S2
S1-947166860	S2-670948516	S2
S1-947166860	S2-135305339	S2
S1-947166860	S2-318348932	S2
S1-947166860	S2-212955583	S2
S1-947166860	S2-777730349	S2
S1-947166860	S2-164651728	S2
S1-947166860	S2-975023541	S2
S1-947166860	S2-590774517	S2
S1-947166860	S2-8982199	S2
S1-947166860	S2-921202375	S2
S1-947166860	S2-794352292	S2
S1-243140298	S2-735788494	S2
S1-243140298	S2-450445631	S2
S1-243140298	S2-16075678	S2
S1-243140298	S2-146656765	S2
S1-243140298	S2-457321092	S2
S1-243140298	S2-512060211	S2
S1-243140298	S2-403869292	S2
S1-243140298	S2-846535978	S2
S1-243140298	S2-884135049	S2
S1-243140298	S2-707039857	S2
S1-243140298	S2-72311199	S2
S1-243140298	S2-360633734	S2
S1-243140298	S2-272918438	S2
S1-243140298	S2-251858541	S2
S1-243140298	S2-872690777	S2
S1-694979060	S2-661036235	S2
S1-694979060	S2-475170125	S2
S1-694979060	S2-850499815	S2
S1-694979060	S2-886987750	S2
S1-694979060	S2-258085782	S2
S1-694979060	S2-796310966	S2
S1-694979060	S2-949845335	S2
S1-694979060	S2-848878443	S2
S1-694979060	S2-198163085	S2
S1-694979060	S2-510931175	S2
S1-694979060	S2-304667963	S2
S1-694979060	S2-256459754	S2
S1-694979060	S2-444452024	S2
S1-694979060	S2-846975420	S2
S1-694979060	S2-739603930	S2
S1-429112441	S2-79911022	S2
S1-429112441	S2-491950020	S2
S1-429112441	S2-626930611	S2
S1-429112441	S2-825374035	S2
S1-429112441	S2-897571622	S2
S1-429112441	S2-624679320	S2
S1-429112441	S2-540853782	S2
S1-429112441	S2-250598875	S2
S1-429112441	S2-337172708	S2
S1-429112441	S2-191045664	S2
S1-429112441	S2-910112818	S2
S1-429112441	S2-743455401	S2
S1-429112441	S2-233965830	S2
S1-429112441	S2-846975420	S2
S1-429112441	S2-656157274	S2
S1-246462346	S2-308390109	S2
S1-246462346	S2-421767648	S2
S1-246462346	S2-894313135	S2
S1-246462346	S2-857150604	S2
S1-246462346	S2-381512450	S2
S1-246462346	S2-158828409	S2
S1-246462346	S2-918349502	S2
S1-246462346	S2-98331541	S2
S1-246462346	S2-557520173	S2
S1-246462346	S2-444528389	S2
S1-246462346	S2-546407954	S2
S1-246462346	S2-444139007	S2
S1-246462346	S2-408865400	S2
S1-246462346	S2-566627479	S2
S1-246462346	S2-713920891	S2
S1-232082545	S2-153359899	S2
S1-232082545	S2-811863966	S2
S1-232082545	S2-308356127	S2
S1-232082545	S2-793548079	S2
S1-232082545	S2-747561379	S2
S1-232082545	S2-225391999	S2
S1-232082545	S2-573094730	S2
S1-232082545	S2-65176276	S2
S1-232082545	S2-698567775	S2
S1-232082545	S2-994612767	S2
S1-232082545	S2-872566864	S2
S1-232082545	S2-43073112	S2
S1-232082545	S2-53273621	S2
S1-232082545	S2-636634036	S2
S1-232082545	S2-966475004	S2
S1-186761262	S2-778812617	S2
S1-186761262	S2-224980295	S2
S1-186761262	S2-777730349	S2
S1-186761262	S2-138051778	S2
S1-186761262	S2-797821871	S2
S1-186761262	S2-921202375	S2
S1-186761262	S2-220286148	S2
S1-186761262	S2-8982199	S2
S1-186761262	S2-619859806	S2
S1-186761262	S2-7418163	S2
S1-186761262	S2-114971268	S2
S1-186761262	S2-648420391	S2
S1-186761262	S2-672381387	S2
S1-186761262	S2-814052487	S2
S1-186761262	S2-181566415	S2
S1-100146655	S2-622481215	S2
S1-100146655	S2-607870664	S2
S1-100146655	S2-628378031	S2
S1-100146655	S2-871017791	S2
S1-100146655	S2-625556810	S2
S1-100146655	S2-957597561	S2
S1-100146655	S2-530253274	S2
S1-100146655	S2-985114164	S2
S1-100146655	S2-956609513	S2
S1-100146655	S2-518721601	S2
S1-100146655	S2-378707035	S2
S1-100146655	S2-429291272	S2
S1-100146655	S2-381127815	S2
S1-100146655	S2-384556840	S2
S1-100146655	S2-368772488	S2
S1-341291980	S2-149157756	S2
S1-341291980	S2-637697607	S2
S1-341291980	S2-988228866	S2
S1-341291980	S2-292552164	S2
S1-341291980	S2-850741800	S2
S1-341291980	S2-441341822	S2
S1-341291980	S2-898880623	S2
S1-341291980	S2-498472092	S2
S1-341291980	S2-105463326	S2
S1-341291980	S2-93682954	S2
S1-341291980	S2-56133264	S2
S1-341291980	S2-81154512	S2
S1-341291980	S2-879030047	S2
S1-341291980	S2-728507538	S2
S1-341291980	S2-998885968	S2
S1-572730139	S2-504223867	S2
S1-572730139	S2-944772275	S2
S1-572730139	S2-561971801	S2
S1-572730139	S2-574996633	S2
S1-572730139	S2-988228866	S2
S1-572730139	S2-466380342	S2
S1-572730139	S2-706238826	S2
S1-572730139	S2-792661362	S2
S1-572730139	S2-5646683	S2
S1-572730139	S2-103317508	S2
S1-572730139	S2-191045664	S2
S1-572730139	S2-847408459	S2
S1-572730139	S2-507619867	S2
S1-572730139	S2-178777487	S2
S1-572730139	S2-784451498	S2
S1-594141325	S2-977796762	S2
S1-594141325	S2-220286148	S2
S1-594141325	S2-717911914	S2
S1-594141325	S2-578489698	S2
S1-594141325	S2-708386648	S2
S1-594141325	S2-143232725	S2
S1-594141325	S2-837187320	S2
S1-594141325	S2-956608424	S2
S1-594141325	S2-278045217	S2
S1-594141325	S2-889904221	S2
S1-594141325	S2-59556650	S2
S1-594141325	S2-518525663	S2
S1-594141325	S2-495565633	S2
S1-594141325	S2-471441474	S2
S1-594141325	S2-146892719	S2
S1-401761505	S2-731097037	S2
S1-401761505	S2-741940589	S2
S1-401761505	S2-611908172	S2
S1-401761505	S2-403058082	S2
S1-401761505	S2-961183932	S2
S1-401761505	S2-538680925	S2
S1-401761505	S2-979303211	S2
S1-401761505	S2-315281031	S2
S1-401761505	S2-849656600	S2
S1-401761505	S2-674589163	S2
S1-401761505	S2-586389069	S2
S1-401761505	S2-419509015	S2
S1-401761505	S2-479331549	S2
S1-401761505	S2-130736404	S2
S1-401761505	S2-449578781	S2
S1-820196196	S2-494755154	S2
S1-820196196	S2-968737415	S2
S1-820196196	S2-277444929	S2
S1-820196196	S2-212698060	S2
S1-820196196	S2-79911022	S2
S1-820196196	S2-620754855	S2
S1-820196196	S2-313026470	S2
S1-820196196	S2-906898057	S2
S1-820196196	S2-135305339	S2
S1-820196196	S2-747122768	S2
S1-820196196	S2-497486406	S2
S1-820196196	S2-710175093	S2
S1-820196196	S2-391048922	S2
S1-820196196	S2-223117200	S2
S1-820196196	S2-965341745	S2
S1-81981566	S2-64494419	S2
S1-81981566	S2-517140140	S2
S1-81981566	S2-368840229	S2
S1-81981566	S2-586812390	S2
S1-81981566	S2-325340520	S2
S1-81981566	S2-956811797	S2
S1-81981566	S2-161592048	S2
S1-81981566	S2-819911306	S2
S1-81981566	S2-421767648	S2
S1-81981566	S2-381512450	S2
S1-81981566	S2-158828409	S2
S1-81981566	S2-918349502	S2
S1-81981566	S2-557520173	S2
S1-81981566	S2-546407954	S2
S1-81981566	S2-566627479	S2
S1-92690219	S2-872566864	S2
S1-92690219	S2-624920895	S2
S1-92690219	S2-716588163	S2
S1-92690219	S2-43073112	S2
S1-92690219	S2-416243900	S2
S1-92690219	S2-9416718	S2
S1-92690219	S2-248782105	S2
S1-92690219	S2-625899005	S2
S1-92690219	S2-53273621	S2
S1-92690219	S2-264776657	S2
S1-92690219	S2-966475004	S2
S1-92690219	S2-636634036	S2
S1-92690219	S2-660059542	S2
S1-92690219	S2-638282892	S2
S1-92690219	S2-579566857	S2
S1-888167789	S2-305071473	S2
S1-888167789	S2-513550621	S2
S1-888167789	S2-81664343	S2
S1-888167789	S2-284585076	S2
S1-888167789	S2-570512018	S2
S1-888167789	S2-648420391	S2
S1-888167789	S2-772269040	S2
S1-888167789	S2-38917398	S2
S1-888167789	S2-841917974	S2
S1-888167789	S2-422774904	S2
S1-888167789	S2-178777487	S2
S1-888167789	S2-374123528	S2
S1-888167789	S2-452572748	S2
S1-888167789	S2-885365561	S2
S1-888167789	S2-662107705	S2
S1-942011133	S2-400230753	S2
S1-942011133	S2-484254734	S2
S1-942011133	S2-938612654	S2
S1-942011133	S2-910212980	S2
S1-942011133	S2-816119025	S2
S1-942011133	S2-630317647	S2
S1-942011133	S2-12796093	S2
S1-942011133	S2-29108033	S2
S1-942011133	S2-146095676	S2
S1-942011133	S2-846600326	S2
S1-942011133	S2-971491700	S2
S1-942011133	S2-937072190	S2
S1-942011133	S2-438972703	S2
S1-942011133	S2-155636061	S2
S1-942011133	S2-307272578	S2
S1-142288436	S2-984417999	S2
S1-142288436	S2-656749559	S2
S1-142288436	S2-847120229	S2
S1-142288436	S2-437309128	S2
S1-142288436	S2-764430935	S2
S1-142288436	S2-26324258	S2
S1-142288436	S2-748325649	S2
S1-142288436	S2-640420911	S2
S1-142288436	S2-126113089	S2
S1-142288436	S2-369458829	S2
S1-142288436	S2-672736825	S2
S1-142288436	S2-229217508	S2
S1-142288436	S2-512382393	S2
S1-142288436	S2-471713609	S2
S1-142288436	S2-362602827	S2
S1-119783341	S2-816989315	S2
S1-119783341	S2-979910605	S2
S1-119783341	S2-90112897	S2
S1-119783341	S2-570006860	S2
S1-119783341	S2-241291924	S2
S1-119783341	S2-8982199	S2
S1-119783341	S2-293065883	S2
S1-119783341	S2-259053443	S2
S1-119783341	S2-243813488	S2
S1-119783341	S2-375938862	S2
S1-119783341	S2-385922466	S2
S1-119783341	S2-665940290	S2
S1-119783341	S2-748163379	S2
S1-119783341	S2-967508286	S2
S1-119783341	S2-91908767	S2
S1-328164935	S2-359710026	S2
S1-328164935	S2-862278331	S2
S1-328164935	S2-419509015	S2
S1-328164935	S2-438969319	S2
S1-328164935	S2-444467356	S2
S1-328164935	S2-43091282	S2
S1-328164935	S2-387222645	S2
S1-328164935	S2-34732391	S2
S1-328164935	S2-755481720	S2
S1-328164935	S2-738448002	S2
S1-328164935	S2-811863966	S2
S1-328164935	S2-125297289	S2
S1-328164935	S2-8864337	S2
S1-328164935	S2-718800703	S2
S1-328164935	S2-423551185	S2
S1-926243009	S2-33228405	S2
S1-926243009	S2-544612526	S2
S1-926243009	S2-514714174	S2
S1-926243009	S2-41514279	S2
S1-926243009	S2-947421213	S2
S1-926243009	S2-77285093	S2
S1-926243009	S2-937454805	S2
S1-926243009	S2-724723594	S2
S1-926243009	S2-282390486	S2
S1-926243009	S2-232484718	S2
S1-926243009	S2-140036589	S2
S1-926243009	S2-540931339	S2
S1-926243009	S2-46771753	S2
S1-926243009	S2-815783446	S2
S1-926243009	S2-347017935	S2
S1-376882708	S2-631547814	S2
S1-376882708	S2-78644395	S2
S1-376882708	S2-568385282	S2
S1-376882708	S2-445109396	S2
S1-376882708	S2-182145854	S2
S1-376882708	S2-716588163	S2
S1-376882708	S2-918763928	S2
S1-376882708	S2-94068349	S2
S1-376882708	S2-613204180	S2
S1-376882708	S2-446585847	S2
S1-376882708	S2-957597561	S2
S1-376882708	S2-294114423	S2
S1-376882708	S2-70367717	S2
S1-376882708	S2-381747268	S2
S1-376882708	S2-910448815	S2
S1-400092918	S2-200440168	S2
S1-400092918	S2-159472146	S2
S1-400092918	S2-290146361	S2
S1-400092918	S2-264940990	S2
S1-400092918	S2-605734275	S2
S1-400092918	S2-80911610	S2
S1-400092918	S2-845362212	S2
S1-400092918	S2-693383953	S2
S1-400092918	S2-895531443	S2
S1-400092918	S2-211389639	S2
S1-400092918	S2-358578952	S2
S1-400092918	S2-345917206	S2
S1-400092918	S2-992673515	S2
S1-400092918	S2-598788762	S2
S1-400092918	S2-893669875	S2
S1-419235241	S2-637304807	S2
S1-419235241	S2-888030033	S2
S1-419235241	S2-100798928	S2
S1-419235241	S2-885850745	S2
S1-419235241	S2-145624152	S2
S1-419235241	S2-286362115	S2
S1-419235241	S2-800014563	S2
S1-419235241	S2-907307129	S2
S1-419235241	S2-791990398	S2
S1-419235241	S2-831625227	S2
S1-419235241	S2-810843780	S2
S1-419235241	S2-662032378	S2
S1-419235241	S2-167129557	S2
S1-419235241	S2-165395178	S2
S1-419235241	S2-258904656	S2
S1-724315493	S2-232413629	S2
S1-724315493	S2-859393404	S2
S1-724315493	S2-838493982	S2
S1-724315493	S2-326946504	S2
S1-724315493	S2-363634967	S2
S1-724315493	S2-267714454	S2
S1-724315493	S2-472694676	S2
S1-724315493	S2-465837411	S2
S1-724315493	S2-335038001	S2
S1-724315493	S2-210601194	S2
S1-724315493	S2-140550490	S2
S1-724315493	S2-778812617	S2
S1-724315493	S2-630688873	S2
S1-724315493	S2-59175936	S2
S1-724315493	S2-294835210	S2
S1-336476210	S2-694410926	S2
S1-336476210	S2-318217219	S2
S1-336476210	S2-598068208	S2
S1-336476210	S2-912941112	S2
S1-336476210	S2-126113089	S2
S1-336476210	S2-290615647	S2
S1-336476210	S2-982496654	S2
S1-336476210	S2-358856946	S2
S1-336476210	S2-496765251	S2
S1-336476210	S2-468234939	S2
S1-336476210	S2-750473552	S2
S1-336476210	S2-585973304	S2
S1-336476210	S2-222636194	S2
S1-336476210	S2-923748120	S2
S1-336476210	S2-913240757	S2
S1-977818366	S2-105463326	S2
S1-977818366	S2-235039028	S2
S1-977818366	S2-617467150	S2
S1-977818366	S2-961093381	S2
S1-977818366	S2-402495223	S2
S1-977818366	S2-73037424	S2
S1-977818366	S2-27986137	S2
S1-977818366	S2-699391872	S2
S1-977818366	S2-772269040	S2
S1-977818366	S2-482144229	S2
S1-977818366	S2-516249560	S2
S1-977818366	S2-426439815	S2
S1-977818366	S2-131872909	S2
S1-977818366	S2-939131514	S2
S1-977818366	S2-790947608	S2
S1-347171620	S2-512060211	S2
S1-347171620	S2-731531571	S2
S1-347171620	S2-471977441	S2
S1-347171620	S2-548633980	S2
S1-347171620	S2-343655850	S2
S1-347171620	S2-395489902	S2
S1-347171620	S2-287300820	S2
S1-347171620	S2-335860	S2
S1-347171620	S2-561796765	S2
S1-347171620	S2-318784543	S2
S1-347171620	S2-466380342	S2
S1-347171620	S2-384556840	S2
S1-347171620	S2-381127815	S2
S1-347171620	S2-429291272	S2
S1-347171620	S2-368772488	S2
S1-346929118	S2-121549347	S2
S1-346929118	S2-741639927	S2
S1-346929118	S2-927235908	S2
S1-346929118	S2-279679940	S2
S1-346929118	S2-859726068	S2
S1-346929118	S2-998885968	S2
S1-346929118	S2-879030047	S2
S1-346929118	S2-277830258	S2
S1-346929118	S2-402816014	S2
S1-346929118	S2-811863966	S2
S1-346929118	S2-833900025	S2
S1-346929118	S2-40746806	S2
S1-346929118	S2-662221399	S2
S1-346929118	S2-721241427	S2
S1-346929118	S2-847335213	S2
S1-561269090	S2-889472913	S2
S1-561269090	S2-417269575	S2
S1-561269090	S2-703946335	S2
S1-561269090	S2-801612886	S2
S1-561269090	S2-474914898	S2
S1-561269090	S2-563753438	S2
S1-561269090	S2-167129557	S2
S1-561269090	S2-600115417	S2
S1-561269090	S2-272918438	S2
S1-561269090	S2-960258435	S2
S1-561269090	S2-813611214	S2
S1-561269090	S2-258676677	S2
S1-561269090	S2-745680704	S2
S1-561269090	S2-735844220	S2
S1-561269090	S2-27257748	S2
S1-640578446	S2-939131514	S2
S1-640578446	S2-918655668	S2
S1-640578446	S2-925511054	S2
S1-640578446	S2-699391872	S2
S1-640578446	S2-703267220	S2
S1-640578446	S2-718979866	S2
S1-640578446	S2-822346901	S2
S1-640578446	S2-254788701	S2
S1-640578446	S2-266340710	S2
S1-640578446	S2-461563520	S2
S1-640578446	S2-630651352	S2
S1-640578446	S2-438753836	S2
S1-640578446	S2-418380949	S2
S1-640578446	S2-263273654	S2
S1-640578446	S2-228779604	S2
S1-317610576	S2-190642185	S2
S1-317610576	S2-74992830	S2
S1-317610576	S2-332453876	S2
S1-317610576	S2-30847394	S2
S1-317610576	S2-635228641	S2
S1-317610576	S2-524247699	S2
S1-317610576	S2-672082301	S2
S1-317610576	S2-201659527	S2
S1-317610576	S2-225403671	S2
S1-317610576	S2-936867164	S2
S1-317610576	S2-727570982	S2
S1-317610576	S2-285659000	S2
S1-317610576	S2-437494471	S2
S1-317610576	S2-149845283	S2
S1-317610576	S2-750426664	S2
S1-398084502	S2-812319202	S2
S1-398084502	S2-419509015	S2
S1-398084502	S2-654995017	S2
S1-398084502	S2-47852966	S2
S1-398084502	S2-841152676	S2
S1-398084502	S2-683692604	S2
S1-398084502	S2-34732391	S2
S1-398084502	S2-507186862	S2
S1-398084502	S2-564502430	S2
S1-398084502	S2-915345864	S2
S1-398084502	S2-810670202	S2
S1-398084502	S2-822918754	S2
S1-398084502	S2-43091282	S2
S1-398084502	S2-811863966	S2
S1-398084502	S2-715096064	S2
S1-429137290	S2-857545705	S2
S1-429137290	S2-369242155	S2
S1-429137290	S2-15148623	S2
S1-429137290	S2-133252993	S2
S1-429137290	S2-158902765	S2
S1-429137290	S2-794412447	S2
S1-429137290	S2-967923960	S2
S1-429137290	S2-939986664	S2
S1-429137290	S2-921274499	S2
S1-429137290	S2-265891218	S2
S1-429137290	S2-535538356	S2
S1-429137290	S2-297926319	S2
S1-429137290	S2-340786070	S2
S1-429137290	S2-975285928	S2
S1-429137290	S2-157735411	S2
S1-256480068	S2-190698845	S2
S1-256480068	S2-242582700	S2
S1-256480068	S2-620110385	S2
S1-256480068	S2-160694137	S2
S1-256480068	S2-625899005	S2
S1-256480068	S2-800694119	S2
S1-256480068	S2-164039123	S2
S1-256480068	S2-205132293	S2
S1-256480068	S2-264940990	S2
S1-256480068	S2-944030245	S2
S1-256480068	S2-333989418	S2
S1-256480068	S2-67201778	S2
S1-256480068	S2-358237238	S2
S1-256480068	S2-640987463	S2
S1-256480068	S2-665573717	S2
S1-375348297	S2-946002985	S2
S1-375348297	S2-489677213	S2
S1-375348297	S2-628378031	S2
S1-375348297	S2-344354613	S2
S1-375348297	S2-752081733	S2
S1-375348297	S2-453482489	S2
S1-375348297	S2-682964593	S2
S1-375348297	S2-193389855	S2
S1-375348297	S2-199635728	S2
S1-375348297	S2-957597561	S2
S1-375348297	S2-982950235	S2
S1-375348297	S2-324372014	S2
S1-375348297	S2-907018183	S2
S1-375348297	S2-599195929	S2
S1-375348297	S2-136305349	S2
S1-415042128	S2-492444908	S2
S1-415042128	S2-622519132	S2
S1-415042128	S2-814955870	S2
S1-415042128	S2-945865905	S2
S1-415042128	S2-981550471	S2
S1-415042128	S2-193389855	S2
S1-415042128	S2-448710587	S2
S1-415042128	S2-810843780	S2
S1-415042128	S2-824685628	S2
S1-415042128	S2-808728262	S2
S1-415042128	S2-830783927	S2
S1-415042128	S2-735910191	S2
S1-415042128	S2-94339175	S2
S1-415042128	S2-127778636	S2
S1-415042128	S2-460653265	S2
S1-410228098	S2-830803484	S2
S1-410228098	S2-237499913	S2
S1-410228098	S2-660467546	S2
S1-410228098	S2-559968500	S2
S1-410228098	S2-977796762	S2
S1-410228098	S2-698383825	S2
S1-410228098	S2-713920891	S2
S1-410228098	S2-63261077	S2
S1-410228098	S2-392990451	S2
S1-410228098	S2-278045217	S2
S1-410228098	S2-111237832	S2
S1-410228098	S2-956608424	S2
S1-410228098	S2-143232725	S2
S1-410228098	S2-518525663	S2
S1-410228098	S2-210601194	S2
S1-460033462	S2-736787326	S2
S1-460033462	S2-318348932	S2
S1-460033462	S2-978606166	S2
S1-460033462	S2-212955583	S2
S1-460033462	S2-777730349	S2
S1-460033462	S2-670948516	S2
S1-460033462	S2-22700931	S2
S1-460033462	S2-794352292	S2
S1-460033462	S2-921202375	S2
S1-460033462	S2-8982199	S2
S1-460033462	S2-135305339	S2
S1-460033462	S2-330518097	S2
S1-460033462	S2-409726115	S2
S1-460033462	S2-345172295	S2
S1-460033462	S2-566931281	S2
S1-317952287	S2-972466865	S2
S1-317952287	S2-714077903	S2
S1-317952287	S2-136305349	S2
S1-317952287	S2-471713609	S2
S1-317952287	S2-838526909	S2
S1-317952287	S2-775099408	S2
S1-317952287	S2-477993186	S2
S1-317952287	S2-465052945	S2
S1-317952287	S2-241868453	S2
S1-317952287	S2-694410926	S2
S1-317952287	S2-489677213	S2
S1-317952287	S2-164651728	S2
S1-317952287	S2-629880378	S2
S1-317952287	S2-731531571	S2
S1-317952287	S2-212279628	S2
S1-615534064	S2-921202375	S2
S1-615534064	S2-777730349	S2
S1-615534064	S2-670948516	S2
S1-615534064	S2-293670539	S2
S1-615534064	S2-794352292	S2
S1-615534064	S2-79488526	S2
S1-615534064	S2-8982199	S2
S1-615534064	S2-35021649	S2
S1-615534064	S2-688247667	S2
S1-615534064	S2-224980295	S2
S1-615534064	S2-240326327	S2
S1-615534064	S2-588551697	S2
S1-615534064	S2-46989188	S2
S1-615534064	S2-640284162	S2
S1-615534064	S2-774600043	S2
S1-616272752	S2-929443380	S2
S1-616272752	S2-981022954	S2
S1-616272752	S2-118393214	S2
S1-616272752	S2-757677016	S2
S1-616272752	S2-533197229	S2
S1-616272752	S2-644844275	S2
S1-616272752	S2-389207858	S2
S1-616272752	S2-270518407	S2
S1-616272752	S2-311198605	S2
S1-616272752	S2-780872035	S2
S1-616272752	S2-700717757	S2
S1-616272752	S2-222899205	S2
S1-616272752	S2-349365849	S2
S1-616272752	S2-950135492	S2
S1-616272752	S2-591277113	S2
S1-441322	S2-26324258	S2
S1-441322	S2-751138699	S2
S1-441322	S2-229217508	S2
S1-441322	S2-126113089	S2
S1-441322	S2-512382393	S2
S1-441322	S2-874995586	S2
S1-441322	S2-976205330	S2
S1-441322	S2-369458829	S2
S1-441322	S2-362602827	S2
S1-441322	S2-388981331	S2
S1-441322	S2-106174634	S2
S1-441322	S2-672736825	S2
S1-441322	S2-6412284	S2
S1-441322	S2-814876053	S2
S1-441322	S2-402023314	S2
S1-391141182	S2-439888025	S2
S1-391141182	S2-755481720	S2
S1-391141182	S2-862278331	S2
S1-391141182	S2-284779400	S2
S1-391141182	S2-815037725	S2
S1-391141182	S2-642110210	S2
S1-391141182	S2-936893839	S2
S1-391141182	S2-956708079	S2
S1-391141182	S2-607073224	S2
S1-391141182	S2-617594647	S2
S1-391141182	S2-196088758	S2
S1-391141182	S2-67703868	S2
S1-391141182	S2-727314761	S2
S1-391141182	S2-758681750	S2
S1-391141182	S2-892976075	S2
S1-950174003	S2-478830670	S2
S1-950174003	S2-739603930	S2
S1-950174003	S2-706238826	S2
S1-950174003	S2-304667963	S2
S1-950174003	S2-198163085	S2
S1-950174003	S2-475170125	S2
S1-950174003	S2-258085782	S2
S1-950174003	S2-444452024	S2
S1-950174003	S2-337172708	S2
S1-950174003	S2-942417082	S2
S1-950174003	S2-848878443	S2
S1-950174003	S2-100798928	S2
S1-950174003	S2-899616853	S2
S1-950174003	S2-846975420	S2
S1-950174003	S2-187499079	S2
S1-175633133	S2-747122768	S2
S1-175633133	S2-177918546	S2
S1-175633133	S2-94751831	S2
S1-175633133	S2-44100844	S2
S1-175633133	S2-337572515	S2
S1-175633133	S2-99136836	S2
S1-175633133	S2-655804813	S2
S1-175633133	S2-223493773	S2
S1-175633133	S2-542224090	S2
S1-175633133	S2-293670539	S2
S1-175633133	S2-387269711	S2
S1-175633133	S2-690767550	S2
S1-175633133	S2-136630789	S2
S1-175633133	S2-630772014	S2
S1-175633133	S2-803100423	S2
S1-644411036	S2-839523258	S2
S1-644411036	S2-557541533	S2
S1-644411036	S2-70709851	S2
S1-644411036	S2-265557209	S2
S1-644411036	S2-169160798	S2
S1-644411036	S2-447892968	S2
S1-644411036	S2-482353871	S2
S1-644411036	S2-381747268	S2
S1-644411036	S2-770751342	S2
S1-644411036	S2-187498810	S2
S1-644411036	S2-176512196	S2
S1-644411036	S2-428415426	S2
S1-644411036	S2-441765868	S2
S1-644411036	S2-267771398	S2
S1-644411036	S2-317647861	S2
S1-762958682	S2-739603930	S2
S1-762958682	S2-769858942	S2
S1-762958682	S2-682660453	S2
S1-762958682	S2-329256726	S2
S1-762958682	S2-152030787	S2
S1-762958682	S2-307709577	S2
S1-762958682	S2-539943184	S2
S1-762958682	S2-570006860	S2
S1-762958682	S2-324771787	S2
S1-762958682	S2-176116039	S2
S1-762958682	S2-363154872	S2
S1-762958682	S2-601185190	S2
S1-762958682	S2-295254551	S2
S1-762958682	S2-476525997	S2
S1-762958682	S2-431255095	S2
S1-78424718	S2-698245094	S2
S1-78424718	S2-877823257	S2
S1-78424718	S2-197625218	S2
S1-78424718	S2-846600326	S2
S1-78424718	S2-872319713	S2
S1-78424718	S2-646080124	S2
S1-78424718	S2-996064384	S2
S1-78424718	S2-145379986	S2
S1-78424718	S2-635511596	S2
S1-78424718	S2-119087459	S2
S1-78424718	S2-503157961	S2
S1-78424718	S2-47749434	S2
S1-78424718	S2-891406198	S2
S1-78424718	S2-712486191	S2
S1-78424718	S2-821982484	S2
S1-925057409	S2-252321761	S2
S1-925057409	S2-15025788	S2
S1-925057409	S2-405089580	S2
S1-925057409	S2-540216733	S2
S1-925057409	S2-267363219	S2
S1-925057409	S2-42669710	S2
S1-925057409	S2-249418882	S2
S1-925057409	S2-861758392	S2
S1-925057409	S2-51768850	S2
S1-925057409	S2-751730544	S2
S1-925057409	S2-966475004	S2
S1-925057409	S2-682814350	S2
S1-925057409	S2-653376534	S2
S1-925057409	S2-826030024	S2
S1-925057409	S2-432337497	S2
S1-181609420	S2-99468652	S2
S1-181609420	S2-192695882	S2
S1-181609420	S2-196618803	S2
S1-181609420	S2-477648435	S2
S1-181609420	S2-678818787	S2
S1-181609420	S2-620110385	S2
S1-181609420	S2-874162453	S2
S1-181609420	S2-727314761	S2
S1-181609420	S2-713572779	S2
S1-181609420	S2-878639783	S2
S1-181609420	S2-335124172	S2
S1-181609420	S2-432279643	S2
S1-181609420	S2-848946610	S2
S1-181609420	S2-135305339	S2
S1-181609420	S2-800014563	S2
S1-613244295	S2-714077903	S2
S1-613244295	S2-406854790	S2
S1-613244295	S2-227612893	S2
S1-613244295	S2-530400446	S2
S1-613244295	S2-302419463	S2
S1-613244295	S2-413822422	S2
S1-613244295	S2-863755882	S2
S1-613244295	S2-759079441	S2
S1-613244295	S2-333785505	S2
S1-613244295	S2-902205396	S2
S1-613244295	S2-296598302	S2
S1-613244295	S2-755481720	S2
S1-613244295	S2-780354672	S2
S1-613244295	S2-646080124	S2
S1-613244295	S2-259053443	S2
S1-441593499	S2-791429680	S2
S1-441593499	S2-676815762	S2
S1-441593499	S2-258676677	S2
S1-441593499	S2-139857118	S2
S1-441593499	S2-958296449	S2
S1-441593499	S2-225037888	S2
S1-441593499	S2-945865905	S2
S1-441593499	S2-213952496	S2
S1-441593499	S2-566356754	S2
S1-441593499	S2-640723488	S2
S1-441593499	S2-272004093	S2
S1-441593499	S2-803596169	S2
S1-441593499	S2-539393537	S2
S1-441593499	S2-182789318	S2
S1-441593499	S2-622773844	S2
S1-506720235	S2-888667254	S2
S1-506720235	S2-20047958	S2
S1-506720235	S2-814239836	S2
S1-506720235	S2-416107889	S2
S1-506720235	S2-61994815	S2
S1-506720235	S2-616836723	S2
S1-506720235	S2-200440168	S2
S1-506720235	S2-903479853	S2
S1-506720235	S2-800779929	S2
S1-506720235	S2-43091282	S2
S1-506720235	S2-259305279	S2
S1-506720235	S2-732609411	S2
S1-506720235	S2-446585847	S2
S1-506720235	S2-51862156	S2
S1-506720235	S2-166269541	S2
S1-735268637	S2-541414076	S2
S1-735268637	S2-568385282	S2
S1-735268637	S2-395489902	S2
S1-735268637	S2-224909884	S2
S1-735268637	S2-492031103	S2
S1-735268637	S2-362776689	S2
S1-735268637	S2-22805370	S2
S1-735268637	S2-496765251	S2
S1-735268637	S2-54240116	S2
S1-735268637	S2-561625161	S2
S1-735268637	S2-182145854	S2
S1-735268637	S2-446585847	S2
S1-735268637	S2-957597561	S2
S1-735268637	S2-70367717	S2
S1-735268637	S2-427111019	S2
S1-67628861	S2-455209026	S2
S1-67628861	S2-762096507	S2
S1-67628861	S2-101325335	S2
S1-67628861	S2-895071828	S2
S1-67628861	S2-99468652	S2
S1-67628861	S2-77419070	S2
S1-67628861	S2-771685137	S2
S1-67628861	S2-265891218	S2
S1-67628861	S2-846262463	S2
S1-67628861	S2-242582700	S2
S1-67628861	S2-873177396	S2
S1-67628861	S2-726045392	S2
S1-67628861	S2-402548315	S2
S1-67628861	S2-788754887	S2
S1-67628861	S2-335124172	S2
S1-951104915	S2-465837411	S2
S1-951104915	S2-525338352	S2
S1-951104915	S2-827197931	S2
S1-951104915	S2-394915298	S2
S1-951104915	S2-380179669	S2
S1-951104915	S2-445568278	S2
S1-951104915	S2-907716013	S2
S1-951104915	S2-308390109	S2
S1-951104915	S2-684055122	S2
S1-951104915	S2-808100278	S2
S1-951104915	S2-705462394	S2
S1-951104915	S2-163963287	S2
S1-951104915	S2-17185421	S2
S1-951104915	S2-421767648	S2
S1-951104915	S2-241726445	S2
S1-867129763	S2-329256726	S2
S1-867129763	S2-831625227	S2
S1-867129763	S2-137335733	S2
S1-867129763	S2-187593824	S2
S1-867129763	S2-104641729	S2
S1-867129763	S2-529318908	S2
S1-867129763	S2-682964593	S2
S1-867129763	S2-391886434	S2
S1-867129763	S2-200200363	S2
S1-867129763	S2-945813340	S2
S1-867129763	S2-859393404	S2
S1-867129763	S2-256451765	S2
S1-867129763	S2-12970251	S2
S1-867129763	S2-506682722	S2
S1-867129763	S2-695240341	S2
S1-211026051	S2-237499913	S2
S1-211026051	S2-828872229	S2
S1-211026051	S2-991981696	S2
S1-211026051	S2-349666272	S2
S1-211026051	S2-492444908	S2
S1-211026051	S2-814955870	S2
S1-211026051	S2-344621502	S2
S1-211026051	S2-749852939	S2
S1-211026051	S2-177918546	S2
S1-211026051	S2-528320338	S2
S1-211026051	S2-556747559	S2
S1-211026051	S2-231688856	S2
S1-211026051	S2-225823147	S2
S1-211026051	S2-699404448	S2
S1-211026051	S2-929722075	S2
S1-650106134	S2-944030245	S2
S1-650106134	S2-333989418	S2
S1-650106134	S2-67201778	S2
S1-650106134	S2-358237238	S2
S1-650106134	S2-640987463	S2
S1-650106134	S2-178971361	S2
S1-650106134	S2-448515850	S2
S1-650106134	S2-665573717	S2
S1-650106134	S2-264940990	S2
S1-650106134	S2-777625208	S2
S1-650106134	S2-497944131	S2
S1-650106134	S2-184190407	S2
S1-650106134	S2-185654339	S2
S1-650106134	S2-158757260	S2
S1-650106134	S2-646274481	S2
S1-110295930	S2-472675182	S2
S1-110295930	S2-628378031	S2
S1-110295930	S2-947466256	S2
S1-110295930	S2-727314761	S2
S1-110295930	S2-620647719	S2
S1-110295930	S2-997781999	S2
S1-110295930	S2-984943631	S2
S1-110295930	S2-434166125	S2
S1-110295930	S2-616836723	S2
S1-110295930	S2-421049739	S2
S1-110295930	S2-811863966	S2
S1-110295930	S2-753390653	S2
S1-110295930	S2-487136175	S2
S1-110295930	S2-567819618	S2
S1-110295930	S2-170803924	S2
S1-954886409	S2-71510174	S2
S1-954886409	S2-837187320	S2
S1-954886409	S2-702965552	S2
S1-954886409	S2-622773844	S2
S1-954886409	S2-997165561	S2
S1-954886409	S2-650270939	S2
S1-954886409	S2-189775165	S2
S1-954886409	S2-674223031	S2
S1-954886409	S2-841034360	S2
S1-954886409	S2-532543036	S2
S1-954886409	S2-956379452	S2
S1-954886409	S2-711632305	S2
S1-954886409	S2-383023238	S2
S1-954886409	S2-305427278	S2
S1-954886409	S2-164086509	S2
S1-911365600	S2-629086028	S2
S1-911365600	S2-462526248	S2
S1-911365600	S2-765237014	S2
S1-911365600	S2-671736202	S2
S1-911365600	S2-259305279	S2
S1-911365600	S2-196618803	S2
S1-911365600	S2-925056466	S2
S1-911365600	S2-537854766	S2
S1-911365600	S2-344591721	S2
S1-911365600	S2-215156674	S2
S1-911365600	S2-421035180	S2
S1-911365600	S2-405681592	S2
S1-911365600	S2-352552540	S2
S1-911365600	S2-969392100	S2
S1-911365600	S2-338866041	S2
S1-796183067	S2-916399099	S2
S1-796183067	S2-66640013	S2
S1-796183067	S2-418691151	S2
S1-796183067	S2-744794854	S2
S1-796183067	S2-561226892	S2
S1-796183067	S2-838230067	S2
S1-796183067	S2-131264573	S2
S1-796183067	S2-358856946	S2
S1-796183067	S2-866295263	S2
S1-796183067	S2-824414038	S2
S1-796183067	S2-8849654	S2
S1-796183067	S2-687568056	S2
S1-796183067	S2-471521279	S2
S1-796183067	S2-608750139	S2
S1-796183067	S2-263966863	S2
S1-401074421	S2-6412284	S2
S1-401074421	S2-564502430	S2
S1-401074421	S2-441769049	S2
S1-401074421	S2-777835859	S2
S1-401074421	S2-721031885	S2
S1-401074421	S2-105086356	S2
S1-401074421	S2-961183932	S2
S1-401074421	S2-937509955	S2
S1-401074421	S2-605633090	S2
S1-401074421	S2-108304064	S2
S1-401074421	S2-46777321	S2
S1-401074421	S2-48866343	S2
S1-401074421	S2-475793028	S2
S1-401074421	S2-72176804	S2
S1-401074421	S2-440948241	S2
S1-147057413	S2-301634447	S2
S1-147057413	S2-739955278	S2
S1-147057413	S2-748545907	S2
S1-147057413	S2-304562241	S2
S1-147057413	S2-621239482	S2
S1-147057413	S2-204591452	S2
S1-147057413	S2-266713379	S2
S1-147057413	S2-319012131	S2
S1-147057413	S2-384330461	S2
S1-147057413	S2-657247851	S2
S1-147057413	S2-110084330	S2
S1-147057413	S2-538680925	S2
S1-147057413	S2-265287731	S2
S1-147057413	S2-808487588	S2
S1-147057413	S2-564915463	S2
S1-397900824	S2-882915480	S2
S1-397900824	S2-960129567	S2
S1-397900824	S2-972051451	S2
S1-397900824	S2-436663188	S2
S1-397900824	S2-726813453	S2
S1-397900824	S2-645440237	S2
S1-397900824	S2-60818919	S2
S1-397900824	S2-512950951	S2
S1-397900824	S2-17933853	S2
S1-397900824	S2-733025108	S2
S1-397900824	S2-619664055	S2
S1-397900824	S2-713109591	S2
S1-397900824	S2-424537185	S2
S1-397900824	S2-165863386	S2
S1-397900824	S2-74992830	S2
S1-241872490	S2-420385975	S2
S1-241872490	S2-49312012	S2
S1-241872490	S2-394915298	S2
S1-241872490	S2-829070070	S2
S1-241872490	S2-127690578	S2
S1-241872490	S2-575990209	S2
S1-241872490	S2-523031614	S2
S1-241872490	S2-359684479	S2
S1-241872490	S2-237499913	S2
S1-241872490	S2-558654912	S2
S1-241872490	S2-910842372	S2
S1-241872490	S2-720490901	S2
S1-241872490	S2-236012541	S2
S1-241872490	S2-357857285	S2
S1-241872490	S2-699535842	S2
S1-571376605	S2-674862293	S2
S1-571376605	S2-569860965	S2
S1-571376605	S2-978606166	S2
S1-571376605	S2-797821871	S2
S1-571376605	S2-619859806	S2
S1-571376605	S2-164651728	S2
S1-571376605	S2-7418163	S2
S1-571376605	S2-225823147	S2
S1-571376605	S2-114971268	S2
S1-571376605	S2-648420391	S2
S1-571376605	S2-672381387	S2
S1-571376605	S2-921202375	S2
S1-571376605	S2-814052487	S2
S1-571376605	S2-8982199	S2
S1-571376605	S2-181566415	S2
S1-25587016	S2-717546	S2
S1-25587016	S2-539726746	S2
S1-25587016	S2-368772488	S2
S1-25587016	S2-481240106	S2
S1-25587016	S2-872022787	S2
S1-25587016	S2-714077903	S2
S1-25587016	S2-760648353	S2
S1-25587016	S2-623164214	S2
S1-25587016	S2-633146423	S2
S1-25587016	S2-835256551	S2
S1-25587016	S2-170119635	S2
S1-25587016	S2-1986290	S2
S1-25587016	S2-972466865	S2
S1-25587016	S2-524004407	S2
S1-25587016	S2-838526909	S2
S1-335752330	S2-16075678	S2
S1-335752330	S2-403364722	S2
S1-335752330	S2-182145854	S2
S1-335752330	S2-81084363	S2
S1-335752330	S2-875461623	S2
S1-335752330	S2-393592371	S2
S1-335752330	S2-794926277	S2
S1-335752330	S2-478122065	S2
S1-335752330	S2-299980209	S2
S1-335752330	S2-953579753	S2
S1-335752330	S2-445637459	S2
S1-335752330	S2-15235408	S2
S1-335752330	S2-149356677	S2
S1-335752330	S2-659685525	S2
S1-335752330	S2-631521974	S2
S1-339696594	S2-162849450	S2
S1-339696594	S2-798482339	S2
S1-339696594	S2-526884631	S2
S1-339696594	S2-818555762	S2
S1-339696594	S2-795261579	S2
S1-339696594	S2-234907956	S2
S1-339696594	S2-820761727	S2
S1-339696594	S2-308442620	S2
S1-339696594	S2-889904221	S2
S1-339696594	S2-727514766	S2
S1-339696594	S2-479770402	S2
S1-339696594	S2-566356754	S2
S1-339696594	S2-611908172	S2
S1-339696594	S2-976576895	S2
S1-339696594	S2-575166296	S2
S1-277159753	S2-256172355	S2
S1-277159753	S2-103972023	S2
S1-277159753	S2-373678906	S2
S1-277159753	S2-471154795	S2
S1-277159753	S2-939986664	S2
S1-277159753	S2-827197931	S2
S1-277159753	S2-133609214	S2
S1-277159753	S2-703267220	S2
S1-277159753	S2-206766125	S2
S1-277159753	S2-867197250	S2
S1-277159753	S2-823100174	S2
S1-277159753	S2-294062437	S2
S1-277159753	S2-860399725	S2
S1-277159753	S2-566627479	S2
S1-277159753	S2-960372483	S2
S1-652651286	S2-111192912	S2
S1-652651286	S2-248267062	S2
S1-652651286	S2-764236252	S2
S1-652651286	S2-844267085	S2
S1-652651286	S2-372789171	S2
S1-652651286	S2-730588551	S2
S1-652651286	S2-124970234	S2
S1-652651286	S2-200200363	S2
S1-652651286	S2-509764556	S2
S1-652651286	S2-995746647	S2
S1-652651286	S2-3987022	S2
S1-652651286	S2-712777388	S2
S1-652651286	S2-85446560	S2
S1-652651286	S2-584188304	S2
S1-652651286	S2-815524559	S2
S1-931180841	S2-623626120	S2
S1-931180841	S2-793479348	S2
S1-931180841	S2-34732391	S2
S1-931180841	S2-43091282	S2
S1-931180841	S2-299591716	S2
S1-931180841	S2-534898658	S2
S1-931180841	S2-580529895	S2
S1-931180841	S2-265287731	S2
S1-931180841	S2-12434856	S2
S1-931180841	S2-27257748	S2
S1-931180841	S2-152030787	S2
S1-931180841	S2-801612886	S2
S1-931180841	S2-811863966	S2
S1-931180841	S2-321975134	S2
S1-931180841	S2-141789543	S2
S1-943874235	S2-459018782	S2
S1-943874235	S2-213099480	S2
S1-943874235	S2-963646032	S2
S1-943874235	S2-537858187	S2
S1-943874235	S2-859393404	S2
S1-943874235	S2-568951817	S2
S1-943874235	S2-838493982	S2
S1-943874235	S2-326946504	S2
S1-943874235	S2-630688873	S2
S1-943874235	S2-472694676	S2
S1-943874235	S2-335038001	S2
S1-943874235	S2-199635728	S2
S1-943874235	S2-210601194	S2
S1-943874235	S2-747478411	S2
S1-943874235	S2-43498869	S2
S1-909532705	S2-685027145	S2
S1-909532705	S2-295065312	S2
S1-909532705	S2-202135780	S2
S1-909532705	S2-170803924	S2
S1-909532705	S2-977215798	S2
S1-909532705	S2-992974200	S2
S1-909532705	S2-779405377	S2
S1-909532705	S2-912812990	S2
S1-909532705	S2-322211984	S2
S1-909532705	S2-448548244	S2
S1-909532705	S2-580420578	S2
S1-909532705	S2-446844245	S2
S1-909532705	S2-61330089	S2
S1-909532705	S2-564916390	S2
S1-909532705	S2-232105388	S2
S1-716346194	S2-741639927	S2
S1-716346194	S2-256286125	S2
S1-716346194	S2-554364982	S2
S1-716346194	S2-916859477	S2
S1-716346194	S2-623758944	S2
S1-716346194	S2-811863966	S2
S1-716346194	S2-833900025	S2
S1-716346194	S2-40746806	S2
S1-716346194	S2-223493773	S2
S1-716346194	S2-672321572	S2
S1-716346194	S2-411547279	S2
S1-716346194	S2-366350374	S2
S1-716346194	S2-662221399	S2
S1-716346194	S2-721241427	S2
S1-716346194	S2-150634918	S2
S1-920710760	S2-89587960	S2
S1-920710760	S2-191045664	S2
S1-920710760	S2-178777487	S2
S1-920710760	S2-421540927	S2
S1-920710760	S2-14506136	S2
S1-920710760	S2-118275942	S2
S1-920710760	S2-609888752	S2
S1-920710760	S2-426660752	S2
S1-920710760	S2-305071473	S2
S1-920710760	S2-626546137	S2
S1-920710760	S2-912228916	S2
S1-920710760	S2-925486917	S2
S1-920710760	S2-60332086	S2
S1-920710760	S2-378780545	S2
S1-920710760	S2-637500424	S2
S1-735283511	S2-18442426	S2
S1-735283511	S2-566293411	S2
S1-735283511	S2-859321758	S2
S1-735283511	S2-432279643	S2
S1-735283511	S2-20143885	S2
S1-735283511	S2-975023541	S2
S1-735283511	S2-79488526	S2
S1-735283511	S2-794352292	S2
S1-735283511	S2-502689864	S2
S1-735283511	S2-500008641	S2
S1-735283511	S2-115895061	S2
S1-735283511	S2-224980295	S2
S1-735283511	S2-371549760	S2
S1-735283511	S2-259929846	S2
S1-735283511	S2-888030033	S2
S1-541962667	S2-87980826	S2
S1-541962667	S2-248392702	S2
S1-541962667	S2-573094730	S2
S1-541962667	S2-890423795	S2
S1-541962667	S2-715418044	S2
S1-541962667	S2-760621281	S2
S1-541962667	S2-65176276	S2
S1-541962667	S2-727570982	S2
S1-541962667	S2-698567775	S2
S1-541962667	S2-994612767	S2
S1-541962667	S2-872566864	S2
S1-541962667	S2-43073112	S2
S1-541962667	S2-53273621	S2
S1-541962667	S2-636634036	S2
S1-541962667	S2-966475004	S2
S1-158306158	S2-426381800	S2
S1-158306158	S2-257098293	S2
S1-158306158	S2-481240106	S2
S1-158306158	S2-717546	S2
S1-158306158	S2-926524693	S2
S1-158306158	S2-230946285	S2
S1-158306158	S2-185654339	S2
S1-158306158	S2-264731923	S2
S1-158306158	S2-114121811	S2
S1-158306158	S2-252321761	S2
S1-158306158	S2-459758045	S2
S1-158306158	S2-319667672	S2
S1-158306158	S2-59076666	S2
S1-158306158	S2-358578952	S2
S1-158306158	S2-860534246	S2
S1-330916229	S2-403869292	S2
S1-330916229	S2-846535978	S2
S1-330916229	S2-729345807	S2
S1-330916229	S2-457321092	S2
S1-330916229	S2-884135049	S2
S1-330916229	S2-284994286	S2
S1-330916229	S2-251858541	S2
S1-330916229	S2-907629951	S2
S1-330916229	S2-430367614	S2
S1-330916229	S2-785378860	S2
S1-330916229	S2-940187710	S2
S1-330916229	S2-895944720	S2
S1-330916229	S2-91704178	S2
S1-330916229	S2-667391262	S2
S1-330916229	S2-178951342	S2
S1-124208550	S2-891746522	S2
S1-124208550	S2-19689896	S2
S1-124208550	S2-579566857	S2
S1-124208550	S2-426259815	S2
S1-124208550	S2-530253274	S2
S1-124208550	S2-841418687	S2
S1-124208550	S2-955718772	S2
S1-124208550	S2-976205330	S2
S1-124208550	S2-195819452	S2
S1-124208550	S2-155721168	S2
S1-124208550	S2-540853782	S2
S1-124208550	S2-459107455	S2
S1-124208550	S2-78644395	S2
S1-124208550	S2-116895038	S2
S1-124208550	S2-918655668	S2
S1-476022166	S2-174396062	S2
S1-476022166	S2-557882604	S2
S1-476022166	S2-665981472	S2
S1-476022166	S2-582679076	S2
S1-476022166	S2-156054800	S2
S1-476022166	S2-518692071	S2
S1-476022166	S2-277557813	S2
S1-476022166	S2-432522197	S2
S1-476022166	S2-534415637	S2
S1-476022166	S2-849580158	S2
S1-476022166	S2-252469399	S2
S1-476022166	S2-209709244	S2
S1-476022166	S2-949133216	S2
S1-476022166	S2-402816908	S2
S1-476022166	S2-175865714	S2
S1-491232871	S2-425201806	S2
S1-491232871	S2-524247699	S2
S1-491232871	S2-467121958	S2
S1-491232871	S2-314926539	S2
S1-491232871	S2-512060211	S2
S1-491232871	S2-775233420	S2
S1-491232871	S2-591448531	S2
S1-491232871	S2-474056246	S2
S1-491232871	S2-782960923	S2
S1-491232871	S2-149845283	S2
S1-491232871	S2-165228168	S2
S1-491232871	S2-712994058	S2
S1-491232871	S2-944065437	S2
S1-491232871	S2-64137184	S2
S1-491232871	S2-772458801	S2
S1-307045007	S2-169597264	S2
S1-307045007	S2-566627479	S2
S1-307045007	S2-823100174	S2
S1-307045007	S2-646593051	S2
S1-307045007	S2-473425954	S2
S1-307045007	S2-867614780	S2
S1-307045007	S2-67633039	S2
S1-307045007	S2-195972156	S2
S1-307045007	S2-512060211	S2
S1-307045007	S2-895944720	S2
S1-307045007	S2-602695064	S2
S1-307045007	S2-548633980	S2
S1-307045007	S2-7896958	S2
S1-307045007	S2-561796765	S2
S1-307045007	S2-784613702	S2
S1-862715502	S2-331797662	S2
S1-862715502	S2-665463193	S2
S1-862715502	S2-710175093	S2
S1-862715502	S2-788754887	S2
S1-862715502	S2-243782054	S2
S1-862715502	S2-984241859	S2
S1-862715502	S2-835063716	S2
S1-862715502	S2-298914373	S2
S1-862715502	S2-715905554	S2
S1-862715502	S2-585316294	S2
S1-862715502	S2-978606166	S2
S1-862715502	S2-791990398	S2
S1-862715502	S2-281803835	S2
S1-862715502	S2-532389987	S2
S1-862715502	S2-841227826	S2
S1-663284662	S2-313026470	S2
S1-663284662	S2-53619573	S2
S1-663284662	S2-102309877	S2
S1-663284662	S2-497486406	S2
S1-663284662	S2-710175093	S2
S1-663284662	S2-513883989	S2
S1-663284662	S2-889497510	S2
S1-663284662	S2-391048922	S2
S1-663284662	S2-223117200	S2
S1-663284662	S2-965341745	S2
S1-663284662	S2-651190084	S2
S1-663284662	S2-944030245	S2
S1-663284662	S2-213099480	S2
S1-663284662	S2-913033756	S2
S1-663284662	S2-81084363	S2
S1-435735212	S2-722166534	S2
S1-435735212	S2-914961766	S2
S1-435735212	S2-403364722	S2
S1-435735212	S2-875461623	S2
S1-435735212	S2-194885385	S2
S1-435735212	S2-803294359	S2
S1-435735212	S2-667391262	S2
S1-435735212	S2-148968056	S2
S1-435735212	S2-659496238	S2
S1-435735212	S2-87980826	S2
S1-435735212	S2-438260084	S2
S1-435735212	S2-734632823	S2
S1-435735212	S2-67703868	S2
S1-435735212	S2-354912564	S2
S1-435735212	S2-256172355	S2
S1-368357600	S2-964240180	S2
S1-368357600	S2-770769195	S2
S1-368357600	S2-663852317	S2
S1-368357600	S2-142962200	S2
S1-368357600	S2-513550621	S2
S1-368357600	S2-772922754	S2
S1-368357600	S2-916238268	S2
S1-368357600	S2-862759276	S2
S1-368357600	S2-426839110	S2
S1-368357600	S2-583111097	S2
S1-368357600	S2-646080124	S2
S1-368357600	S2-877823257	S2
S1-368357600	S2-197625218	S2
S1-368357600	S2-119087459	S2
S1-368357600	S2-662032378	S2
S1-51590630	S2-838493982	S2
S1-51590630	S2-582458634	S2
S1-51590630	S2-840112181	S2
S1-51590630	S2-326946504	S2
S1-51590630	S2-779197401	S2
S1-51590630	S2-859393404	S2
S1-51590630	S2-363634967	S2
S1-51590630	S2-267714454	S2
S1-51590630	S2-335038001	S2
S1-51590630	S2-210601194	S2
S1-51590630	S2-630688873	S2
S1-51590630	S2-459018782	S2
S1-51590630	S2-570512018	S2
S1-51590630	S2-59175936	S2
S1-51590630	S2-294835210	S2
S1-51122580	S2-534318812	S2
S1-51122580	S2-712777388	S2
S1-51122580	S2-752654978	S2
S1-51122580	S2-810915319	S2
S1-51122580	S2-833227760	S2
S1-51122580	S2-395800668	S2
S1-51122580	S2-673822670	S2
S1-51122580	S2-147317655	S2
S1-51122580	S2-3914789	S2
S1-51122580	S2-255178941	S2
S1-51122580	S2-17360295	S2
S1-51122580	S2-875461623	S2
S1-51122580	S2-609292694	S2
S1-51122580	S2-826516454	S2
S1-51122580	S2-703946335	S2
S1-730279779	S2-17360295	S2
S1-730279779	S2-426259815	S2
S1-730279779	S2-634994990	S2
S1-730279779	S2-284585076	S2
S1-730279779	S2-402444489	S2
S1-730279779	S2-212582677	S2
S1-730279779	S2-567514562	S2
S1-730279779	S2-535988246	S2
S1-730279779	S2-155086154	S2
S1-730279779	S2-114121811	S2
S1-730279779	S2-658994017	S2
S1-730279779	S2-782160235	S2
S1-730279779	S2-25787219	S2
S1-730279779	S2-356220463	S2
S1-730279779	S2-591448531	S2
S1-357200984	S2-761644899	S2
S1-357200984	S2-54240060	S2
S1-357200984	S2-382657775	S2
S1-357200984	S2-124970234	S2
S1-357200984	S2-602353889	S2
S1-357200984	S2-822482083	S2
S1-357200984	S2-407017000	S2
S1-357200984	S2-102699008	S2
S1-357200984	S2-401408311	S2
S1-357200984	S2-548542163	S2
S1-357200984	S2-681634213	S2
S1-357200984	S2-522109781	S2
S1-357200984	S2-483453128	S2
S1-357200984	S2-657612909	S2
S1-357200984	S2-856654739	S2
S1-533049965	S2-321398182	S2
S1-533049965	S2-982950235	S2
S1-533049965	S2-757169960	S2
S1-533049965	S2-260686291	S2
S1-533049965	S2-883117276	S2
S1-533049965	S2-560300733	S2
S1-533049965	S2-949636022	S2
S1-533049965	S2-642367103	S2
S1-533049965	S2-775099408	S2
S1-533049965	S2-569534268	S2
S1-533049965	S2-35320888	S2
S1-533049965	S2-102704852	S2
S1-533049965	S2-794530374	S2
S1-533049965	S2-324372014	S2
S1-533049965	S2-651292790	S2
S1-178488255	S2-487988118	S2
S1-178488255	S2-585698283	S2
S1-178488255	S2-822798491	S2
S1-178488255	S2-880764652	S2
S1-178488255	S2-862482272	S2
S1-178488255	S2-102286733	S2
S1-178488255	S2-156460390	S2
S1-178488255	S2-184993338	S2
S1-178488255	S2-508602797	S2
S1-178488255	S2-198938800	S2
S1-178488255	S2-814881099	S2
S1-178488255	S2-312533710	S2
S1-178488255	S2-937234624	S2
S1-178488255	S2-544365657	S2
S1-178488255	S2-760621281	S2
S1-223283080	S2-844267085	S2
S1-223283080	S2-449617627	S2
S1-223283080	S2-88437832	S2
S1-223283080	S2-393523489	S2
S1-223283080	S2-868087865	S2
S1-223283080	S2-720782740	S2
S1-223283080	S2-485419143	S2
S1-223283080	S2-472555582	S2
S1-223283080	S2-509362529	S2
S1-223283080	S2-651190084	S2
S1-223283080	S2-546426576	S2
S1-223283080	S2-342386355	S2
S1-223283080	S2-176139646	S2
S1-223283080	S2-895116270	S2
S1-223283080	S2-472320169	S2
S1-684205378	S2-619859806	S2
S1-684205378	S2-814052487	S2
S1-684205378	S2-662221399	S2
S1-684205378	S2-362776689	S2
S1-684205378	S2-673704658	S2
S1-684205378	S2-564433190	S2
S1-684205378	S2-181566415	S2
S1-684205378	S2-763656124	S2
S1-684205378	S2-145204119	S2
S1-684205378	S2-648420391	S2
S1-684205378	S2-646593051	S2
S1-684205378	S2-672381387	S2
S1-684205378	S2-585698283	S2
S1-684205378	S2-754789254	S2
S1-684205378	S2-294062437	S2
S1-325106163	S2-265287731	S2
S1-325106163	S2-214447140	S2
S1-325106163	S2-748545907	S2
S1-325106163	S2-110084330	S2
S1-325106163	S2-399052000	S2
S1-325106163	S2-808487588	S2
S1-325106163	S2-329607640	S2
S1-325106163	S2-946589159	S2
S1-325106163	S2-134697040	S2
S1-325106163	S2-635002967	S2
S1-325106163	S2-679190243	S2
S1-325106163	S2-85446560	S2
S1-325106163	S2-800694119	S2
S1-325106163	S2-507569300	S2
S1-325106163	S2-371549760	S2
S1-973414824	S2-940596292	S2
S1-973414824	S2-984417999	S2
S1-973414824	S2-748545907	S2
S1-973414824	S2-621239482	S2
S1-973414824	S2-204591452	S2
S1-973414824	S2-475793028	S2
S1-973414824	S2-384330461	S2
S1-973414824	S2-319012131	S2
S1-973414824	S2-564915463	S2
S1-973414824	S2-265287731	S2
S1-973414824	S2-266713379	S2
S1-973414824	S2-110084330	S2
S1-973414824	S2-808487588	S2
S1-973414824	S2-72176804	S2
S1-973414824	S2-440948241	S2
S1-149302771	S2-879030047	S2
S1-149302771	S2-998885968	S2
S1-149302771	S2-822714622	S2
S1-149302771	S2-193995593	S2
S1-149302771	S2-823434500	S2
S1-149302771	S2-474535244	S2
S1-149302771	S2-292552164	S2
S1-149302771	S2-482144229	S2
S1-149302771	S2-131872909	S2
S1-149302771	S2-752081733	S2
S1-149302771	S2-989158977	S2
S1-149302771	S2-878448261	S2
S1-149302771	S2-850741800	S2
S1-149302771	S2-623758944	S2
S1-149302771	S2-916859477	S2
S1-950101048	S2-665463193	S2
S1-950101048	S2-816989315	S2
S1-950101048	S2-17360295	S2
S1-950101048	S2-199235212	S2
S1-950101048	S2-44909703	S2
S1-950101048	S2-566293411	S2
S1-950101048	S2-18442426	S2
S1-950101048	S2-432279643	S2
S1-950101048	S2-699970234	S2
S1-950101048	S2-20143885	S2
S1-950101048	S2-502689864	S2
S1-950101048	S2-79488526	S2
S1-950101048	S2-794352292	S2
S1-950101048	S2-888030033	S2
S1-950101048	S2-224980295	S2
S1-809295456	S2-436621421	S2
S1-809295456	S2-414624479	S2
S1-809295456	S2-726045392	S2
S1-809295456	S2-260445047	S2
S1-809295456	S2-335124172	S2
S1-809295456	S2-776942202	S2
S1-809295456	S2-631410361	S2
S1-809295456	S2-126896976	S2
S1-809295456	S2-628535121	S2
S1-809295456	S2-656892137	S2
S1-809295456	S2-895798537	S2
S1-809295456	S2-889472913	S2
S1-809295456	S2-501890286	S2
S1-809295456	S2-242582700	S2
S1-809295456	S2-620110385	S2
S1-23124190	S2-582932642	S2
S1-23124190	S2-230281581	S2
S1-23124190	S2-796679719	S2
S1-23124190	S2-150634918	S2
S1-23124190	S2-218771556	S2
S1-23124190	S2-919385476	S2
S1-23124190	S2-298589362	S2
S1-23124190	S2-790947608	S2
S1-23124190	S2-638319392	S2
S1-23124190	S2-558443244	S2
S1-23124190	S2-548633980	S2
S1-23124190	S2-774048672	S2
S1-23124190	S2-111294604	S2
S1-23124190	S2-64494419	S2
S1-23124190	S2-402816014	S2
S1-234439628	S2-181962832	S2
S1-234439628	S2-294062437	S2
S1-234439628	S2-772269040	S2
S1-234439628	S2-247759089	S2
S1-234439628	S2-539531490	S2
S1-234439628	S2-537858187	S2
S1-234439628	S2-945842043	S2
S1-234439628	S2-305071473	S2
S1-234439628	S2-284585076	S2
S1-234439628	S2-570512018	S2
S1-234439628	S2-513550621	S2
S1-234439628	S2-841917974	S2
S1-234439628	S2-38917398	S2
S1-234439628	S2-603052709	S2
S1-234439628	S2-208005980	S2
S1-524765559	S2-212279628	S2
S1-524765559	S2-136305349	S2
S1-524765559	S2-8982199	S2
S1-524765559	S2-907018183	S2
S1-524765559	S2-147418558	S2
S1-524765559	S2-748325649	S2
S1-524765559	S2-241868453	S2
S1-524765559	S2-199635728	S2
S1-524765559	S2-775099408	S2
S1-524765559	S2-324372014	S2
S1-524765559	S2-3914789	S2
S1-524765559	S2-699970234	S2
S1-524765559	S2-772323364	S2
S1-524765559	S2-816989315	S2
S1-524765559	S2-164651728	S2
S1-796310218	S2-17933853	S2
S1-796310218	S2-481306942	S2
S1-796310218	S2-193955920	S2
S1-796310218	S2-776942202	S2
S1-796310218	S2-237942217	S2
S1-796310218	S2-507619867	S2
S1-796310218	S2-970843942	S2
S1-796310218	S2-54240060	S2
S1-796310218	S2-241868453	S2
S1-796310218	S2-177471665	S2
S1-796310218	S2-619282421	S2
S1-796310218	S2-33228405	S2
S1-796310218	S2-670948516	S2
S1-796310218	S2-825374035	S2
S1-796310218	S2-348093874	S2
S1-719801396	S2-727114108	S2
S1-719801396	S2-960258435	S2
S1-719801396	S2-745680704	S2
S1-719801396	S2-722876090	S2
S1-719801396	S2-570512018	S2
S1-719801396	S2-343356244	S2
S1-719801396	S2-768946792	S2
S1-719801396	S2-752508714	S2
S1-719801396	S2-24680486	S2
S1-719801396	S2-643741452	S2
S1-719801396	S2-915284751	S2
S1-719801396	S2-711632305	S2
S1-719801396	S2-132808942	S2
S1-719801396	S2-620482053	S2
S1-719801396	S2-487988118	S2
S1-201376315	S2-653459371	S2
S1-201376315	S2-318546967	S2
S1-201376315	S2-541570442	S2
S1-201376315	S2-381747268	S2
S1-201376315	S2-47749434	S2
S1-201376315	S2-745995930	S2
S1-201376315	S2-230946285	S2
S1-201376315	S2-266007614	S2
S1-201376315	S2-557882604	S2
S1-201376315	S2-665981472	S2
S1-201376315	S2-402816908	S2
S1-201376315	S2-209709244	S2
S1-201376315	S2-949133216	S2
S1-201376315	S2-604963200	S2
S1-201376315	S2-319771268	S2
S1-289717548	S2-824783934	S2
S1-289717548	S2-423447509	S2
S1-289717548	S2-822123183	S2
S1-289717548	S2-847685918	S2
S1-289717548	S2-377895888	S2
S1-289717548	S2-705088632	S2
S1-289717548	S2-948826263	S2
S1-289717548	S2-82369450	S2
S1-289717548	S2-611936552	S2
S1-289717548	S2-74154365	S2
S1-289717548	S2-495084719	S2
S1-289717548	S2-293477711	S2
S1-289717548	S2-735647694	S2
S1-289717548	S2-15025788	S2
S1-289717548	S2-842446266	S2
S1-739118392	S2-809086049	S2
S1-739118392	S2-914673196	S2
S1-739118392	S2-8982199	S2
S1-739118392	S2-666781884	S2
S1-739118392	S2-467121958	S2
S1-739118392	S2-726621584	S2
S1-739118392	S2-50586341	S2
S1-739118392	S2-411547279	S2
S1-739118392	S2-602297798	S2
S1-739118392	S2-281309190	S2
S1-739118392	S2-984241859	S2
S1-739118392	S2-861414287	S2
S1-739118392	S2-678788003	S2
S1-739118392	S2-18394219	S2
S1-739118392	S2-915769300	S2
S1-996684915	S2-370549501	S2
S1-996684915	S2-785139940	S2
S1-996684915	S2-669804692	S2
S1-996684915	S2-149854075	S2
S1-996684915	S2-833201275	S2
S1-996684915	S2-306233830	S2
S1-996684915	S2-672321572	S2
S1-996684915	S2-7521413	S2
S1-996684915	S2-293675262	S2
S1-996684915	S2-427374357	S2
S1-996684915	S2-17933853	S2
S1-996684915	S2-494828371	S2
S1-996684915	S2-515581965	S2
S1-996684915	S2-196587307	S2
S1-996684915	S2-921594231	S2
S1-898355913	S2-237942217	S2
S1-898355913	S2-13281882	S2
S1-898355913	S2-97937368	S2
S1-898355913	S2-76206961	S2
S1-898355913	S2-572367141	S2
S1-898355913	S2-474934237	S2
S1-898355913	S2-866481396	S2
S1-898355913	S2-457321092	S2
S1-898355913	S2-105463326	S2
S1-898355913	S2-420141877	S2
S1-898355913	S2-229886583	S2
S1-898355913	S2-680125018	S2
S1-898355913	S2-872022787	S2
S1-898355913	S2-72311199	S2
S1-898355913	S2-953098128	S2
S1-563382731	S2-818555762	S2
S1-563382731	S2-150097313	S2
S1-563382731	S2-162849450	S2
S1-563382731	S2-332014708	S2
S1-563382731	S2-317615334	S2
S1-563382731	S2-384137942	S2
S1-563382731	S2-867710047	S2
S1-563382731	S2-912435652	S2
S1-563382731	S2-290899179	S2
S1-563382731	S2-68547182	S2
S1-563382731	S2-426839110	S2
S1-563382731	S2-924929045	S2
S1-563382731	S2-558588522	S2
S1-563382731	S2-642445801	S2
S1-563382731	S2-453758271	S2
S1-264272517	S2-670948516	S2
S1-264272517	S2-192774038	S2
S1-264272517	S2-559968500	S2
S1-264272517	S2-468700275	S2
S1-264272517	S2-392990451	S2
S1-264272517	S2-727570982	S2
S1-264272517	S2-564433190	S2
S1-264272517	S2-318217219	S2
S1-264272517	S2-145204119	S2
S1-264272517	S2-646593051	S2
S1-264272517	S2-585698283	S2
S1-264272517	S2-754789254	S2
S1-264272517	S2-662221399	S2
S1-264272517	S2-763656124	S2
S1-264272517	S2-294062437	S2
S1-47921351	S2-832324901	S2
S1-47921351	S2-243782054	S2
S1-47921351	S2-378780545	S2
S1-47921351	S2-465052945	S2
S1-47921351	S2-601262506	S2
S1-47921351	S2-507152762	S2
S1-47921351	S2-846262463	S2
S1-47921351	S2-620156938	S2
S1-47921351	S2-791444540	S2
S1-47921351	S2-837096453	S2
S1-47921351	S2-473353207	S2
S1-47921351	S2-759542904	S2
S1-47921351	S2-274227325	S2
S1-47921351	S2-141023155	S2
S1-47921351	S2-458658981	S2
S1-961941107	S2-873660516	S2
S1-961941107	S2-994301220	S2
S1-961941107	S2-628335210	S2
S1-961941107	S2-31854557	S2
S1-961941107	S2-484559177	S2
S1-961941107	S2-207084937	S2
S1-961941107	S2-528483872	S2
S1-961941107	S2-862571135	S2
S1-961941107	S2-274109622	S2
S1-961941107	S2-885496247	S2
S1-961941107	S2-182529912	S2
S1-961941107	S2-479081815	S2
S1-961941107	S2-315872469	S2
S1-961941107	S2-665652910	S2
S1-961941107	S2-159175610	S2
S1-423126373	S2-353393611	S2
S1-423126373	S2-709626608	S2
S1-423126373	S2-829251462	S2
S1-423126373	S2-110236539	S2
S1-423126373	S2-305873353	S2
S1-423126373	S2-287300820	S2
S1-423126373	S2-530330935	S2
S1-423126373	S2-466263961	S2
S1-423126373	S2-260388248	S2
S1-423126373	S2-100598528	S2
S1-423126373	S2-475419520	S2
S1-423126373	S2-155681006	S2
S1-423126373	S2-349287094	S2
S1-423126373	S2-354227046	S2
S1-423126373	S2-704269513	S2
S1-316932948	S2-598068208	S2
S1-316932948	S2-64301738	S2
S1-316932948	S2-960258435	S2
S1-316932948	S2-998440718	S2
S1-316932948	S2-747478411	S2
S1-316932948	S2-775394710	S2
S1-316932948	S2-518721601	S2
S1-316932948	S2-85642806	S2
S1-316932948	S2-469073813	S2
S1-316932948	S2-831239310	S2
S1-316932948	S2-202394836	S2
S1-316932948	S2-308041768	S2
S1-316932948	S2-905737147	S2
S1-316932948	S2-253412037	S2
S1-316932948	S2-245909245	S2
S1-216179293	S2-551353044	S2
S1-216179293	S2-813957984	S2
S1-216179293	S2-369527493	S2
S1-216179293	S2-975334742	S2
S1-216179293	S2-108304064	S2
S1-216179293	S2-143614907	S2
S1-216179293	S2-360210911	S2
S1-216179293	S2-738509117	S2
S1-216179293	S2-109034922	S2
S1-216179293	S2-220948169	S2
S1-216179293	S2-820079347	S2
S1-216179293	S2-694627142	S2
S1-216179293	S2-583111097	S2
S1-216179293	S2-533183444	S2
S1-216179293	S2-836566896	S2
S1-160840431	S2-872022787	S2
S1-160840431	S2-927235908	S2
S1-160840431	S2-4675625	S2
S1-160840431	S2-31971701	S2
S1-160840431	S2-501229096	S2
S1-160840431	S2-48866343	S2
S1-160840431	S2-281482759	S2
S1-160840431	S2-557541533	S2
S1-160840431	S2-758502039	S2
S1-160840431	S2-614713174	S2
S1-160840431	S2-290615647	S2
S1-160840431	S2-737755324	S2
S1-160840431	S2-227612893	S2
S1-160840431	S2-192974905	S2
S1-160840431	S2-286362115	S2
S1-820630138	S2-752508714	S2
S1-820630138	S2-113550967	S2
S1-820630138	S2-810670202	S2
S1-820630138	S2-444467356	S2
S1-820630138	S2-8864337	S2
S1-820630138	S2-179461226	S2
S1-820630138	S2-795141272	S2
S1-820630138	S2-419509015	S2
S1-820630138	S2-626832027	S2
S1-820630138	S2-34732391	S2
S1-820630138	S2-43091282	S2
S1-820630138	S2-207084937	S2
S1-820630138	S2-291892949	S2
S1-820630138	S2-811863966	S2
S1-820630138	S2-755481720	S2
S1-878632015	S2-935425652	S2
S1-878632015	S2-847408459	S2
S1-878632015	S2-749984637	S2
S1-878632015	S2-831064278	S2
S1-878632015	S2-877118600	S2
S1-878632015	S2-35021649	S2
S1-878632015	S2-676624824	S2
S1-878632015	S2-126222886	S2
S1-878632015	S2-907097480	S2
S1-878632015	S2-634015823	S2
S1-878632015	S2-223493773	S2
S1-878632015	S2-415733261	S2
S1-878632015	S2-507619867	S2
S1-878632015	S2-268447092	S2
S1-878632015	S2-23933178	S2
S1-795631320	S2-825374035	S2
S1-795631320	S2-492444908	S2
S1-795631320	S2-349666272	S2
S1-795631320	S2-814955870	S2
S1-795631320	S2-749852939	S2
S1-795631320	S2-348093874	S2
S1-795631320	S2-344621502	S2
S1-795631320	S2-177918546	S2
S1-795631320	S2-556747559	S2
S1-795631320	S2-528320338	S2
S1-795631320	S2-231688856	S2
S1-795631320	S2-225823147	S2
S1-795631320	S2-699404448	S2
S1-795631320	S2-929722075	S2
S1-795631320	S2-670948516	S2
S1-381177686	S2-26395860	S2
S1-381177686	S2-889472913	S2
S1-381177686	S2-55073412	S2
S1-381177686	S2-583271471	S2
S1-381177686	S2-221008320	S2
S1-381177686	S2-574940993	S2
S1-381177686	S2-525213039	S2
S1-381177686	S2-706615728	S2
S1-381177686	S2-565543920	S2
S1-381177686	S2-835063716	S2
S1-381177686	S2-197696225	S2
S1-381177686	S2-275401270	S2
S1-381177686	S2-598858367	S2
S1-381177686	S2-897475107	S2
S1-381177686	S2-150882117	S2
S1-354038358	S2-828544692	S2
S1-354038358	S2-591398537	S2
S1-354038358	S2-592507930	S2
S1-354038358	S2-478830670	S2
S1-354038358	S2-100798928	S2
S1-354038358	S2-144609625	S2
S1-354038358	S2-357197766	S2
S1-354038358	S2-287588845	S2
S1-354038358	S2-222540081	S2
S1-354038358	S2-187499079	S2
S1-354038358	S2-661036235	S2
S1-354038358	S2-846975420	S2
S1-354038358	S2-848878443	S2
S1-354038358	S2-796310966	S2
S1-354038358	S2-33105288	S2
S1-337240153	S2-957978733	S2
S1-337240153	S2-696538156	S2
S1-337240153	S2-258046397	S2
S1-337240153	S2-888873504	S2
S1-337240153	S2-142962200	S2
S1-337240153	S2-975023541	S2
S1-337240153	S2-399971243	S2
S1-337240153	S2-835613264	S2
S1-337240153	S2-980846147	S2
S1-337240153	S2-758502039	S2
S1-337240153	S2-282629268	S2
S1-337240153	S2-163212711	S2
S1-337240153	S2-420385975	S2
S1-337240153	S2-231042988	S2
S1-337240153	S2-237726767	S2
S1-975769032	S2-460653265	S2
S1-975769032	S2-808728262	S2
S1-975769032	S2-305873353	S2
S1-975769032	S2-137658355	S2
S1-975769032	S2-136113375	S2
S1-975769032	S2-159472146	S2
S1-975769032	S2-290146361	S2
S1-975769032	S2-845362212	S2
S1-975769032	S2-693383953	S2
S1-975769032	S2-895531443	S2
S1-975769032	S2-211389639	S2
S1-975769032	S2-358578952	S2
S1-975769032	S2-992673515	S2
S1-975769032	S2-598788762	S2
S1-975769032	S2-345917206	S2
S1-891539767	S2-729345807	S2
S1-891539767	S2-91908767	S2
S1-891539767	S2-214447140	S2
S1-891539767	S2-591398537	S2
S1-891539767	S2-105671746	S2
S1-891539767	S2-399052000	S2
S1-891539767	S2-946589159	S2
S1-891539767	S2-329607640	S2
S1-891539767	S2-134697040	S2
S1-891539767	S2-635002967	S2
S1-891539767	S2-679190243	S2
S1-891539767	S2-85446560	S2
S1-891539767	S2-800694119	S2
S1-891539767	S2-507569300	S2
S1-891539767	S2-371549760	S2
S1-212949733	S2-762096507	S2
S1-212949733	S2-929614987	S2
S1-212949733	S2-539943184	S2
S1-212949733	S2-293675262	S2
S1-212949733	S2-660467546	S2
S1-212949733	S2-314926539	S2
S1-212949733	S2-981550471	S2
S1-212949733	S2-693296247	S2
S1-212949733	S2-868574975	S2
S1-212949733	S2-291868119	S2
S1-212949733	S2-566309986	S2
S1-212949733	S2-494828371	S2
S1-212949733	S2-791990398	S2
S1-212949733	S2-196587307	S2
S1-212949733	S2-370549501	S2
S1-384388496	S2-52846978	S2
S1-384388496	S2-794352292	S2
S1-384388496	S2-394565864	S2
S1-384388496	S2-409726115	S2
S1-384388496	S2-828872229	S2
S1-384388496	S2-844267085	S2
S1-384388496	S2-807474854	S2
S1-384388496	S2-349666272	S2
S1-384388496	S2-485419143	S2
S1-384388496	S2-167426364	S2
S1-384388496	S2-449617627	S2
S1-384388496	S2-651190084	S2
S1-384388496	S2-176139646	S2
S1-384388496	S2-895116270	S2
S1-384388496	S2-472320169	S2
S1-212460801	S2-402444489	S2
S1-212460801	S2-191186951	S2
S1-212460801	S2-33383115	S2
S1-212460801	S2-16075678	S2
S1-212460801	S2-524004407	S2
S1-212460801	S2-369713330	S2
S1-212460801	S2-450445631	S2
S1-212460801	S2-146656765	S2
S1-212460801	S2-512060211	S2
S1-212460801	S2-140180889	S2
S1-212460801	S2-403869292	S2
S1-212460801	S2-846535978	S2
S1-212460801	S2-884135049	S2
S1-212460801	S2-457321092	S2
S1-212460801	S2-251858541	S2
S1-722578559	S2-684055122	S2
S1-722578559	S2-598884836	S2
S1-722578559	S2-776794265	S2
S1-722578559	S2-990567637	S2
S1-722578559	S2-315872469	S2
S1-722578559	S2-311071517	S2
S1-722578559	S2-682660453	S2
S1-722578559	S2-692060905	S2
S1-722578559	S2-855836919	S2
S1-722578559	S2-89587960	S2
S1-722578559	S2-376819411	S2
S1-722578559	S2-253120022	S2
S1-722578559	S2-108090038	S2
S1-722578559	S2-830803484	S2
S1-722578559	S2-569515778	S2
S1-422936323	S2-802075529	S2
S1-422936323	S2-598068208	S2
S1-422936323	S2-960258435	S2
S1-422936323	S2-64301738	S2
S1-422936323	S2-747478411	S2
S1-422936323	S2-775394710	S2
S1-422936323	S2-518721601	S2
S1-422936323	S2-469073813	S2
S1-422936323	S2-85642806	S2
S1-422936323	S2-831239310	S2
S1-422936323	S2-308041768	S2
S1-422936323	S2-905737147	S2
S1-422936323	S2-202394836	S2
S1-422936323	S2-253412037	S2
S1-422936323	S2-245909245	S2
S1-645147697	S2-518525663	S2
S1-645147697	S2-63261077	S2
S1-645147697	S2-8982199	S2
S1-645147697	S2-713920891	S2
S1-645147697	S2-111237832	S2
S1-645147697	S2-882459657	S2
S1-645147697	S2-698383825	S2
S1-645147697	S2-788168060	S2
S1-645147697	S2-956608424	S2
S1-645147697	S2-278045217	S2
S1-645147697	S2-143232725	S2
S1-645147697	S2-354091917	S2
S1-645147697	S2-569515778	S2
S1-645147697	S2-839751839	S2
S1-645147697	S2-582984116	S2
S1-25965321	S2-877085471	S2
S1-25965321	S2-988241366	S2
S1-25965321	S2-2048071	S2
S1-25965321	S2-327707439	S2
S1-25965321	S2-722166534	S2
S1-25965321	S2-996064384	S2
S1-25965321	S2-218208532	S2
S1-25965321	S2-586389069	S2
S1-25965321	S2-258904656	S2
S1-25965321	S2-747145329	S2
S1-25965321	S2-74877522	S2
S1-25965321	S2-831117180	S2
S1-25965321	S2-399112375	S2
S1-25965321	S2-401293041	S2
S1-25965321	S2-137954799	S2
S1-658336143	S2-265891218	S2
S1-658336143	S2-739603930	S2
S1-658336143	S2-514200750	S2
S1-658336143	S2-340786070	S2
S1-658336143	S2-349365849	S2
S1-658336143	S2-448967653	S2
S1-658336143	S2-459633919	S2
S1-658336143	S2-311402763	S2
S1-658336143	S2-769858942	S2
S1-658336143	S2-921362349	S2
S1-658336143	S2-539943184	S2
S1-658336143	S2-516946324	S2
S1-658336143	S2-505041950	S2
S1-658336143	S2-380743763	S2
S1-658336143	S2-68402423	S2
S1-251311978	S2-801254519	S2
S1-251311978	S2-303327441	S2
S1-251311978	S2-195768351	S2
S1-251311978	S2-491950020	S2
S1-251311978	S2-487136175	S2
S1-251311978	S2-500096956	S2
S1-251311978	S2-89906125	S2
S1-251311978	S2-65301879	S2
S1-251311978	S2-309042378	S2
S1-251311978	S2-801352391	S2
S1-251311978	S2-753390653	S2
S1-251311978	S2-708389947	S2
S1-251311978	S2-879330978	S2
S1-251311978	S2-890463640	S2
S1-251311978	S2-125297289	S2
S1-589634567	S2-998885968	S2
S1-589634567	S2-731531571	S2
S1-589634567	S2-193955920	S2
S1-589634567	S2-181945985	S2
S1-589634567	S2-568951817	S2
S1-589634567	S2-465837411	S2
S1-589634567	S2-287588845	S2
S1-589634567	S2-476714949	S2
S1-589634567	S2-140550490	S2
S1-589634567	S2-800098684	S2
S1-589634567	S2-199235212	S2
S1-589634567	S2-546920738	S2
S1-589634567	S2-700966121	S2
S1-589634567	S2-832052225	S2
S1-589634567	S2-530400446	S2
S1-942301043	S2-479004587	S2
S1-942301043	S2-799457865	S2
S1-942301043	S2-212279628	S2
S1-942301043	S2-34692136	S2
S1-942301043	S2-489049291	S2
S1-942301043	S2-316755660	S2
S1-942301043	S2-416300306	S2
S1-942301043	S2-842907040	S2
S1-942301043	S2-439070878	S2
S1-942301043	S2-139857118	S2
S1-942301043	S2-539414515	S2
S1-942301043	S2-176116039	S2
S1-942301043	S2-986923268	S2
S1-942301043	S2-904896788	S2
S1-942301043	S2-97857545	S2
S1-392902135	S2-960258435	S2
S1-392902135	S2-829251462	S2
S1-392902135	S2-64301738	S2
S1-392902135	S2-518721601	S2
S1-392902135	S2-598068208	S2
S1-392902135	S2-469073813	S2
S1-392902135	S2-747478411	S2
S1-392902135	S2-775394710	S2
S1-392902135	S2-85642806	S2
S1-392902135	S2-831239310	S2
S1-392902135	S2-202394836	S2
S1-392902135	S2-308041768	S2
S1-392902135	S2-905737147	S2
S1-392902135	S2-253412037	S2
S1-392902135	S2-245909245	S2
S1-745300796	S2-93729553	S2
S1-745300796	S2-927569271	S2
S1-745300796	S2-674667779	S2
S1-745300796	S2-162494835	S2
S1-745300796	S2-567819618	S2
S1-745300796	S2-165768476	S2
S1-745300796	S2-532353401	S2
S1-745300796	S2-193586650	S2
S1-745300796	S2-147418558	S2
S1-745300796	S2-746661573	S2
S1-745300796	S2-967923960	S2
S1-745300796	S2-172207378	S2
S1-745300796	S2-71201246	S2
S1-745300796	S2-865353440	S2
S1-745300796	S2-803294359	S2
S1-869118709	S2-706697011	S2
S1-869118709	S2-118711492	S2
S1-869118709	S2-793153206	S2
S1-869118709	S2-732609411	S2
S1-869118709	S2-403364722	S2
S1-869118709	S2-785643946	S2
S1-869118709	S2-885381494	S2
S1-869118709	S2-326946504	S2
S1-869118709	S2-224980295	S2
S1-869118709	S2-2048071	S2
S1-869118709	S2-797821871	S2
S1-869118709	S2-731682240	S2
S1-869118709	S2-391886434	S2
S1-869118709	S2-814052487	S2
S1-869118709	S2-672381387	S2
S1-219401270	S2-18620770	S2
S1-219401270	S2-518525663	S2
S1-219401270	S2-562303878	S2
S1-219401270	S2-953098128	S2
S1-219401270	S2-133067225	S2
S1-219401270	S2-301404229	S2
S1-219401270	S2-460821959	S2
S1-219401270	S2-811863966	S2
S1-219401270	S2-231042988	S2
S1-219401270	S2-179461226	S2
S1-219401270	S2-852115447	S2
S1-219401270	S2-402816014	S2
S1-219401270	S2-7352143	S2
S1-219401270	S2-434575880	S2
S1-219401270	S2-802873219	S2
S1-471497067	S2-87006376	S2
S1-471497067	S2-256172355	S2
S1-471497067	S2-678818787	S2
S1-471497067	S2-345516678	S2
S1-471497067	S2-213113754	S2
S1-471497067	S2-368206306	S2
S1-471497067	S2-334354664	S2
S1-471497067	S2-168770832	S2
S1-471497067	S2-381676404	S2
S1-471497067	S2-967923960	S2
S1-471497067	S2-63801241	S2
S1-471497067	S2-968735721	S2
S1-471497067	S2-674862293	S2
S1-471497067	S2-332453876	S2
S1-471497067	S2-12796093	S2
S1-895337107	S2-193955920	S2
S1-895337107	S2-803740918	S2
S1-895337107	S2-144757916	S2
S1-895337107	S2-392990451	S2
S1-895337107	S2-443356087	S2
S1-895337107	S2-400230753	S2
S1-895337107	S2-888961567	S2
S1-895337107	S2-564690281	S2
S1-895337107	S2-895116270	S2
S1-895337107	S2-685908264	S2
S1-895337107	S2-593260765	S2
S1-895337107	S2-895860200	S2
S1-895337107	S2-507704636	S2
S1-895337107	S2-472694676	S2
S1-895337107	S2-29238569	S2
S1-735713081	S2-637536373	S2
S1-735713081	S2-221999414	S2
S1-735713081	S2-782032185	S2
S1-735713081	S2-35086639	S2
S1-735713081	S2-716107739	S2
S1-735713081	S2-863755882	S2
S1-735713081	S2-302419463	S2
S1-735713081	S2-80378413	S2
S1-735713081	S2-406854790	S2
S1-735713081	S2-539778054	S2
S1-735713081	S2-704269513	S2
S1-735713081	S2-98740207	S2
S1-735713081	S2-163159297	S2
S1-735713081	S2-236577190	S2
S1-735713081	S2-387917057	S2
S1-30166617	S2-689428234	S2
S1-30166617	S2-369458829	S2
S1-30166617	S2-797821871	S2
S1-30166617	S2-862759276	S2
S1-30166617	S2-642367103	S2
S1-30166617	S2-742941063	S2
S1-30166617	S2-876313973	S2
S1-30166617	S2-431286952	S2
S1-30166617	S2-532776476	S2
S1-30166617	S2-788168060	S2
S1-30166617	S2-882459657	S2
S1-30166617	S2-252010908	S2
S1-30166617	S2-98740207	S2
S1-30166617	S2-236577190	S2
S1-30166617	S2-387917057	S2
S1-351491429	S2-516871248	S2
S1-351491429	S2-591398537	S2
S1-351491429	S2-329607640	S2
S1-351491429	S2-800694119	S2
S1-351491429	S2-105671746	S2
S1-351491429	S2-214447140	S2
S1-351491429	S2-946589159	S2
S1-351491429	S2-802873219	S2
S1-351491429	S2-399052000	S2
S1-351491429	S2-679190243	S2
S1-351491429	S2-85446560	S2
S1-351491429	S2-371549760	S2
S1-351491429	S2-507569300	S2
S1-351491429	S2-134697040	S2
S1-351491429	S2-635002967	S2
S1-749745623	S2-17933853	S2
S1-749745623	S2-891950002	S2
S1-749745623	S2-512950951	S2
S1-749745623	S2-49633502	S2
S1-749745623	S2-23798630	S2
S1-749745623	S2-501229096	S2
S1-749745623	S2-705462394	S2
S1-749745623	S2-470535992	S2
S1-749745623	S2-142962200	S2
S1-749745623	S2-438678740	S2
S1-749745623	S2-905223021	S2
S1-749745623	S2-929782824	S2
S1-749745623	S2-234929684	S2
S1-749745623	S2-907716013	S2
S1-749745623	S2-313502741	S2
S1-64966742	S2-17360295	S2
S1-64966742	S2-231195947	S2
S1-64966742	S2-535988246	S2
S1-64966742	S2-634994990	S2
S1-64966742	S2-916871057	S2
S1-64966742	S2-960771041	S2
S1-64966742	S2-284585076	S2
S1-64966742	S2-229217508	S2
S1-64966742	S2-233965830	S2
S1-64966742	S2-567514562	S2
S1-64966742	S2-155086154	S2
S1-64966742	S2-86720793	S2
S1-64966742	S2-25787219	S2
S1-64966742	S2-785643946	S2
S1-64966742	S2-793779186	S2
S1-279736597	S2-619748319	S2
S1-279736597	S2-749932508	S2
S1-279736597	S2-158828409	S2
S1-279736597	S2-590757045	S2
S1-279736597	S2-274323360	S2
S1-279736597	S2-123459391	S2
S1-279736597	S2-229183845	S2
S1-279736597	S2-291892949	S2
S1-279736597	S2-613431408	S2
S1-279736597	S2-868087865	S2
S1-279736597	S2-821383594	S2
S1-279736597	S2-727477424	S2
S1-279736597	S2-630688873	S2
S1-279736597	S2-622481215	S2
S1-279736597	S2-757487043	S2
S1-344557977	S2-834353592	S2
S1-344557977	S2-222540081	S2
S1-344557977	S2-818687100	S2
S1-344557977	S2-712777388	S2
S1-344557977	S2-673822670	S2
S1-344557977	S2-810915319	S2
S1-344557977	S2-3914789	S2
S1-344557977	S2-395800668	S2
S1-344557977	S2-833227760	S2
S1-344557977	S2-534318812	S2
S1-344557977	S2-875461623	S2
S1-344557977	S2-17360295	S2
S1-344557977	S2-826516454	S2
S1-344557977	S2-670948516	S2
S1-344557977	S2-609292694	S2
S1-104662239	S2-714077903	S2
S1-104662239	S2-233123309	S2
S1-104662239	S2-287588845	S2
S1-104662239	S2-386881464	S2
S1-104662239	S2-460821959	S2
S1-104662239	S2-1986290	S2
S1-104662239	S2-760648353	S2
S1-104662239	S2-623164214	S2
S1-104662239	S2-835256551	S2
S1-104662239	S2-170119635	S2
S1-104662239	S2-524004407	S2
S1-104662239	S2-972466865	S2
S1-104662239	S2-987414512	S2
S1-104662239	S2-838526909	S2
S1-104662239	S2-605734275	S2
S1-307708702	S2-743482966	S2
S1-307708702	S2-908457811	S2
S1-307708702	S2-969055454	S2
S1-307708702	S2-455209026	S2
S1-307708702	S2-889472913	S2
S1-307708702	S2-311402763	S2
S1-307708702	S2-796310966	S2
S1-307708702	S2-99468652	S2
S1-307708702	S2-335124172	S2
S1-307708702	S2-933093889	S2
S1-307708702	S2-726045392	S2
S1-307708702	S2-662032378	S2
S1-307708702	S2-895798537	S2
S1-307708702	S2-620110385	S2
S1-307708702	S2-242582700	S2
S1-482286138	S2-474535244	S2
S1-482286138	S2-193995593	S2
S1-482286138	S2-823434500	S2
S1-482286138	S2-662221399	S2
S1-482286138	S2-878448261	S2
S1-482286138	S2-482144229	S2
S1-482286138	S2-436041396	S2
S1-482286138	S2-131872909	S2
S1-482286138	S2-752081733	S2
S1-482286138	S2-998885968	S2
S1-482286138	S2-989158977	S2
S1-482286138	S2-292552164	S2
S1-482286138	S2-850741800	S2
S1-482286138	S2-623758944	S2
S1-482286138	S2-916859477	S2
S1-122637196	S2-803343298	S2
S1-122637196	S2-23854429	S2
S1-122637196	S2-619748319	S2
S1-122637196	S2-496765251	S2
S1-122637196	S2-879041312	S2
S1-122637196	S2-120391369	S2
S1-122637196	S2-859321758	S2
S1-122637196	S2-274323360	S2
S1-122637196	S2-158828409	S2
S1-122637196	S2-678818787	S2
S1-122637196	S2-590757045	S2
S1-122637196	S2-196088758	S2
S1-122637196	S2-123459391	S2
S1-122637196	S2-727477424	S2
S1-122637196	S2-757487043	S2
S1-821523654	S2-658688492	S2
S1-821523654	S2-729058852	S2
S1-821523654	S2-222674377	S2
S1-821523654	S2-302419463	S2
S1-821523654	S2-332453876	S2
S1-821523654	S2-844363575	S2
S1-821523654	S2-841193719	S2
S1-821523654	S2-909528445	S2
S1-821523654	S2-464291399	S2
S1-821523654	S2-589492301	S2
S1-821523654	S2-103194364	S2
S1-821523654	S2-263930722	S2
S1-821523654	S2-290759547	S2
S1-821523654	S2-218115706	S2
S1-821523654	S2-469964803	S2
S1-184201555	S2-868444077	S2
S1-184201555	S2-510916447	S2
S1-184201555	S2-497944131	S2
S1-184201555	S2-369159065	S2
S1-184201555	S2-75150479	S2
S1-184201555	S2-498046006	S2
S1-184201555	S2-943763474	S2
S1-184201555	S2-575171696	S2
S1-184201555	S2-273999815	S2
S1-184201555	S2-2670847	S2
S1-184201555	S2-673704658	S2
S1-184201555	S2-792519590	S2
S1-184201555	S2-893669875	S2
S1-184201555	S2-910212980	S2
S1-184201555	S2-540745651	S2
S1-470841570	S2-356986111	S2
S1-470841570	S2-475170125	S2
S1-470841570	S2-510931175	S2
S1-470841570	S2-949845335	S2
S1-470841570	S2-291892949	S2
S1-470841570	S2-505987024	S2
S1-470841570	S2-274323360	S2
S1-470841570	S2-760535604	S2
S1-470841570	S2-964581929	S2
S1-470841570	S2-824972458	S2
S1-470841570	S2-319761515	S2
S1-470841570	S2-945339512	S2
S1-470841570	S2-967569498	S2
S1-470841570	S2-1365339	S2
S1-470841570	S2-92959536	S2
S1-166332747	S2-398659226	S2
S1-166332747	S2-303148353	S2
S1-166332747	S2-576774941	S2
S1-166332747	S2-138429970	S2
S1-166332747	S2-333359081	S2
S1-166332747	S2-187498810	S2
S1-166332747	S2-8914613	S2
S1-166332747	S2-623705967	S2
S1-166332747	S2-232805709	S2
S1-166332747	S2-612768292	S2
S1-166332747	S2-659685525	S2
S1-166332747	S2-829070070	S2
S1-166332747	S2-489461707	S2
S1-166332747	S2-246621020	S2
S1-166332747	S2-247759089	S2
S1-791107630	S2-79488526	S2
S1-791107630	S2-670948516	S2
S1-791107630	S2-20143885	S2
S1-791107630	S2-164651728	S2
S1-791107630	S2-978606166	S2
S1-791107630	S2-777730349	S2
S1-791107630	S2-929722075	S2
S1-791107630	S2-794352292	S2
S1-791107630	S2-8982199	S2
S1-791107630	S2-536231721	S2
S1-791107630	S2-808487588	S2
S1-791107630	S2-882459657	S2
S1-791107630	S2-409726115	S2
S1-791107630	S2-921202375	S2
S1-791107630	S2-318348932	S2
S1-354336647	S2-314926539	S2
S1-354336647	S2-515581965	S2
S1-354336647	S2-868574975	S2
S1-354336647	S2-17933853	S2
S1-354336647	S2-921594231	S2
S1-354336647	S2-494828371	S2
S1-354336647	S2-576580892	S2
S1-354336647	S2-370549501	S2
S1-354336647	S2-672321572	S2
S1-354336647	S2-833201275	S2
S1-354336647	S2-196587307	S2
S1-354336647	S2-820150442	S2
S1-354336647	S2-427374357	S2
S1-354336647	S2-785139940	S2
S1-354336647	S2-669804692	S2
S1-360225492	S2-868574975	S2
S1-360225492	S2-293675262	S2
S1-360225492	S2-314926539	S2
S1-360225492	S2-693296247	S2
S1-360225492	S2-660467546	S2
S1-360225492	S2-291868119	S2
S1-360225492	S2-791990398	S2
S1-360225492	S2-494828371	S2
S1-360225492	S2-512950951	S2
S1-360225492	S2-566309986	S2
S1-360225492	S2-892880098	S2
S1-360225492	S2-196587307	S2
S1-360225492	S2-79488526	S2
S1-360225492	S2-981550471	S2
S1-360225492	S2-370549501	S2
S1-570676783	S2-150634918	S2
S1-570676783	S2-867358397	S2
S1-570676783	S2-998885968	S2
S1-570676783	S2-426439815	S2
S1-570676783	S2-927235908	S2
S1-570676783	S2-741639927	S2
S1-570676783	S2-402816014	S2
S1-570676783	S2-859726068	S2
S1-570676783	S2-833900025	S2
S1-570676783	S2-811863966	S2
S1-570676783	S2-366350374	S2
S1-570676783	S2-277830258	S2
S1-570676783	S2-40746806	S2
S1-570676783	S2-662221399	S2
S1-570676783	S2-721241427	S2
S1-109545202	S2-49312012	S2
S1-109545202	S2-810723110	S2
S1-109545202	S2-144609625	S2
S1-109545202	S2-591398537	S2
S1-109545202	S2-478830670	S2
S1-109545202	S2-268638596	S2
S1-109545202	S2-100798928	S2
S1-109545202	S2-357197766	S2
S1-109545202	S2-828544692	S2
S1-109545202	S2-287588845	S2
S1-109545202	S2-187499079	S2
S1-109545202	S2-222540081	S2
S1-109545202	S2-661036235	S2
S1-109545202	S2-846975420	S2
S1-109545202	S2-848878443	S2
S1-728032080	S2-873177396	S2
S1-728032080	S2-210903973	S2
S1-728032080	S2-743482966	S2
S1-728032080	S2-260445047	S2
S1-728032080	S2-662032378	S2
S1-728032080	S2-220845632	S2
S1-728032080	S2-656892137	S2
S1-728032080	S2-889472913	S2
S1-728032080	S2-933093889	S2
S1-728032080	S2-99468652	S2
S1-728032080	S2-335124172	S2
S1-728032080	S2-726045392	S2
S1-728032080	S2-620110385	S2
S1-728032080	S2-242582700	S2
S1-728032080	S2-895798537	S2
S1-985181624	S2-17360295	S2
S1-985181624	S2-665463193	S2
S1-985181624	S2-199235212	S2
S1-985181624	S2-44909703	S2
S1-985181624	S2-432279643	S2
S1-985181624	S2-566293411	S2
S1-985181624	S2-18442426	S2
S1-985181624	S2-906898057	S2
S1-985181624	S2-596517091	S2
S1-985181624	S2-20143885	S2
S1-985181624	S2-502689864	S2
S1-985181624	S2-79488526	S2
S1-985181624	S2-224980295	S2
S1-985181624	S2-542224090	S2
S1-985181624	S2-794352292	S2
S1-407845038	S2-522067207	S2
S1-407845038	S2-35411465	S2
S1-407845038	S2-52221155	S2
S1-407845038	S2-420385975	S2
S1-407845038	S2-309950217	S2
S1-407845038	S2-667620668	S2
S1-407845038	S2-923605499	S2
S1-407845038	S2-41573205	S2
S1-407845038	S2-476714949	S2
S1-407845038	S2-525338352	S2
S1-407845038	S2-121611732	S2
S1-407845038	S2-11817249	S2
S1-407845038	S2-574943143	S2
S1-407845038	S2-232413629	S2
S1-407845038	S2-931263231	S2
S1-549370199	S2-682660453	S2
S1-549370199	S2-855836919	S2
S1-549370199	S2-585973304	S2
S1-549370199	S2-222636194	S2
S1-549370199	S2-89587960	S2
S1-549370199	S2-447184042	S2
S1-549370199	S2-692060905	S2
S1-549370199	S2-55073412	S2
S1-549370199	S2-913240757	S2
S1-549370199	S2-923748120	S2
S1-549370199	S2-993723166	S2
S1-549370199	S2-634180182	S2
S1-549370199	S2-99068744	S2
S1-549370199	S2-246533409	S2
S1-549370199	S2-311071517	S2
S1-476132624	S2-134341052	S2
S1-476132624	S2-439483413	S2
S1-476132624	S2-120771780	S2
S1-476132624	S2-694627142	S2
S1-476132624	S2-759979128	S2
S1-476132624	S2-832052225	S2
S1-476132624	S2-335647296	S2
S1-476132624	S2-308993997	S2
S1-476132624	S2-720490901	S2
S1-476132624	S2-653376534	S2
S1-476132624	S2-666899523	S2
S1-476132624	S2-974639211	S2
S1-476132624	S2-582180107	S2
S1-476132624	S2-968661299	S2
S1-476132624	S2-734632823	S2
S1-598823125	S2-8914613	S2
S1-598823125	S2-204440999	S2
S1-598823125	S2-574914445	S2
S1-598823125	S2-368462066	S2
S1-598823125	S2-718979866	S2
S1-598823125	S2-418033252	S2
S1-598823125	S2-890896148	S2
S1-598823125	S2-637697607	S2
S1-598823125	S2-219374527	S2
S1-598823125	S2-474535244	S2
S1-598823125	S2-980246492	S2
S1-598823125	S2-540216733	S2
S1-598823125	S2-804822084	S2
S1-598823125	S2-857681318	S2
S1-598823125	S2-967974285	S2
S1-546751738	S2-716588163	S2
S1-546751738	S2-721134375	S2
S1-546751738	S2-612169234	S2
S1-546751738	S2-311198605	S2
S1-546751738	S2-617467150	S2
S1-546751738	S2-939131514	S2
S1-546751738	S2-75150479	S2
S1-546751738	S2-684635925	S2
S1-546751738	S2-82665539	S2
S1-546751738	S2-419605789	S2
S1-546751738	S2-730043743	S2
S1-546751738	S2-92758088	S2
S1-546751738	S2-731531571	S2
S1-546751738	S2-717546	S2
S1-546751738	S2-764573417	S2
S1-564193651	S2-510383940	S2
S1-564193651	S2-512060211	S2
S1-564193651	S2-409726115	S2
S1-564193651	S2-516871248	S2
S1-564193651	S2-560818510	S2
S1-564193651	S2-25787219	S2
S1-564193651	S2-231876247	S2
S1-564193651	S2-771685137	S2
S1-564193651	S2-748545907	S2
S1-564193651	S2-802873219	S2
S1-564193651	S2-228338166	S2
S1-564193651	S2-908151511	S2
S1-564193651	S2-908088236	S2
S1-564193651	S2-792073969	S2
S1-564193651	S2-165768476	S2
S1-882796400	S2-861414287	S2
S1-882796400	S2-736787326	S2
S1-882796400	S2-978606166	S2
S1-882796400	S2-349666272	S2
S1-882796400	S2-929722075	S2
S1-882796400	S2-670948516	S2
S1-882796400	S2-794352292	S2
S1-882796400	S2-921202375	S2
S1-882796400	S2-409726115	S2
S1-882796400	S2-777730349	S2
S1-882796400	S2-423030845	S2
S1-882796400	S2-915769300	S2
S1-882796400	S2-8982199	S2
S1-882796400	S2-105086356	S2
S1-882796400	S2-605633090	S2
S1-387747643	S2-224520354	S2
S1-387747643	S2-812353470	S2
S1-387747643	S2-414895830	S2
S1-387747643	S2-465597852	S2
S1-387747643	S2-112834662	S2
S1-387747643	S2-590757045	S2
S1-387747643	S2-697994853	S2
S1-387747643	S2-398902312	S2
S1-387747643	S2-214447140	S2
S1-387747643	S2-580420578	S2
S1-387747643	S2-955718772	S2
S1-387747643	S2-680970798	S2
S1-387747643	S2-471441474	S2
S1-387747643	S2-995134427	S2
S1-387747643	S2-146892719	S2
S1-64915886	S2-119087459	S2
S1-64915886	S2-528320338	S2
S1-64915886	S2-326621295	S2
S1-64915886	S2-294062437	S2
S1-64915886	S2-373678906	S2
S1-64915886	S2-556747559	S2
S1-64915886	S2-815576787	S2
S1-64915886	S2-749852939	S2
S1-64915886	S2-867197250	S2
S1-64915886	S2-237499913	S2
S1-64915886	S2-231688856	S2
S1-64915886	S2-619844913	S2
S1-64915886	S2-960372483	S2
S1-64915886	S2-133609214	S2
S1-64915886	S2-344621502	S2
S1-901695846	S2-300552236	S2
S1-901695846	S2-28480927	S2
S1-901695846	S2-361966224	S2
S1-901695846	S2-93682954	S2
S1-901695846	S2-51477351	S2
S1-901695846	S2-328308841	S2
S1-901695846	S2-910842372	S2
S1-901695846	S2-426153797	S2
S1-901695846	S2-240326327	S2
S1-901695846	S2-558654912	S2
S1-901695846	S2-929054875	S2
S1-901695846	S2-237726767	S2
S1-901695846	S2-144437050	S2
S1-901695846	S2-968244171	S2
S1-901695846	S2-682964593	S2
S1-657278286	S2-398659226	S2
S1-657278286	S2-888030033	S2
S1-657278286	S2-715851950	S2
S1-657278286	S2-500008641	S2
S1-657278286	S2-303148353	S2
S1-657278286	S2-218598097	S2
S1-657278286	S2-576774941	S2
S1-657278286	S2-333359081	S2
S1-657278286	S2-645865683	S2
S1-657278286	S2-12970251	S2
S1-657278286	S2-138429970	S2
S1-657278286	S2-28418448	S2
S1-657278286	S2-232805709	S2
S1-657278286	S2-623705967	S2
S1-657278286	S2-829070070	S2
S1-863544866	S2-8982199	S2
S1-863544866	S2-772323364	S2
S1-863544866	S2-889578554	S2
S1-863544866	S2-816989315	S2
S1-863544866	S2-370549501	S2
S1-863544866	S2-371437571	S2
S1-863544866	S2-318348932	S2
S1-863544866	S2-828872229	S2
S1-863544866	S2-688657051	S2
S1-863544866	S2-395800668	S2
S1-863544866	S2-889497510	S2
S1-863544866	S2-829598251	S2
S1-863544866	S2-342482411	S2
S1-863544866	S2-803100423	S2
S1-863544866	S2-583891679	S2
S1-355053030	S2-555707870	S2
S1-355053030	S2-988241366	S2
S1-355053030	S2-2048071	S2
S1-355053030	S2-327707439	S2
S1-355053030	S2-722166534	S2
S1-355053030	S2-996064384	S2
S1-355053030	S2-586389069	S2
S1-355053030	S2-218208532	S2
S1-355053030	S2-258904656	S2
S1-355053030	S2-747145329	S2
S1-355053030	S2-74877522	S2
S1-355053030	S2-137954799	S2
S1-355053030	S2-831117180	S2
S1-355053030	S2-399112375	S2
S1-355053030	S2-401293041	S2
S1-943567301	S2-674565629	S2
S1-943567301	S2-824783934	S2
S1-943567301	S2-392482719	S2
S1-943567301	S2-549080397	S2
S1-943567301	S2-103464119	S2
S1-943567301	S2-779723055	S2
S1-943567301	S2-923595204	S2
S1-943567301	S2-711763507	S2
S1-943567301	S2-929054875	S2
S1-943567301	S2-165228168	S2
S1-943567301	S2-837663921	S2
S1-943567301	S2-847685918	S2
S1-943567301	S2-139831055	S2
S1-943567301	S2-411562965	S2
S1-943567301	S2-423447509	S2
S1-549730361	S2-57375033	S2
S1-549730361	S2-710175093	S2
S1-549730361	S2-47799063	S2
S1-549730361	S2-996428837	S2
S1-549730361	S2-848687795	S2
S1-549730361	S2-874995586	S2
S1-549730361	S2-937987341	S2
S1-549730361	S2-566356754	S2
S1-549730361	S2-962270896	S2
S1-549730361	S2-358052714	S2
S1-549730361	S2-344591721	S2
S1-549730361	S2-561796765	S2
S1-549730361	S2-698001157	S2
S1-549730361	S2-359710026	S2
S1-549730361	S2-328900052	S2
S1-596431100	S2-400230753	S2
S1-596431100	S2-29108033	S2
S1-596431100	S2-484254734	S2
S1-596431100	S2-910212980	S2
S1-596431100	S2-300552236	S2
S1-596431100	S2-230946285	S2
S1-596431100	S2-348093874	S2
S1-596431100	S2-75150479	S2
S1-596431100	S2-174059963	S2
S1-596431100	S2-741639927	S2
S1-596431100	S2-155636061	S2
S1-596431100	S2-523031614	S2
S1-596431100	S2-971491700	S2
S1-596431100	S2-438972703	S2
S1-596431100	S2-696885509	S2
S1-521605108	S2-746717750	S2
S1-521605108	S2-384350223	S2
S1-521605108	S2-871017791	S2
S1-521605108	S2-292948374	S2
S1-521605108	S2-263966863	S2
S1-521605108	S2-797857062	S2
S1-521605108	S2-813611214	S2
S1-521605108	S2-155574448	S2
S1-521605108	S2-837096453	S2
S1-521605108	S2-421540927	S2
S1-521605108	S2-455830760	S2
S1-521605108	S2-4675625	S2
S1-521605108	S2-121759397	S2
S1-521605108	S2-850499815	S2
S1-521605108	S2-94751831	S2
S1-289853373	S2-26324258	S2
S1-289853373	S2-764430935	S2
S1-289853373	S2-126113089	S2
S1-289853373	S2-847120229	S2
S1-289853373	S2-229217508	S2
S1-289853373	S2-987414512	S2
S1-289853373	S2-672736825	S2
S1-289853373	S2-827503791	S2
S1-289853373	S2-512382393	S2
S1-289853373	S2-748325649	S2
S1-289853373	S2-369458829	S2
S1-289853373	S2-923853202	S2
S1-289853373	S2-362602827	S2
S1-289853373	S2-605734275	S2
S1-289853373	S2-437309128	S2
S1-474310615	S2-352990076	S2
S1-474310615	S2-904673479	S2
S1-474310615	S2-937454805	S2
S1-474310615	S2-724723594	S2
S1-474310615	S2-140036589	S2
S1-474310615	S2-48120065	S2
S1-474310615	S2-282390486	S2
S1-474310615	S2-41514279	S2
S1-474310615	S2-540931339	S2
S1-474310615	S2-46771753	S2
S1-474310615	S2-514714174	S2
S1-474310615	S2-232484718	S2
S1-474310615	S2-815783446	S2
S1-474310615	S2-347017935	S2
S1-474310615	S2-161949377	S2
S1-988797326	S2-281309190	S2
S1-988797326	S2-905737147	S2
S1-988797326	S2-831625227	S2
S1-988797326	S2-81084363	S2
S1-988797326	S2-370549501	S2
S1-988797326	S2-229183845	S2
S1-988797326	S2-330251499	S2
S1-988797326	S2-607666338	S2
S1-988797326	S2-470518488	S2
S1-988797326	S2-512950951	S2
S1-988797326	S2-49942811	S2
S1-988797326	S2-19749906	S2
S1-988797326	S2-494876351	S2
S1-988797326	S2-89956614	S2
S1-988797326	S2-778604392	S2
S1-703703543	S2-40574852	S2
S1-703703543	S2-536098194	S2
S1-703703543	S2-743455401	S2
S1-703703543	S2-1240778	S2
S1-703703543	S2-505244705	S2
S1-703703543	S2-140550490	S2
S1-703703543	S2-888108239	S2
S1-703703543	S2-3256414	S2
S1-703703543	S2-795809304	S2
S1-703703543	S2-425338531	S2
S1-703703543	S2-511106943	S2
S1-703703543	S2-760535604	S2
S1-703703543	S2-291892949	S2
S1-703703543	S2-824972458	S2
S1-703703543	S2-845577049	S2
S1-280987053	S2-513883989	S2
S1-280987053	S2-628294685	S2
S1-280987053	S2-528205184	S2
S1-280987053	S2-795141272	S2
S1-280987053	S2-915345864	S2
S1-280987053	S2-674028684	S2
S1-280987053	S2-527521763	S2
S1-280987053	S2-284919985	S2
S1-280987053	S2-786753976	S2
S1-280987053	S2-964142099	S2
S1-280987053	S2-158828409	S2
S1-280987053	S2-791856232	S2
S1-280987053	S2-777295554	S2
S1-280987053	S2-796933103	S2
S1-280987053	S2-873164808	S2
S1-126920508	S2-136305349	S2
S1-126920508	S2-788754887	S2
S1-126920508	S2-984241859	S2
S1-126920508	S2-231688856	S2
S1-126920508	S2-298914373	S2
S1-126920508	S2-975285928	S2
S1-126920508	S2-892880098	S2
S1-126920508	S2-330518097	S2
S1-126920508	S2-455209026	S2
S1-126920508	S2-136208372	S2
S1-126920508	S2-164651728	S2
S1-126920508	S2-79488526	S2
S1-126920508	S2-345172295	S2
S1-126920508	S2-569860965	S2
S1-126920508	S2-978606166	S2
S1-271585788	S2-243092207	S2
S1-271585788	S2-211838062	S2
S1-271585788	S2-454355317	S2
S1-271585788	S2-182145854	S2
S1-271585788	S2-298598465	S2
S1-271585788	S2-675348100	S2
S1-271585788	S2-965217175	S2
S1-271585788	S2-566931281	S2
S1-271585788	S2-936867164	S2
S1-271585788	S2-524247699	S2
S1-271585788	S2-437494471	S2
S1-271585788	S2-750426664	S2
S1-271585788	S2-149845283	S2
S1-271585788	S2-861414287	S2
S1-271585788	S2-275292871	S2
S1-204931911	S2-150348786	S2
S1-204931911	S2-776942202	S2
S1-204931911	S2-63052434	S2
S1-204931911	S2-481306942	S2
S1-204931911	S2-54240060	S2
S1-204931911	S2-241868453	S2
S1-204931911	S2-177471665	S2
S1-204931911	S2-670948516	S2
S1-204931911	S2-825374035	S2
S1-204931911	S2-348093874	S2
S1-204931911	S2-386366146	S2
S1-204931911	S2-15919698	S2
S1-204931911	S2-985114164	S2
S1-204931911	S2-970203166	S2
S1-204931911	S2-857545705	S2
S1-178384024	S2-399112375	S2
S1-178384024	S2-33267509	S2
S1-178384024	S2-835256551	S2
S1-178384024	S2-151741535	S2
S1-178384024	S2-617467150	S2
S1-178384024	S2-65176276	S2
S1-178384024	S2-63801241	S2
S1-178384024	S2-74877522	S2
S1-178384024	S2-311868409	S2
S1-178384024	S2-227857777	S2
S1-178384024	S2-455830760	S2
S1-178384024	S2-879019234	S2
S1-178384024	S2-217161866	S2
S1-178384024	S2-706168001	S2
S1-178384024	S2-831117180	S2
S1-856667356	S2-566293411	S2
S1-856667356	S2-432279643	S2
S1-856667356	S2-18442426	S2
S1-856667356	S2-500008641	S2
S1-856667356	S2-859321758	S2
S1-856667356	S2-752790430	S2
S1-856667356	S2-79488526	S2
S1-856667356	S2-794352292	S2
S1-856667356	S2-502689864	S2
S1-856667356	S2-20143885	S2
S1-856667356	S2-198938800	S2
S1-856667356	S2-224980295	S2
S1-856667356	S2-115895061	S2
S1-856667356	S2-592650888	S2
S1-856667356	S2-888030033	S2
S1-732613749	S2-775394710	S2
S1-732613749	S2-766295001	S2
S1-732613749	S2-85642806	S2
S1-732613749	S2-969392100	S2
S1-732613749	S2-469073813	S2
S1-732613749	S2-446585847	S2
S1-732613749	S2-308041768	S2
S1-732613749	S2-202394836	S2
S1-732613749	S2-831239310	S2
S1-732613749	S2-737521149	S2
S1-732613749	S2-528143818	S2
S1-732613749	S2-253412037	S2
S1-732613749	S2-905737147	S2
S1-732613749	S2-245909245	S2
S1-732613749	S2-903479853	S2
S1-380839864	S2-457500956	S2
S1-380839864	S2-785890760	S2
S1-380839864	S2-500008641	S2
S1-380839864	S2-352561696	S2
S1-380839864	S2-888030033	S2
S1-380839864	S2-340882825	S2
S1-380839864	S2-363534521	S2
S1-380839864	S2-808728262	S2
S1-380839864	S2-337462823	S2
S1-380839864	S2-150746027	S2
S1-380839864	S2-834563673	S2
S1-380839864	S2-130291706	S2
S1-380839864	S2-884331770	S2
S1-380839864	S2-403869292	S2
S1-380839864	S2-849819552	S2
S1-486296456	S2-472320169	S2
S1-486296456	S2-895116270	S2
S1-486296456	S2-506255087	S2
S1-486296456	S2-523749114	S2
S1-486296456	S2-432522197	S2
S1-486296456	S2-645209515	S2
S1-486296456	S2-234784280	S2
S1-486296456	S2-548705010	S2
S1-486296456	S2-869995817	S2
S1-486296456	S2-393523489	S2
S1-486296456	S2-88437832	S2
S1-486296456	S2-868087865	S2
S1-486296456	S2-762632812	S2
S1-486296456	S2-16075678	S2
S1-486296456	S2-199883120	S2
S1-852026470	S2-349666272	S2
S1-852026470	S2-104858458	S2
S1-852026470	S2-692022593	S2
S1-852026470	S2-491074769	S2
S1-852026470	S2-662616520	S2
S1-852026470	S2-399391347	S2
S1-852026470	S2-85163295	S2
S1-852026470	S2-892976075	S2
S1-852026470	S2-912228916	S2
S1-852026470	S2-378780545	S2
S1-852026470	S2-75129136	S2
S1-852026470	S2-878134898	S2
S1-852026470	S2-837096453	S2
S1-852026470	S2-892909897	S2
S1-852026470	S2-895944134	S2
S1-895409233	S2-307443980	S2
S1-895409233	S2-441769049	S2
S1-895409233	S2-675296997	S2
S1-895409233	S2-918655668	S2
S1-895409233	S2-925511054	S2
S1-895409233	S2-718979866	S2
S1-895409233	S2-822346901	S2
S1-895409233	S2-254788701	S2
S1-895409233	S2-461563520	S2
S1-895409233	S2-630651352	S2
S1-895409233	S2-438753836	S2
S1-895409233	S2-703267220	S2
S1-895409233	S2-418380949	S2
S1-895409233	S2-228779604	S2
S1-895409233	S2-263273654	S2
S1-797931932	S2-727779637	S2
S1-797931932	S2-789711070	S2
S1-797931932	S2-605833213	S2
S1-797931932	S2-701563511	S2
S1-797931932	S2-41514279	S2
S1-797931932	S2-212582677	S2
S1-797931932	S2-390167188	S2
S1-797931932	S2-423030845	S2
S1-797931932	S2-767390046	S2
S1-797931932	S2-939739824	S2
S1-797931932	S2-454450916	S2
S1-797931932	S2-356775340	S2
S1-797931932	S2-352561696	S2
S1-797931932	S2-505326493	S2
S1-797931932	S2-447396827	S2
S1-584499457	S2-701563511	S2
S1-584499457	S2-68483150	S2
S1-584499457	S2-485599345	S2
S1-584499457	S2-795809304	S2
S1-584499457	S2-900515245	S2
S1-584499457	S2-195972156	S2
S1-584499457	S2-528143818	S2
S1-584499457	S2-644264374	S2
S1-584499457	S2-585835879	S2
S1-584499457	S2-71201246	S2
S1-584499457	S2-96362128	S2
S1-584499457	S2-872690777	S2
S1-584499457	S2-270211292	S2
S1-584499457	S2-769716297	S2
S1-584499457	S2-580529895	S2
S1-298019640	S2-710471913	S2
S1-298019640	S2-669879950	S2
S1-298019640	S2-474056246	S2
S1-298019640	S2-534832831	S2
S1-298019640	S2-510654046	S2
S1-298019640	S2-455325987	S2
S1-298019640	S2-25714222	S2
S1-298019640	S2-318217219	S2
S1-298019640	S2-501546135	S2
S1-298019640	S2-440765604	S2
S1-298019640	S2-784451498	S2
S1-298019640	S2-439483413	S2
S1-298019640	S2-779723055	S2
S1-298019640	S2-290759547	S2
S1-298019640	S2-121611732	S2
S1-92668465	S2-782160235	S2
S1-92668465	S2-54240174	S2
S1-92668465	S2-315872469	S2
S1-92668465	S2-255396836	S2
S1-92668465	S2-394915298	S2
S1-92668465	S2-556803824	S2
S1-92668465	S2-682660453	S2
S1-92668465	S2-776794265	S2
S1-92668465	S2-692060905	S2
S1-92668465	S2-246533409	S2
S1-92668465	S2-253120022	S2
S1-92668465	S2-108090038	S2
S1-92668465	S2-855836919	S2
S1-92668465	S2-89587960	S2
S1-92668465	S2-591448531	S2
S1-562441786	S2-851968861	S2
S1-562441786	S2-558654912	S2
S1-562441786	S2-564839940	S2
S1-562441786	S2-818687100	S2
S1-562441786	S2-163963287	S2
S1-562441786	S2-972051451	S2
S1-562441786	S2-605833213	S2
S1-562441786	S2-999559486	S2
S1-562441786	S2-123204923	S2
S1-562441786	S2-311402763	S2
S1-562441786	S2-907629951	S2
S1-562441786	S2-986923268	S2
S1-562441786	S2-28111444	S2
S1-562441786	S2-647664606	S2
S1-562441786	S2-767109874	S2
S1-560649724	S2-483453128	S2
S1-560649724	S2-18419358	S2
S1-560649724	S2-176316491	S2
S1-560649724	S2-202910951	S2
S1-560649724	S2-548863919	S2
S1-560649724	S2-943763474	S2
S1-560649724	S2-52172500	S2
S1-560649724	S2-452572748	S2
S1-560649724	S2-110084330	S2
S1-560649724	S2-175586454	S2
S1-560649724	S2-293780930	S2
S1-560649724	S2-354091917	S2
S1-560649724	S2-546426576	S2
S1-560649724	S2-321590109	S2
S1-560649724	S2-472675182	S2
S1-834788095	S2-600313473	S2
S1-834788095	S2-391281368	S2
S1-834788095	S2-401408311	S2
S1-834788095	S2-463617918	S2
S1-834788095	S2-424220142	S2
S1-834788095	S2-457500956	S2
S1-834788095	S2-779405377	S2
S1-834788095	S2-569049408	S2
S1-834788095	S2-402816908	S2
S1-834788095	S2-785890760	S2
S1-834788095	S2-352561696	S2
S1-834788095	S2-340882825	S2
S1-834788095	S2-363534521	S2
S1-834788095	S2-808728262	S2
S1-834788095	S2-337462823	S2
S1-589719894	S2-234907956	S2
S1-589719894	S2-594607876	S2
S1-589719894	S2-439070878	S2
S1-589719894	S2-406854790	S2
S1-589719894	S2-74154365	S2
S1-589719894	S2-845379409	S2
S1-589719894	S2-824783934	S2
S1-589719894	S2-15280146	S2
S1-589719894	S2-338288495	S2
S1-589719894	S2-997781999	S2
S1-589719894	S2-858423651	S2
S1-589719894	S2-759079441	S2
S1-589719894	S2-635730595	S2
S1-589719894	S2-230281581	S2
S1-589719894	S2-423099834	S2
S1-772116613	S2-410671671	S2
S1-772116613	S2-80378413	S2
S1-772116613	S2-216434283	S2
S1-772116613	S2-136113375	S2
S1-772116613	S2-633677238	S2
S1-772116613	S2-624920895	S2
S1-772116613	S2-226551251	S2
S1-772116613	S2-219374527	S2
S1-772116613	S2-673704658	S2
S1-772116613	S2-1986290	S2
S1-772116613	S2-481306942	S2
S1-772116613	S2-76243565	S2
S1-772116613	S2-174609481	S2
S1-772116613	S2-30769224	S2
S1-772116613	S2-388362035	S2
S1-966027321	S2-580529895	S2
S1-966027321	S2-534318812	S2
S1-966027321	S2-572531501	S2
S1-966027321	S2-246533409	S2
S1-966027321	S2-862278331	S2
S1-966027321	S2-795141272	S2
S1-966027321	S2-532776476	S2
S1-966027321	S2-206766125	S2
S1-966027321	S2-939986664	S2
S1-966027321	S2-857545705	S2
S1-966027321	S2-611908172	S2
S1-966027321	S2-470363816	S2
S1-966027321	S2-630655854	S2
S1-966027321	S2-421612601	S2
S1-966027321	S2-407917981	S2
S1-577969980	S2-199348255	S2
S1-577969980	S2-548705010	S2
S1-577969980	S2-604653513	S2
S1-577969980	S2-963646032	S2
S1-577969980	S2-10844346	S2
S1-577969980	S2-706455784	S2
S1-577969980	S2-242468905	S2
S1-577969980	S2-303635913	S2
S1-577969980	S2-566293411	S2
S1-577969980	S2-374123528	S2
S1-577969980	S2-706360388	S2
S1-577969980	S2-496850215	S2
S1-577969980	S2-74877522	S2
S1-577969980	S2-43091282	S2
S1-577969980	S2-883981278	S2
S1-673553033	S2-265891218	S2
S1-673553033	S2-771685137	S2
S1-673553033	S2-726045392	S2
S1-673553033	S2-532389987	S2
S1-673553033	S2-846262463	S2
S1-673553033	S2-873177396	S2
S1-673553033	S2-259929846	S2
S1-673553033	S2-402548315	S2
S1-673553033	S2-242582700	S2
S1-673553033	S2-329256726	S2
S1-673553033	S2-335124172	S2
S1-673553033	S2-788754887	S2
S1-673553033	S2-629880378	S2
S1-673553033	S2-525859393	S2
S1-673553033	S2-921202375	S2
S1-206477802	S2-598588474	S2
S1-206477802	S2-58825780	S2
S1-206477802	S2-819911306	S2
S1-206477802	S2-475170125	S2
S1-206477802	S2-505987024	S2
S1-206477802	S2-949845335	S2
S1-206477802	S2-567514562	S2
S1-206477802	S2-274323360	S2
S1-206477802	S2-945339512	S2
S1-206477802	S2-319761515	S2
S1-206477802	S2-964581929	S2
S1-206477802	S2-967569498	S2
S1-206477802	S2-1365339	S2
S1-206477802	S2-92959536	S2
S1-206477802	S2-510931175	S2
S1-298646564	S2-978606166	S2
S1-298646564	S2-828872229	S2
S1-298646564	S2-975023541	S2
S1-298646564	S2-929722075	S2
S1-298646564	S2-794352292	S2
S1-298646564	S2-777730349	S2
S1-298646564	S2-670948516	S2
S1-298646564	S2-349666272	S2
S1-298646564	S2-921202375	S2
S1-298646564	S2-8982199	S2
S1-298646564	S2-453758271	S2
S1-298646564	S2-426839110	S2
S1-298646564	S2-68547182	S2
S1-298646564	S2-290899179	S2
S1-298646564	S2-642445801	S2
S1-777555607	S2-102286733	S2
S1-777555607	S2-848711718	S2
S1-777555607	S2-293670539	S2
S1-777555607	S2-110236539	S2
S1-777555607	S2-94751831	S2
S1-777555607	S2-542224090	S2
S1-777555607	S2-387269711	S2
S1-777555607	S2-630772014	S2
S1-777555607	S2-690767550	S2
S1-777555607	S2-136630789	S2
S1-777555607	S2-99136836	S2
S1-777555607	S2-44100844	S2
S1-777555607	S2-492826161	S2
S1-777555607	S2-803100423	S2
S1-777555607	S2-655804813	S2
S1-388246740	S2-932434431	S2
S1-388246740	S2-242468905	S2
S1-388246740	S2-379973959	S2
S1-388246740	S2-888667254	S2
S1-388246740	S2-56744275	S2
S1-388246740	S2-686366565	S2
S1-388246740	S2-61994815	S2
S1-388246740	S2-20047958	S2
S1-388246740	S2-416107889	S2
S1-388246740	S2-616836723	S2
S1-388246740	S2-769808418	S2
S1-388246740	S2-903479853	S2
S1-388246740	S2-200440168	S2
S1-388246740	S2-259305279	S2
S1-388246740	S2-446585847	S2
S1-379154805	S2-604653513	S2
S1-379154805	S2-51768850	S2
S1-379154805	S2-688247667	S2
S1-379154805	S2-41986027	S2
S1-379154805	S2-883981278	S2
S1-379154805	S2-35021649	S2
S1-379154805	S2-750473552	S2
S1-379154805	S2-874136723	S2
S1-379154805	S2-740234314	S2
S1-379154805	S2-347017935	S2
S1-379154805	S2-240326327	S2
S1-379154805	S2-588551697	S2
S1-379154805	S2-46989188	S2
S1-379154805	S2-774600043	S2
S1-379154805	S2-640284162	S2
S1-947431711	S2-487988118	S2
S1-947431711	S2-768946792	S2
S1-947431711	S2-563753438	S2
S1-947431711	S2-580390359	S2
S1-947431711	S2-24680486	S2
S1-947431711	S2-498046006	S2
S1-947431711	S2-960258435	S2
S1-947431711	S2-736787326	S2
S1-947431711	S2-715096064	S2
S1-947431711	S2-705827573	S2
S1-947431711	S2-284554147	S2
S1-947431711	S2-888560146	S2
S1-947431711	S2-980850745	S2
S1-947431711	S2-777919211	S2
S1-947431711	S2-387222645	S2
S1-737368602	S2-571714424	S2
S1-737368602	S2-960276783	S2
S1-737368602	S2-862278331	S2
S1-737368602	S2-889904221	S2
S1-737368602	S2-318217219	S2
S1-737368602	S2-559968500	S2
S1-737368602	S2-570512018	S2
S1-737368602	S2-192774038	S2
S1-737368602	S2-350762938	S2
S1-737368602	S2-989100620	S2
S1-737368602	S2-953675570	S2
S1-737368602	S2-667274253	S2
S1-737368602	S2-987659709	S2
S1-737368602	S2-362515452	S2
S1-737368602	S2-644504484	S2
S1-706591875	S2-616876975	S2
S1-706591875	S2-391886434	S2
S1-706591875	S2-444679914	S2
S1-706591875	S2-849819552	S2
S1-706591875	S2-165863386	S2
S1-706591875	S2-574349442	S2
S1-706591875	S2-27148087	S2
S1-706591875	S2-339853392	S2
S1-706591875	S2-438085957	S2
S1-706591875	S2-867614780	S2
S1-706591875	S2-526876910	S2
S1-706591875	S2-70698601	S2
S1-706591875	S2-960276783	S2
S1-706591875	S2-867607931	S2
S1-706591875	S2-236577190	S2
S1-365672071	S2-168560796	S2
S1-365672071	S2-109121051	S2
S1-365672071	S2-253412037	S2
S1-365672071	S2-802075529	S2
S1-365672071	S2-322536831	S2
S1-365672071	S2-2307515	S2
S1-365672071	S2-469073813	S2
S1-365672071	S2-518721601	S2
S1-365672071	S2-775394710	S2
S1-365672071	S2-715327535	S2
S1-365672071	S2-245909245	S2
S1-365672071	S2-889852631	S2
S1-365672071	S2-3914789	S2
S1-365672071	S2-997165561	S2
S1-365672071	S2-905737147	S2
S1-603318865	S2-839523258	S2
S1-603318865	S2-890423795	S2
S1-603318865	S2-94341972	S2
S1-603318865	S2-482353871	S2
S1-603318865	S2-199635728	S2
S1-603318865	S2-447892968	S2
S1-603318865	S2-770751342	S2
S1-603318865	S2-381747268	S2
S1-603318865	S2-187498810	S2
S1-603318865	S2-176512196	S2
S1-603318865	S2-428415426	S2
S1-603318865	S2-441765868	S2
S1-603318865	S2-254663123	S2
S1-603318865	S2-267771398	S2
S1-603318865	S2-317647861	S2
S1-630839433	S2-785852339	S2
S1-630839433	S2-721241427	S2
S1-630839433	S2-662221399	S2
S1-630839433	S2-683120884	S2
S1-630839433	S2-963300188	S2
S1-630839433	S2-962522174	S2
S1-630839433	S2-749642407	S2
S1-630839433	S2-854959253	S2
S1-630839433	S2-699301561	S2
S1-630839433	S2-183176697	S2
S1-630839433	S2-596751909	S2
S1-630839433	S2-185405451	S2
S1-630839433	S2-849565658	S2
S1-630839433	S2-666342792	S2
S1-630839433	S2-165809100	S2
S1-721254668	S2-978606166	S2
S1-721254668	S2-670948516	S2
S1-721254668	S2-777730349	S2
S1-721254668	S2-445420919	S2
S1-721254668	S2-905737147	S2
S1-721254668	S2-794352292	S2
S1-721254668	S2-235976983	S2
S1-721254668	S2-8982199	S2
S1-721254668	S2-25954937	S2
S1-721254668	S2-921202375	S2
S1-721254668	S2-769858942	S2
S1-721254668	S2-715522197	S2
S1-721254668	S2-864103770	S2
S1-721254668	S2-118711492	S2
S1-721254668	S2-224839523	S2
S1-676187388	S2-644844275	S2
S1-676187388	S2-921202375	S2
S1-676187388	S2-535538356	S2
S1-676187388	S2-297926319	S2
S1-676187388	S2-265891218	S2
S1-676187388	S2-921274499	S2
S1-676187388	S2-340786070	S2
S1-676187388	S2-514200750	S2
S1-676187388	S2-349365849	S2
S1-676187388	S2-448967653	S2
S1-676187388	S2-311402763	S2
S1-676187388	S2-921362349	S2
S1-676187388	S2-505041950	S2
S1-676187388	S2-516946324	S2
S1-676187388	S2-68402423	S2
S1-537121104	S2-436621421	S2
S1-537121104	S2-467948188	S2
S1-537121104	S2-879158207	S2
S1-537121104	S2-21859479	S2
S1-537121104	S2-6795460	S2
S1-537121104	S2-869788374	S2
S1-537121104	S2-331142396	S2
S1-537121104	S2-776942202	S2
S1-537121104	S2-902147205	S2
S1-537121104	S2-758681750	S2
S1-537121104	S2-877745187	S2
S1-537121104	S2-932843757	S2
S1-537121104	S2-182955632	S2
S1-537121104	S2-723818545	S2
S1-537121104	S2-152104014	S2
S1-299628100	S2-672736825	S2
S1-299628100	S2-674028684	S2
S1-299628100	S2-794174587	S2
S1-299628100	S2-567837097	S2
S1-299628100	S2-637317501	S2
S1-299628100	S2-750473552	S2
S1-299628100	S2-395489902	S2
S1-299628100	S2-561625161	S2
S1-299628100	S2-54240116	S2
S1-299628100	S2-496765251	S2
S1-299628100	S2-22805370	S2
S1-299628100	S2-362776689	S2
S1-299628100	S2-427111019	S2
S1-299628100	S2-206082608	S2
S1-299628100	S2-232709023	S2
S1-995742594	S2-569860965	S2
S1-995742594	S2-381676404	S2
S1-995742594	S2-178384635	S2
S1-995742594	S2-63801241	S2
S1-995742594	S2-674862293	S2
S1-995742594	S2-967923960	S2
S1-995742594	S2-584696844	S2
S1-995742594	S2-368206306	S2
S1-995742594	S2-626012117	S2
S1-995742594	S2-90112897	S2
S1-995742594	S2-179458531	S2
S1-995742594	S2-816989315	S2
S1-995742594	S2-77419070	S2
S1-995742594	S2-332453876	S2
S1-995742594	S2-441144872	S2
S1-392214139	S2-304667963	S2
S1-392214139	S2-680816356	S2
S1-392214139	S2-234380287	S2
S1-392214139	S2-534416622	S2
S1-392214139	S2-454450916	S2
S1-392214139	S2-770688784	S2
S1-392214139	S2-106188251	S2
S1-392214139	S2-542975651	S2
S1-392214139	S2-421672451	S2
S1-392214139	S2-308505251	S2
S1-392214139	S2-538976068	S2
S1-392214139	S2-842456481	S2
S1-392214139	S2-957978733	S2
S1-392214139	S2-980846147	S2
S1-392214139	S2-231042988	S2
S1-952136084	S2-104641729	S2
S1-952136084	S2-960372483	S2
S1-952136084	S2-529318908	S2
S1-952136084	S2-390167188	S2
S1-952136084	S2-391886434	S2
S1-952136084	S2-256451765	S2
S1-952136084	S2-859393404	S2
S1-952136084	S2-200200363	S2
S1-952136084	S2-945813340	S2
S1-952136084	S2-506682722	S2
S1-952136084	S2-12970251	S2
S1-952136084	S2-695240341	S2
S1-952136084	S2-454450916	S2
S1-952136084	S2-352561696	S2
S1-952136084	S2-41514279	S2
S1-582600323	S2-609911019	S2
S1-582600323	S2-804516028	S2
S1-582600323	S2-645138790	S2
S1-582600323	S2-143852128	S2
S1-582600323	S2-526876910	S2
S1-582600323	S2-229183845	S2
S1-582600323	S2-44843332	S2
S1-582600323	S2-323858830	S2
S1-582600323	S2-293675262	S2
S1-582600323	S2-330251499	S2
S1-582600323	S2-172207378	S2
S1-582600323	S2-644264374	S2
S1-582600323	S2-67505679	S2
S1-582600323	S2-43091282	S2
S1-582600323	S2-318217219	S2
S1-967514668	S2-664981233	S2
S1-967514668	S2-683120884	S2
S1-967514668	S2-785852339	S2
S1-967514668	S2-192774038	S2
S1-967514668	S2-183176697	S2
S1-967514668	S2-962522174	S2
S1-967514668	S2-963300188	S2
S1-967514668	S2-854959253	S2
S1-967514668	S2-749642407	S2
S1-967514668	S2-165809100	S2
S1-967514668	S2-699301561	S2
S1-967514668	S2-596751909	S2
S1-967514668	S2-666342792	S2
S1-967514668	S2-849565658	S2
S1-967514668	S2-185405451	S2
S1-157183174	S2-878375690	S2
S1-157183174	S2-92868774	S2
S1-157183174	S2-401293041	S2
S1-157183174	S2-706168001	S2
S1-157183174	S2-402816014	S2
S1-157183174	S2-328308841	S2
S1-157183174	S2-811863966	S2
S1-157183174	S2-40746806	S2
S1-157183174	S2-555707870	S2
S1-157183174	S2-833900025	S2
S1-157183174	S2-426439815	S2
S1-157183174	S2-988241366	S2
S1-157183174	S2-721241427	S2
S1-157183174	S2-510293809	S2
S1-157183174	S2-662221399	S2
S1-836401682	S2-94068349	S2
S1-836401682	S2-402816014	S2
S1-836401682	S2-774048672	S2
S1-836401682	S2-150284085	S2
S1-836401682	S2-41514279	S2
S1-836401682	S2-916859477	S2
S1-836401682	S2-613204180	S2
S1-836401682	S2-833900025	S2
S1-836401682	S2-811863966	S2
S1-836401682	S2-317647861	S2
S1-836401682	S2-40746806	S2
S1-836401682	S2-554364982	S2
S1-836401682	S2-662221399	S2
S1-836401682	S2-721241427	S2
S1-836401682	S2-381747268	S2
S1-412010600	S2-991981696	S2
S1-412010600	S2-619844913	S2
S1-412010600	S2-237499913	S2
S1-412010600	S2-349666272	S2
S1-412010600	S2-492444908	S2
S1-412010600	S2-814955870	S2
S1-412010600	S2-749852939	S2
S1-412010600	S2-344621502	S2
S1-412010600	S2-177918546	S2
S1-412010600	S2-528320338	S2
S1-412010600	S2-556747559	S2
S1-412010600	S2-231688856	S2
S1-412010600	S2-225823147	S2
S1-412010600	S2-699404448	S2
S1-412010600	S2-929722075	S2
S1-552549808	S2-894693263	S2
S1-552549808	S2-630651352	S2
S1-552549808	S2-438753836	S2
S1-552549808	S2-754789254	S2
S1-552549808	S2-294062437	S2
S1-552549808	S2-3326062	S2
S1-552549808	S2-785852339	S2
S1-552549808	S2-573094730	S2
S1-552549808	S2-441341822	S2
S1-552549808	S2-699391872	S2
S1-552549808	S2-613033114	S2
S1-552549808	S2-17860697	S2
S1-552549808	S2-225100350	S2
S1-552549808	S2-362555190	S2
S1-552549808	S2-145204119	S2
S1-226564818	S2-254788701	S2
S1-226564818	S2-222745864	S2
S1-226564818	S2-728507538	S2
S1-226564818	S2-12434856	S2
S1-226564818	S2-63052434	S2
S1-226564818	S2-580529895	S2
S1-226564818	S2-793479348	S2
S1-226564818	S2-948855445	S2
S1-226564818	S2-626546137	S2
S1-226564818	S2-657612909	S2
S1-226564818	S2-405681592	S2
S1-226564818	S2-103194364	S2
S1-226564818	S2-937734462	S2
S1-226564818	S2-523031614	S2
S1-226564818	S2-762632812	S2
S1-473606105	S2-518525663	S2
S1-473606105	S2-369713330	S2
S1-473606105	S2-724723594	S2
S1-473606105	S2-862759276	S2
S1-473606105	S2-404639263	S2
S1-473606105	S2-670948516	S2
S1-473606105	S2-56398788	S2
S1-473606105	S2-653287190	S2
S1-473606105	S2-986714176	S2
S1-473606105	S2-417090507	S2
S1-473606105	S2-740009891	S2
S1-473606105	S2-747561379	S2
S1-473606105	S2-590906273	S2
S1-473606105	S2-501229096	S2
S1-473606105	S2-59556650	S2
S1-55790876	S2-48866343	S2
S1-55790876	S2-80911610	S2
S1-55790876	S2-802129140	S2
S1-55790876	S2-952581224	S2
S1-55790876	S2-737521149	S2
S1-55790876	S2-570512018	S2
S1-55790876	S2-509937094	S2
S1-55790876	S2-91704178	S2
S1-55790876	S2-485599345	S2
S1-55790876	S2-794926277	S2
S1-55790876	S2-717374654	S2
S1-55790876	S2-983931290	S2
S1-55790876	S2-475706495	S2
S1-55790876	S2-106196817	S2
S1-55790876	S2-666773	S2
S1-442205824	S2-368462066	S2
S1-442205824	S2-219374527	S2
S1-442205824	S2-474535244	S2
S1-442205824	S2-612768292	S2
S1-442205824	S2-718979866	S2
S1-442205824	S2-659685525	S2
S1-442205824	S2-574914445	S2
S1-442205824	S2-804822084	S2
S1-442205824	S2-890896148	S2
S1-442205824	S2-247759089	S2
S1-442205824	S2-857681318	S2
S1-442205824	S2-246621020	S2
S1-442205824	S2-489461707	S2
S1-442205824	S2-546127792	S2
S1-442205824	S2-8914613	S2
S1-567672228	S2-315281031	S2
S1-567672228	S2-741639927	S2
S1-567672228	S2-161956716	S2
S1-567672228	S2-363534521	S2
S1-567672228	S2-888873504	S2
S1-567672228	S2-132946102	S2
S1-567672228	S2-348173686	S2
S1-567672228	S2-220596390	S2
S1-567672228	S2-26126776	S2
S1-567672228	S2-332453876	S2
S1-567672228	S2-804872908	S2
S1-567672228	S2-973292523	S2
S1-567672228	S2-232594161	S2
S1-567672228	S2-660113658	S2
S1-567672228	S2-493765804	S2
S1-858093716	S2-696885509	S2
S1-858093716	S2-572531501	S2
S1-858093716	S2-444139007	S2
S1-858093716	S2-454761179	S2
S1-858093716	S2-834563673	S2
S1-858093716	S2-444467356	S2
S1-858093716	S2-196618803	S2
S1-858093716	S2-444528389	S2
S1-858093716	S2-889017900	S2
S1-858093716	S2-520545166	S2
S1-858093716	S2-888030033	S2
S1-858093716	S2-803343298	S2
S1-858093716	S2-500008641	S2
S1-858093716	S2-175566180	S2
S1-858093716	S2-721104467	S2
S1-817125131	S2-913216366	S2
S1-817125131	S2-377809075	S2
S1-817125131	S2-203944670	S2
S1-817125131	S2-178971361	S2
S1-817125131	S2-526412482	S2
S1-817125131	S2-291868119	S2
S1-817125131	S2-663884088	S2
S1-817125131	S2-954942261	S2
S1-817125131	S2-506145204	S2
S1-817125131	S2-488789411	S2
S1-817125131	S2-18394219	S2
S1-817125131	S2-751588111	S2
S1-817125131	S2-448793585	S2
S1-817125131	S2-748044572	S2
S1-817125131	S2-865044868	S2
S1-168226168	S2-820150442	S2
S1-168226168	S2-371437571	S2
S1-168226168	S2-688657051	S2
S1-168226168	S2-258702122	S2
S1-168226168	S2-785139940	S2
S1-168226168	S2-669804692	S2
S1-168226168	S2-583891679	S2
S1-168226168	S2-421540927	S2
S1-168226168	S2-803100423	S2
S1-168226168	S2-889578554	S2
S1-168226168	S2-859726068	S2
S1-168226168	S2-889497510	S2
S1-168226168	S2-342482411	S2
S1-168226168	S2-609911019	S2
S1-168226168	S2-829598251	S2
S1-927776130	S2-707420806	S2
S1-927776130	S2-827197931	S2
S1-927776130	S2-860399725	S2
S1-927776130	S2-206766125	S2
S1-927776130	S2-939986664	S2
S1-927776130	S2-703267220	S2
S1-927776130	S2-294062437	S2
S1-927776130	S2-471154795	S2
S1-927776130	S2-373678906	S2
S1-927776130	S2-867197250	S2
S1-927776130	S2-960372483	S2
S1-927776130	S2-133609214	S2
S1-927776130	S2-509937094	S2
S1-927776130	S2-717374654	S2
S1-927776130	S2-475706495	S2
S1-597401517	S2-852307591	S2
S1-597401517	S2-358856946	S2
S1-597401517	S2-285659000	S2
S1-597401517	S2-29108033	S2
S1-597401517	S2-487925537	S2
S1-597401517	S2-748163379	S2
S1-597401517	S2-654636304	S2
S1-597401517	S2-566931281	S2
S1-597401517	S2-252321761	S2
S1-597401517	S2-472320169	S2
S1-597401517	S2-73745396	S2
S1-597401517	S2-116895038	S2
S1-597401517	S2-509937094	S2
S1-597401517	S2-475706495	S2
S1-597401517	S2-717374654	S2
S1-30151590	S2-454761179	S2
S1-30151590	S2-444467356	S2
S1-30151590	S2-630825823	S2
S1-30151590	S2-492031103	S2
S1-30151590	S2-889017900	S2
S1-30151590	S2-650540638	S2
S1-30151590	S2-888030033	S2
S1-30151590	S2-500008641	S2
S1-30151590	S2-585744040	S2
S1-30151590	S2-70991129	S2
S1-30151590	S2-520545166	S2
S1-30151590	S2-803343298	S2
S1-30151590	S2-721104467	S2
S1-30151590	S2-175566180	S2
S1-30151590	S2-667391262	S2
S1-175016539	S2-265891218	S2
S1-175016539	S2-811863966	S2
S1-175016539	S2-817896368	S2
S1-175016539	S2-497936247	S2
S1-175016539	S2-426153797	S2
S1-175016539	S2-727314761	S2
S1-175016539	S2-86043592	S2
S1-175016539	S2-343356244	S2
S1-175016539	S2-189226576	S2
S1-175016539	S2-903418291	S2
S1-175016539	S2-146369582	S2
S1-175016539	S2-8864337	S2
S1-175016539	S2-681956450	S2
S1-175016539	S2-424464370	S2
S1-175016539	S2-159064454	S2
S1-585509512	S2-926524693	S2
S1-585509512	S2-8982199	S2
S1-585509512	S2-809086049	S2
S1-585509512	S2-876721131	S2
S1-585509512	S2-666781884	S2
S1-585509512	S2-731588087	S2
S1-585509512	S2-726621584	S2
S1-585509512	S2-411547279	S2
S1-585509512	S2-50586341	S2
S1-585509512	S2-602297798	S2
S1-585509512	S2-398460096	S2
S1-585509512	S2-281309190	S2
S1-585509512	S2-861414287	S2
S1-585509512	S2-678788003	S2
S1-585509512	S2-915769300	S2
S1-898630961	S2-494755154	S2
S1-898630961	S2-339142042	S2
S1-898630961	S2-710175093	S2
S1-898630961	S2-331797662	S2
S1-898630961	S2-865353440	S2
S1-898630961	S2-497486406	S2
S1-898630961	S2-981550471	S2
S1-898630961	S2-512950951	S2
S1-898630961	S2-394554163	S2
S1-898630961	S2-905737147	S2
S1-898630961	S2-72944171	S2
S1-898630961	S2-512382393	S2
S1-898630961	S2-223117200	S2
S1-898630961	S2-391048922	S2
S1-898630961	S2-965341745	S2
S1-580432162	S2-997285082	S2
S1-580432162	S2-116543777	S2
S1-580432162	S2-214313720	S2
S1-580432162	S2-520524718	S2
S1-580432162	S2-393592371	S2
S1-580432162	S2-537997029	S2
S1-580432162	S2-19299067	S2
S1-580432162	S2-585106009	S2
S1-580432162	S2-741566402	S2
S1-580432162	S2-310050325	S2
S1-580432162	S2-762023797	S2
S1-580432162	S2-258046397	S2
S1-580432162	S2-837663921	S2
S1-580432162	S2-52268591	S2
S1-580432162	S2-760648353	S2
S1-88817160	S2-715851950	S2
S1-88817160	S2-760535604	S2
S1-88817160	S2-573094730	S2
S1-88817160	S2-578590880	S2
S1-88817160	S2-680125018	S2
S1-88817160	S2-763379556	S2
S1-88817160	S2-65176276	S2
S1-88817160	S2-560178870	S2
S1-88817160	S2-698567775	S2
S1-88817160	S2-872566864	S2
S1-88817160	S2-43073112	S2
S1-88817160	S2-994612767	S2
S1-88817160	S2-53273621	S2
S1-88817160	S2-966475004	S2
S1-88817160	S2-636634036	S2
S1-227354877	S2-824414038	S2
S1-227354877	S2-197514971	S2
S1-227354877	S2-15280146	S2
S1-227354877	S2-781274226	S2
S1-227354877	S2-735647694	S2
S1-227354877	S2-612684324	S2
S1-227354877	S2-252469399	S2
S1-227354877	S2-537997029	S2
S1-227354877	S2-838230067	S2
S1-227354877	S2-942813893	S2
S1-227354877	S2-190462665	S2
S1-227354877	S2-705088632	S2
S1-227354877	S2-848656635	S2
S1-227354877	S2-241479975	S2
S1-227354877	S2-308993997	S2
S1-553712807	S2-814881099	S2
S1-553712807	S2-726045392	S2
S1-553712807	S2-730043743	S2
S1-553712807	S2-402804051	S2
S1-553712807	S2-805435059	S2
S1-553712807	S2-694742670	S2
S1-553712807	S2-479278257	S2
S1-553712807	S2-317560138	S2
S1-553712807	S2-349301525	S2
S1-553712807	S2-979680303	S2
S1-553712807	S2-52846978	S2
S1-553712807	S2-879472043	S2
S1-553712807	S2-43889792	S2
S1-553712807	S2-697958072	S2
S1-553712807	S2-810670202	S2
S1-388700492	S2-370549501	S2
S1-388700492	S2-79488526	S2
S1-388700492	S2-777730349	S2
S1-388700492	S2-814052487	S2
S1-388700492	S2-670948516	S2
S1-388700492	S2-794352292	S2
S1-388700492	S2-921202375	S2
S1-388700492	S2-164651728	S2
S1-388700492	S2-8982199	S2
S1-388700492	S2-882459657	S2
S1-388700492	S2-978606166	S2
S1-388700492	S2-449440448	S2
S1-388700492	S2-747478411	S2
S1-388700492	S2-43498869	S2
S1-388700492	S2-199635728	S2
S1-238511000	S2-214447140	S2
S1-238511000	S2-863652256	S2
S1-238511000	S2-155721168	S2
S1-238511000	S2-984241859	S2
S1-238511000	S2-211389639	S2
S1-238511000	S2-961859453	S2
S1-238511000	S2-403364722	S2
S1-238511000	S2-914673196	S2
S1-238511000	S2-188887388	S2
S1-238511000	S2-18394219	S2
S1-238511000	S2-327008381	S2
S1-238511000	S2-406091061	S2
S1-238511000	S2-165228168	S2
S1-238511000	S2-563158163	S2
S1-238511000	S2-467121958	S2
S1-626922669	S2-446844245	S2
S1-626922669	S2-182955632	S2
S1-626922669	S2-177779132	S2
S1-626922669	S2-932843757	S2
S1-626922669	S2-877745187	S2
S1-626922669	S2-152104014	S2
S1-626922669	S2-569534268	S2
S1-626922669	S2-799238901	S2
S1-626922669	S2-133763910	S2
S1-626922669	S2-794530374	S2
S1-626922669	S2-847374839	S2
S1-626922669	S2-260686291	S2
S1-626922669	S2-995199364	S2
S1-626922669	S2-27297350	S2
S1-626922669	S2-228567244	S2
S1-428709431	S2-893669875	S2
S1-428709431	S2-301404229	S2
S1-428709431	S2-975929602	S2
S1-428709431	S2-827503791	S2
S1-428709431	S2-200440168	S2
S1-428709431	S2-573307988	S2
S1-428709431	S2-437309128	S2
S1-428709431	S2-386881464	S2
S1-428709431	S2-187593824	S2
S1-428709431	S2-233123309	S2
S1-428709431	S2-287588845	S2
S1-428709431	S2-460821959	S2
S1-428709431	S2-987414512	S2
S1-428709431	S2-605734275	S2
S1-428709431	S2-981256053	S2
S1-299742816	S2-857681318	S2
S1-299742816	S2-216434283	S2
S1-299742816	S2-675296997	S2
S1-299742816	S2-925511054	S2
S1-299742816	S2-918655668	S2
S1-299742816	S2-703267220	S2
S1-299742816	S2-822346901	S2
S1-299742816	S2-254788701	S2
S1-299742816	S2-461563520	S2
S1-299742816	S2-630651352	S2
S1-299742816	S2-438753836	S2
S1-299742816	S2-418380949	S2
S1-299742816	S2-263273654	S2
S1-299742816	S2-228779604	S2
S1-299742816	S2-718979866	S2
S1-383350674	S2-176968531	S2
S1-383350674	S2-822482083	S2
S1-383350674	S2-975285928	S2
S1-383350674	S2-784715242	S2
S1-383350674	S2-628378031	S2
S1-383350674	S2-622481215	S2
S1-383350674	S2-682964593	S2
S1-383350674	S2-957597561	S2
S1-383350674	S2-752081733	S2
S1-383350674	S2-808715382	S2
S1-383350674	S2-590829133	S2
S1-383350674	S2-256286125	S2
S1-383350674	S2-232805709	S2
S1-383350674	S2-453482489	S2
S1-383350674	S2-91953344	S2
S1-909955989	S2-816989315	S2
S1-909955989	S2-243813488	S2
S1-909955989	S2-378820746	S2
S1-909955989	S2-321398182	S2
S1-909955989	S2-757197434	S2
S1-909955989	S2-803111569	S2
S1-909955989	S2-486832341	S2
S1-909955989	S2-90112897	S2
S1-909955989	S2-793153206	S2
S1-909955989	S2-764306412	S2
S1-909955989	S2-126222886	S2
S1-909955989	S2-585316294	S2
S1-909955989	S2-772323364	S2
S1-909955989	S2-872809565	S2
S1-909955989	S2-852307591	S2
S1-216798062	S2-186614082	S2
S1-216798062	S2-623705967	S2
S1-216798062	S2-219432880	S2
S1-216798062	S2-9614101	S2
S1-216798062	S2-597331429	S2
S1-216798062	S2-51424319	S2
S1-216798062	S2-409726115	S2
S1-216798062	S2-820931640	S2
S1-216798062	S2-516871248	S2
S1-216798062	S2-202159021	S2
S1-216798062	S2-510383940	S2
S1-216798062	S2-670524857	S2
S1-216798062	S2-25787219	S2
S1-216798062	S2-560818510	S2
S1-216798062	S2-802873219	S2
S1-772468356	S2-812319202	S2
S1-772468356	S2-181056636	S2
S1-772468356	S2-254663123	S2
S1-772468356	S2-500096956	S2
S1-772468356	S2-708389947	S2
S1-772468356	S2-613102013	S2
S1-772468356	S2-3987022	S2
S1-772468356	S2-309042378	S2
S1-772468356	S2-447293847	S2
S1-772468356	S2-204591452	S2
S1-772468356	S2-125297289	S2
S1-772468356	S2-891756213	S2
S1-772468356	S2-256459754	S2
S1-772468356	S2-630655854	S2
S1-772468356	S2-743455401	S2
S1-908800416	S2-721104467	S2
S1-908800416	S2-706360388	S2
S1-908800416	S2-706455784	S2
S1-908800416	S2-570512018	S2
S1-908800416	S2-731682240	S2
S1-908800416	S2-220948169	S2
S1-908800416	S2-390971137	S2
S1-908800416	S2-2048071	S2
S1-908800416	S2-374521955	S2
S1-908800416	S2-959693129	S2
S1-908800416	S2-157564986	S2
S1-908800416	S2-613019176	S2
S1-908800416	S2-763813514	S2
S1-908800416	S2-374123528	S2
S1-908800416	S2-973057450	S2
S1-27002930	S2-331311420	S2
S1-27002930	S2-256236598	S2
S1-27002930	S2-536514418	S2
S1-27002930	S2-407917981	S2
S1-27002930	S2-40530909	S2
S1-27002930	S2-706455784	S2
S1-27002930	S2-382500675	S2
S1-27002930	S2-461150320	S2
S1-27002930	S2-66915093	S2
S1-27002930	S2-869788374	S2
S1-27002930	S2-386366146	S2
S1-27002930	S2-15919698	S2
S1-27002930	S2-970203166	S2
S1-27002930	S2-985114164	S2
S1-27002930	S2-857545705	S2
S1-615389185	S2-748325649	S2
S1-615389185	S2-764430935	S2
S1-615389185	S2-560140043	S2
S1-615389185	S2-437309128	S2
S1-615389185	S2-656749559	S2
S1-615389185	S2-640420911	S2
S1-615389185	S2-362602827	S2
S1-615389185	S2-983794224	S2
S1-615389185	S2-26324258	S2
S1-615389185	S2-960892569	S2
S1-615389185	S2-512382393	S2
S1-615389185	S2-369458829	S2
S1-615389185	S2-126113089	S2
S1-615389185	S2-672736825	S2
S1-615389185	S2-229217508	S2
S1-674323954	S2-916812240	S2
S1-674323954	S2-771555843	S2
S1-674323954	S2-172745464	S2
S1-674323954	S2-822978972	S2
S1-674323954	S2-548633980	S2
S1-674323954	S2-602695064	S2
S1-674323954	S2-895944720	S2
S1-674323954	S2-784105752	S2
S1-674323954	S2-463146600	S2
S1-674323954	S2-975929602	S2
S1-674323954	S2-748347027	S2
S1-674323954	S2-565295384	S2
S1-674323954	S2-71788805	S2
S1-674323954	S2-331692143	S2
S1-674323954	S2-995134427	S2
S1-404818756	S2-836846019	S2
S1-404818756	S2-868365106	S2
S1-404818756	S2-902261581	S2
S1-404818756	S2-47749434	S2
S1-404818756	S2-256236598	S2
S1-404818756	S2-563644814	S2
S1-404818756	S2-535988246	S2
S1-404818756	S2-960361858	S2
S1-404818756	S2-284439219	S2
S1-404818756	S2-300777619	S2
S1-404818756	S2-281482759	S2
S1-404818756	S2-447441433	S2
S1-404818756	S2-348173686	S2
S1-404818756	S2-222042072	S2
S1-404818756	S2-529125623	S2
S1-85210897	S2-728928259	S2
S1-85210897	S2-354912564	S2
S1-85210897	S2-305873353	S2
S1-85210897	S2-367970234	S2
S1-85210897	S2-353393611	S2
S1-85210897	S2-434166125	S2
S1-85210897	S2-882459657	S2
S1-85210897	S2-110236539	S2
S1-85210897	S2-155681006	S2
S1-85210897	S2-349287094	S2
S1-85210897	S2-530330935	S2
S1-85210897	S2-475419520	S2
S1-85210897	S2-704269513	S2
S1-85210897	S2-354227046	S2
S1-85210897	S2-260388248	S2
S1-625041866	S2-305071473	S2
S1-625041866	S2-284585076	S2
S1-625041866	S2-570512018	S2
S1-625041866	S2-539531490	S2
S1-625041866	S2-432687019	S2
S1-625041866	S2-38917398	S2
S1-625041866	S2-841917974	S2
S1-625041866	S2-164761174	S2
S1-625041866	S2-832217093	S2
S1-625041866	S2-256172355	S2
S1-625041866	S2-642921016	S2
S1-625041866	S2-185692593	S2
S1-625041866	S2-500350498	S2
S1-625041866	S2-316224656	S2
S1-625041866	S2-965204047	S2
S1-784078088	S2-475524221	S2
S1-784078088	S2-863652256	S2
S1-784078088	S2-587381188	S2
S1-784078088	S2-877559598	S2
S1-784078088	S2-984241859	S2
S1-784078088	S2-741298163	S2
S1-784078088	S2-914673196	S2
S1-784078088	S2-214447140	S2
S1-784078088	S2-403364722	S2
S1-784078088	S2-563158163	S2
S1-784078088	S2-155721168	S2
S1-784078088	S2-18394219	S2
S1-784078088	S2-991843540	S2
S1-784078088	S2-211389639	S2
S1-784078088	S2-467121958	S2
S1-661173194	S2-754091408	S2
S1-661173194	S2-85163295	S2
S1-661173194	S2-398793962	S2
S1-661173194	S2-892976075	S2
S1-661173194	S2-912228916	S2
S1-661173194	S2-419837913	S2
S1-661173194	S2-938743845	S2
S1-661173194	S2-878134898	S2
S1-661173194	S2-932096839	S2
S1-661173194	S2-837096453	S2
S1-661173194	S2-895944134	S2
S1-661173194	S2-488915476	S2
S1-661173194	S2-916238268	S2
S1-661173194	S2-680762771	S2
S1-661173194	S2-184582259	S2
S1-21376915	S2-17360295	S2
S1-21376915	S2-665463193	S2
S1-21376915	S2-432279643	S2
S1-21376915	S2-566293411	S2
S1-21376915	S2-18442426	S2
S1-21376915	S2-44909703	S2
S1-21376915	S2-199235212	S2
S1-21376915	S2-502689864	S2
S1-21376915	S2-79488526	S2
S1-21376915	S2-888030033	S2
S1-21376915	S2-20143885	S2
S1-21376915	S2-794352292	S2
S1-21376915	S2-224980295	S2
S1-21376915	S2-275292871	S2
S1-21376915	S2-861414287	S2
S1-857915278	S2-560140043	S2
S1-857915278	S2-656749559	S2
S1-857915278	S2-640420911	S2
S1-857915278	S2-437309128	S2
S1-857915278	S2-26324258	S2
S1-857915278	S2-847120229	S2
S1-857915278	S2-764430935	S2
S1-857915278	S2-923853202	S2
S1-857915278	S2-126113089	S2
S1-857915278	S2-672736825	S2
S1-857915278	S2-229217508	S2
S1-857915278	S2-512382393	S2
S1-857915278	S2-748325649	S2
S1-857915278	S2-369458829	S2
S1-857915278	S2-362602827	S2
S1-535787043	S2-735788494	S2
S1-535787043	S2-430379962	S2
S1-535787043	S2-715418044	S2
S1-535787043	S2-194885385	S2
S1-535787043	S2-745144089	S2
S1-535787043	S2-689049050	S2
S1-535787043	S2-717686537	S2
S1-535787043	S2-234289368	S2
S1-535787043	S2-381426717	S2
S1-535787043	S2-744917936	S2
S1-535787043	S2-465837411	S2
S1-535787043	S2-126411084	S2
S1-535787043	S2-163963287	S2
S1-535787043	S2-343655850	S2
S1-535787043	S2-614640857	S2
S1-582702190	S2-362776689	S2
S1-582702190	S2-570512018	S2
S1-582702190	S2-554378599	S2
S1-582702190	S2-91953344	S2
S1-582702190	S2-427111019	S2
S1-582702190	S2-25954937	S2
S1-582702190	S2-715522197	S2
S1-582702190	S2-54240116	S2
S1-582702190	S2-769858942	S2
S1-582702190	S2-224839523	S2
S1-582702190	S2-118711492	S2
S1-582702190	S2-22805370	S2
S1-582702190	S2-496765251	S2
S1-582702190	S2-40746806	S2
S1-582702190	S2-979303211	S2
S1-72252837	S2-69869857	S2
S1-72252837	S2-382115578	S2
S1-72252837	S2-61994815	S2
S1-72252837	S2-20047958	S2
S1-72252837	S2-56744275	S2
S1-72252837	S2-875461623	S2
S1-72252837	S2-616836723	S2
S1-72252837	S2-416107889	S2
S1-72252837	S2-769808418	S2
S1-72252837	S2-888667254	S2
S1-72252837	S2-903479853	S2
S1-72252837	S2-200440168	S2
S1-72252837	S2-259305279	S2
S1-72252837	S2-446585847	S2
S1-72252837	S2-362875802	S2
S1-557729317	S2-529867680	S2
S1-557729317	S2-892976075	S2
S1-557729317	S2-253709551	S2
S1-557729317	S2-485902426	S2
S1-557729317	S2-912228916	S2
S1-557729317	S2-55073412	S2
S1-557729317	S2-878134898	S2
S1-557729317	S2-379973959	S2
S1-557729317	S2-634180182	S2
S1-557729317	S2-837096453	S2
S1-557729317	S2-806324381	S2
S1-557729317	S2-895944134	S2
S1-557729317	S2-795141272	S2
S1-557729317	S2-513883989	S2
S1-557729317	S2-855836919	S2
S1-44450013	S2-76561277	S2
S1-44450013	S2-611936552	S2
S1-44450013	S2-735647694	S2
S1-44450013	S2-948826263	S2
S1-44450013	S2-791429680	S2
S1-44450013	S2-74154365	S2
S1-44450013	S2-293477711	S2
S1-44450013	S2-514714174	S2
S1-44450013	S2-338373453	S2
S1-44450013	S2-209093728	S2
S1-44450013	S2-591277113	S2
S1-44450013	S2-778812617	S2
S1-44450013	S2-448515850	S2
S1-44450013	S2-842446266	S2
S1-44450013	S2-254788212	S2
S1-244210172	S2-166932951	S2
S1-244210172	S2-98707133	S2
S1-244210172	S2-712153407	S2
S1-244210172	S2-535538356	S2
S1-244210172	S2-201659527	S2
S1-244210172	S2-297926319	S2
S1-244210172	S2-708389947	S2
S1-244210172	S2-736350861	S2
S1-244210172	S2-208815786	S2
S1-244210172	S2-773208378	S2
S1-244210172	S2-564777969	S2
S1-244210172	S2-784775419	S2
S1-244210172	S2-682814350	S2
S1-244210172	S2-896696403	S2
S1-244210172	S2-706360388	S2
S1-545839168	S2-961859453	S2
S1-545839168	S2-674862293	S2
S1-545839168	S2-368206306	S2
S1-545839168	S2-572650198	S2
S1-545839168	S2-332453876	S2
S1-545839168	S2-441144872	S2
S1-545839168	S2-944853638	S2
S1-545839168	S2-256236598	S2
S1-545839168	S2-836846019	S2
S1-545839168	S2-868365106	S2
S1-545839168	S2-47749434	S2
S1-545839168	S2-563644814	S2
S1-545839168	S2-902261581	S2
S1-545839168	S2-535988246	S2
S1-545839168	S2-960361858	S2
S1-829420372	S2-263273654	S2
S1-829420372	S2-228779604	S2
S1-829420372	S2-393592371	S2
S1-829420372	S2-785852339	S2
S1-829420372	S2-3326062	S2
S1-829420372	S2-894693263	S2
S1-829420372	S2-145204119	S2
S1-829420372	S2-310613953	S2
S1-829420372	S2-573094730	S2
S1-829420372	S2-441341822	S2
S1-829420372	S2-362555190	S2
S1-829420372	S2-613033114	S2
S1-829420372	S2-699391872	S2
S1-829420372	S2-17860697	S2
S1-829420372	S2-225100350	S2
S1-424170762	S2-845062226	S2
S1-424170762	S2-384219063	S2
S1-424170762	S2-114121811	S2
S1-424170762	S2-835256551	S2
S1-424170762	S2-647664606	S2
S1-424170762	S2-33267509	S2
S1-424170762	S2-617467150	S2
S1-424170762	S2-761559953	S2
S1-424170762	S2-63801241	S2
S1-424170762	S2-782160235	S2
S1-424170762	S2-311868409	S2
S1-424170762	S2-879019234	S2
S1-424170762	S2-831117180	S2
S1-424170762	S2-591448531	S2
S1-424170762	S2-706168001	S2
S1-859740925	S2-438969319	S2
S1-859740925	S2-459758045	S2
S1-859740925	S2-706360388	S2
S1-859740925	S2-505041950	S2
S1-859740925	S2-219432880	S2
S1-859740925	S2-9614101	S2
S1-859740925	S2-394554163	S2
S1-859740925	S2-428899461	S2
S1-859740925	S2-74992830	S2
S1-859740925	S2-727570982	S2
S1-859740925	S2-332453876	S2
S1-859740925	S2-877085471	S2
S1-859740925	S2-190642185	S2
S1-859740925	S2-635228641	S2
S1-859740925	S2-238811766	S2
S1-285660164	S2-492444908	S2
S1-285660164	S2-814955870	S2
S1-285660164	S2-177918546	S2
S1-285660164	S2-187593824	S2
S1-285660164	S2-8982199	S2
S1-285660164	S2-556747559	S2
S1-285660164	S2-987414512	S2
S1-285660164	S2-528320338	S2
S1-285660164	S2-822798491	S2
S1-285660164	S2-231688856	S2
S1-285660164	S2-699404448	S2
S1-285660164	S2-929722075	S2
S1-285660164	S2-221008320	S2
S1-285660164	S2-225823147	S2
S1-285660164	S2-605734275	S2
S1-722435697	S2-239425365	S2
S1-722435697	S2-321398182	S2
S1-722435697	S2-606589402	S2
S1-722435697	S2-757169960	S2
S1-722435697	S2-102704852	S2
S1-722435697	S2-217976803	S2
S1-722435697	S2-31971701	S2
S1-722435697	S2-881342723	S2
S1-722435697	S2-648055380	S2
S1-722435697	S2-138702507	S2
S1-722435697	S2-775099408	S2
S1-722435697	S2-324372014	S2
S1-722435697	S2-154655572	S2
S1-722435697	S2-982950235	S2
S1-722435697	S2-35320888	S2
S1-28205922	S2-104858458	S2
S1-28205922	S2-662616520	S2
S1-28205922	S2-161047745	S2
S1-28205922	S2-491074769	S2
S1-28205922	S2-85163295	S2
S1-28205922	S2-892976075	S2
S1-28205922	S2-485902426	S2
S1-28205922	S2-878134898	S2
S1-28205922	S2-912228916	S2
S1-28205922	S2-445109396	S2
S1-28205922	S2-837096453	S2
S1-28205922	S2-94068349	S2
S1-28205922	S2-895944134	S2
S1-28205922	S2-613204180	S2
S1-28205922	S2-381747268	S2
S1-829987371	S2-566627479	S2
S1-829987371	S2-884135049	S2
S1-829987371	S2-574943143	S2
S1-829987371	S2-696676120	S2
S1-829987371	S2-366986483	S2
S1-829987371	S2-570512018	S2
S1-829987371	S2-384951393	S2
S1-829987371	S2-298761341	S2
S1-829987371	S2-316020185	S2
S1-829987371	S2-472555582	S2
S1-829987371	S2-841917974	S2
S1-829987371	S2-978126813	S2
S1-829987371	S2-888017647	S2
S1-829987371	S2-496777850	S2
S1-829987371	S2-606547068	S2
S1-385338713	S2-741566402	S2
S1-385338713	S2-91150407	S2
S1-385338713	S2-601185190	S2
S1-385338713	S2-882907234	S2
S1-385338713	S2-172207378	S2
S1-385338713	S2-327707439	S2
S1-385338713	S2-800779929	S2
S1-385338713	S2-328900052	S2
S1-385338713	S2-491028094	S2
S1-385338713	S2-299591716	S2
S1-385338713	S2-857920251	S2
S1-385338713	S2-814239836	S2
S1-385338713	S2-144066810	S2
S1-385338713	S2-732609411	S2
S1-385338713	S2-166269541	S2
S1-271520763	S2-144609625	S2
S1-271520763	S2-607423444	S2
S1-271520763	S2-357197766	S2
S1-271520763	S2-810723110	S2
S1-271520763	S2-591398537	S2
S1-271520763	S2-592507930	S2
S1-271520763	S2-287588845	S2
S1-271520763	S2-661036235	S2
S1-271520763	S2-478830670	S2
S1-271520763	S2-846975420	S2
S1-271520763	S2-706238826	S2
S1-271520763	S2-222540081	S2
S1-271520763	S2-100798928	S2
S1-271520763	S2-848878443	S2
S1-271520763	S2-187499079	S2
S1-702535028	S2-373730786	S2
S1-702535028	S2-187572852	S2
S1-702535028	S2-608598841	S2
S1-702535028	S2-285903626	S2
S1-702535028	S2-757487043	S2
S1-702535028	S2-803343298	S2
S1-702535028	S2-831117180	S2
S1-702535028	S2-786753976	S2
S1-702535028	S2-81664343	S2
S1-702535028	S2-144757916	S2
S1-702535028	S2-653287190	S2
S1-702535028	S2-27305575	S2
S1-702535028	S2-389998118	S2
S1-702535028	S2-682289441	S2
S1-702535028	S2-469981621	S2
S1-864658047	S2-429393647	S2
S1-864658047	S2-121759397	S2
S1-864658047	S2-277830258	S2
S1-864658047	S2-622064104	S2
S1-864658047	S2-850499815	S2
S1-864658047	S2-549354680	S2
S1-864658047	S2-841806453	S2
S1-864658047	S2-889497510	S2
S1-864658047	S2-224032436	S2
S1-864658047	S2-913033756	S2
S1-864658047	S2-81084363	S2
S1-864658047	S2-651190084	S2
S1-864658047	S2-513883989	S2
S1-864658047	S2-944030245	S2
S1-864658047	S2-213099480	S2
S1-701003373	S2-965274658	S2
S1-701003373	S2-961183932	S2
S1-701003373	S2-34732391	S2
S1-701003373	S2-737922279	S2
S1-701003373	S2-983169327	S2
S1-701003373	S2-450266205	S2
S1-701003373	S2-880662813	S2
S1-701003373	S2-261144736	S2
S1-701003373	S2-389207858	S2
S1-701003373	S2-8299927	S2
S1-701003373	S2-350985725	S2
S1-701003373	S2-95209143	S2
S1-701003373	S2-724723594	S2
S1-701003373	S2-6467307	S2
S1-701003373	S2-426153797	S2
S1-924467624	S2-731097037	S2
S1-924467624	S2-490251737	S2
S1-924467624	S2-953860617	S2
S1-924467624	S2-385325065	S2
S1-924467624	S2-919706463	S2
S1-924467624	S2-414623921	S2
S1-924467624	S2-251270580	S2
S1-924467624	S2-407917981	S2
S1-924467624	S2-582932642	S2
S1-924467624	S2-193995593	S2
S1-924467624	S2-459018782	S2
S1-924467624	S2-202081914	S2
S1-924467624	S2-792661362	S2
S1-924467624	S2-150965879	S2
S1-924467624	S2-130460888	S2
S1-818679709	S2-92868774	S2
S1-818679709	S2-706770555	S2
S1-818679709	S2-743951385	S2
S1-818679709	S2-39079223	S2
S1-818679709	S2-716687956	S2
S1-818679709	S2-516249560	S2
S1-818679709	S2-69559356	S2
S1-818679709	S2-38917398	S2
S1-818679709	S2-663913320	S2
S1-818679709	S2-619859806	S2
S1-818679709	S2-176968531	S2
S1-818679709	S2-209549510	S2
S1-818679709	S2-734993182	S2
S1-818679709	S2-973057450	S2
S1-818679709	S2-148968056	S2
S1-106011786	S2-757677016	S2
S1-106011786	S2-294114423	S2
S1-106011786	S2-118393214	S2
S1-106011786	S2-533197229	S2
S1-106011786	S2-644844275	S2
S1-106011786	S2-270518407	S2
S1-106011786	S2-929443380	S2
S1-106011786	S2-780872035	S2
S1-106011786	S2-311198605	S2
S1-106011786	S2-910448815	S2
S1-106011786	S2-700717757	S2
S1-106011786	S2-940187710	S2
S1-106011786	S2-222899205	S2
S1-106011786	S2-349365849	S2
S1-106011786	S2-591277113	S2
S1-546702803	S2-895071828	S2
S1-546702803	S2-99468652	S2
S1-546702803	S2-762096507	S2
S1-546702803	S2-771685137	S2
S1-546702803	S2-265891218	S2
S1-546702803	S2-242582700	S2
S1-546702803	S2-726045392	S2
S1-546702803	S2-846262463	S2
S1-546702803	S2-873177396	S2
S1-546702803	S2-788754887	S2
S1-546702803	S2-402548315	S2
S1-546702803	S2-335124172	S2
S1-546702803	S2-121378391	S2
S1-546702803	S2-955730734	S2
S1-546702803	S2-566309986	S2
S1-658439443	S2-794412447	S2
S1-658439443	S2-712153407	S2
S1-658439443	S2-8982199	S2
S1-658439443	S2-865681369	S2
S1-658439443	S2-68402423	S2
S1-658439443	S2-15148623	S2
S1-658439443	S2-158902765	S2
S1-658439443	S2-157735411	S2
S1-658439443	S2-939986664	S2
S1-658439443	S2-921274499	S2
S1-658439443	S2-265891218	S2
S1-658439443	S2-975285928	S2
S1-658439443	S2-535538356	S2
S1-658439443	S2-340786070	S2
S1-658439443	S2-297926319	S2
S1-608967311	S2-794352292	S2
S1-608967311	S2-921202375	S2
S1-608967311	S2-8982199	S2
S1-608967311	S2-512950951	S2
S1-608967311	S2-889578554	S2
S1-608967311	S2-688657051	S2
S1-608967311	S2-371437571	S2
S1-608967311	S2-828872229	S2
S1-608967311	S2-370549501	S2
S1-608967311	S2-889497510	S2
S1-608967311	S2-395800668	S2
S1-608967311	S2-829598251	S2
S1-608967311	S2-342482411	S2
S1-608967311	S2-803100423	S2
S1-608967311	S2-583891679	S2
S1-680008372	S2-929614987	S2
S1-680008372	S2-427374357	S2
S1-680008372	S2-693296247	S2
S1-680008372	S2-539943184	S2
S1-680008372	S2-293675262	S2
S1-680008372	S2-314926539	S2
S1-680008372	S2-660467546	S2
S1-680008372	S2-981550471	S2
S1-680008372	S2-868574975	S2
S1-680008372	S2-291868119	S2
S1-680008372	S2-566309986	S2
S1-680008372	S2-791990398	S2
S1-680008372	S2-494828371	S2
S1-680008372	S2-196587307	S2
S1-680008372	S2-370549501	S2
S1-621761582	S2-386881464	S2
S1-621761582	S2-726732611	S2
S1-621761582	S2-460821959	S2
S1-621761582	S2-183050312	S2
S1-621761582	S2-975929602	S2
S1-621761582	S2-235976983	S2
S1-621761582	S2-537803499	S2
S1-621761582	S2-861758392	S2
S1-621761582	S2-287588845	S2
S1-621761582	S2-987414512	S2
S1-621761582	S2-827503791	S2
S1-621761582	S2-605734275	S2
S1-621761582	S2-319667672	S2
S1-621761582	S2-252321761	S2
S1-621761582	S2-459758045	S2
S1-349458496	S2-960129567	S2
S1-349458496	S2-165863386	S2
S1-349458496	S2-424537185	S2
S1-349458496	S2-17933853	S2
S1-349458496	S2-972051451	S2
S1-349458496	S2-726813453	S2
S1-349458496	S2-733025108	S2
S1-349458496	S2-436663188	S2
S1-349458496	S2-645440237	S2
S1-349458496	S2-60818919	S2
S1-349458496	S2-512950951	S2
S1-349458496	S2-836906889	S2
S1-349458496	S2-713109591	S2
S1-349458496	S2-619664055	S2
S1-349458496	S2-836846019	S2
S1-851769617	S2-968735721	S2
S1-851769617	S2-574357374	S2
S1-851769617	S2-373143276	S2
S1-851769617	S2-782032185	S2
S1-851769617	S2-487524833	S2
S1-851769617	S2-687374926	S2
S1-851769617	S2-674223031	S2
S1-851769617	S2-932434431	S2
S1-851769617	S2-892882538	S2
S1-851769617	S2-594607876	S2
S1-851769617	S2-31633295	S2
S1-851769617	S2-647040826	S2
S1-851769617	S2-351822798	S2
S1-851769617	S2-92854944	S2
S1-851769617	S2-550763752	S2
S1-156869488	S2-770688784	S2
S1-156869488	S2-540853782	S2
S1-156869488	S2-139857118	S2
S1-156869488	S2-459107455	S2
S1-156869488	S2-542975651	S2
S1-156869488	S2-106188251	S2
S1-156869488	S2-584696844	S2
S1-156869488	S2-421672451	S2
S1-156869488	S2-803596169	S2
S1-156869488	S2-308505251	S2
S1-156869488	S2-538976068	S2
S1-156869488	S2-842456481	S2
S1-156869488	S2-957978733	S2
S1-156869488	S2-980846147	S2
S1-156869488	S2-231042988	S2
S1-727634534	S2-172207378	S2
S1-727634534	S2-420385975	S2
S1-727634534	S2-575813071	S2
S1-727634534	S2-72591393	S2
S1-727634534	S2-590158229	S2
S1-727634534	S2-714768922	S2
S1-727634534	S2-487436030	S2
S1-727634534	S2-398902312	S2
S1-727634534	S2-582679076	S2
S1-727634534	S2-564502430	S2
S1-727634534	S2-924470584	S2
S1-727634534	S2-629499045	S2
S1-727634534	S2-876824000	S2
S1-727634534	S2-121611732	S2
S1-727634534	S2-633921347	S2
S1-853993166	S2-770769195	S2
S1-853993166	S2-730588551	S2
S1-853993166	S2-300552236	S2
S1-853993166	S2-166629328	S2
S1-853993166	S2-302419463	S2
S1-853993166	S2-802129140	S2
S1-853993166	S2-174059963	S2
S1-853993166	S2-230946285	S2
S1-853993166	S2-369116881	S2
S1-853993166	S2-927572293	S2
S1-853993166	S2-523031614	S2
S1-853993166	S2-650621734	S2
S1-853993166	S2-741639927	S2
S1-853993166	S2-696885509	S2
S1-853993166	S2-742406486	S2
S1-882698520	S2-998885968	S2
S1-882698520	S2-92868774	S2
S1-882698520	S2-426439815	S2
S1-882698520	S2-218771556	S2
S1-882698520	S2-859726068	S2
S1-882698520	S2-927235908	S2
S1-882698520	S2-741639927	S2
S1-882698520	S2-277830258	S2
S1-882698520	S2-402816014	S2
S1-882698520	S2-833900025	S2
S1-882698520	S2-811863966	S2
S1-882698520	S2-40746806	S2
S1-882698520	S2-662221399	S2
S1-882698520	S2-131488214	S2
S1-882698520	S2-721241427	S2
S1-893318925	S2-318784543	S2
S1-893318925	S2-225761300	S2
S1-893318925	S2-863198881	S2
S1-893318925	S2-314169444	S2
S1-893318925	S2-769858942	S2
S1-893318925	S2-466380342	S2
S1-893318925	S2-378867947	S2
S1-893318925	S2-79905632	S2
S1-893318925	S2-129637001	S2
S1-893318925	S2-76923389	S2
S1-893318925	S2-520587790	S2
S1-893318925	S2-642921016	S2
S1-893318925	S2-121534599	S2
S1-893318925	S2-800992054	S2
S1-893318925	S2-947466256	S2
S1-948768038	S2-729001863	S2
S1-948768038	S2-305071473	S2
S1-948768038	S2-830803484	S2
S1-948768038	S2-63052434	S2
S1-948768038	S2-150305750	S2
S1-948768038	S2-420409886	S2
S1-948768038	S2-740446216	S2
S1-948768038	S2-799978429	S2
S1-948768038	S2-981916482	S2
S1-948768038	S2-932843757	S2
S1-948768038	S2-519903945	S2
S1-948768038	S2-99260087	S2
S1-948768038	S2-977033809	S2
S1-948768038	S2-690500641	S2
S1-948768038	S2-199348255	S2
S1-513693430	S2-329256726	S2
S1-513693430	S2-937858663	S2
S1-513693430	S2-831625227	S2
S1-513693430	S2-137335733	S2
S1-513693430	S2-187593824	S2
S1-513693430	S2-104641729	S2
S1-513693430	S2-529318908	S2
S1-513693430	S2-391886434	S2
S1-513693430	S2-859393404	S2
S1-513693430	S2-200200363	S2
S1-513693430	S2-945813340	S2
S1-513693430	S2-256451765	S2
S1-513693430	S2-12970251	S2
S1-513693430	S2-506682722	S2
S1-513693430	S2-695240341	S2
S1-90406410	S2-477993186	S2
S1-90406410	S2-56541596	S2
S1-90406410	S2-191045664	S2
S1-90406410	S2-507619867	S2
S1-90406410	S2-121549347	S2
S1-90406410	S2-178777487	S2
S1-90406410	S2-281557469	S2
S1-90406410	S2-706615728	S2
S1-90406410	S2-87006376	S2
S1-90406410	S2-673341944	S2
S1-90406410	S2-376791375	S2
S1-90406410	S2-123409799	S2
S1-90406410	S2-823869687	S2
S1-90406410	S2-223117200	S2
S1-90406410	S2-26324258	S2
S1-545645075	S2-891948772	S2
S1-545645075	S2-395800668	S2
S1-545645075	S2-162977382	S2
S1-545645075	S2-977609843	S2
S1-545645075	S2-609911019	S2
S1-545645075	S2-371437571	S2
S1-545645075	S2-258702122	S2
S1-545645075	S2-583891679	S2
S1-545645075	S2-688657051	S2
S1-545645075	S2-889578554	S2
S1-545645075	S2-859726068	S2
S1-545645075	S2-889497510	S2
S1-545645075	S2-342482411	S2
S1-545645075	S2-803100423	S2
S1-545645075	S2-829598251	S2
S1-468172551	S2-405681592	S2
S1-468172551	S2-153334775	S2
S1-468172551	S2-997447520	S2
S1-468172551	S2-318546967	S2
S1-468172551	S2-849686830	S2
S1-468172551	S2-49942811	S2
S1-468172551	S2-604893296	S2
S1-468172551	S2-747793486	S2
S1-468172551	S2-660113658	S2
S1-468172551	S2-207084937	S2
S1-468172551	S2-911982345	S2
S1-468172551	S2-253799125	S2
S1-468172551	S2-305427278	S2
S1-468172551	S2-662107705	S2
S1-468172551	S2-937509955	S2
S1-791155002	S2-528483872	S2
S1-791155002	S2-274109622	S2
S1-791155002	S2-862571135	S2
S1-791155002	S2-182529912	S2
S1-791155002	S2-500350498	S2
S1-791155002	S2-185692593	S2
S1-791155002	S2-479081815	S2
S1-791155002	S2-642921016	S2
S1-791155002	S2-432687019	S2
S1-791155002	S2-484559177	S2
S1-791155002	S2-315872469	S2
S1-791155002	S2-885496247	S2
S1-791155002	S2-665652910	S2
S1-791155002	S2-159175610	S2
S1-791155002	S2-965204047	S2
S1-549242522	S2-751588111	S2
S1-549242522	S2-643308876	S2
S1-549242522	S2-213099480	S2
S1-549242522	S2-794412447	S2
S1-549242522	S2-28111444	S2
S1-549242522	S2-963646032	S2
S1-549242522	S2-537858187	S2
S1-549242522	S2-859393404	S2
S1-549242522	S2-838493982	S2
S1-549242522	S2-568951817	S2
S1-549242522	S2-459018782	S2
S1-549242522	S2-630688873	S2
S1-549242522	S2-326946504	S2
S1-549242522	S2-335038001	S2
S1-549242522	S2-210601194	S2
S1-183760590	S2-862759276	S2
S1-183760590	S2-943861343	S2
S1-183760590	S2-15025788	S2
S1-183760590	S2-583111097	S2
S1-183760590	S2-877823257	S2
S1-183760590	S2-197625218	S2
S1-183760590	S2-646080124	S2
S1-183760590	S2-119087459	S2
S1-183760590	S2-835613264	S2
S1-183760590	S2-311814169	S2
S1-183760590	S2-949133216	S2
S1-183760590	S2-402816908	S2
S1-183760590	S2-209709244	S2
S1-183760590	S2-665981472	S2
S1-183760590	S2-980457024	S2
S1-244809602	S2-164651728	S2
S1-244809602	S2-136305349	S2
S1-244809602	S2-44909703	S2
S1-244809602	S2-199235212	S2
S1-244809602	S2-432279643	S2
S1-244809602	S2-566293411	S2
S1-244809602	S2-18442426	S2
S1-244809602	S2-324372014	S2
S1-244809602	S2-665463193	S2
S1-244809602	S2-20143885	S2
S1-244809602	S2-502689864	S2
S1-244809602	S2-888030033	S2
S1-244809602	S2-794352292	S2
S1-244809602	S2-79488526	S2
S1-244809602	S2-224980295	S2
S1-340929942	S2-349365849	S2
S1-340929942	S2-808715382	S2
S1-340929942	S2-398793962	S2
S1-340929942	S2-781790661	S2
S1-340929942	S2-592124942	S2
S1-340929942	S2-174396062	S2
S1-340929942	S2-582679076	S2
S1-340929942	S2-534415637	S2
S1-340929942	S2-277557813	S2
S1-340929942	S2-432522197	S2
S1-340929942	S2-518692071	S2
S1-340929942	S2-252469399	S2
S1-340929942	S2-156054800	S2
S1-340929942	S2-175865714	S2
S1-340929942	S2-849580158	S2
S1-596555182	S2-378820746	S2
S1-596555182	S2-486832341	S2
S1-596555182	S2-793153206	S2
S1-596555182	S2-179458531	S2
S1-596555182	S2-90112897	S2
S1-596555182	S2-411547279	S2
S1-596555182	S2-672321572	S2
S1-596555182	S2-223493773	S2
S1-596555182	S2-872809565	S2
S1-596555182	S2-764306412	S2
S1-596555182	S2-852307591	S2
S1-596555182	S2-321398182	S2
S1-596555182	S2-585316294	S2
S1-596555182	S2-772323364	S2
S1-596555182	S2-126222886	S2
S1-495878698	S2-192178144	S2
S1-495878698	S2-609334836	S2
S1-495878698	S2-209709244	S2
S1-495878698	S2-376819411	S2
S1-495878698	S2-966906886	S2
S1-495878698	S2-133809905	S2
S1-495878698	S2-680155243	S2
S1-495878698	S2-265295979	S2
S1-495878698	S2-456598271	S2
S1-495878698	S2-683872853	S2
S1-495878698	S2-610038935	S2
S1-495878698	S2-762793223	S2
S1-495878698	S2-165396141	S2
S1-495878698	S2-288991362	S2
S1-495878698	S2-16791478	S2
S1-755546342	S2-136113375	S2
S1-755546342	S2-80378413	S2
S1-755546342	S2-410671671	S2
S1-755546342	S2-633677238	S2
S1-755546342	S2-216434283	S2
S1-755546342	S2-624920895	S2
S1-755546342	S2-219374527	S2
S1-755546342	S2-226551251	S2
S1-755546342	S2-30769224	S2
S1-755546342	S2-1986290	S2
S1-755546342	S2-481306942	S2
S1-755546342	S2-673704658	S2
S1-755546342	S2-388362035	S2
S1-755546342	S2-76243565	S2
S1-755546342	S2-174609481	S2
S1-938792097	S2-769858942	S2
S1-938792097	S2-882459657	S2
S1-938792097	S2-715522197	S2
S1-938792097	S2-554378599	S2
S1-938792097	S2-277444929	S2
S1-938792097	S2-864103770	S2
S1-938792097	S2-847408459	S2
S1-938792097	S2-118711492	S2
S1-938792097	S2-319771268	S2
S1-938792097	S2-224839523	S2
S1-938792097	S2-528320338	S2
S1-938792097	S2-965399023	S2
S1-938792097	S2-114971268	S2
S1-938792097	S2-370549501	S2
S1-938792097	S2-978606166	S2
S1-457922425	S2-681634213	S2
S1-457922425	S2-665463193	S2
S1-457922425	S2-23933178	S2
S1-457922425	S2-659496238	S2
S1-457922425	S2-146498176	S2
S1-457922425	S2-761644899	S2
S1-457922425	S2-54240060	S2
S1-457922425	S2-532020500	S2
S1-457922425	S2-491028094	S2
S1-457922425	S2-382657775	S2
S1-457922425	S2-822482083	S2
S1-457922425	S2-602353889	S2
S1-457922425	S2-124970234	S2
S1-457922425	S2-684635925	S2
S1-457922425	S2-95424985	S2
S1-181290919	S2-782032185	S2
S1-181290919	S2-25787219	S2
S1-181290919	S2-417277947	S2
S1-181290919	S2-802873219	S2
S1-181290919	S2-487524833	S2
S1-181290919	S2-687374926	S2
S1-181290919	S2-674223031	S2
S1-181290919	S2-351822798	S2
S1-181290919	S2-31633295	S2
S1-181290919	S2-932434431	S2
S1-181290919	S2-594607876	S2
S1-181290919	S2-892882538	S2
S1-181290919	S2-647040826	S2
S1-181290919	S2-92854944	S2
S1-181290919	S2-550763752	S2
S1-215396556	S2-879041312	S2
S1-215396556	S2-538976068	S2
S1-215396556	S2-500096956	S2
S1-215396556	S2-496765251	S2
S1-215396556	S2-120391369	S2
S1-215396556	S2-842456481	S2
S1-215396556	S2-158828409	S2
S1-215396556	S2-274323360	S2
S1-215396556	S2-590757045	S2
S1-215396556	S2-957978733	S2
S1-215396556	S2-123459391	S2
S1-215396556	S2-980846147	S2
S1-215396556	S2-727477424	S2
S1-215396556	S2-231042988	S2
S1-215396556	S2-757487043	S2
S1-574668375	S2-820645328	S2
S1-574668375	S2-841806453	S2
S1-574668375	S2-966525620	S2
S1-574668375	S2-935425652	S2
S1-574668375	S2-449440448	S2
S1-574668375	S2-133664209	S2
S1-574668375	S2-70053123	S2
S1-574668375	S2-518721601	S2
S1-574668375	S2-475419520	S2
S1-574668375	S2-877085471	S2
S1-574668375	S2-75129136	S2
S1-574668375	S2-445994325	S2
S1-574668375	S2-921857072	S2
S1-574668375	S2-983169327	S2
S1-574668375	S2-947498857	S2
S1-951623450	S2-592359559	S2
S1-951623450	S2-26930111	S2
S1-951623450	S2-299640307	S2
S1-951623450	S2-942493091	S2
S1-951623450	S2-234262247	S2
S1-951623450	S2-324372014	S2
S1-951623450	S2-787337411	S2
S1-951623450	S2-443406741	S2
S1-951623450	S2-539726746	S2
S1-951623450	S2-741940589	S2
S1-951623450	S2-800098684	S2
S1-951623450	S2-645024489	S2
S1-951623450	S2-809775998	S2
S1-951623450	S2-31971701	S2
S1-951623450	S2-881342723	S2
S1-921473285	S2-260445047	S2
S1-921473285	S2-399391347	S2
S1-921473285	S2-727570982	S2
S1-921473285	S2-705723919	S2
S1-921473285	S2-344621502	S2
S1-921473285	S2-75129136	S2
S1-921473285	S2-371437571	S2
S1-921473285	S2-495565633	S2
S1-921473285	S2-791444540	S2
S1-921473285	S2-802604278	S2
S1-921473285	S2-507152762	S2
S1-921473285	S2-853755608	S2
S1-921473285	S2-434799271	S2
S1-921473285	S2-465052945	S2
S1-921473285	S2-258085782	S2
S1-437415597	S2-905684636	S2
S1-437415597	S2-121611732	S2
S1-437415597	S2-232342145	S2
S1-437415597	S2-62004357	S2
S1-437415597	S2-162194884	S2
S1-437415597	S2-891950002	S2
S1-437415597	S2-95443971	S2
S1-437415597	S2-73199232	S2
S1-437415597	S2-371850661	S2
S1-437415597	S2-841152676	S2
S1-437415597	S2-486832341	S2
S1-437415597	S2-225823147	S2
S1-437415597	S2-253035404	S2
S1-437415597	S2-780872035	S2
S1-437415597	S2-564502430	S2
S1-360909582	S2-928901522	S2
S1-360909582	S2-121253507	S2
S1-360909582	S2-790947608	S2
S1-360909582	S2-426439815	S2
S1-360909582	S2-945865905	S2
S1-360909582	S2-824685628	S2
S1-360909582	S2-460653265	S2
S1-360909582	S2-94339175	S2
S1-360909582	S2-139986213	S2
S1-360909582	S2-830783927	S2
S1-360909582	S2-834563673	S2
S1-360909582	S2-717160791	S2
S1-360909582	S2-157564986	S2
S1-360909582	S2-235039028	S2
S1-360909582	S2-939131514	S2
S1-154383438	S2-873232185	S2
S1-154383438	S2-940596292	S2
S1-154383438	S2-154655572	S2
S1-154383438	S2-982950235	S2
S1-154383438	S2-355967072	S2
S1-154383438	S2-460515872	S2
S1-154383438	S2-757169960	S2
S1-154383438	S2-902261581	S2
S1-154383438	S2-795924720	S2
S1-154383438	S2-972051451	S2
S1-154383438	S2-175456325	S2
S1-154383438	S2-35320888	S2
S1-154383438	S2-73156996	S2
S1-154383438	S2-217976803	S2
S1-154383438	S2-914794752	S2
S1-491337400	S2-482219416	S2
S1-491337400	S2-68483150	S2
S1-491337400	S2-319667672	S2
S1-491337400	S2-252321761	S2
S1-491337400	S2-701563511	S2
S1-491337400	S2-860534246	S2
S1-491337400	S2-358578952	S2
S1-491337400	S2-908719488	S2
S1-491337400	S2-71201246	S2
S1-491337400	S2-195972156	S2
S1-491337400	S2-900515245	S2
S1-491337400	S2-644264374	S2
S1-491337400	S2-992974200	S2
S1-491337400	S2-528143818	S2
S1-491337400	S2-585835879	S2
S1-679660495	S2-424537185	S2
S1-679660495	S2-818622882	S2
S1-679660495	S2-405681592	S2
S1-679660495	S2-352552540	S2
S1-679660495	S2-998910997	S2
S1-679660495	S2-338866041	S2
S1-679660495	S2-674667779	S2
S1-679660495	S2-176055194	S2
S1-679660495	S2-611908172	S2
S1-679660495	S2-868444077	S2
S1-679660495	S2-969392100	S2
S1-679660495	S2-671736202	S2
S1-679660495	S2-174939675	S2
S1-679660495	S2-766251634	S2
S1-679660495	S2-93135134	S2
S1-746193689	S2-518011514	S2
S1-746193689	S2-121549347	S2
S1-746193689	S2-681384833	S2
S1-746193689	S2-595414933	S2
S1-746193689	S2-822714622	S2
S1-746193689	S2-692356310	S2
S1-746193689	S2-537858187	S2
S1-746193689	S2-400132919	S2
S1-746193689	S2-723550919	S2
S1-746193689	S2-988228866	S2
S1-746193689	S2-222024725	S2
S1-746193689	S2-97346546	S2
S1-746193689	S2-846535978	S2
S1-746193689	S2-381785440	S2
S1-746193689	S2-736654053	S2
S1-401850061	S2-272004093	S2
S1-401850061	S2-501546135	S2
S1-401850061	S2-539393537	S2
S1-401850061	S2-803596169	S2
S1-401850061	S2-35410781	S2
S1-401850061	S2-25714222	S2
S1-401850061	S2-849656600	S2
S1-401850061	S2-622773844	S2
S1-401850061	S2-534832831	S2
S1-401850061	S2-439483413	S2
S1-401850061	S2-474056246	S2
S1-401850061	S2-19299067	S2
S1-401850061	S2-158641226	S2
S1-401850061	S2-322877870	S2
S1-401850061	S2-710471913	S2
S1-8000604	S2-882459657	S2
S1-8000604	S2-569860965	S2
S1-8000604	S2-409726115	S2
S1-8000604	S2-929722075	S2
S1-8000604	S2-294219540	S2
S1-8000604	S2-135305339	S2
S1-8000604	S2-978606166	S2
S1-8000604	S2-777730349	S2
S1-8000604	S2-814052487	S2
S1-8000604	S2-794352292	S2
S1-8000604	S2-318348932	S2
S1-8000604	S2-670948516	S2
S1-8000604	S2-8982199	S2
S1-8000604	S2-921202375	S2
S1-8000604	S2-975023541	S2
S1-872302647	S2-647040826	S2
S1-872302647	S2-709994826	S2
S1-872302647	S2-567514562	S2
S1-872302647	S2-654263813	S2
S1-872302647	S2-764879575	S2
S1-872302647	S2-915229145	S2
S1-872302647	S2-914673196	S2
S1-872302647	S2-78769581	S2
S1-872302647	S2-411345119	S2
S1-872302647	S2-878352124	S2
S1-872302647	S2-170548497	S2
S1-872302647	S2-418551982	S2
S1-872302647	S2-450445631	S2
S1-872302647	S2-138068334	S2
S1-872302647	S2-747466359	S2
S1-82192539	S2-774139241	S2
S1-82192539	S2-293441687	S2
S1-82192539	S2-377001396	S2
S1-82192539	S2-77285093	S2
S1-82192539	S2-35086639	S2
S1-82192539	S2-763108962	S2
S1-82192539	S2-250915022	S2
S1-82192539	S2-46777321	S2
S1-82192539	S2-441769049	S2
S1-82192539	S2-945842043	S2
S1-82192539	S2-28134581	S2
S1-82192539	S2-490251737	S2
S1-82192539	S2-919706463	S2
S1-82192539	S2-585835879	S2
S1-82192539	S2-921287883	S2
S1-690582233	S2-70367717	S2
S1-690582233	S2-727314761	S2
S1-690582233	S2-81084363	S2
S1-690582233	S2-581946988	S2
S1-690582233	S2-625682061	S2
S1-690582233	S2-38470677	S2
S1-690582233	S2-478122065	S2
S1-690582233	S2-299980209	S2
S1-690582233	S2-953579753	S2
S1-690582233	S2-388981331	S2
S1-690582233	S2-445637459	S2
S1-690582233	S2-15235408	S2
S1-690582233	S2-659685525	S2
S1-690582233	S2-631521974	S2
S1-690582233	S2-867710047	S2
S1-311486232	S2-258904656	S2
S1-311486232	S2-167426364	S2
S1-311486232	S2-995134427	S2
S1-311486232	S2-393523489	S2
S1-311486232	S2-868087865	S2
S1-311486232	S2-330756776	S2
S1-311486232	S2-651190084	S2
S1-311486232	S2-844267085	S2
S1-311486232	S2-88437832	S2
S1-311486232	S2-176139646	S2
S1-311486232	S2-850499815	S2
S1-311486232	S2-895116270	S2
S1-311486232	S2-472320169	S2
S1-311486232	S2-449617627	S2
S1-311486232	S2-475793028	S2
S1-366279397	S2-816119025	S2
S1-366279397	S2-12796093	S2
S1-366279397	S2-630317647	S2
S1-366279397	S2-29108033	S2
S1-366279397	S2-846600326	S2
S1-366279397	S2-698245094	S2
S1-366279397	S2-971491700	S2
S1-366279397	S2-937072190	S2
S1-366279397	S2-438972703	S2
S1-366279397	S2-939074826	S2
S1-366279397	S2-307272578	S2
S1-366279397	S2-155636061	S2
S1-366279397	S2-339142042	S2
S1-366279397	S2-640420911	S2
S1-366279397	S2-690767550	S2
S1-855700872	S2-902205396	S2
S1-855700872	S2-761989439	S2
S1-855700872	S2-914761441	S2
S1-855700872	S2-757197434	S2
S1-855700872	S2-779614645	S2
S1-855700872	S2-960129567	S2
S1-855700872	S2-613102013	S2
S1-855700872	S2-116748146	S2
S1-855700872	S2-60794651	S2
S1-855700872	S2-926524693	S2
S1-855700872	S2-872209566	S2
S1-855700872	S2-626012117	S2
S1-855700872	S2-569860965	S2
S1-855700872	S2-816989315	S2
S1-855700872	S2-90112897	S2
S1-320229740	S2-605936287	S2
S1-320229740	S2-883044184	S2
S1-320229740	S2-754789254	S2
S1-320229740	S2-284919985	S2
S1-320229740	S2-263930722	S2
S1-320229740	S2-729058852	S2
S1-320229740	S2-414011287	S2
S1-320229740	S2-125254201	S2
S1-320229740	S2-687939123	S2
S1-320229740	S2-760535604	S2
S1-320229740	S2-715851950	S2
S1-320229740	S2-578590880	S2
S1-320229740	S2-559968500	S2
S1-320229740	S2-680125018	S2
S1-320229740	S2-763379556	S2
S1-826696794	S2-561796765	S2
S1-826696794	S2-229886583	S2
S1-826696794	S2-478122065	S2
S1-826696794	S2-105463326	S2
S1-826696794	S2-299980209	S2
S1-826696794	S2-445637459	S2
S1-826696794	S2-872022787	S2
S1-826696794	S2-582458634	S2
S1-826696794	S2-953579753	S2
S1-826696794	S2-15235408	S2
S1-826696794	S2-225100350	S2
S1-826696794	S2-81084363	S2
S1-826696794	S2-659685525	S2
S1-826696794	S2-631521974	S2
S1-826696794	S2-775484419	S2
S1-411563198	S2-97857545	S2
S1-411563198	S2-155574448	S2
S1-411563198	S2-797857062	S2
S1-411563198	S2-813611214	S2
S1-411563198	S2-837096453	S2
S1-411563198	S2-421540927	S2
S1-411563198	S2-4675625	S2
S1-411563198	S2-763379556	S2
S1-411563198	S2-455830760	S2
S1-411563198	S2-121759397	S2
S1-411563198	S2-630772014	S2
S1-411563198	S2-848878443	S2
S1-411563198	S2-575329360	S2
S1-411563198	S2-877085471	S2
S1-411563198	S2-850499815	S2
S1-256282960	S2-327707439	S2
S1-256282960	S2-794352292	S2
S1-256282960	S2-722166534	S2
S1-256282960	S2-586389069	S2
S1-256282960	S2-218208532	S2
S1-256282960	S2-996064384	S2
S1-256282960	S2-988241366	S2
S1-256282960	S2-747145329	S2
S1-256282960	S2-137954799	S2
S1-256282960	S2-831117180	S2
S1-256282960	S2-399112375	S2
S1-256282960	S2-401293041	S2
S1-256282960	S2-744794854	S2
S1-256282960	S2-74877522	S2
S1-256282960	S2-258904656	S2
S1-234585908	S2-766251634	S2
S1-234585908	S2-586812390	S2
S1-234585908	S2-93135134	S2
S1-234585908	S2-956811797	S2
S1-234585908	S2-325340520	S2
S1-234585908	S2-161592048	S2
S1-234585908	S2-650540638	S2
S1-234585908	S2-819911306	S2
S1-234585908	S2-381512450	S2
S1-234585908	S2-421767648	S2
S1-234585908	S2-158828409	S2
S1-234585908	S2-546407954	S2
S1-234585908	S2-557520173	S2
S1-234585908	S2-918349502	S2
S1-234585908	S2-566627479	S2
S1-409413534	S2-329607640	S2
S1-409413534	S2-214447140	S2
S1-409413534	S2-105671746	S2
S1-409413534	S2-9622708	S2
S1-409413534	S2-800694119	S2
S1-409413534	S2-946589159	S2
S1-409413534	S2-177471665	S2
S1-409413534	S2-399052000	S2
S1-409413534	S2-371549760	S2
S1-409413534	S2-591398537	S2
S1-409413534	S2-679190243	S2
S1-409413534	S2-85446560	S2
S1-409413534	S2-134697040	S2
S1-409413534	S2-507569300	S2
S1-409413534	S2-635002967	S2
S1-633109512	S2-847120229	S2
S1-633109512	S2-888667254	S2
S1-633109512	S2-923853202	S2
S1-633109512	S2-640420911	S2
S1-633109512	S2-984417999	S2
S1-633109512	S2-437309128	S2
S1-633109512	S2-26324258	S2
S1-633109512	S2-764430935	S2
S1-633109512	S2-748325649	S2
S1-633109512	S2-369458829	S2
S1-633109512	S2-126113089	S2
S1-633109512	S2-672736825	S2
S1-633109512	S2-229217508	S2
S1-633109512	S2-512382393	S2
S1-633109512	S2-362602827	S2
S1-265007680	S2-411476341	S2
S1-265007680	S2-620110385	S2
S1-265007680	S2-242582700	S2
S1-265007680	S2-145507253	S2
S1-265007680	S2-872319713	S2
S1-265007680	S2-846600326	S2
S1-265007680	S2-698245094	S2
S1-265007680	S2-996064384	S2
S1-265007680	S2-891406198	S2
S1-265007680	S2-145379986	S2
S1-265007680	S2-635511596	S2
S1-265007680	S2-47749434	S2
S1-265007680	S2-503157961	S2
S1-265007680	S2-712486191	S2
S1-265007680	S2-821982484	S2
S1-262294930	S2-22847673	S2
S1-262294930	S2-322211984	S2
S1-262294930	S2-558654912	S2
S1-262294930	S2-394915298	S2
S1-262294930	S2-3914789	S2
S1-262294930	S2-232342145	S2
S1-262294930	S2-195768351	S2
S1-262294930	S2-720490901	S2
S1-262294930	S2-191186951	S2
S1-262294930	S2-524004407	S2
S1-262294930	S2-891950002	S2
S1-262294930	S2-205121019	S2
S1-262294930	S2-174396062	S2
S1-262294930	S2-314356998	S2
S1-262294930	S2-368772488	S2
S1-410474103	S2-757169960	S2
S1-410474103	S2-66640013	S2
S1-410474103	S2-239425365	S2
S1-410474103	S2-677969907	S2
S1-410474103	S2-102704852	S2
S1-410474103	S2-321398182	S2
S1-410474103	S2-606589402	S2
S1-410474103	S2-217976803	S2
S1-410474103	S2-138702507	S2
S1-410474103	S2-648055380	S2
S1-410474103	S2-324372014	S2
S1-410474103	S2-982950235	S2
S1-410474103	S2-775099408	S2
S1-410474103	S2-35320888	S2
S1-410474103	S2-154655572	S2
S1-741813500	S2-469981621	S2
S1-741813500	S2-786687739	S2
S1-741813500	S2-192774038	S2
S1-741813500	S2-420385975	S2
S1-741813500	S2-756454257	S2
S1-741813500	S2-848582954	S2
S1-741813500	S2-428779057	S2
S1-741813500	S2-736110069	S2
S1-741813500	S2-867352859	S2
S1-741813500	S2-479770402	S2
S1-741813500	S2-717546	S2
S1-741813500	S2-889904221	S2
S1-741813500	S2-311868409	S2
S1-741813500	S2-51363526	S2
S1-741813500	S2-522067207	S2
S1-496346323	S2-862571135	S2
S1-496346323	S2-575536430	S2
S1-496346323	S2-822065881	S2
S1-496346323	S2-857681318	S2
S1-496346323	S2-381850998	S2
S1-496346323	S2-570512018	S2
S1-496346323	S2-284585076	S2
S1-496346323	S2-540931339	S2
S1-496346323	S2-252010908	S2
S1-496346323	S2-146516261	S2
S1-496346323	S2-123459391	S2
S1-496346323	S2-698383825	S2
S1-496346323	S2-937509955	S2
S1-496346323	S2-39872851	S2
S1-496346323	S2-626832027	S2
S1-569898026	S2-221999414	S2
S1-569898026	S2-253799125	S2
S1-569898026	S2-691463903	S2
S1-569898026	S2-339853392	S2
S1-569898026	S2-613251572	S2
S1-569898026	S2-738536601	S2
S1-569898026	S2-974623300	S2
S1-569898026	S2-962270896	S2
S1-569898026	S2-564829794	S2
S1-569898026	S2-658037794	S2
S1-569898026	S2-500350498	S2
S1-569898026	S2-419789553	S2
S1-569898026	S2-174939675	S2
S1-569898026	S2-686366565	S2
S1-569898026	S2-59240430	S2
S1-497340561	S2-324372014	S2
S1-497340561	S2-982950235	S2
S1-497340561	S2-599195929	S2
S1-497340561	S2-136305349	S2
S1-497340561	S2-465052945	S2
S1-497340561	S2-998910997	S2
S1-497340561	S2-910067788	S2
S1-497340561	S2-775099408	S2
S1-497340561	S2-907018183	S2
S1-497340561	S2-241868453	S2
S1-497340561	S2-690909438	S2
S1-497340561	S2-164651728	S2
S1-497340561	S2-212279628	S2
S1-497340561	S2-690151442	S2
S1-497340561	S2-23798630	S2
S1-52451029	S2-687568056	S2
S1-52451029	S2-674565629	S2
S1-52451029	S2-779723055	S2
S1-52451029	S2-764329448	S2
S1-52451029	S2-165228168	S2
S1-52451029	S2-270140435	S2
S1-52451029	S2-65301879	S2
S1-52451029	S2-645024049	S2
S1-52451029	S2-430193699	S2
S1-52451029	S2-8849654	S2
S1-52451029	S2-370596269	S2
S1-52451029	S2-847685918	S2
S1-52451029	S2-167426364	S2
S1-52451029	S2-139831055	S2
S1-52451029	S2-423447509	S2
S1-533445371	S2-752508714	S2
S1-533445371	S2-810670202	S2
S1-533445371	S2-475524221	S2
S1-533445371	S2-179461226	S2
S1-533445371	S2-189775165	S2
S1-533445371	S2-736110069	S2
S1-533445371	S2-740234314	S2
S1-533445371	S2-419509015	S2
S1-533445371	S2-43091282	S2
S1-533445371	S2-333359081	S2
S1-533445371	S2-113550967	S2
S1-533445371	S2-34732391	S2
S1-533445371	S2-8864337	S2
S1-533445371	S2-811863966	S2
S1-533445371	S2-727314761	S2
S1-252832899	S2-731097037	S2
S1-252832899	S2-705827573	S2
S1-252832899	S2-792661362	S2
S1-252832899	S2-953860617	S2
S1-252832899	S2-385325065	S2
S1-252832899	S2-251270580	S2
S1-252832899	S2-407917981	S2
S1-252832899	S2-582932642	S2
S1-252832899	S2-895944720	S2
S1-252832899	S2-193995593	S2
S1-252832899	S2-302419463	S2
S1-252832899	S2-369116881	S2
S1-252832899	S2-802129140	S2
S1-252832899	S2-459018782	S2
S1-252832899	S2-742406486	S2
S1-194887455	S2-302828791	S2
S1-194887455	S2-698001157	S2
S1-194887455	S2-872022787	S2
S1-194887455	S2-891756213	S2
S1-194887455	S2-35410781	S2
S1-194887455	S2-470535992	S2
S1-194887455	S2-372871261	S2
S1-194887455	S2-404431253	S2
S1-194887455	S2-109034922	S2
S1-194887455	S2-369527493	S2
S1-194887455	S2-737755324	S2
S1-194887455	S2-836566896	S2
S1-194887455	S2-74052072	S2
S1-194887455	S2-204591452	S2
S1-194887455	S2-846842010	S2
S1-520710871	S2-576580892	S2
S1-520710871	S2-972051451	S2
S1-520710871	S2-882915480	S2
S1-520710871	S2-281309190	S2
S1-520710871	S2-726813453	S2
S1-520710871	S2-645440237	S2
S1-520710871	S2-713109591	S2
S1-520710871	S2-60818919	S2
S1-520710871	S2-165863386	S2
S1-520710871	S2-733025108	S2
S1-520710871	S2-512950951	S2
S1-520710871	S2-17933853	S2
S1-520710871	S2-424537185	S2
S1-520710871	S2-619664055	S2
S1-520710871	S2-74992830	S2
S1-106671505	S2-31855479	S2
S1-106671505	S2-729345807	S2
S1-106671505	S2-329607640	S2
S1-106671505	S2-214447140	S2
S1-106671505	S2-591398537	S2
S1-106671505	S2-800694119	S2
S1-106671505	S2-105671746	S2
S1-106671505	S2-946589159	S2
S1-106671505	S2-399052000	S2
S1-106671505	S2-371549760	S2
S1-106671505	S2-679190243	S2
S1-106671505	S2-85446560	S2
S1-106671505	S2-507569300	S2
S1-106671505	S2-134697040	S2
S1-106671505	S2-635002967	S2
S1-375370928	S2-95090414	S2
S1-375370928	S2-978606166	S2
S1-375370928	S2-715905554	S2
S1-375370928	S2-337172708	S2
S1-375370928	S2-710539502	S2
S1-375370928	S2-54240174	S2
S1-375370928	S2-444452024	S2
S1-375370928	S2-243782054	S2
S1-375370928	S2-825374035	S2
S1-375370928	S2-79911022	S2
S1-375370928	S2-231688856	S2
S1-375370928	S2-731693234	S2
S1-375370928	S2-717911914	S2
S1-375370928	S2-191045664	S2
S1-375370928	S2-540853782	S2
S1-607852072	S2-827197931	S2
S1-607852072	S2-703267220	S2
S1-607852072	S2-939986664	S2
S1-607852072	S2-373678906	S2
S1-607852072	S2-611908172	S2
S1-607852072	S2-103972023	S2
S1-607852072	S2-867197250	S2
S1-607852072	S2-892923793	S2
S1-607852072	S2-634994990	S2
S1-607852072	S2-471154795	S2
S1-607852072	S2-133609214	S2
S1-607852072	S2-294062437	S2
S1-607852072	S2-534318812	S2
S1-607852072	S2-960372483	S2
S1-607852072	S2-206766125	S2
S1-817683544	S2-960372483	S2
S1-817683544	S2-930968972	S2
S1-817683544	S2-448548244	S2
S1-817683544	S2-497486406	S2
S1-817683544	S2-221108126	S2
S1-817683544	S2-609888752	S2
S1-817683544	S2-426660752	S2
S1-817683544	S2-912228916	S2
S1-817683544	S2-305071473	S2
S1-817683544	S2-626546137	S2
S1-817683544	S2-925486917	S2
S1-817683544	S2-60332086	S2
S1-817683544	S2-378780545	S2
S1-817683544	S2-637500424	S2
S1-817683544	S2-118275942	S2
S1-552658307	S2-149854075	S2
S1-552658307	S2-331142396	S2
S1-552658307	S2-436621421	S2
S1-552658307	S2-179458531	S2
S1-552658307	S2-21859479	S2
S1-552658307	S2-776942202	S2
S1-552658307	S2-938881398	S2
S1-552658307	S2-286314001	S2
S1-552658307	S2-6795460	S2
S1-552658307	S2-902147205	S2
S1-552658307	S2-877745187	S2
S1-552658307	S2-932843757	S2
S1-552658307	S2-182955632	S2
S1-552658307	S2-152104014	S2
S1-552658307	S2-434799271	S2
S1-617760637	S2-16075678	S2
S1-617760637	S2-429661233	S2
S1-617760637	S2-264776657	S2
S1-617760637	S2-504977086	S2
S1-617760637	S2-764573417	S2
S1-617760637	S2-541414076	S2
S1-617760637	S2-620589797	S2
S1-617760637	S2-568385282	S2
S1-617760637	S2-492031103	S2
S1-617760637	S2-224909884	S2
S1-617760637	S2-985727074	S2
S1-617760637	S2-182145854	S2
S1-617760637	S2-446585847	S2
S1-617760637	S2-957597561	S2
S1-617760637	S2-70367717	S2
S1-941709619	S2-939986664	S2
S1-941709619	S2-896696403	S2
S1-941709619	S2-921274499	S2
S1-941709619	S2-265891218	S2
S1-941709619	S2-208815786	S2
S1-941709619	S2-535538356	S2
S1-941709619	S2-773208378	S2
S1-941709619	S2-297926319	S2
S1-941709619	S2-784775419	S2
S1-941709619	S2-340786070	S2
S1-941709619	S2-706360388	S2
S1-941709619	S2-335124172	S2
S1-941709619	S2-345172295	S2
S1-941709619	S2-564777969	S2
S1-941709619	S2-712153407	S2
S1-311090979	S2-494905313	S2
S1-311090979	S2-763813514	S2
S1-311090979	S2-706455784	S2
S1-311090979	S2-421049739	S2
S1-311090979	S2-80378413	S2
S1-311090979	S2-566293411	S2
S1-311090979	S2-963646032	S2
S1-311090979	S2-706360388	S2
S1-311090979	S2-444528389	S2
S1-311090979	S2-753390653	S2
S1-311090979	S2-496850215	S2
S1-311090979	S2-471521279	S2
S1-311090979	S2-43091282	S2
S1-311090979	S2-374123528	S2
S1-311090979	S2-170803924	S2
S1-854288036	S2-488565793	S2
S1-854288036	S2-619748319	S2
S1-854288036	S2-120391369	S2
S1-854288036	S2-37191173	S2
S1-854288036	S2-500096956	S2
S1-854288036	S2-879041312	S2
S1-854288036	S2-648129048	S2
S1-854288036	S2-590757045	S2
S1-854288036	S2-790103191	S2
S1-854288036	S2-123459391	S2
S1-854288036	S2-496765251	S2
S1-854288036	S2-274323360	S2
S1-854288036	S2-158828409	S2
S1-854288036	S2-727477424	S2
S1-854288036	S2-757487043	S2
S1-930644837	S2-200200363	S2
S1-930644837	S2-859393404	S2
S1-930644837	S2-449660364	S2
S1-930644837	S2-487803690	S2
S1-930644837	S2-945813340	S2
S1-930644837	S2-12970251	S2
S1-930644837	S2-506682722	S2
S1-930644837	S2-695240341	S2
S1-930644837	S2-137335733	S2
S1-930644837	S2-529318908	S2
S1-930644837	S2-256451765	S2
S1-930644837	S2-831625227	S2
S1-930644837	S2-605734275	S2
S1-930644837	S2-391886434	S2
S1-930644837	S2-187593824	S2
S1-481652414	S2-731368331	S2
S1-481652414	S2-849819552	S2
S1-481652414	S2-143852128	S2
S1-481652414	S2-852115447	S2
S1-481652414	S2-165930564	S2
S1-481652414	S2-444679914	S2
S1-481652414	S2-537847103	S2
S1-481652414	S2-339853392	S2
S1-481652414	S2-70698601	S2
S1-481652414	S2-867614780	S2
S1-481652414	S2-960276783	S2
S1-481652414	S2-526876910	S2
S1-481652414	S2-574349442	S2
S1-481652414	S2-27148087	S2
S1-481652414	S2-438085957	S2
S1-691663442	S2-175456325	S2
S1-691663442	S2-105671746	S2
S1-691663442	S2-423368397	S2
S1-691663442	S2-727477424	S2
S1-691663442	S2-986923268	S2
S1-691663442	S2-492826161	S2
S1-691663442	S2-477346021	S2
S1-691663442	S2-23854429	S2
S1-691663442	S2-102286733	S2
S1-691663442	S2-859321758	S2
S1-691663442	S2-622064104	S2
S1-691663442	S2-9622708	S2
S1-691663442	S2-177471665	S2
S1-691663442	S2-196088758	S2
S1-691663442	S2-678818787	S2
S1-451464552	S2-327738915	S2
S1-451464552	S2-678788003	S2
S1-451464552	S2-161047745	S2
S1-451464552	S2-166932951	S2
S1-451464552	S2-201659527	S2
S1-451464552	S2-682814350	S2
S1-451464552	S2-98707133	S2
S1-451464552	S2-712153407	S2
S1-451464552	S2-896696403	S2
S1-451464552	S2-208815786	S2
S1-451464552	S2-736350861	S2
S1-451464552	S2-773208378	S2
S1-451464552	S2-564777969	S2
S1-451464552	S2-784775419	S2
S1-451464552	S2-706360388	S2
S1-71265566	S2-104641729	S2
S1-71265566	S2-859393404	S2
S1-71265566	S2-449660364	S2
S1-71265566	S2-680198089	S2
S1-71265566	S2-487803690	S2
S1-71265566	S2-945813340	S2
S1-71265566	S2-187593824	S2
S1-71265566	S2-12970251	S2
S1-71265566	S2-506682722	S2
S1-71265566	S2-695240341	S2
S1-71265566	S2-137335733	S2
S1-71265566	S2-529318908	S2
S1-71265566	S2-256451765	S2
S1-71265566	S2-831625227	S2
S1-71265566	S2-391886434	S2
S1-44019475	S2-662032378	S2
S1-44019475	S2-842456481	S2
S1-44019475	S2-142962200	S2
S1-44019475	S2-616876975	S2
S1-44019475	S2-916238268	S2
S1-44019475	S2-770769195	S2
S1-44019475	S2-772922754	S2
S1-44019475	S2-862759276	S2
S1-44019475	S2-513550621	S2
S1-44019475	S2-583111097	S2
S1-44019475	S2-877823257	S2
S1-44019475	S2-646080124	S2
S1-44019475	S2-197625218	S2
S1-44019475	S2-119087459	S2
S1-44019475	S2-981104251	S2
S1-504442535	S2-679190243	S2
S1-504442535	S2-244340971	S2
S1-504442535	S2-447095477	S2
S1-504442535	S2-635002967	S2
S1-504442535	S2-161949377	S2
S1-504442535	S2-874995586	S2
S1-504442535	S2-356220463	S2
S1-504442535	S2-904673479	S2
S1-504442535	S2-105671746	S2
S1-504442535	S2-162228388	S2
S1-504442535	S2-555846632	S2
S1-504442535	S2-985216261	S2
S1-504442535	S2-430367614	S2
S1-504442535	S2-130291706	S2
S1-504442535	S2-738448002	S2
S1-766866439	S2-278045217	S2
S1-766866439	S2-592650888	S2
S1-766866439	S2-94751831	S2
S1-766866439	S2-888030033	S2
S1-766866439	S2-100798928	S2
S1-766866439	S2-605734275	S2
S1-766866439	S2-286362115	S2
S1-766866439	S2-784259305	S2
S1-766866439	S2-800014563	S2
S1-766866439	S2-975023541	S2
S1-766866439	S2-145624152	S2
S1-766866439	S2-912252732	S2
S1-766866439	S2-791990398	S2
S1-766866439	S2-791444540	S2
S1-766866439	S2-41143092	S2
S1-6728823	S2-145624152	S2
S1-6728823	S2-20143885	S2
S1-6728823	S2-260686291	S2
S1-6728823	S2-888030033	S2
S1-6728823	S2-791990398	S2
S1-6728823	S2-605734275	S2
S1-6728823	S2-915769300	S2
S1-6728823	S2-779614645	S2
S1-6728823	S2-921857072	S2
S1-6728823	S2-674315309	S2
S1-6728823	S2-766251634	S2
S1-6728823	S2-525998554	S2
S1-6728823	S2-853275037	S2
S1-6728823	S2-448710587	S2
S1-6728823	S2-786687739	S2
S1-499242108	S2-121611732	S2
S1-499242108	S2-77261485	S2
S1-499242108	S2-590906273	S2
S1-499242108	S2-882819261	S2
S1-499242108	S2-3987022	S2
S1-499242108	S2-166986252	S2
S1-499242108	S2-340931264	S2
S1-499242108	S2-43498869	S2
S1-499242108	S2-48866343	S2
S1-499242108	S2-210903973	S2
S1-499242108	S2-319744931	S2
S1-499242108	S2-52268591	S2
S1-499242108	S2-664981233	S2
S1-499242108	S2-760648353	S2
S1-499242108	S2-537997029	S2
S1-847883289	S2-476688679	S2
S1-847883289	S2-323747399	S2
S1-847883289	S2-293477711	S2
S1-847883289	S2-149845283	S2
S1-847883289	S2-165228168	S2
S1-847883289	S2-474056246	S2
S1-847883289	S2-867710047	S2
S1-847883289	S2-760507152	S2
S1-847883289	S2-267363219	S2
S1-847883289	S2-439483413	S2
S1-847883289	S2-519056546	S2
S1-847883289	S2-268932954	S2
S1-847883289	S2-779723055	S2
S1-847883289	S2-298712121	S2
S1-847883289	S2-333060453	S2
S1-639708214	S2-405681592	S2
S1-639708214	S2-570512018	S2
S1-639708214	S2-652827281	S2
S1-639708214	S2-177918546	S2
S1-639708214	S2-338866041	S2
S1-639708214	S2-81664343	S2
S1-639708214	S2-864103770	S2
S1-639708214	S2-609126175	S2
S1-639708214	S2-192774038	S2
S1-639708214	S2-576580892	S2
S1-639708214	S2-123409799	S2
S1-639708214	S2-757677016	S2
S1-639708214	S2-137335733	S2
S1-639708214	S2-897475107	S2
S1-639708214	S2-423099834	S2
S1-914958503	S2-177918546	S2
S1-914958503	S2-44100844	S2
S1-914958503	S2-907097480	S2
S1-914958503	S2-337572515	S2
S1-914958503	S2-99136836	S2
S1-914958503	S2-655804813	S2
S1-914958503	S2-542224090	S2
S1-914958503	S2-223493773	S2
S1-914958503	S2-293670539	S2
S1-914958503	S2-690767550	S2
S1-914958503	S2-136630789	S2
S1-914958503	S2-630772014	S2
S1-914958503	S2-387269711	S2
S1-914958503	S2-862759276	S2
S1-914958503	S2-803100423	S2
S1-677633780	S2-623817123	S2
S1-677633780	S2-321590098	S2
S1-677633780	S2-150634918	S2
S1-677633780	S2-450648359	S2
S1-677633780	S2-92835928	S2
S1-677633780	S2-153046971	S2
S1-677633780	S2-991981696	S2
S1-677633780	S2-819911306	S2
S1-677633780	S2-133252993	S2
S1-677633780	S2-223493773	S2
S1-677633780	S2-731649105	S2
S1-677633780	S2-567514562	S2
S1-677633780	S2-672321572	S2
S1-677633780	S2-709994826	S2
S1-677633780	S2-411547279	S2
S1-927838010	S2-983514167	S2
S1-927838010	S2-867358397	S2
S1-927838010	S2-956132872	S2
S1-927838010	S2-326946504	S2
S1-927838010	S2-335038001	S2
S1-927838010	S2-180999100	S2
S1-927838010	S2-630688873	S2
S1-927838010	S2-532020500	S2
S1-927838010	S2-469073813	S2
S1-927838010	S2-210601194	S2
S1-927838010	S2-213099480	S2
S1-927838010	S2-665463193	S2
S1-927838010	S2-684635925	S2
S1-927838010	S2-838493982	S2
S1-927838010	S2-23933178	S2
S1-328196988	S2-519056546	S2
S1-328196988	S2-947498857	S2
S1-328196988	S2-645024049	S2
S1-328196988	S2-339737852	S2
S1-328196988	S2-103464119	S2
S1-328196988	S2-822123183	S2
S1-328196988	S2-138478502	S2
S1-328196988	S2-932841417	S2
S1-328196988	S2-430193699	S2
S1-328196988	S2-923595204	S2
S1-328196988	S2-779723055	S2
S1-328196988	S2-165228168	S2
S1-328196988	S2-847685918	S2
S1-328196988	S2-139831055	S2
S1-328196988	S2-423447509	S2
S1-936820081	S2-822798491	S2
S1-936820081	S2-880764652	S2
S1-936820081	S2-772323364	S2
S1-936820081	S2-862482272	S2
S1-936820081	S2-816989315	S2
S1-936820081	S2-102286733	S2
S1-936820081	S2-156460390	S2
S1-936820081	S2-184993338	S2
S1-936820081	S2-198938800	S2
S1-936820081	S2-508602797	S2
S1-936820081	S2-312533710	S2
S1-936820081	S2-814881099	S2
S1-936820081	S2-937234624	S2
S1-936820081	S2-544365657	S2
S1-936820081	S2-760621281	S2
S1-95503899	S2-208815786	S2
S1-95503899	S2-10587098	S2
S1-95503899	S2-843741773	S2
S1-95503899	S2-126113089	S2
S1-95503899	S2-672736825	S2
S1-95503899	S2-369458829	S2
S1-95503899	S2-470659069	S2
S1-95503899	S2-640420911	S2
S1-95503899	S2-229217508	S2
S1-95503899	S2-799457865	S2
S1-95503899	S2-362602827	S2
S1-95503899	S2-26324258	S2
S1-95503899	S2-748325649	S2
S1-95503899	S2-826516454	S2
S1-95503899	S2-512382393	S2
S1-557511339	S2-67633039	S2
S1-557511339	S2-628378031	S2
S1-557511339	S2-822482083	S2
S1-557511339	S2-738996676	S2
S1-557511339	S2-882915480	S2
S1-557511339	S2-975285928	S2
S1-557511339	S2-752081733	S2
S1-557511339	S2-791856232	S2
S1-557511339	S2-784715242	S2
S1-557511339	S2-912252732	S2
S1-557511339	S2-776794265	S2
S1-557511339	S2-622481215	S2
S1-557511339	S2-453482489	S2
S1-557511339	S2-682964593	S2
S1-557511339	S2-957597561	S2
S1-529563044	S2-860534246	S2
S1-529563044	S2-484254734	S2
S1-529563044	S2-400230753	S2
S1-529563044	S2-358578952	S2
S1-529563044	S2-910212980	S2
S1-529563044	S2-945842043	S2
S1-529563044	S2-938612654	S2
S1-529563044	S2-29108033	S2
S1-529563044	S2-609292694	S2
S1-529563044	S2-147317655	S2
S1-529563044	S2-971491700	S2
S1-529563044	S2-703946335	S2
S1-529563044	S2-155636061	S2
S1-529563044	S2-255178941	S2
S1-529563044	S2-438972703	S2
S1-27508378	S2-480877177	S2
S1-27508378	S2-49714549	S2
S1-27508378	S2-582629579	S2
S1-27508378	S2-324596369	S2
S1-27508378	S2-520441214	S2
S1-27508378	S2-425338531	S2
S1-27508378	S2-595913199	S2
S1-27508378	S2-23854429	S2
S1-27508378	S2-477346021	S2
S1-27508378	S2-344874828	S2
S1-27508378	S2-859321758	S2
S1-27508378	S2-696617658	S2
S1-27508378	S2-678818787	S2
S1-27508378	S2-105671746	S2
S1-27508378	S2-196088758	S2
S1-456709533	S2-785890760	S2
S1-456709533	S2-340882825	S2
S1-456709533	S2-727779637	S2
S1-456709533	S2-53012167	S2
S1-456709533	S2-363534521	S2
S1-456709533	S2-505326493	S2
S1-456709533	S2-337462823	S2
S1-456709533	S2-165768476	S2
S1-456709533	S2-411547279	S2
S1-456709533	S2-282390486	S2
S1-456709533	S2-602297798	S2
S1-456709533	S2-808728262	S2
S1-456709533	S2-105086356	S2
S1-456709533	S2-212582677	S2
S1-456709533	S2-498215317	S2
S1-186737681	S2-288287673	S2
S1-186737681	S2-430193699	S2
S1-186737681	S2-139831055	S2
S1-186737681	S2-423447509	S2
S1-186737681	S2-65301879	S2
S1-186737681	S2-430490738	S2
S1-186737681	S2-976205330	S2
S1-186737681	S2-250365111	S2
S1-186737681	S2-441144872	S2
S1-186737681	S2-772997011	S2
S1-186737681	S2-582679076	S2
S1-186737681	S2-103464119	S2
S1-186737681	S2-411562965	S2
S1-186737681	S2-171673064	S2
S1-186737681	S2-674565629	S2
S1-425938131	S2-921202375	S2
S1-425938131	S2-8982199	S2
S1-425938131	S2-164651728	S2
S1-425938131	S2-791856232	S2
S1-425938131	S2-292607667	S2
S1-425938131	S2-332036682	S2
S1-425938131	S2-985375674	S2
S1-425938131	S2-95883726	S2
S1-425938131	S2-645138790	S2
S1-425938131	S2-228338166	S2
S1-425938131	S2-146349824	S2
S1-425938131	S2-644264374	S2
S1-425938131	S2-311814169	S2
S1-425938131	S2-293675262	S2
S1-425938131	S2-67505679	S2
S1-541300902	S2-294062437	S2
S1-541300902	S2-46777321	S2
S1-541300902	S2-91953344	S2
S1-541300902	S2-430367614	S2
S1-541300902	S2-571013920	S2
S1-541300902	S2-231286144	S2
S1-541300902	S2-398659226	S2
S1-541300902	S2-590757045	S2
S1-541300902	S2-59129159	S2
S1-541300902	S2-871160922	S2
S1-541300902	S2-345475565	S2
S1-541300902	S2-479261653	S2
S1-541300902	S2-224520354	S2
S1-541300902	S2-414895830	S2
S1-541300902	S2-54240116	S2
S1-245736163	S2-967923960	S2
S1-245736163	S2-712153407	S2
S1-245736163	S2-68402423	S2
S1-245736163	S2-865681369	S2
S1-245736163	S2-862278331	S2
S1-245736163	S2-15148623	S2
S1-245736163	S2-158902765	S2
S1-245736163	S2-157735411	S2
S1-245736163	S2-975285928	S2
S1-245736163	S2-939986664	S2
S1-245736163	S2-921274499	S2
S1-245736163	S2-265891218	S2
S1-245736163	S2-340786070	S2
S1-245736163	S2-535538356	S2
S1-245736163	S2-297926319	S2
S1-279145576	S2-335647296	S2
S1-279145576	S2-558654912	S2
S1-279145576	S2-498472092	S2
S1-279145576	S2-73156996	S2
S1-279145576	S2-471521279	S2
S1-279145576	S2-806329868	S2
S1-279145576	S2-799199580	S2
S1-279145576	S2-195768351	S2
S1-279145576	S2-646579063	S2
S1-279145576	S2-582180107	S2
S1-279145576	S2-781397767	S2
S1-279145576	S2-476688679	S2
S1-279145576	S2-653376534	S2
S1-279145576	S2-288004005	S2
S1-279145576	S2-457491323	S2
S1-609062608	S2-888667254	S2
S1-609062608	S2-640420911	S2
S1-609062608	S2-843741773	S2
S1-609062608	S2-923853202	S2
S1-609062608	S2-259929846	S2
S1-609062608	S2-26324258	S2
S1-609062608	S2-437309128	S2
S1-609062608	S2-764430935	S2
S1-609062608	S2-748325649	S2
S1-609062608	S2-369458829	S2
S1-609062608	S2-126113089	S2
S1-609062608	S2-672736825	S2
S1-609062608	S2-512382393	S2
S1-609062608	S2-229217508	S2
S1-609062608	S2-362602827	S2
S1-108284040	S2-782032185	S2
S1-108284040	S2-221999414	S2
S1-108284040	S2-285274066	S2
S1-108284040	S2-529125623	S2
S1-108284040	S2-403646565	S2
S1-108284040	S2-637536373	S2
S1-108284040	S2-294114423	S2
S1-108284040	S2-348173686	S2
S1-108284040	S2-910448815	S2
S1-108284040	S2-716107739	S2
S1-108284040	S2-35086639	S2
S1-108284040	S2-406854790	S2
S1-108284040	S2-863755882	S2
S1-108284040	S2-302419463	S2
S1-108284040	S2-631547814	S2
S1-942110962	S2-671212976	S2
S1-942110962	S2-175865714	S2
S1-942110962	S2-39401964	S2
S1-942110962	S2-426439815	S2
S1-942110962	S2-402816014	S2
S1-942110962	S2-833900025	S2
S1-942110962	S2-811863966	S2
S1-942110962	S2-40746806	S2
S1-942110962	S2-92868774	S2
S1-942110962	S2-741639927	S2
S1-942110962	S2-721241427	S2
S1-942110962	S2-662221399	S2
S1-942110962	S2-232484718	S2
S1-942110962	S2-256286125	S2
S1-942110962	S2-69559356	S2
S1-98442615	S2-877085471	S2
S1-98442615	S2-635228641	S2
S1-98442615	S2-190642185	S2
S1-98442615	S2-727570982	S2
S1-98442615	S2-48325161	S2
S1-98442615	S2-525998554	S2
S1-98442615	S2-74992830	S2
S1-98442615	S2-721134375	S2
S1-98442615	S2-332453876	S2
S1-98442615	S2-399290662	S2
S1-98442615	S2-853275037	S2
S1-98442615	S2-921857072	S2
S1-98442615	S2-786687739	S2
S1-98442615	S2-448710587	S2
S1-98442615	S2-528483872	S2
S1-48453378	S2-883981278	S2
S1-48453378	S2-522067207	S2
S1-48453378	S2-727314761	S2
S1-48453378	S2-923595204	S2
S1-48453378	S2-365560637	S2
S1-48453378	S2-953643315	S2
S1-48453378	S2-720983730	S2
S1-48453378	S2-566728597	S2
S1-48453378	S2-741811666	S2
S1-48453378	S2-575370403	S2
S1-48453378	S2-829280506	S2
S1-48453378	S2-415834554	S2
S1-48453378	S2-104858458	S2
S1-48453378	S2-144066810	S2
S1-48453378	S2-904488870	S2
S1-850758454	S2-294114423	S2
S1-850758454	S2-975023541	S2
S1-850758454	S2-921202375	S2
S1-850758454	S2-8982199	S2
S1-850758454	S2-300777619	S2
S1-850758454	S2-956132872	S2
S1-850758454	S2-281482759	S2
S1-850758454	S2-348173686	S2
S1-850758454	S2-447441433	S2
S1-850758454	S2-155636061	S2
S1-850758454	S2-143232725	S2
S1-850758454	S2-222042072	S2
S1-850758454	S2-529125623	S2
S1-850758454	S2-224839523	S2
S1-850758454	S2-910448815	S2
S1-367793476	S2-972051451	S2
S1-367793476	S2-424537185	S2
S1-367793476	S2-791613827	S2
S1-367793476	S2-17933853	S2
S1-367793476	S2-645440237	S2
S1-367793476	S2-194980849	S2
S1-367793476	S2-576580892	S2
S1-367793476	S2-60818919	S2
S1-367793476	S2-733025108	S2
S1-367793476	S2-882915480	S2
S1-367793476	S2-726813453	S2
S1-367793476	S2-619664055	S2
S1-367793476	S2-713109591	S2
S1-367793476	S2-281309190	S2
S1-367793476	S2-512950951	S2
S1-435229220	S2-850499815	S2
S1-435229220	S2-879330978	S2
S1-435229220	S2-358052714	S2
S1-435229220	S2-723828175	S2
S1-435229220	S2-708389947	S2
S1-435229220	S2-76561277	S2
S1-435229220	S2-309042378	S2
S1-435229220	S2-150000368	S2
S1-435229220	S2-25973612	S2
S1-435229220	S2-784259305	S2
S1-435229220	S2-183430561	S2
S1-435229220	S2-133664209	S2
S1-435229220	S2-526991413	S2
S1-435229220	S2-900988602	S2
S1-435229220	S2-778792105	S2
S1-837510013	S2-929722075	S2
S1-837510013	S2-814052487	S2
S1-837510013	S2-978606166	S2
S1-837510013	S2-777730349	S2
S1-837510013	S2-736787326	S2
S1-837510013	S2-988340451	S2
S1-837510013	S2-409726115	S2
S1-837510013	S2-885731246	S2
S1-837510013	S2-921202375	S2
S1-837510013	S2-8982199	S2
S1-837510013	S2-842907040	S2
S1-837510013	S2-794352292	S2
S1-837510013	S2-223117200	S2
S1-837510013	S2-68402423	S2
S1-837510013	S2-186918703	S2
S1-44244376	S2-757487043	S2
S1-44244376	S2-80378413	S2
S1-44244376	S2-410671671	S2
S1-44244376	S2-633677238	S2
S1-44244376	S2-216434283	S2
S1-44244376	S2-624920895	S2
S1-44244376	S2-219374527	S2
S1-44244376	S2-226551251	S2
S1-44244376	S2-30769224	S2
S1-44244376	S2-481306942	S2
S1-44244376	S2-1986290	S2
S1-44244376	S2-673704658	S2
S1-44244376	S2-388362035	S2
S1-44244376	S2-76243565	S2
S1-44244376	S2-174609481	S2
S1-304476315	S2-814955870	S2
S1-304476315	S2-492444908	S2
S1-304476315	S2-981550471	S2
S1-304476315	S2-622519132	S2
S1-304476315	S2-448710587	S2
S1-304476315	S2-193389855	S2
S1-304476315	S2-810843780	S2
S1-304476315	S2-945865905	S2
S1-304476315	S2-824685628	S2
S1-304476315	S2-808728262	S2
S1-304476315	S2-830783927	S2
S1-304476315	S2-735910191	S2
S1-304476315	S2-94339175	S2
S1-304476315	S2-127778636	S2
S1-304476315	S2-460653265	S2
S1-205103751	S2-250788994	S2
S1-205103751	S2-480877177	S2
S1-205103751	S2-34892868	S2
S1-205103751	S2-675296997	S2
S1-205103751	S2-362105495	S2
S1-205103751	S2-126411084	S2
S1-205103751	S2-425338531	S2
S1-205103751	S2-49714549	S2
S1-205103751	S2-595913199	S2
S1-205103751	S2-477346021	S2
S1-205103751	S2-23854429	S2
S1-205103751	S2-859321758	S2
S1-205103751	S2-105671746	S2
S1-205103751	S2-678818787	S2
S1-205103751	S2-196088758	S2
S1-778632723	S2-78769581	S2
S1-778632723	S2-170548497	S2
S1-778632723	S2-708515809	S2
S1-778632723	S2-154472882	S2
S1-778632723	S2-322926562	S2
S1-778632723	S2-747466359	S2
S1-778632723	S2-161956716	S2
S1-778632723	S2-220596390	S2
S1-778632723	S2-132946102	S2
S1-778632723	S2-348173686	S2
S1-778632723	S2-914673196	S2
S1-778632723	S2-26126776	S2
S1-778632723	S2-804872908	S2
S1-778632723	S2-418551982	S2
S1-778632723	S2-973292523	S2
S1-1727907	S2-840538759	S2
S1-1727907	S2-446844245	S2
S1-1727907	S2-560300733	S2
S1-1727907	S2-133763910	S2
S1-1727907	S2-847374839	S2
S1-1727907	S2-866481396	S2
S1-1727907	S2-949636022	S2
S1-1727907	S2-260686291	S2
S1-1727907	S2-995199364	S2
S1-1727907	S2-27297350	S2
S1-1727907	S2-228567244	S2
S1-1727907	S2-642367103	S2
S1-1727907	S2-651292790	S2
S1-1727907	S2-569534268	S2
S1-1727907	S2-794530374	S2
S1-807405756	S2-533183444	S2
S1-807405756	S2-152587093	S2
S1-807405756	S2-259053443	S2
S1-807405756	S2-447785689	S2
S1-807405756	S2-244693640	S2
S1-807405756	S2-574943143	S2
S1-807405756	S2-219432880	S2
S1-807405756	S2-398902312	S2
S1-807405756	S2-214447140	S2
S1-807405756	S2-895944720	S2
S1-807405756	S2-430367614	S2
S1-807405756	S2-785378860	S2
S1-807405756	S2-940187710	S2
S1-807405756	S2-91704178	S2
S1-807405756	S2-178951342	S2
S1-161210403	S2-126896976	S2
S1-161210403	S2-803100423	S2
S1-161210403	S2-743455401	S2
S1-161210403	S2-862759276	S2
S1-161210403	S2-630772014	S2
S1-161210403	S2-848711718	S2
S1-161210403	S2-202394836	S2
S1-161210403	S2-94751831	S2
S1-161210403	S2-81664343	S2
S1-161210403	S2-655804813	S2
S1-161210403	S2-704449115	S2
S1-161210403	S2-44100844	S2
S1-161210403	S2-122944993	S2
S1-161210403	S2-223493773	S2
S1-161210403	S2-213874601	S2
S1-5718747	S2-912435652	S2
S1-5718747	S2-409726115	S2
S1-5718747	S2-975023541	S2
S1-5718747	S2-349666272	S2
S1-5718747	S2-882459657	S2
S1-5718747	S2-978606166	S2
S1-5718747	S2-670948516	S2
S1-5718747	S2-929722075	S2
S1-5718747	S2-777730349	S2
S1-5718747	S2-135305339	S2
S1-5718747	S2-794352292	S2
S1-5718747	S2-8982199	S2
S1-5718747	S2-921202375	S2
S1-5718747	S2-68402423	S2
S1-5718747	S2-131488214	S2
S1-91116287	S2-165768476	S2
S1-91116287	S2-777295554	S2
S1-91116287	S2-505326493	S2
S1-91116287	S2-498215317	S2
S1-91116287	S2-129228958	S2
S1-91116287	S2-530253274	S2
S1-91116287	S2-696686166	S2
S1-91116287	S2-212582677	S2
S1-91116287	S2-88437832	S2
S1-91116287	S2-789711070	S2
S1-91116287	S2-873164808	S2
S1-91116287	S2-147367965	S2
S1-91116287	S2-105086356	S2
S1-91116287	S2-843071321	S2
S1-91116287	S2-727779637	S2
S1-538020889	S2-564812597	S2
S1-538020889	S2-876721131	S2
S1-538020889	S2-731588087	S2
S1-538020889	S2-940106616	S2
S1-538020889	S2-773705845	S2
S1-538020889	S2-576312763	S2
S1-538020889	S2-156688612	S2
S1-538020889	S2-91305348	S2
S1-538020889	S2-50083056	S2
S1-538020889	S2-398460096	S2
S1-538020889	S2-532389987	S2
S1-538020889	S2-259929846	S2
S1-538020889	S2-629880378	S2
S1-538020889	S2-525859393	S2
S1-538020889	S2-921202375	S2
S1-199433633	S2-566728597	S2
S1-199433633	S2-738629358	S2
S1-199433633	S2-391718145	S2
S1-199433633	S2-161949377	S2
S1-199433633	S2-404377649	S2
S1-199433633	S2-658688492	S2
S1-199433633	S2-447804682	S2
S1-199433633	S2-345152867	S2
S1-199433633	S2-904488870	S2
S1-199433633	S2-627360379	S2
S1-199433633	S2-838526909	S2
S1-199433633	S2-305427278	S2
S1-199433633	S2-174939675	S2
S1-199433633	S2-445637459	S2
S1-199433633	S2-149157756	S2
S1-571777559	S2-567514562	S2
S1-571777559	S2-794352292	S2
S1-571777559	S2-921202375	S2
S1-571777559	S2-670948516	S2
S1-571777559	S2-155086154	S2
S1-571777559	S2-777730349	S2
S1-571777559	S2-437494471	S2
S1-571777559	S2-231195947	S2
S1-571777559	S2-8982199	S2
S1-571777559	S2-25787219	S2
S1-571777559	S2-775099408	S2
S1-571777559	S2-149845283	S2
S1-571777559	S2-566931281	S2
S1-571777559	S2-17360295	S2
S1-571777559	S2-750426664	S2
S1-159677035	S2-569515778	S2
S1-159677035	S2-205132293	S2
S1-159677035	S2-789983455	S2
S1-159677035	S2-599864991	S2
S1-159677035	S2-333989418	S2
S1-159677035	S2-640987463	S2
S1-159677035	S2-358237238	S2
S1-159677035	S2-67201778	S2
S1-159677035	S2-665573717	S2
S1-159677035	S2-264940990	S2
S1-159677035	S2-335647296	S2
S1-159677035	S2-729718584	S2
S1-159677035	S2-262031736	S2
S1-159677035	S2-850418435	S2
S1-159677035	S2-783841787	S2
S1-560811925	S2-165228168	S2
S1-560811925	S2-835613264	S2
S1-560811925	S2-184020156	S2
S1-560811925	S2-923595204	S2
S1-560811925	S2-74154365	S2
S1-560811925	S2-594607876	S2
S1-560811925	S2-519056546	S2
S1-560811925	S2-406854790	S2
S1-560811925	S2-984417999	S2
S1-560811925	S2-924946907	S2
S1-560811925	S2-17185421	S2
S1-560811925	S2-935611265	S2
S1-560811925	S2-960129567	S2
S1-560811925	S2-828726837	S2
S1-560811925	S2-130736404	S2
S1-730644474	S2-63052434	S2
S1-730644474	S2-863824251	S2
S1-730644474	S2-378780545	S2
S1-730644474	S2-150305750	S2
S1-730644474	S2-811799202	S2
S1-730644474	S2-889977529	S2
S1-730644474	S2-930968972	S2
S1-730644474	S2-925486917	S2
S1-730644474	S2-637500424	S2
S1-730644474	S2-584696844	S2
S1-730644474	S2-305071473	S2
S1-730644474	S2-507704636	S2
S1-730644474	S2-314356998	S2
S1-730644474	S2-690500641	S2
S1-730644474	S2-199348255	S2
S1-277346734	S2-885790584	S2
S1-277346734	S2-335971882	S2
S1-277346734	S2-382377359	S2
S1-277346734	S2-372871261	S2
S1-277346734	S2-764713035	S2
S1-277346734	S2-749642407	S2
S1-277346734	S2-522109781	S2
S1-277346734	S2-656948848	S2
S1-277346734	S2-337462823	S2
S1-277346734	S2-659362907	S2
S1-277346734	S2-258436929	S2
S1-277346734	S2-768946792	S2
S1-277346734	S2-321590098	S2
S1-277346734	S2-672736825	S2
S1-277346734	S2-220286148	S2
S1-27455843	S2-423368397	S2
S1-27455843	S2-949636022	S2
S1-27455843	S2-960553036	S2
S1-27455843	S2-282390486	S2
S1-27455843	S2-135305339	S2
S1-27455843	S2-175456325	S2
S1-27455843	S2-258904656	S2
S1-27455843	S2-986923268	S2
S1-27455843	S2-9622708	S2
S1-27455843	S2-177471665	S2
S1-27455843	S2-850499815	S2
S1-27455843	S2-622064104	S2
S1-27455843	S2-102286733	S2
S1-27455843	S2-22700931	S2
S1-27455843	S2-492826161	S2
S1-721895642	S2-69903054	S2
S1-721895642	S2-898156452	S2
S1-721895642	S2-836906889	S2
S1-721895642	S2-706238826	S2
S1-721895642	S2-795809304	S2
S1-721895642	S2-705827573	S2
S1-721895642	S2-447804682	S2
S1-721895642	S2-700462260	S2
S1-721895642	S2-895944720	S2
S1-721895642	S2-302419463	S2
S1-721895642	S2-802129140	S2
S1-721895642	S2-369116881	S2
S1-721895642	S2-742406486	S2
S1-721895642	S2-31855479	S2
S1-721895642	S2-504223867	S2
S1-942584485	S2-16791478	S2
S1-942584485	S2-70709851	S2
S1-942584485	S2-252010908	S2
S1-942584485	S2-431286952	S2
S1-942584485	S2-50131368	S2
S1-942584485	S2-557541533	S2
S1-942584485	S2-81084363	S2
S1-942584485	S2-345152867	S2
S1-942584485	S2-837801206	S2
S1-942584485	S2-788168060	S2
S1-942584485	S2-876313973	S2
S1-942584485	S2-882459657	S2
S1-942584485	S2-199883120	S2
S1-942584485	S2-910448815	S2
S1-942584485	S2-506255087	S2
S1-823023497	S2-894693263	S2
S1-823023497	S2-145204119	S2
S1-823023497	S2-516249560	S2
S1-823023497	S2-38917398	S2
S1-823023497	S2-69559356	S2
S1-823023497	S2-209549510	S2
S1-823023497	S2-573094730	S2
S1-823023497	S2-441341822	S2
S1-823023497	S2-619859806	S2
S1-823023497	S2-613033114	S2
S1-823023497	S2-362555190	S2
S1-823023497	S2-699391872	S2
S1-823023497	S2-17860697	S2
S1-823023497	S2-310613953	S2
S1-823023497	S2-225100350	S2
S1-71296969	S2-144579100	S2
S1-71296969	S2-908490642	S2
S1-71296969	S2-991532073	S2
S1-71296969	S2-322926562	S2
S1-71296969	S2-373730786	S2
S1-71296969	S2-652123001	S2
S1-71296969	S2-447785689	S2
S1-71296969	S2-595691991	S2
S1-71296969	S2-824972458	S2
S1-71296969	S2-308734653	S2
S1-71296969	S2-764573417	S2
S1-71296969	S2-332764638	S2
S1-71296969	S2-998910997	S2
S1-71296969	S2-369116881	S2
S1-71296969	S2-946872072	S2
S1-235106542	S2-332453876	S2
S1-235106542	S2-684921133	S2
S1-235106542	S2-574940993	S2
S1-235106542	S2-221008320	S2
S1-235106542	S2-760621281	S2
S1-235106542	S2-706615728	S2
S1-235106542	S2-525213039	S2
S1-235106542	S2-565543920	S2
S1-235106542	S2-197696225	S2
S1-235106542	S2-835063716	S2
S1-235106542	S2-598858367	S2
S1-235106542	S2-275401270	S2
S1-235106542	S2-727570982	S2
S1-235106542	S2-150882117	S2
S1-235106542	S2-897475107	S2
S1-464529384	S2-984241859	S2
S1-464529384	S2-502406312	S2
S1-464529384	S2-540853782	S2
S1-464529384	S2-298914373	S2
S1-464529384	S2-865044868	S2
S1-464529384	S2-987414512	S2
S1-464529384	S2-477993186	S2
S1-464529384	S2-434575880	S2
S1-464529384	S2-978606166	S2
S1-464529384	S2-304667963	S2
S1-464529384	S2-825374035	S2
S1-464529384	S2-231688856	S2
S1-464529384	S2-444452024	S2
S1-464529384	S2-191045664	S2
S1-464529384	S2-605633090	S2
S1-953014080	S2-27503468	S2
S1-953014080	S2-921202375	S2
S1-953014080	S2-788754887	S2
S1-953014080	S2-187499079	S2
S1-953014080	S2-794352292	S2
S1-953014080	S2-100798928	S2
S1-953014080	S2-710175093	S2
S1-953014080	S2-984241859	S2
S1-953014080	S2-8982199	S2
S1-953014080	S2-337172708	S2
S1-953014080	S2-610173207	S2
S1-953014080	S2-224980295	S2
S1-953014080	S2-370549501	S2
S1-953014080	S2-298914373	S2
S1-953014080	S2-978606166	S2
S1-296996951	S2-794412447	S2
S1-296996951	S2-751588111	S2
S1-296996951	S2-459018782	S2
S1-296996951	S2-537858187	S2
S1-296996951	S2-213099480	S2
S1-296996951	S2-568951817	S2
S1-296996951	S2-838493982	S2
S1-296996951	S2-859393404	S2
S1-296996951	S2-326946504	S2
S1-296996951	S2-630688873	S2
S1-296996951	S2-335038001	S2
S1-296996951	S2-389080778	S2
S1-296996951	S2-210601194	S2
S1-296996951	S2-760648353	S2
S1-296996951	S2-798482339	S2
S1-411592446	S2-906898057	S2
S1-411592446	S2-665463193	S2
S1-411592446	S2-199235212	S2
S1-411592446	S2-17360295	S2
S1-411592446	S2-447293847	S2
S1-411592446	S2-44909703	S2
S1-411592446	S2-432279643	S2
S1-411592446	S2-566293411	S2
S1-411592446	S2-18442426	S2
S1-411592446	S2-20143885	S2
S1-411592446	S2-502689864	S2
S1-411592446	S2-79488526	S2
S1-411592446	S2-888030033	S2
S1-411592446	S2-794352292	S2
S1-411592446	S2-224980295	S2
S1-357556905	S2-421540927	S2
S1-357556905	S2-637675946	S2
S1-357556905	S2-371692381	S2
S1-357556905	S2-865716565	S2
S1-357556905	S2-262031736	S2
S1-357556905	S2-420141877	S2
S1-357556905	S2-784451498	S2
S1-357556905	S2-947421213	S2
S1-357556905	S2-445149265	S2
S1-357556905	S2-896696403	S2
S1-357556905	S2-292948374	S2
S1-357556905	S2-92835928	S2
S1-357556905	S2-127690578	S2
S1-357556905	S2-862278331	S2
S1-357556905	S2-330518097	S2
S1-451116961	S2-882907234	S2
S1-451116961	S2-619844913	S2
S1-451116961	S2-349365849	S2
S1-451116961	S2-591398537	S2
S1-451116961	S2-444467356	S2
S1-451116961	S2-447785689	S2
S1-451116961	S2-54240174	S2
S1-451116961	S2-34732391	S2
S1-451116961	S2-895944720	S2
S1-451116961	S2-430367614	S2
S1-451116961	S2-785378860	S2
S1-451116961	S2-940187710	S2
S1-451116961	S2-373143276	S2
S1-451116961	S2-91704178	S2
S1-451116961	S2-178951342	S2
S1-537740820	S2-890896148	S2
S1-537740820	S2-488702552	S2
S1-537740820	S2-231042988	S2
S1-537740820	S2-394565864	S2
S1-537740820	S2-838493982	S2
S1-537740820	S2-104858458	S2
S1-537740820	S2-272918438	S2
S1-537740820	S2-86720793	S2
S1-537740820	S2-445149265	S2
S1-537740820	S2-133067225	S2
S1-537740820	S2-793779186	S2
S1-537740820	S2-785643946	S2
S1-537740820	S2-571714424	S2
S1-537740820	S2-625317694	S2
S1-537740820	S2-975266530	S2
S1-36683808	S2-454450916	S2
S1-36683808	S2-799457865	S2
S1-36683808	S2-531774058	S2
S1-36683808	S2-373515798	S2
S1-36683808	S2-814876053	S2
S1-36683808	S2-700966121	S2
S1-36683808	S2-193955920	S2
S1-36683808	S2-947466256	S2
S1-36683808	S2-129637001	S2
S1-36683808	S2-298598465	S2
S1-36683808	S2-983169327	S2
S1-36683808	S2-489049291	S2
S1-36683808	S2-674667779	S2
S1-36683808	S2-806329868	S2
S1-36683808	S2-785890760	S2
S1-218059706	S2-298914373	S2
S1-218059706	S2-400230753	S2
S1-218059706	S2-484254734	S2
S1-218059706	S2-938612654	S2
S1-218059706	S2-910212980	S2
S1-218059706	S2-816119025	S2
S1-218059706	S2-630317647	S2
S1-218059706	S2-12796093	S2
S1-218059706	S2-29108033	S2
S1-218059706	S2-846600326	S2
S1-218059706	S2-971491700	S2
S1-218059706	S2-307272578	S2
S1-218059706	S2-438972703	S2
S1-218059706	S2-937072190	S2
S1-218059706	S2-155636061	S2
S1-561721636	S2-975285928	S2
S1-561721636	S2-939986664	S2
S1-561721636	S2-736350861	S2
S1-561721636	S2-896696403	S2
S1-561721636	S2-921274499	S2
S1-561721636	S2-265891218	S2
S1-561721636	S2-208815786	S2
S1-561721636	S2-535538356	S2
S1-561721636	S2-773208378	S2
S1-561721636	S2-297926319	S2
S1-561721636	S2-784775419	S2
S1-561721636	S2-340786070	S2
S1-561721636	S2-706360388	S2
S1-561721636	S2-564777969	S2
S1-561721636	S2-712153407	S2
S1-686329764	S2-992974200	S2
S1-686329764	S2-92469603	S2
S1-686329764	S2-159175610	S2
S1-686329764	S2-795809304	S2
S1-686329764	S2-485599345	S2
S1-686329764	S2-482219416	S2
S1-686329764	S2-68483150	S2
S1-686329764	S2-908719488	S2
S1-686329764	S2-701563511	S2
S1-686329764	S2-71201246	S2
S1-686329764	S2-900515245	S2
S1-686329764	S2-644264374	S2
S1-686329764	S2-528143818	S2
S1-686329764	S2-195972156	S2
S1-686329764	S2-585835879	S2
S1-488537245	S2-777730349	S2
S1-488537245	S2-978606166	S2
S1-488537245	S2-794352292	S2
S1-488537245	S2-324372014	S2
S1-488537245	S2-224980295	S2
S1-488537245	S2-135305339	S2
S1-488537245	S2-102704852	S2
S1-488537245	S2-921202375	S2
S1-488537245	S2-8982199	S2
S1-488537245	S2-910212980	S2
S1-488537245	S2-814052487	S2
S1-488537245	S2-142031854	S2
S1-488537245	S2-114971268	S2
S1-488537245	S2-181566415	S2
S1-488537245	S2-7418163	S2
S1-160103007	S2-254788701	S2
S1-160103007	S2-645292488	S2
S1-160103007	S2-536098194	S2
S1-160103007	S2-728507538	S2
S1-160103007	S2-141789543	S2
S1-160103007	S2-417725545	S2
S1-160103007	S2-137062485	S2
S1-160103007	S2-80911610	S2
S1-160103007	S2-580529895	S2
S1-160103007	S2-793479348	S2
S1-160103007	S2-12434856	S2
S1-160103007	S2-620482053	S2
S1-160103007	S2-915284751	S2
S1-160103007	S2-299591716	S2
S1-160103007	S2-132808942	S2
S1-701892935	S2-998764761	S2
S1-701892935	S2-784715242	S2
S1-701892935	S2-944772275	S2
S1-701892935	S2-976205330	S2
S1-701892935	S2-19689896	S2
S1-701892935	S2-177752621	S2
S1-701892935	S2-955718772	S2
S1-701892935	S2-558505389	S2
S1-701892935	S2-579566857	S2
S1-701892935	S2-803596169	S2
S1-701892935	S2-841418687	S2
S1-701892935	S2-744917936	S2
S1-701892935	S2-209549510	S2
S1-701892935	S2-459107455	S2
S1-701892935	S2-540853782	S2
S1-270609465	S2-981022954	S2
S1-270609465	S2-533197229	S2
S1-270609465	S2-118393214	S2
S1-270609465	S2-757677016	S2
S1-270609465	S2-644844275	S2
S1-270609465	S2-579939713	S2
S1-270609465	S2-270518407	S2
S1-270609465	S2-613251572	S2
S1-270609465	S2-311198605	S2
S1-270609465	S2-780872035	S2
S1-270609465	S2-700717757	S2
S1-270609465	S2-222899205	S2
S1-270609465	S2-349365849	S2
S1-270609465	S2-134341052	S2
S1-270609465	S2-591277113	S2
S1-735419931	S2-732240757	S2
S1-735419931	S2-965399023	S2
S1-735419931	S2-114971268	S2
S1-735419931	S2-882459657	S2
S1-735419931	S2-912228916	S2
S1-735419931	S2-847408459	S2
S1-735419931	S2-370549501	S2
S1-735419931	S2-277444929	S2
S1-735419931	S2-319771268	S2
S1-735419931	S2-295564788	S2
S1-735419931	S2-528320338	S2
S1-735419931	S2-978606166	S2
S1-735419931	S2-796310966	S2
S1-735419931	S2-779197401	S2
S1-735419931	S2-935018855	S2
S1-21981800	S2-846158069	S2
S1-21981800	S2-913216366	S2
S1-21981800	S2-943861343	S2
S1-21981800	S2-954942261	S2
S1-21981800	S2-526412482	S2
S1-21981800	S2-488789411	S2
S1-21981800	S2-15025788	S2
S1-21981800	S2-835613264	S2
S1-21981800	S2-751588111	S2
S1-21981800	S2-377809075	S2
S1-21981800	S2-291868119	S2
S1-21981800	S2-18394219	S2
S1-21981800	S2-448793585	S2
S1-21981800	S2-748044572	S2
S1-21981800	S2-865044868	S2
S1-984312810	S2-662032378	S2
S1-984312810	S2-770769195	S2
S1-984312810	S2-916238268	S2
S1-984312810	S2-842456481	S2
S1-984312810	S2-964240180	S2
S1-984312810	S2-772922754	S2
S1-984312810	S2-616876975	S2
S1-984312810	S2-513550621	S2
S1-984312810	S2-862759276	S2
S1-984312810	S2-142962200	S2
S1-984312810	S2-877823257	S2
S1-984312810	S2-583111097	S2
S1-984312810	S2-119087459	S2
S1-984312810	S2-197625218	S2
S1-984312810	S2-646080124	S2
S1-539053304	S2-286362115	S2
S1-539053304	S2-853755608	S2
S1-539053304	S2-566309986	S2
S1-539053304	S2-791990398	S2
S1-539053304	S2-892880098	S2
S1-539053304	S2-22700931	S2
S1-539053304	S2-584977605	S2
S1-539053304	S2-605734275	S2
S1-539053304	S2-631451351	S2
S1-539053304	S2-882459657	S2
S1-539053304	S2-449440448	S2
S1-539053304	S2-145624152	S2
S1-539053304	S2-747478411	S2
S1-539053304	S2-43498869	S2
S1-539053304	S2-199635728	S2
S1-900945148	S2-187499079	S2
S1-900945148	S2-637697607	S2
S1-900945148	S2-684921133	S2
S1-900945148	S2-799978429	S2
S1-900945148	S2-829922079	S2
S1-900945148	S2-7352143	S2
S1-900945148	S2-319012131	S2
S1-900945148	S2-790245385	S2
S1-900945148	S2-604893296	S2
S1-900945148	S2-885790584	S2
S1-900945148	S2-337462823	S2
S1-900945148	S2-378707035	S2
S1-900945148	S2-699134996	S2
S1-900945148	S2-885166670	S2
S1-900945148	S2-87980826	S2
S1-830412925	S2-538680925	S2
S1-830412925	S2-798482339	S2
S1-830412925	S2-570512018	S2
S1-830412925	S2-820761727	S2
S1-830412925	S2-727514766	S2
S1-830412925	S2-665652910	S2
S1-830412925	S2-878371458	S2
S1-830412925	S2-159175610	S2
S1-830412925	S2-51862156	S2
S1-830412925	S2-862571135	S2
S1-830412925	S2-308442620	S2
S1-830412925	S2-162849450	S2
S1-830412925	S2-853214687	S2
S1-830412925	S2-391281368	S2
S1-830412925	S2-697586803	S2
S1-477773796	S2-330823411	S2
S1-477773796	S2-885518	S2
S1-477773796	S2-411476341	S2
S1-477773796	S2-145507253	S2
S1-477773796	S2-698245094	S2
S1-477773796	S2-846600326	S2
S1-477773796	S2-872319713	S2
S1-477773796	S2-996064384	S2
S1-477773796	S2-891406198	S2
S1-477773796	S2-145379986	S2
S1-477773796	S2-635511596	S2
S1-477773796	S2-47749434	S2
S1-477773796	S2-503157961	S2
S1-477773796	S2-712486191	S2
S1-477773796	S2-821982484	S2
S1-142631764	S2-326946504	S2
S1-142631764	S2-867358397	S2
S1-142631764	S2-630688873	S2
S1-142631764	S2-180999100	S2
S1-142631764	S2-335038001	S2
S1-142631764	S2-532020500	S2
S1-142631764	S2-210601194	S2
S1-142631764	S2-213099480	S2
S1-142631764	S2-469073813	S2
S1-142631764	S2-838493982	S2
S1-142631764	S2-684635925	S2
S1-142631764	S2-228338166	S2
S1-142631764	S2-146349824	S2
S1-142631764	S2-311814169	S2
S1-142631764	S2-985375674	S2
S1-7040061	S2-865044868	S2
S1-7040061	S2-731682240	S2
S1-7040061	S2-317615334	S2
S1-7040061	S2-8982199	S2
S1-7040061	S2-337172708	S2
S1-7040061	S2-788754887	S2
S1-7040061	S2-710175093	S2
S1-7040061	S2-187499079	S2
S1-7040061	S2-984241859	S2
S1-7040061	S2-231688856	S2
S1-7040061	S2-391886434	S2
S1-7040061	S2-298914373	S2
S1-7040061	S2-118711492	S2
S1-7040061	S2-978606166	S2
S1-7040061	S2-224980295	S2
S1-354301488	S2-187593824	S2
S1-354301488	S2-287588845	S2
S1-354301488	S2-117325459	S2
S1-354301488	S2-613971680	S2
S1-354301488	S2-460821959	S2
S1-354301488	S2-437309128	S2
S1-354301488	S2-182145854	S2
S1-354301488	S2-257885603	S2
S1-354301488	S2-987414512	S2
S1-354301488	S2-99946185	S2
S1-354301488	S2-957597561	S2
S1-354301488	S2-70367717	S2
S1-354301488	S2-605734275	S2
S1-354301488	S2-200440168	S2
S1-354301488	S2-446585847	S2
S1-207587850	S2-567514562	S2
S1-207587850	S2-72883532	S2
S1-207587850	S2-155086154	S2
S1-207587850	S2-25787219	S2
S1-207587850	S2-330251499	S2
S1-207587850	S2-229183845	S2
S1-207587850	S2-607666338	S2
S1-207587850	S2-470518488	S2
S1-207587850	S2-161047745	S2
S1-207587850	S2-494876351	S2
S1-207587850	S2-89956614	S2
S1-207587850	S2-778604392	S2
S1-207587850	S2-522792557	S2
S1-207587850	S2-49942811	S2
S1-207587850	S2-19749906	S2
S1-915479091	S2-310613953	S2
S1-915479091	S2-736787326	S2
S1-915479091	S2-866481396	S2
S1-915479091	S2-956608424	S2
S1-915479091	S2-264940990	S2
S1-915479091	S2-676624824	S2
S1-915479091	S2-614810613	S2
S1-915479091	S2-983439720	S2
S1-915479091	S2-496850215	S2
S1-915479091	S2-916871057	S2
S1-915479091	S2-95507352	S2
S1-915479091	S2-234262247	S2
S1-915479091	S2-904488870	S2
S1-915479091	S2-476714949	S2
S1-915479091	S2-727779637	S2
S1-73734420	S2-67863065	S2
S1-73734420	S2-906609960	S2
S1-73734420	S2-296598302	S2
S1-73734420	S2-318217219	S2
S1-73734420	S2-463146600	S2
S1-73734420	S2-38259941	S2
S1-73734420	S2-747466359	S2
S1-73734420	S2-432687019	S2
S1-73734420	S2-200925331	S2
S1-73734420	S2-498279964	S2
S1-73734420	S2-199384569	S2
S1-73734420	S2-820931640	S2
S1-73734420	S2-813957984	S2
S1-73734420	S2-802680238	S2
S1-73734420	S2-402023314	S2
S1-483434064	S2-800014563	S2
S1-483434064	S2-713572779	S2
S1-483434064	S2-432279643	S2
S1-483434064	S2-335124172	S2
S1-483434064	S2-848946610	S2
S1-483434064	S2-181566415	S2
S1-483434064	S2-706697011	S2
S1-483434064	S2-414238106	S2
S1-483434064	S2-135305339	S2
S1-483434064	S2-403364722	S2
S1-483434064	S2-711267664	S2
S1-483434064	S2-885381494	S2
S1-483434064	S2-797821871	S2
S1-483434064	S2-814052487	S2
S1-483434064	S2-672381387	S2
S1-407280565	S2-108304064	S2
S1-407280565	S2-634994990	S2
S1-407280565	S2-131264573	S2
S1-407280565	S2-454519384	S2
S1-407280565	S2-178777487	S2
S1-407280565	S2-472675182	S2
S1-407280565	S2-491950020	S2
S1-407280565	S2-504223867	S2
S1-407280565	S2-968661299	S2
S1-407280565	S2-195768351	S2
S1-407280565	S2-452572748	S2
S1-407280565	S2-686350780	S2
S1-407280565	S2-369527493	S2
S1-407280565	S2-109034922	S2
S1-407280565	S2-836566896	S2
S1-557547015	S2-234380287	S2
S1-557547015	S2-454450916	S2
S1-557547015	S2-770688784	S2
S1-557547015	S2-542975651	S2
S1-557547015	S2-534416622	S2
S1-557547015	S2-106188251	S2
S1-557547015	S2-421672451	S2
S1-557547015	S2-308505251	S2
S1-557547015	S2-538976068	S2
S1-557547015	S2-842456481	S2
S1-557547015	S2-957978733	S2
S1-557547015	S2-980846147	S2
S1-557547015	S2-50586341	S2
S1-557547015	S2-773208378	S2
S1-557547015	S2-231042988	S2
S1-228678189	S2-757169960	S2
S1-228678189	S2-145507253	S2
S1-228678189	S2-982950235	S2
S1-228678189	S2-154655572	S2
S1-228678189	S2-672736825	S2
S1-228678189	S2-229217508	S2
S1-228678189	S2-775099408	S2
S1-228678189	S2-102704852	S2
S1-228678189	S2-35320888	S2
S1-228678189	S2-640420911	S2
S1-228678189	S2-324372014	S2
S1-228678189	S2-126113089	S2
S1-228678189	S2-369458829	S2
S1-228678189	S2-26324258	S2
S1-228678189	S2-512382393	S2
S1-45414958	S2-917557484	S2
S1-45414958	S2-149345266	S2
S1-45414958	S2-921274499	S2
S1-45414958	S2-459633919	S2
S1-45414958	S2-158757260	S2
S1-45414958	S2-325615566	S2
S1-45414958	S2-132543275	S2
S1-45414958	S2-774600043	S2
S1-45414958	S2-765265626	S2
S1-45414958	S2-810843780	S2
S1-45414958	S2-258046397	S2
S1-45414958	S2-635228641	S2
S1-45414958	S2-383023238	S2
S1-45414958	S2-688230388	S2
S1-45414958	S2-975023541	S2
S1-959272256	S2-619748319	S2
S1-959272256	S2-803343298	S2
S1-959272256	S2-423838997	S2
S1-959272256	S2-226658215	S2
S1-959272256	S2-37191173	S2
S1-959272256	S2-274323360	S2
S1-959272256	S2-590757045	S2
S1-959272256	S2-158828409	S2
S1-959272256	S2-980594306	S2
S1-959272256	S2-500096956	S2
S1-959272256	S2-123459391	S2
S1-959272256	S2-812610176	S2
S1-959272256	S2-727477424	S2
S1-959272256	S2-543049878	S2
S1-959272256	S2-757487043	S2
S1-928914408	S2-839523258	S2
S1-928914408	S2-589086253	S2
S1-928914408	S2-770688784	S2
S1-928914408	S2-169160798	S2
S1-928914408	S2-953675570	S2
S1-928914408	S2-482353871	S2
S1-928914408	S2-447892968	S2
S1-928914408	S2-770751342	S2
S1-928914408	S2-428415426	S2
S1-928914408	S2-381747268	S2
S1-928914408	S2-187498810	S2
S1-928914408	S2-267771398	S2
S1-928914408	S2-176512196	S2
S1-928914408	S2-441765868	S2
S1-928914408	S2-317647861	S2
S1-254753234	S2-158902765	S2
S1-254753234	S2-15148623	S2
S1-254753234	S2-777625208	S2
S1-254753234	S2-133252993	S2
S1-254753234	S2-91953344	S2
S1-254753234	S2-921274499	S2
S1-254753234	S2-265891218	S2
S1-254753234	S2-794412447	S2
S1-254753234	S2-430367614	S2
S1-254753234	S2-975285928	S2
S1-254753234	S2-967923960	S2
S1-254753234	S2-157735411	S2
S1-254753234	S2-340786070	S2
S1-254753234	S2-535538356	S2
S1-254753234	S2-297926319	S2
S1-137682774	S2-361966224	S2
S1-137682774	S2-981022954	S2
S1-137682774	S2-533197229	S2
S1-137682774	S2-757677016	S2
S1-137682774	S2-485599345	S2
S1-137682774	S2-644844275	S2
S1-137682774	S2-93682954	S2
S1-137682774	S2-270518407	S2
S1-137682774	S2-311198605	S2
S1-137682774	S2-780872035	S2
S1-137682774	S2-118393214	S2
S1-137682774	S2-222899205	S2
S1-137682774	S2-349365849	S2
S1-137682774	S2-591277113	S2
S1-137682774	S2-700717757	S2
S1-476024246	S2-949636022	S2
S1-476024246	S2-747122768	S2
S1-476024246	S2-177918546	S2
S1-476024246	S2-44100844	S2
S1-476024246	S2-337572515	S2
S1-476024246	S2-99136836	S2
S1-476024246	S2-655804813	S2
S1-476024246	S2-542224090	S2
S1-476024246	S2-223493773	S2
S1-476024246	S2-293670539	S2
S1-476024246	S2-690767550	S2
S1-476024246	S2-387269711	S2
S1-476024246	S2-136630789	S2
S1-476024246	S2-630772014	S2
S1-476024246	S2-803100423	S2
S1-800226602	S2-459018782	S2
S1-800226602	S2-505326493	S2
S1-800226602	S2-963646032	S2
S1-800226602	S2-859393404	S2
S1-800226602	S2-537858187	S2
S1-800226602	S2-745995930	S2
S1-800226602	S2-568951817	S2
S1-800226602	S2-838493982	S2
S1-800226602	S2-534416622	S2
S1-800226602	S2-72883532	S2
S1-800226602	S2-326946504	S2
S1-800226602	S2-630688873	S2
S1-800226602	S2-210601194	S2
S1-800226602	S2-335038001	S2
S1-800226602	S2-161047745	S2
S1-334146653	S2-426660752	S2
S1-334146653	S2-215365689	S2
S1-334146653	S2-772323364	S2
S1-334146653	S2-276431458	S2
S1-334146653	S2-832052225	S2
S1-334146653	S2-591536531	S2
S1-334146653	S2-925486917	S2
S1-334146653	S2-637500424	S2
S1-334146653	S2-816989315	S2
S1-334146653	S2-420385975	S2
S1-334146653	S2-930968972	S2
S1-334146653	S2-360633734	S2
S1-334146653	S2-537831921	S2
S1-334146653	S2-335825003	S2
S1-334146653	S2-546744883	S2
S1-459070718	S2-209410163	S2
S1-459070718	S2-510931175	S2
S1-459070718	S2-949845335	S2
S1-459070718	S2-930033885	S2
S1-459070718	S2-505987024	S2
S1-459070718	S2-598588474	S2
S1-459070718	S2-964581929	S2
S1-459070718	S2-274323360	S2
S1-459070718	S2-945339512	S2
S1-459070718	S2-319761515	S2
S1-459070718	S2-337172708	S2
S1-459070718	S2-475170125	S2
S1-459070718	S2-1365339	S2
S1-459070718	S2-92959536	S2
S1-459070718	S2-967569498	S2
S1-997319680	S2-518525663	S2
S1-997319680	S2-664981233	S2
S1-997319680	S2-785852339	S2
S1-997319680	S2-683120884	S2
S1-997319680	S2-183176697	S2
S1-997319680	S2-962522174	S2
S1-997319680	S2-963300188	S2
S1-997319680	S2-854959253	S2
S1-997319680	S2-749642407	S2
S1-997319680	S2-165809100	S2
S1-997319680	S2-699301561	S2
S1-997319680	S2-596751909	S2
S1-997319680	S2-666342792	S2
S1-997319680	S2-849565658	S2
S1-997319680	S2-185405451	S2
S1-72785829	S2-459107455	S2
S1-72785829	S2-415733261	S2
S1-72785829	S2-459018782	S2
S1-72785829	S2-540853782	S2
S1-72785829	S2-782032185	S2
S1-72785829	S2-762585007	S2
S1-72785829	S2-748268413	S2
S1-72785829	S2-830888138	S2
S1-72785829	S2-263966863	S2
S1-72785829	S2-878352124	S2
S1-72785829	S2-417090507	S2
S1-72785829	S2-518413297	S2
S1-72785829	S2-130488242	S2
S1-72785829	S2-936893839	S2
S1-72785829	S2-760507152	S2
S1-60550637	S2-831437465	S2
S1-60550637	S2-727608986	S2
S1-60550637	S2-787757653	S2
S1-60550637	S2-404431253	S2
S1-60550637	S2-623817123	S2
S1-60550637	S2-150634918	S2
S1-60550637	S2-133252993	S2
S1-60550637	S2-450648359	S2
S1-60550637	S2-991981696	S2
S1-60550637	S2-153046971	S2
S1-60550637	S2-731649105	S2
S1-60550637	S2-223493773	S2
S1-60550637	S2-92835928	S2
S1-60550637	S2-672321572	S2
S1-60550637	S2-411547279	S2
S1-106653705	S2-9614101	S2
S1-106653705	S2-597331429	S2
S1-106653705	S2-189729084	S2
S1-106653705	S2-186614082	S2
S1-106653705	S2-409726115	S2
S1-106653705	S2-202159021	S2
S1-106653705	S2-51424319	S2
S1-106653705	S2-510383940	S2
S1-106653705	S2-516249560	S2
S1-106653705	S2-560818510	S2
S1-106653705	S2-516871248	S2
S1-106653705	S2-737521149	S2
S1-106653705	S2-25787219	S2
S1-106653705	S2-116895038	S2
S1-106653705	S2-802873219	S2
S1-556845820	S2-880883010	S2
S1-556845820	S2-779197401	S2
S1-556845820	S2-784613702	S2
S1-556845820	S2-274350405	S2
S1-556845820	S2-829280506	S2
S1-556845820	S2-501546135	S2
S1-556845820	S2-375938862	S2
S1-556845820	S2-564852431	S2
S1-556845820	S2-904488870	S2
S1-556845820	S2-570512018	S2
S1-556845820	S2-923595204	S2
S1-556845820	S2-162849450	S2
S1-556845820	S2-960276783	S2
S1-556845820	S2-566728597	S2
S1-556845820	S2-107888981	S2
S1-273979066	S2-438678740	S2
S1-273979066	S2-834563673	S2
S1-273979066	S2-406091061	S2
S1-273979066	S2-454761179	S2
S1-273979066	S2-444467356	S2
S1-273979066	S2-889017900	S2
S1-273979066	S2-915202445	S2
S1-273979066	S2-888030033	S2
S1-273979066	S2-20873018	S2
S1-273979066	S2-877085471	S2
S1-273979066	S2-500008641	S2
S1-273979066	S2-678818787	S2
S1-273979066	S2-877823257	S2
S1-273979066	S2-432715099	S2
S1-273979066	S2-198163085	S2
S1-165673175	S2-198938800	S2
S1-165673175	S2-612768292	S2
S1-165673175	S2-102286733	S2
S1-165673175	S2-22805370	S2
S1-165673175	S2-487988118	S2
S1-165673175	S2-496765251	S2
S1-165673175	S2-312533710	S2
S1-165673175	S2-880764652	S2
S1-165673175	S2-156460390	S2
S1-165673175	S2-814881099	S2
S1-165673175	S2-184993338	S2
S1-165673175	S2-760621281	S2
S1-165673175	S2-937234624	S2
S1-165673175	S2-427111019	S2
S1-165673175	S2-544365657	S2
S1-509723568	S2-692060905	S2
S1-509723568	S2-714077903	S2
S1-509723568	S2-855836919	S2
S1-509723568	S2-682660453	S2
S1-509723568	S2-89587960	S2
S1-509723568	S2-760648353	S2
S1-509723568	S2-1986290	S2
S1-509723568	S2-394314645	S2
S1-509723568	S2-835256551	S2
S1-509723568	S2-170119635	S2
S1-509723568	S2-623164214	S2
S1-509723568	S2-972466865	S2
S1-509723568	S2-524004407	S2
S1-509723568	S2-155086154	S2
S1-509723568	S2-838526909	S2
S1-91085118	S2-492444908	S2
S1-91085118	S2-991981696	S2
S1-91085118	S2-62630370	S2
S1-91085118	S2-349666272	S2
S1-91085118	S2-814955870	S2
S1-91085118	S2-749852939	S2
S1-91085118	S2-344621502	S2
S1-91085118	S2-177918546	S2
S1-91085118	S2-862278331	S2
S1-91085118	S2-528320338	S2
S1-91085118	S2-556747559	S2
S1-91085118	S2-231688856	S2
S1-91085118	S2-225823147	S2
S1-91085118	S2-699404448	S2
S1-91085118	S2-929722075	S2
S1-520290406	S2-811863966	S2
S1-520290406	S2-871017791	S2
S1-520290406	S2-694410926	S2
S1-520290406	S2-164651728	S2
S1-520290406	S2-937327246	S2
S1-520290406	S2-998910997	S2
S1-520290406	S2-687568056	S2
S1-520290406	S2-94751831	S2
S1-520290406	S2-912941112	S2
S1-520290406	S2-212279628	S2
S1-520290406	S2-681609924	S2
S1-520290406	S2-290615647	S2
S1-520290406	S2-8849654	S2
S1-520290406	S2-358856946	S2
S1-520290406	S2-263966863	S2
S1-48201804	S2-374185954	S2
S1-48201804	S2-731943701	S2
S1-48201804	S2-801352391	S2
S1-48201804	S2-662425862	S2
S1-48201804	S2-657092756	S2
S1-48201804	S2-854546683	S2
S1-48201804	S2-355967072	S2
S1-48201804	S2-874757538	S2
S1-48201804	S2-378055021	S2
S1-48201804	S2-599864991	S2
S1-48201804	S2-233123309	S2
S1-48201804	S2-494905313	S2
S1-48201804	S2-390971137	S2
S1-48201804	S2-49312012	S2
S1-48201804	S2-927572293	S2
S1-582307657	S2-481306942	S2
S1-582307657	S2-161592048	S2
S1-582307657	S2-755671955	S2
S1-582307657	S2-177471665	S2
S1-582307657	S2-991843540	S2
S1-582307657	S2-684046440	S2
S1-582307657	S2-258046397	S2
S1-582307657	S2-265287731	S2
S1-582307657	S2-522067207	S2
S1-582307657	S2-789711070	S2
S1-582307657	S2-623031574	S2
S1-582307657	S2-847374839	S2
S1-582307657	S2-715096064	S2
S1-582307657	S2-996569294	S2
S1-582307657	S2-519912199	S2
S1-749675254	S2-494710355	S2
S1-749675254	S2-845062226	S2
S1-749675254	S2-617467150	S2
S1-749675254	S2-383822500	S2
S1-749675254	S2-63801241	S2
S1-749675254	S2-575370403	S2
S1-749675254	S2-33267509	S2
S1-749675254	S2-835256551	S2
S1-749675254	S2-647664606	S2
S1-749675254	S2-143232725	S2
S1-749675254	S2-761559953	S2
S1-749675254	S2-831117180	S2
S1-749675254	S2-311868409	S2
S1-749675254	S2-879019234	S2
S1-749675254	S2-706168001	S2
S1-168182736	S2-160993289	S2
S1-168182736	S2-421540927	S2
S1-168182736	S2-626058699	S2
S1-168182736	S2-482219416	S2
S1-168182736	S2-33228405	S2
S1-168182736	S2-121759397	S2
S1-168182736	S2-72591393	S2
S1-168182736	S2-964891724	S2
S1-168182736	S2-850499815	S2
S1-168182736	S2-590158229	S2
S1-168182736	S2-998406285	S2
S1-168182736	S2-575813071	S2
S1-168182736	S2-714768922	S2
S1-168182736	S2-398902312	S2
S1-168182736	S2-633921347	S2
S1-715992753	S2-708727646	S2
S1-715992753	S2-960129567	S2
S1-715992753	S2-74992830	S2
S1-715992753	S2-17933853	S2
S1-715992753	S2-424537185	S2
S1-715992753	S2-972051451	S2
S1-715992753	S2-165863386	S2
S1-715992753	S2-436663188	S2
S1-715992753	S2-645440237	S2
S1-715992753	S2-512950951	S2
S1-715992753	S2-60818919	S2
S1-715992753	S2-726813453	S2
S1-715992753	S2-619664055	S2
S1-715992753	S2-713109591	S2
S1-715992753	S2-707420806	S2
S1-539879230	S2-33383115	S2
S1-539879230	S2-132147493	S2
S1-539879230	S2-16075678	S2
S1-539879230	S2-457321092	S2
S1-539879230	S2-512060211	S2
S1-539879230	S2-146656765	S2
S1-539879230	S2-884135049	S2
S1-539879230	S2-836755446	S2
S1-539879230	S2-81664343	S2
S1-539879230	S2-403869292	S2
S1-539879230	S2-251858541	S2
S1-539879230	S2-846535978	S2
S1-539879230	S2-189775165	S2
S1-539879230	S2-697958072	S2
S1-539879230	S2-711632305	S2
S1-739032625	S2-988228866	S2
S1-739032625	S2-846535978	S2
S1-739032625	S2-162194884	S2
S1-739032625	S2-794174587	S2
S1-739032625	S2-567837097	S2
S1-739032625	S2-395489902	S2
S1-739032625	S2-637317501	S2
S1-739032625	S2-640759708	S2
S1-739032625	S2-750473552	S2
S1-739032625	S2-561625161	S2
S1-739032625	S2-54240116	S2
S1-739032625	S2-496765251	S2
S1-739032625	S2-22805370	S2
S1-739032625	S2-362776689	S2
S1-739032625	S2-427111019	S2
S1-94486532	S2-879392749	S2
S1-94486532	S2-366702753	S2
S1-94486532	S2-558810816	S2
S1-94486532	S2-983439720	S2
S1-94486532	S2-660445841	S2
S1-94486532	S2-921274499	S2
S1-94486532	S2-509362529	S2
S1-94486532	S2-569049408	S2
S1-94486532	S2-324771787	S2
S1-94486532	S2-410137278	S2
S1-94486532	S2-153452187	S2
S1-94486532	S2-474934237	S2
S1-94486532	S2-879472043	S2
S1-94486532	S2-168987401	S2
S1-94486532	S2-279795129	S2
S1-761286259	S2-622300061	S2
S1-761286259	S2-368462066	S2
S1-761286259	S2-802873219	S2
S1-761286259	S2-202159021	S2
S1-761286259	S2-18394219	S2
S1-761286259	S2-403364722	S2
S1-761286259	S2-964240180	S2
S1-761286259	S2-890896148	S2
S1-761286259	S2-150965879	S2
S1-761286259	S2-362555190	S2
S1-761286259	S2-56744275	S2
S1-761286259	S2-863652256	S2
S1-761286259	S2-5405243	S2
S1-761286259	S2-914673196	S2
S1-761286259	S2-576774941	S2
S1-140279129	S2-960258435	S2
S1-140279129	S2-232100103	S2
S1-140279129	S2-518721601	S2
S1-140279129	S2-775394710	S2
S1-140279129	S2-469073813	S2
S1-140279129	S2-747478411	S2
S1-140279129	S2-85642806	S2
S1-140279129	S2-802075529	S2
S1-140279129	S2-764236252	S2
S1-140279129	S2-831239310	S2
S1-140279129	S2-308041768	S2
S1-140279129	S2-202394836	S2
S1-140279129	S2-905737147	S2
S1-140279129	S2-253412037	S2
S1-140279129	S2-245909245	S2
S1-501989527	S2-277830258	S2
S1-501989527	S2-774048672	S2
S1-501989527	S2-998885968	S2
S1-501989527	S2-927235908	S2
S1-501989527	S2-879030047	S2
S1-501989527	S2-857627805	S2
S1-501989527	S2-436041396	S2
S1-501989527	S2-741639927	S2
S1-501989527	S2-389134643	S2
S1-501989527	S2-402816014	S2
S1-501989527	S2-811863966	S2
S1-501989527	S2-833900025	S2
S1-501989527	S2-40746806	S2
S1-501989527	S2-721241427	S2
S1-501989527	S2-662221399	S2
S1-752489684	S2-17185421	S2
S1-752489684	S2-914794752	S2
S1-752489684	S2-929782824	S2
S1-752489684	S2-313502741	S2
S1-752489684	S2-6693673	S2
S1-752489684	S2-35410781	S2
S1-752489684	S2-500943015	S2
S1-752489684	S2-657092756	S2
S1-752489684	S2-551194254	S2
S1-752489684	S2-144066810	S2
S1-752489684	S2-537831921	S2
S1-752489684	S2-903479853	S2
S1-752489684	S2-120771780	S2
S1-752489684	S2-125134325	S2
S1-752489684	S2-463704151	S2
S1-274310041	S2-461664377	S2
S1-274310041	S2-846600326	S2
S1-274310041	S2-139986213	S2
S1-274310041	S2-630317647	S2
S1-274310041	S2-75150479	S2
S1-274310041	S2-307272578	S2
S1-274310041	S2-262681979	S2
S1-274310041	S2-400230753	S2
S1-274310041	S2-29108033	S2
S1-274310041	S2-484254734	S2
S1-274310041	S2-910212980	S2
S1-274310041	S2-938612654	S2
S1-274310041	S2-155636061	S2
S1-274310041	S2-971491700	S2
S1-274310041	S2-438972703	S2
S1-506296494	S2-592650888	S2
S1-506296494	S2-192695882	S2
S1-506296494	S2-981550471	S2
S1-506296494	S2-448710587	S2
S1-506296494	S2-460653265	S2
S1-506296494	S2-814955870	S2
S1-506296494	S2-492444908	S2
S1-506296494	S2-810843780	S2
S1-506296494	S2-994612767	S2
S1-506296494	S2-808728262	S2
S1-506296494	S2-872566864	S2
S1-506296494	S2-43073112	S2
S1-506296494	S2-53273621	S2
S1-506296494	S2-966475004	S2
S1-506296494	S2-636634036	S2
S1-398602742	S2-617626301	S2
S1-398602742	S2-80378413	S2
S1-398602742	S2-633677238	S2
S1-398602742	S2-624920895	S2
S1-398602742	S2-849276951	S2
S1-398602742	S2-219374527	S2
S1-398602742	S2-30769224	S2
S1-398602742	S2-226551251	S2
S1-398602742	S2-1986290	S2
S1-398602742	S2-481306942	S2
S1-398602742	S2-388362035	S2
S1-398602742	S2-895791781	S2
S1-398602742	S2-673704658	S2
S1-398602742	S2-76243565	S2
S1-398602742	S2-174609481	S2
S1-367749530	S2-557541533	S2
S1-367749530	S2-810915319	S2
S1-367749530	S2-274109622	S2
S1-367749530	S2-673822670	S2
S1-367749530	S2-513743270	S2
S1-367749530	S2-649938200	S2
S1-367749530	S2-206879860	S2
S1-367749530	S2-154479629	S2
S1-367749530	S2-626930611	S2
S1-367749530	S2-834353592	S2
S1-367749530	S2-43073112	S2
S1-367749530	S2-609292694	S2
S1-367749530	S2-147317655	S2
S1-367749530	S2-703946335	S2
S1-367749530	S2-255178941	S2
S1-462035659	S2-517966898	S2
S1-462035659	S2-55073412	S2
S1-462035659	S2-689674207	S2
S1-462035659	S2-60332086	S2
S1-462035659	S2-980246492	S2
S1-462035659	S2-309113625	S2
S1-462035659	S2-688230388	S2
S1-462035659	S2-103317508	S2
S1-462035659	S2-517995133	S2
S1-462035659	S2-491950020	S2
S1-462035659	S2-438678740	S2
S1-462035659	S2-470535992	S2
S1-462035659	S2-469964803	S2
S1-462035659	S2-871636446	S2
S1-462035659	S2-706697011	S2
S1-581156957	S2-777730349	S2
S1-581156957	S2-224980295	S2
S1-581156957	S2-699404448	S2
S1-581156957	S2-8982199	S2
S1-581156957	S2-141023155	S2
S1-581156957	S2-402548315	S2
S1-581156957	S2-975023541	S2
S1-581156957	S2-311204736	S2
S1-581156957	S2-777295554	S2
S1-581156957	S2-929722075	S2
S1-581156957	S2-766251634	S2
S1-581156957	S2-318348932	S2
S1-581156957	S2-796933103	S2
S1-581156957	S2-873164808	S2
S1-581156957	S2-791856232	S2
S1-760816941	S2-308041768	S2
S1-760816941	S2-797857062	S2
S1-760816941	S2-320320411	S2
S1-760816941	S2-681275696	S2
S1-760816941	S2-580017481	S2
S1-760816941	S2-121759397	S2
S1-760816941	S2-636839041	S2
S1-760816941	S2-967569498	S2
S1-760816941	S2-421540927	S2
S1-760816941	S2-455830760	S2
S1-760816941	S2-366986483	S2
S1-760816941	S2-850499815	S2
S1-760816941	S2-889497510	S2
S1-760816941	S2-622064104	S2
S1-760816941	S2-205034666	S2
S1-994039959	S2-121611732	S2
S1-994039959	S2-562696174	S2
S1-994039959	S2-787718430	S2
S1-994039959	S2-952329168	S2
S1-994039959	S2-162228388	S2
S1-994039959	S2-911982345	S2
S1-994039959	S2-216470228	S2
S1-994039959	S2-629499045	S2
S1-994039959	S2-716241482	S2
S1-994039959	S2-17185421	S2
S1-994039959	S2-874995586	S2
S1-994039959	S2-555846632	S2
S1-994039959	S2-249418882	S2
S1-994039959	S2-356220463	S2
S1-994039959	S2-934412775	S2
S1-650239343	S2-865681369	S2
S1-650239343	S2-459633919	S2
S1-650239343	S2-15148623	S2
S1-650239343	S2-158902765	S2
S1-650239343	S2-769858942	S2
S1-650239343	S2-975285928	S2
S1-650239343	S2-539943184	S2
S1-650239343	S2-157735411	S2
S1-650239343	S2-939986664	S2
S1-650239343	S2-380743763	S2
S1-650239343	S2-921274499	S2
S1-650239343	S2-265891218	S2
S1-650239343	S2-535538356	S2
S1-650239343	S2-340786070	S2
S1-650239343	S2-297926319	S2
S1-552321484	S2-179095524	S2
S1-552321484	S2-952581224	S2
S1-552321484	S2-790721694	S2
S1-552321484	S2-481889816	S2
S1-552321484	S2-284994286	S2
S1-552321484	S2-403364722	S2
S1-552321484	S2-267771398	S2
S1-552321484	S2-475652190	S2
S1-552321484	S2-875461623	S2
S1-552321484	S2-333359081	S2
S1-552321484	S2-849078694	S2
S1-552321484	S2-382115578	S2
S1-552321484	S2-548633980	S2
S1-552321484	S2-48866343	S2
S1-552321484	S2-794926277	S2
S1-455806760	S2-689917284	S2
S1-455806760	S2-634015823	S2
S1-455806760	S2-939131514	S2
S1-455806760	S2-634202116	S2
S1-455806760	S2-296598302	S2
S1-455806760	S2-849686830	S2
S1-455806760	S2-626930611	S2
S1-455806760	S2-864548311	S2
S1-455806760	S2-52425118	S2
S1-455806760	S2-609895919	S2
S1-455806760	S2-248392702	S2
S1-455806760	S2-649251901	S2
S1-455806760	S2-701787316	S2
S1-455806760	S2-111192912	S2
S1-455806760	S2-841227826	S2
S1-272502295	S2-810915319	S2
S1-272502295	S2-274109622	S2
S1-272502295	S2-534318812	S2
S1-272502295	S2-17360295	S2
S1-272502295	S2-936893839	S2
S1-272502295	S2-133252993	S2
S1-272502295	S2-673822670	S2
S1-272502295	S2-672321572	S2
S1-272502295	S2-223493773	S2
S1-272502295	S2-411547279	S2
S1-272502295	S2-513743270	S2
S1-272502295	S2-580017481	S2
S1-272502295	S2-834353592	S2
S1-272502295	S2-154655572	S2
S1-272502295	S2-609292694	S2
S1-399242844	S2-421100616	S2
S1-399242844	S2-414624479	S2
S1-399242844	S2-260445047	S2
S1-399242844	S2-781210535	S2
S1-399242844	S2-662032378	S2
S1-399242844	S2-933093889	S2
S1-399242844	S2-889472913	S2
S1-399242844	S2-335124172	S2
S1-399242844	S2-99468652	S2
S1-399242844	S2-656892137	S2
S1-399242844	S2-726045392	S2
S1-399242844	S2-895798537	S2
S1-399242844	S2-242582700	S2
S1-399242844	S2-620110385	S2
S1-399242844	S2-294305745	S2
S1-210055577	S2-997592409	S2
S1-210055577	S2-727779637	S2
S1-210055577	S2-904488870	S2
S1-210055577	S2-705827573	S2
S1-210055577	S2-116518353	S2
S1-210055577	S2-690131096	S2
S1-210055577	S2-195819452	S2
S1-210055577	S2-620482053	S2
S1-210055577	S2-905223021	S2
S1-210055577	S2-561226892	S2
S1-210055577	S2-234262247	S2
S1-210055577	S2-439438994	S2
S1-210055577	S2-227857777	S2
S1-210055577	S2-745714890	S2
S1-210055577	S2-534415637	S2
S1-475934373	S2-97937368	S2
S1-475934373	S2-237942217	S2
S1-475934373	S2-76206961	S2
S1-475934373	S2-572367141	S2
S1-475934373	S2-209093728	S2
S1-475934373	S2-105463326	S2
S1-475934373	S2-474934237	S2
S1-475934373	S2-514714174	S2
S1-475934373	S2-420141877	S2
S1-475934373	S2-457321092	S2
S1-475934373	S2-229886583	S2
S1-475934373	S2-591277113	S2
S1-475934373	S2-680125018	S2
S1-475934373	S2-778812617	S2
S1-475934373	S2-872022787	S2
S1-41217356	S2-199669656	S2
S1-41217356	S2-8914613	S2
S1-41217356	S2-418033252	S2
S1-41217356	S2-637697607	S2
S1-41217356	S2-454272837	S2
S1-41217356	S2-219374527	S2
S1-41217356	S2-91953344	S2
S1-41217356	S2-718979866	S2
S1-41217356	S2-96508179	S2
S1-41217356	S2-474535244	S2
S1-41217356	S2-804822084	S2
S1-41217356	S2-574914445	S2
S1-41217356	S2-368462066	S2
S1-41217356	S2-890896148	S2
S1-41217356	S2-857681318	S2
S1-336993358	S2-846158069	S2
S1-336993358	S2-954942261	S2
S1-336993358	S2-663884088	S2
S1-336993358	S2-377809075	S2
S1-336993358	S2-506145204	S2
S1-336993358	S2-663446783	S2
S1-336993358	S2-526412482	S2
S1-336993358	S2-291868119	S2
S1-336993358	S2-488789411	S2
S1-336993358	S2-203944670	S2
S1-336993358	S2-18394219	S2
S1-336993358	S2-751588111	S2
S1-336993358	S2-865044868	S2
S1-336993358	S2-448793585	S2
S1-336993358	S2-748044572	S2
S1-389234911	S2-879158207	S2
S1-389234911	S2-331142396	S2
S1-389234911	S2-467948188	S2
S1-389234911	S2-149854075	S2
S1-389234911	S2-434799271	S2
S1-389234911	S2-6795460	S2
S1-389234911	S2-21859479	S2
S1-389234911	S2-436621421	S2
S1-389234911	S2-776942202	S2
S1-389234911	S2-758681750	S2
S1-389234911	S2-902147205	S2
S1-389234911	S2-877745187	S2
S1-389234911	S2-932843757	S2
S1-389234911	S2-182955632	S2
S1-389234911	S2-152104014	S2
S1-531436692	S2-438260084	S2
S1-531436692	S2-9614101	S2
S1-531436692	S2-394554163	S2
S1-531436692	S2-219432880	S2
S1-531436692	S2-69214320	S2
S1-531436692	S2-74992830	S2
S1-531436692	S2-706697276	S2
S1-531436692	S2-877085471	S2
S1-531436692	S2-727570982	S2
S1-531436692	S2-635228641	S2
S1-531436692	S2-859393404	S2
S1-531436692	S2-190642185	S2
S1-531436692	S2-196618803	S2
S1-531436692	S2-332453876	S2
S1-531436692	S2-484557188	S2
S1-134717804	S2-847374839	S2
S1-134717804	S2-866481396	S2
S1-134717804	S2-840538759	S2
S1-134717804	S2-27297350	S2
S1-134717804	S2-752654978	S2
S1-134717804	S2-228567244	S2
S1-134717804	S2-560300733	S2
S1-134717804	S2-883117276	S2
S1-134717804	S2-260686291	S2
S1-134717804	S2-949636022	S2
S1-134717804	S2-892880098	S2
S1-134717804	S2-642367103	S2
S1-134717804	S2-569534268	S2
S1-134717804	S2-794530374	S2
S1-134717804	S2-651292790	S2
S1-887193507	S2-706238826	S2
S1-887193507	S2-182529912	S2
S1-887193507	S2-720822553	S2
S1-887193507	S2-439888025	S2
S1-887193507	S2-613971680	S2
S1-887193507	S2-477346021	S2
S1-887193507	S2-465002151	S2
S1-887193507	S2-674565629	S2
S1-887193507	S2-832324901	S2
S1-887193507	S2-637238651	S2
S1-887193507	S2-247593592	S2
S1-887193507	S2-601262506	S2
S1-887193507	S2-620156938	S2
S1-887193507	S2-243782054	S2
S1-887193507	S2-274227325	S2
S1-796967309	S2-140550490	S2
S1-796967309	S2-200472231	S2
S1-796967309	S2-317647861	S2
S1-796967309	S2-453455590	S2
S1-796967309	S2-28418448	S2
S1-796967309	S2-454082161	S2
S1-796967309	S2-288287673	S2
S1-796967309	S2-806329868	S2
S1-796967309	S2-465837411	S2
S1-796967309	S2-471521279	S2
S1-796967309	S2-158641226	S2
S1-796967309	S2-327707439	S2
S1-796967309	S2-162252776	S2
S1-796967309	S2-824414038	S2
S1-796967309	S2-426481260	S2
S1-227546659	S2-78644395	S2
S1-227546659	S2-943996696	S2
S1-227546659	S2-743560610	S2
S1-227546659	S2-972051451	S2
S1-227546659	S2-945339512	S2
S1-227546659	S2-149854075	S2
S1-227546659	S2-300777619	S2
S1-227546659	S2-598588474	S2
S1-227546659	S2-348173686	S2
S1-227546659	S2-227612893	S2
S1-227546659	S2-281482759	S2
S1-227546659	S2-222042072	S2
S1-227546659	S2-447441433	S2
S1-227546659	S2-529125623	S2
S1-227546659	S2-569401409	S2
S1-527408099	S2-101325335	S2
S1-527408099	S2-771685137	S2
S1-527408099	S2-848946610	S2
S1-527408099	S2-265891218	S2
S1-527408099	S2-99468652	S2
S1-527408099	S2-846262463	S2
S1-527408099	S2-402548315	S2
S1-527408099	S2-800014563	S2
S1-527408099	S2-726045392	S2
S1-527408099	S2-788754887	S2
S1-527408099	S2-873177396	S2
S1-527408099	S2-242582700	S2
S1-527408099	S2-135305339	S2
S1-527408099	S2-620110385	S2
S1-527408099	S2-335124172	S2
S1-832785535	S2-213138164	S2
S1-832785535	S2-972130692	S2
S1-832785535	S2-983318792	S2
S1-832785535	S2-421540927	S2
S1-832785535	S2-637675946	S2
S1-832785535	S2-673704658	S2
S1-832785535	S2-122944993	S2
S1-832785535	S2-384219063	S2
S1-832785535	S2-92835928	S2
S1-832785535	S2-862278331	S2
S1-832785535	S2-127690578	S2
S1-832785535	S2-339884517	S2
S1-832785535	S2-889977529	S2
S1-832785535	S2-811799202	S2
S1-832785535	S2-584696844	S2
S1-279028557	S2-862759276	S2
S1-279028557	S2-43498869	S2
S1-279028557	S2-868915655	S2
S1-279028557	S2-876145747	S2
S1-279028557	S2-179181266	S2
S1-279028557	S2-499421234	S2
S1-279028557	S2-964240180	S2
S1-279028557	S2-988340451	S2
S1-279028557	S2-452973108	S2
S1-279028557	S2-827093547	S2
S1-279028557	S2-983514167	S2
S1-279028557	S2-155574448	S2
S1-279028557	S2-961183932	S2
S1-279028557	S2-769510808	S2
S1-279028557	S2-527059989	S2
S1-200376709	S2-270140435	S2
S1-200376709	S2-645024049	S2
S1-200376709	S2-339737852	S2
S1-200376709	S2-430193699	S2
S1-200376709	S2-392482719	S2
S1-200376709	S2-923595204	S2
S1-200376709	S2-539626107	S2
S1-200376709	S2-779723055	S2
S1-200376709	S2-792034672	S2
S1-200376709	S2-165228168	S2
S1-200376709	S2-309950217	S2
S1-200376709	S2-948826263	S2
S1-200376709	S2-847685918	S2
S1-200376709	S2-139831055	S2
S1-200376709	S2-423447509	S2
S1-959671957	S2-873177396	S2
S1-959671957	S2-222540081	S2
S1-959671957	S2-788754887	S2
S1-959671957	S2-712777388	S2
S1-959671957	S2-534318812	S2
S1-959671957	S2-810915319	S2
S1-959671957	S2-673822670	S2
S1-959671957	S2-126896976	S2
S1-959671957	S2-335124172	S2
S1-959671957	S2-3914789	S2
S1-959671957	S2-875461623	S2
S1-959671957	S2-17360295	S2
S1-959671957	S2-826516454	S2
S1-959671957	S2-580017481	S2
S1-959671957	S2-609292694	S2
S1-528590391	S2-175456325	S2
S1-528590391	S2-574357374	S2
S1-528590391	S2-253315499	S2
S1-528590391	S2-51424319	S2
S1-528590391	S2-269775293	S2
S1-528590391	S2-445994325	S2
S1-528590391	S2-983379660	S2
S1-528590391	S2-710492190	S2
S1-528590391	S2-978253391	S2
S1-528590391	S2-459481005	S2
S1-528590391	S2-426660752	S2
S1-528590391	S2-866650875	S2
S1-528590391	S2-495565633	S2
S1-528590391	S2-968735721	S2
S1-528590391	S2-373143276	S2
S1-63719584	S2-35756508	S2
S1-63719584	S2-637536373	S2
S1-63719584	S2-139986213	S2
S1-63719584	S2-590158229	S2
S1-63719584	S2-162888799	S2
S1-63719584	S2-472675182	S2
S1-63719584	S2-735647694	S2
S1-63719584	S2-452572748	S2
S1-63719584	S2-687591963	S2
S1-63719584	S2-928211613	S2
S1-63719584	S2-889222096	S2
S1-63719584	S2-495084719	S2
S1-63719584	S2-923595204	S2
S1-63719584	S2-824783934	S2
S1-63719584	S2-792034672	S2
S1-292649689	S2-906898057	S2
S1-292649689	S2-665463193	S2
S1-292649689	S2-838493982	S2
S1-292649689	S2-17360295	S2
S1-292649689	S2-199235212	S2
S1-292649689	S2-44909703	S2
S1-292649689	S2-432279643	S2
S1-292649689	S2-566293411	S2
S1-292649689	S2-18442426	S2
S1-292649689	S2-20143885	S2
S1-292649689	S2-502689864	S2
S1-292649689	S2-79488526	S2
S1-292649689	S2-794352292	S2
S1-292649689	S2-224980295	S2
S1-292649689	S2-888030033	S2
S1-369859179	S2-155681006	S2
S1-369859179	S2-829251462	S2
S1-369859179	S2-349287094	S2
S1-369859179	S2-728928259	S2
S1-369859179	S2-110236539	S2
S1-369859179	S2-530330935	S2
S1-369859179	S2-975285928	S2
S1-369859179	S2-475419520	S2
S1-369859179	S2-434166125	S2
S1-369859179	S2-353393611	S2
S1-369859179	S2-260388248	S2
S1-369859179	S2-287300820	S2
S1-369859179	S2-354227046	S2
S1-369859179	S2-354912564	S2
S1-369859179	S2-704269513	S2
S1-235913521	S2-369159065	S2
S1-235913521	S2-35410781	S2
S1-235913521	S2-576580892	S2
S1-235913521	S2-857545705	S2
S1-235913521	S2-424537185	S2
S1-235913521	S2-916812240	S2
S1-235913521	S2-535538356	S2
S1-235913521	S2-731215113	S2
S1-235913521	S2-297926319	S2
S1-235913521	S2-344591721	S2
S1-235913521	S2-405681592	S2
S1-235913521	S2-352552540	S2
S1-235913521	S2-338866041	S2
S1-235913521	S2-865681369	S2
S1-235913521	S2-969392100	S2
S1-218685314	S2-149854075	S2
S1-218685314	S2-137335733	S2
S1-218685314	S2-6795460	S2
S1-218685314	S2-879158207	S2
S1-218685314	S2-902147205	S2
S1-218685314	S2-877745187	S2
S1-218685314	S2-436621421	S2
S1-218685314	S2-116895353	S2
S1-218685314	S2-467948188	S2
S1-218685314	S2-182955632	S2
S1-218685314	S2-932843757	S2
S1-218685314	S2-990119436	S2
S1-218685314	S2-423099834	S2
S1-218685314	S2-897475107	S2
S1-218685314	S2-152104014	S2
S1-915189817	S2-794412447	S2
S1-915189817	S2-751588111	S2
S1-915189817	S2-469073813	S2
S1-915189817	S2-963646032	S2
S1-915189817	S2-859393404	S2
S1-915189817	S2-537858187	S2
S1-915189817	S2-568951817	S2
S1-915189817	S2-838493982	S2
S1-915189817	S2-665652910	S2
S1-915189817	S2-459018782	S2
S1-915189817	S2-159175610	S2
S1-915189817	S2-630688873	S2
S1-915189817	S2-326946504	S2
S1-915189817	S2-335038001	S2
S1-915189817	S2-210601194	S2
S1-453939454	S2-706770555	S2
S1-453939454	S2-287872643	S2
S1-453939454	S2-39401964	S2
S1-453939454	S2-69869857	S2
S1-453939454	S2-866650875	S2
S1-453939454	S2-662221399	S2
S1-453939454	S2-27986137	S2
S1-453939454	S2-399449669	S2
S1-453939454	S2-574914445	S2
S1-453939454	S2-304562241	S2
S1-453939454	S2-457500956	S2
S1-453939454	S2-218771556	S2
S1-453939454	S2-145521404	S2
S1-453939454	S2-69559356	S2
S1-453939454	S2-92868774	S2
S1-391322859	S2-102286733	S2
S1-391322859	S2-622064104	S2
S1-391322859	S2-9622708	S2
S1-391322859	S2-492826161	S2
S1-391322859	S2-148968056	S2
S1-391322859	S2-177471665	S2
S1-391322859	S2-269084113	S2
S1-391322859	S2-741940589	S2
S1-391322859	S2-761559953	S2
S1-391322859	S2-539531490	S2
S1-391322859	S2-655596796	S2
S1-391322859	S2-530253274	S2
S1-391322859	S2-511106943	S2
S1-391322859	S2-564915463	S2
S1-391322859	S2-623817123	S2
S1-62395269	S2-72944171	S2
S1-62395269	S2-261405250	S2
S1-62395269	S2-384219063	S2
S1-62395269	S2-383822500	S2
S1-62395269	S2-617467150	S2
S1-62395269	S2-63801241	S2
S1-62395269	S2-845062226	S2
S1-62395269	S2-33267509	S2
S1-62395269	S2-835256551	S2
S1-62395269	S2-761559953	S2
S1-62395269	S2-647664606	S2
S1-62395269	S2-831117180	S2
S1-62395269	S2-879019234	S2
S1-62395269	S2-311868409	S2
S1-62395269	S2-706168001	S2
S1-761471261	S2-803294359	S2
S1-761471261	S2-790947608	S2
S1-761471261	S2-27986137	S2
S1-761471261	S2-157564986	S2
S1-761471261	S2-967923960	S2
S1-761471261	S2-516249560	S2
S1-761471261	S2-187498810	S2
S1-761471261	S2-8914613	S2
S1-761471261	S2-939131514	S2
S1-761471261	S2-865353440	S2
S1-761471261	S2-612768292	S2
S1-761471261	S2-659685525	S2
S1-761471261	S2-247759089	S2
S1-761471261	S2-246621020	S2
S1-761471261	S2-489461707	S2
S1-350018831	S2-811863966	S2
S1-350018831	S2-418033252	S2
S1-350018831	S2-953675570	S2
S1-350018831	S2-903979096	S2
S1-350018831	S2-903769892	S2
S1-350018831	S2-153359899	S2
S1-350018831	S2-47852966	S2
S1-350018831	S2-667274253	S2
S1-350018831	S2-308390109	S2
S1-350018831	S2-265295979	S2
S1-350018831	S2-878671698	S2
S1-350018831	S2-623163178	S2
S1-350018831	S2-609334836	S2
S1-350018831	S2-603052709	S2
S1-350018831	S2-342386355	S2
S1-553547335	S2-311868409	S2
S1-553547335	S2-658994017	S2
S1-553547335	S2-611908172	S2
S1-553547335	S2-779485994	S2
S1-553547335	S2-683692604	S2
S1-553547335	S2-404232285	S2
S1-553547335	S2-888873504	S2
S1-553547335	S2-932096839	S2
S1-553547335	S2-247565679	S2
S1-553547335	S2-106174634	S2
S1-553547335	S2-431904537	S2
S1-553547335	S2-208504427	S2
S1-553547335	S2-193586650	S2
S1-553547335	S2-441765868	S2
S1-553547335	S2-762585007	S2
S1-402902918	S2-888030033	S2
S1-402902918	S2-564777969	S2
S1-402902918	S2-438678740	S2
S1-402902918	S2-500008641	S2
S1-402902918	S2-959734804	S2
S1-402902918	S2-619844913	S2
S1-402902918	S2-747561379	S2
S1-402902918	S2-231688856	S2
S1-402902918	S2-143614907	S2
S1-402902918	S2-831064278	S2
S1-402902918	S2-466380342	S2
S1-402902918	S2-344621502	S2
S1-402902918	S2-444467356	S2
S1-402902918	S2-947466256	S2
S1-402902918	S2-237499913	S2
S1-472663407	S2-131264573	S2
S1-472663407	S2-735844220	S2
S1-472663407	S2-378707035	S2
S1-472663407	S2-222636194	S2
S1-472663407	S2-191186951	S2
S1-472663407	S2-11680136	S2
S1-472663407	S2-332764638	S2
S1-472663407	S2-135305339	S2
S1-472663407	S2-192696208	S2
S1-472663407	S2-147367965	S2
S1-472663407	S2-932626440	S2
S1-472663407	S2-194980849	S2
S1-472663407	S2-401480583	S2
S1-472663407	S2-319761515	S2
S1-472663407	S2-389034100	S2
S1-908551239	S2-929614987	S2
S1-908551239	S2-539943184	S2
S1-908551239	S2-660467546	S2
S1-908551239	S2-314926539	S2
S1-908551239	S2-981550471	S2
S1-908551239	S2-693296247	S2
S1-908551239	S2-868574975	S2
S1-908551239	S2-293675262	S2
S1-908551239	S2-291868119	S2
S1-908551239	S2-566309986	S2
S1-908551239	S2-494828371	S2
S1-908551239	S2-791990398	S2
S1-908551239	S2-8982199	S2
S1-908551239	S2-196587307	S2
S1-908551239	S2-370549501	S2
S1-709080642	S2-905737147	S2
S1-709080642	S2-882459657	S2
S1-709080642	S2-135305339	S2
S1-709080642	S2-978606166	S2
S1-709080642	S2-371549760	S2
S1-709080642	S2-777730349	S2
S1-709080642	S2-409726115	S2
S1-709080642	S2-318348932	S2
S1-709080642	S2-8982199	S2
S1-709080642	S2-921202375	S2
S1-709080642	S2-929722075	S2
S1-709080642	S2-794352292	S2
S1-709080642	S2-736787326	S2
S1-709080642	S2-975023541	S2
S1-709080642	S2-670948516	S2
S1-114380129	S2-777625208	S2
S1-114380129	S2-145204119	S2
S1-114380129	S2-218208532	S2
S1-114380129	S2-530400446	S2
S1-114380129	S2-714077903	S2
S1-114380129	S2-902205396	S2
S1-114380129	S2-986716530	S2
S1-114380129	S2-759079441	S2
S1-114380129	S2-333785505	S2
S1-114380129	S2-413822422	S2
S1-114380129	S2-755481720	S2
S1-114380129	S2-296598302	S2
S1-114380129	S2-259053443	S2
S1-114380129	S2-646080124	S2
S1-114380129	S2-780354672	S2
S1-113606541	S2-287300820	S2
S1-113606541	S2-988228866	S2
S1-113606541	S2-318784543	S2
S1-113606541	S2-150882117	S2
S1-113606541	S2-564777969	S2
S1-113606541	S2-704012671	S2
S1-113606541	S2-287275758	S2
S1-113606541	S2-947466256	S2
S1-113606541	S2-959734804	S2
S1-113606541	S2-694466866	S2
S1-113606541	S2-539726746	S2
S1-113606541	S2-8648579	S2
S1-113606541	S2-466380342	S2
S1-113606541	S2-264731923	S2
S1-113606541	S2-780123305	S2
S1-102881886	S2-16075678	S2
S1-102881886	S2-259305279	S2
S1-102881886	S2-459758045	S2
S1-102881886	S2-462526248	S2
S1-102881886	S2-956579766	S2
S1-102881886	S2-683872853	S2
S1-102881886	S2-252321761	S2
S1-102881886	S2-319667672	S2
S1-102881886	S2-199883120	S2
S1-102881886	S2-683120884	S2
S1-102881886	S2-980246492	S2
S1-102881886	S2-537803499	S2
S1-102881886	S2-597243519	S2
S1-102881886	S2-419789553	S2
S1-102881886	S2-393592371	S2
S1-609076271	S2-23854429	S2
S1-609076271	S2-477346021	S2
S1-609076271	S2-74926793	S2
S1-609076271	S2-859321758	S2
S1-609076271	S2-678818787	S2
S1-609076271	S2-196088758	S2
S1-609076271	S2-574349442	S2
S1-609076271	S2-330251499	S2
S1-609076271	S2-70698601	S2
S1-609076271	S2-229183845	S2
S1-609076271	S2-960276783	S2
S1-609076271	S2-143852128	S2
S1-609076271	S2-339853392	S2
S1-609076271	S2-867614780	S2
S1-609076271	S2-526876910	S2
S1-339374417	S2-707195845	S2
S1-339374417	S2-906898057	S2
S1-339374417	S2-665463193	S2
S1-339374417	S2-17360295	S2
S1-339374417	S2-199235212	S2
S1-339374417	S2-44909703	S2
S1-339374417	S2-432279643	S2
S1-339374417	S2-566293411	S2
S1-339374417	S2-18442426	S2
S1-339374417	S2-20143885	S2
S1-339374417	S2-502689864	S2
S1-339374417	S2-79488526	S2
S1-339374417	S2-888030033	S2
S1-339374417	S2-794352292	S2
S1-339374417	S2-224980295	S2
S1-744315333	S2-277830258	S2
S1-744315333	S2-879030047	S2
S1-744315333	S2-927235908	S2
S1-744315333	S2-998885968	S2
S1-744315333	S2-884331770	S2
S1-744315333	S2-942849471	S2
S1-744315333	S2-402816014	S2
S1-744315333	S2-426439815	S2
S1-744315333	S2-40746806	S2
S1-744315333	S2-833900025	S2
S1-744315333	S2-943861343	S2
S1-744315333	S2-741639927	S2
S1-744315333	S2-721241427	S2
S1-744315333	S2-662221399	S2
S1-744315333	S2-811863966	S2
S1-130377203	S2-672381387	S2
S1-130377203	S2-181566415	S2
S1-130377203	S2-648420391	S2
S1-130377203	S2-99858135	S2
S1-130377203	S2-330980029	S2
S1-130377203	S2-256236598	S2
S1-130377203	S2-781790661	S2
S1-130377203	S2-804822084	S2
S1-130377203	S2-613033114	S2
S1-130377203	S2-875242013	S2
S1-130377203	S2-384330461	S2
S1-130377203	S2-407432333	S2
S1-130377203	S2-79818405	S2
S1-130377203	S2-362776689	S2
S1-130377203	S2-215134403	S2
S1-238331147	S2-192695882	S2
S1-238331147	S2-965399023	S2
S1-238331147	S2-791990398	S2
S1-238331147	S2-892880098	S2
S1-238331147	S2-114971268	S2
S1-238331147	S2-370549501	S2
S1-238331147	S2-22700931	S2
S1-238331147	S2-882459657	S2
S1-238331147	S2-978606166	S2
S1-238331147	S2-605734275	S2
S1-238331147	S2-631451351	S2
S1-238331147	S2-358237238	S2
S1-238331147	S2-145624152	S2
S1-238331147	S2-44100844	S2
S1-238331147	S2-996541051	S2
S1-460833036	S2-318348932	S2
S1-460833036	S2-882459657	S2
S1-460833036	S2-736787326	S2
S1-460833036	S2-135305339	S2
S1-460833036	S2-929722075	S2
S1-460833036	S2-978606166	S2
S1-460833036	S2-674028684	S2
S1-460833036	S2-409726115	S2
S1-460833036	S2-164651728	S2
S1-460833036	S2-975023541	S2
S1-460833036	S2-670948516	S2
S1-460833036	S2-794352292	S2
S1-460833036	S2-777730349	S2
S1-460833036	S2-921202375	S2
S1-460833036	S2-8982199	S2
S1-650704989	S2-663446783	S2
S1-650704989	S2-377809075	S2
S1-650704989	S2-506145204	S2
S1-650704989	S2-203944670	S2
S1-650704989	S2-526412482	S2
S1-650704989	S2-459633919	S2
S1-650704989	S2-291868119	S2
S1-650704989	S2-954942261	S2
S1-650704989	S2-18394219	S2
S1-650704989	S2-751588111	S2
S1-650704989	S2-739603930	S2
S1-650704989	S2-488789411	S2
S1-650704989	S2-448793585	S2
S1-650704989	S2-748044572	S2
S1-650704989	S2-865044868	S2
S1-995584103	S2-935425652	S2
S1-995584103	S2-353393611	S2
S1-995584103	S2-981104251	S2
S1-995584103	S2-905684636	S2
S1-995584103	S2-924946907	S2
S1-995584103	S2-779327043	S2
S1-995584103	S2-16791478	S2
S1-995584103	S2-288991362	S2
S1-995584103	S2-740081940	S2
S1-995584103	S2-209709244	S2
S1-995584103	S2-609334836	S2
S1-995584103	S2-92216230	S2
S1-995584103	S2-192178144	S2
S1-995584103	S2-402804051	S2
S1-995584103	S2-523953646	S2
S1-956930131	S2-181566415	S2
S1-956930131	S2-648420391	S2
S1-956930131	S2-802873219	S2
S1-956930131	S2-330980029	S2
S1-956930131	S2-99858135	S2
S1-956930131	S2-256236598	S2
S1-956930131	S2-362776689	S2
S1-956930131	S2-804822084	S2
S1-956930131	S2-875242013	S2
S1-956930131	S2-781790661	S2
S1-956930131	S2-613033114	S2
S1-956930131	S2-407432333	S2
S1-956930131	S2-79818405	S2
S1-956930131	S2-384330461	S2
S1-956930131	S2-215134403	S2
S1-976027745	S2-111237832	S2
S1-976027745	S2-787992018	S2
S1-976027745	S2-948826263	S2
S1-976027745	S2-108304064	S2
S1-976027745	S2-265951472	S2
S1-976027745	S2-92854944	S2
S1-976027745	S2-103972023	S2
S1-976027745	S2-487450523	S2
S1-976027745	S2-822123183	S2
S1-976027745	S2-550763752	S2
S1-976027745	S2-795261579	S2
S1-976027745	S2-810865448	S2
S1-976027745	S2-892882538	S2
S1-976027745	S2-469595862	S2
S1-976027745	S2-536231721	S2
S1-406771676	S2-609292694	S2
S1-406771676	S2-631410361	S2
S1-406771676	S2-678818787	S2
S1-406771676	S2-536231721	S2
S1-406771676	S2-673822670	S2
S1-406771676	S2-874162453	S2
S1-406771676	S2-196618803	S2
S1-406771676	S2-713572779	S2
S1-406771676	S2-848946610	S2
S1-406771676	S2-93943992	S2
S1-406771676	S2-335124172	S2
S1-406771676	S2-135305339	S2
S1-406771676	S2-878639783	S2
S1-406771676	S2-800014563	S2
S1-406771676	S2-620110385	S2
S1-558129390	S2-906609960	S2
S1-558129390	S2-936867164	S2
S1-558129390	S2-15280146	S2
S1-558129390	S2-169160798	S2
S1-558129390	S2-179095524	S2
S1-558129390	S2-952581224	S2
S1-558129390	S2-284994286	S2
S1-558129390	S2-267771398	S2
S1-558129390	S2-475652190	S2
S1-558129390	S2-182145854	S2
S1-558129390	S2-333359081	S2
S1-558129390	S2-849078694	S2
S1-558129390	S2-548633980	S2
S1-558129390	S2-48866343	S2
S1-558129390	S2-794926277	S2
S1-558262132	S2-978606166	S2
S1-558262132	S2-739603930	S2
S1-558262132	S2-304667963	S2
S1-558262132	S2-706238826	S2
S1-558262132	S2-475170125	S2
S1-558262132	S2-198163085	S2
S1-558262132	S2-258085782	S2
S1-558262132	S2-444452024	S2
S1-558262132	S2-337172708	S2
S1-558262132	S2-942417082	S2
S1-558262132	S2-846975420	S2
S1-558262132	S2-848878443	S2
S1-558262132	S2-100798928	S2
S1-558262132	S2-899616853	S2
S1-558262132	S2-187499079	S2
S1-771350895	S2-183683146	S2
S1-771350895	S2-975285928	S2
S1-771350895	S2-157735411	S2
S1-771350895	S2-644844275	S2
S1-771350895	S2-802351030	S2
S1-771350895	S2-349365849	S2
S1-771350895	S2-311402763	S2
S1-771350895	S2-514200750	S2
S1-771350895	S2-62630370	S2
S1-771350895	S2-448967653	S2
S1-771350895	S2-862278331	S2
S1-771350895	S2-516946324	S2
S1-771350895	S2-921362349	S2
S1-771350895	S2-505041950	S2
S1-771350895	S2-68402423	S2
S1-432478198	S2-167129557	S2
S1-432478198	S2-459061465	S2
S1-432478198	S2-923271726	S2
S1-432478198	S2-249418882	S2
S1-432478198	S2-758502039	S2
S1-432478198	S2-764573417	S2
S1-432478198	S2-905966783	S2
S1-432478198	S2-966475004	S2
S1-432478198	S2-653376534	S2
S1-432478198	S2-871829810	S2
S1-432478198	S2-72311199	S2
S1-432478198	S2-620482053	S2
S1-432478198	S2-623163178	S2
S1-432478198	S2-19749906	S2
S1-432478198	S2-276674538	S2
S1-259948914	S2-423447509	S2
S1-259948914	S2-700966121	S2
S1-259948914	S2-272918438	S2
S1-259948914	S2-842446266	S2
S1-259948914	S2-848656635	S2
S1-259948914	S2-232413629	S2
S1-259948914	S2-65301879	S2
S1-259948914	S2-779723055	S2
S1-259948914	S2-628378031	S2
S1-259948914	S2-539626107	S2
S1-259948914	S2-964891724	S2
S1-259948914	S2-411562965	S2
S1-259948914	S2-103464119	S2
S1-259948914	S2-171673064	S2
S1-259948914	S2-674565629	S2
S1-980320825	S2-711267664	S2
S1-980320825	S2-25787219	S2
S1-980320825	S2-155086154	S2
S1-980320825	S2-485822686	S2
S1-980320825	S2-955100177	S2
S1-980320825	S2-830163987	S2
S1-980320825	S2-660426546	S2
S1-980320825	S2-194885385	S2
S1-980320825	S2-718331277	S2
S1-980320825	S2-485902426	S2
S1-980320825	S2-958296449	S2
S1-980320825	S2-533183444	S2
S1-980320825	S2-344874828	S2
S1-980320825	S2-304283115	S2
S1-980320825	S2-398902312	S2
S1-974370004	S2-828872229	S2
S1-974370004	S2-807474854	S2
S1-974370004	S2-409726115	S2
S1-974370004	S2-349666272	S2
S1-974370004	S2-241868453	S2
S1-974370004	S2-825374035	S2
S1-974370004	S2-485419143	S2
S1-974370004	S2-167426364	S2
S1-974370004	S2-348093874	S2
S1-974370004	S2-449617627	S2
S1-974370004	S2-651190084	S2
S1-974370004	S2-176139646	S2
S1-974370004	S2-895116270	S2
S1-974370004	S2-670948516	S2
S1-974370004	S2-472320169	S2
S1-601242427	S2-964142099	S2
S1-601242427	S2-967508286	S2
S1-601242427	S2-321891660	S2
S1-601242427	S2-727414171	S2
S1-601242427	S2-743455401	S2
S1-601242427	S2-216945512	S2
S1-601242427	S2-16801220	S2
S1-601242427	S2-284919985	S2
S1-601242427	S2-791856232	S2
S1-601242427	S2-505244705	S2
S1-601242427	S2-140550490	S2
S1-601242427	S2-777295554	S2
S1-601242427	S2-873164808	S2
S1-601242427	S2-796933103	S2
S1-601242427	S2-845577049	S2
S1-177380392	S2-361966224	S2
S1-177380392	S2-752790430	S2
S1-177380392	S2-198938800	S2
S1-177380392	S2-625899005	S2
S1-177380392	S2-944030245	S2
S1-177380392	S2-333989418	S2
S1-177380392	S2-264940990	S2
S1-177380392	S2-67201778	S2
S1-177380392	S2-358237238	S2
S1-177380392	S2-592650888	S2
S1-177380392	S2-800694119	S2
S1-177380392	S2-164039123	S2
S1-177380392	S2-205132293	S2
S1-177380392	S2-640987463	S2
S1-177380392	S2-665573717	S2
S1-98065022	S2-231195947	S2
S1-98065022	S2-761989439	S2
S1-98065022	S2-960129567	S2
S1-98065022	S2-757197434	S2
S1-98065022	S2-779614645	S2
S1-98065022	S2-613102013	S2
S1-98065022	S2-116748146	S2
S1-98065022	S2-914761441	S2
S1-98065022	S2-60794651	S2
S1-98065022	S2-926524693	S2
S1-98065022	S2-872209566	S2
S1-98065022	S2-569860965	S2
S1-98065022	S2-626012117	S2
S1-98065022	S2-816989315	S2
S1-98065022	S2-90112897	S2
S1-375669649	S2-176055194	S2
S1-375669649	S2-770751342	S2
S1-375669649	S2-294062437	S2
S1-375669649	S2-754764875	S2
S1-375669649	S2-54659459	S2
S1-375669649	S2-867197250	S2
S1-375669649	S2-871017791	S2
S1-375669649	S2-250915022	S2
S1-375669649	S2-960372483	S2
S1-375669649	S2-133609214	S2
S1-375669649	S2-582629579	S2
S1-375669649	S2-399112375	S2
S1-375669649	S2-894152578	S2
S1-375669649	S2-474914898	S2
S1-375669649	S2-690151442	S2
S1-130813878	S2-764713035	S2
S1-130813878	S2-703267220	S2
S1-130813878	S2-925511054	S2
S1-130813878	S2-918655668	S2
S1-130813878	S2-921111723	S2
S1-130813878	S2-822346901	S2
S1-130813878	S2-718979866	S2
S1-130813878	S2-254788701	S2
S1-130813878	S2-461563520	S2
S1-130813878	S2-418380949	S2
S1-130813878	S2-228779604	S2
S1-130813878	S2-263273654	S2
S1-130813878	S2-630651352	S2
S1-130813878	S2-438753836	S2
S1-130813878	S2-675296997	S2
S1-388874339	S2-940596292	S2
S1-388874339	S2-988824861	S2
S1-388874339	S2-790947608	S2
S1-388874339	S2-661030345	S2
S1-388874339	S2-150634918	S2
S1-388874339	S2-919385476	S2
S1-388874339	S2-298589362	S2
S1-388874339	S2-410137278	S2
S1-388874339	S2-218771556	S2
S1-388874339	S2-638319392	S2
S1-388874339	S2-558443244	S2
S1-388874339	S2-548633980	S2
S1-388874339	S2-111294604	S2
S1-388874339	S2-774048672	S2
S1-388874339	S2-64494419	S2
S1-843616710	S2-340786070	S2
S1-843616710	S2-794412447	S2
S1-843616710	S2-17933853	S2
S1-843616710	S2-645440237	S2
S1-843616710	S2-619664055	S2
S1-843616710	S2-916812240	S2
S1-843616710	S2-157735411	S2
S1-843616710	S2-369159065	S2
S1-843616710	S2-35410781	S2
S1-843616710	S2-535538356	S2
S1-843616710	S2-297926319	S2
S1-843616710	S2-731215113	S2
S1-843616710	S2-967923960	S2
S1-843616710	S2-256172355	S2
S1-843616710	S2-865681369	S2
S1-823546667	S2-71161222	S2
S1-823546667	S2-394554163	S2
S1-823546667	S2-464291399	S2
S1-823546667	S2-421518911	S2
S1-823546667	S2-426632654	S2
S1-823546667	S2-221008320	S2
S1-823546667	S2-476751021	S2
S1-823546667	S2-544612526	S2
S1-823546667	S2-387930936	S2
S1-823546667	S2-178867720	S2
S1-823546667	S2-970558196	S2
S1-823546667	S2-660059542	S2
S1-823546667	S2-223741344	S2
S1-823546667	S2-595795733	S2
S1-823546667	S2-236789268	S2
S1-656987935	S2-567950393	S2
S1-656987935	S2-453455590	S2
S1-656987935	S2-619282421	S2
S1-656987935	S2-153359899	S2
S1-656987935	S2-525998554	S2
S1-656987935	S2-328308841	S2
S1-656987935	S2-926723118	S2
S1-656987935	S2-789359148	S2
S1-656987935	S2-98707133	S2
S1-656987935	S2-853275037	S2
S1-656987935	S2-47852966	S2
S1-656987935	S2-539393537	S2
S1-656987935	S2-742406486	S2
S1-656987935	S2-448710587	S2
S1-656987935	S2-786687739	S2
S1-998949892	S2-779197401	S2
S1-998949892	S2-144437050	S2
S1-998949892	S2-570512018	S2
S1-998949892	S2-331311420	S2
S1-998949892	S2-420385975	S2
S1-998949892	S2-568026492	S2
S1-998949892	S2-213470723	S2
S1-998949892	S2-294901033	S2
S1-998949892	S2-510293809	S2
S1-998949892	S2-93977217	S2
S1-998949892	S2-878375690	S2
S1-998949892	S2-775168980	S2
S1-998949892	S2-328308841	S2
S1-998949892	S2-298589362	S2
S1-998949892	S2-882819261	S2
S1-858511549	S2-264940990	S2
S1-858511549	S2-333989418	S2
S1-858511549	S2-487803690	S2
S1-858511549	S2-329607640	S2
S1-858511549	S2-358237238	S2
S1-858511549	S2-944030245	S2
S1-858511549	S2-503157961	S2
S1-858511549	S2-205132293	S2
S1-858511549	S2-833227760	S2
S1-858511549	S2-164039123	S2
S1-858511549	S2-67201778	S2
S1-858511549	S2-800694119	S2
S1-858511549	S2-91305348	S2
S1-858511549	S2-640987463	S2
S1-858511549	S2-665573717	S2
S1-342712677	S2-213470723	S2
S1-342712677	S2-159064454	S2
S1-342712677	S2-573307988	S2
S1-342712677	S2-22257325	S2
S1-342712677	S2-964240180	S2
S1-342712677	S2-686251531	S2
S1-342712677	S2-91953344	S2
S1-342712677	S2-118970010	S2
S1-342712677	S2-658347451	S2
S1-342712677	S2-620589797	S2
S1-342712677	S2-752508714	S2
S1-342712677	S2-728566332	S2
S1-342712677	S2-453455590	S2
S1-342712677	S2-970730978	S2
S1-342712677	S2-619282421	S2
S1-566822758	S2-484559177	S2
S1-566822758	S2-528483872	S2
S1-566822758	S2-862571135	S2
S1-566822758	S2-885496247	S2
S1-566822758	S2-274109622	S2
S1-566822758	S2-19299067	S2
S1-566822758	S2-479081815	S2
S1-566822758	S2-800098684	S2
S1-566822758	S2-315872469	S2
S1-566822758	S2-159175610	S2
S1-566822758	S2-665652910	S2
S1-566822758	S2-182529912	S2
S1-566822758	S2-321891660	S2
S1-566822758	S2-727414171	S2
S1-566822758	S2-16801220	S2
S1-801645099	S2-47749434	S2
S1-801645099	S2-559859533	S2
S1-801645099	S2-776942202	S2
S1-801645099	S2-877085471	S2
S1-801645099	S2-620110385	S2
S1-801645099	S2-895798537	S2
S1-801645099	S2-889472913	S2
S1-801645099	S2-628535121	S2
S1-801645099	S2-501890286	S2
S1-801645099	S2-885518	S2
S1-801645099	S2-242582700	S2
S1-801645099	S2-503157961	S2
S1-801645099	S2-656892137	S2
S1-801645099	S2-821982484	S2
S1-801645099	S2-712486191	S2
S1-177844289	S2-145507253	S2
S1-177844289	S2-437309128	S2
S1-177844289	S2-764430935	S2
S1-177844289	S2-471713609	S2
S1-177844289	S2-748325649	S2
S1-177844289	S2-560140043	S2
S1-177844289	S2-656749559	S2
S1-177844289	S2-640420911	S2
S1-177844289	S2-362602827	S2
S1-177844289	S2-26324258	S2
S1-177844289	S2-369458829	S2
S1-177844289	S2-126113089	S2
S1-177844289	S2-512382393	S2
S1-177844289	S2-672736825	S2
S1-177844289	S2-229217508	S2
S1-659932965	S2-772269040	S2
S1-659932965	S2-915617973	S2
S1-659932965	S2-253315499	S2
S1-659932965	S2-427111019	S2
S1-659932965	S2-459481005	S2
S1-659932965	S2-51424319	S2
S1-659932965	S2-574357374	S2
S1-659932965	S2-269775293	S2
S1-659932965	S2-978253391	S2
S1-659932965	S2-98109517	S2
S1-659932965	S2-983379660	S2
S1-659932965	S2-710492190	S2
S1-659932965	S2-866650875	S2
S1-659932965	S2-968735721	S2
S1-659932965	S2-373143276	S2
S1-228393799	S2-265287731	S2
S1-228393799	S2-150746027	S2
S1-228393799	S2-110084330	S2
S1-228393799	S2-833900025	S2
S1-228393799	S2-811863966	S2
S1-228393799	S2-40746806	S2
S1-228393799	S2-12434856	S2
S1-228393799	S2-977127221	S2
S1-228393799	S2-808487588	S2
S1-228393799	S2-880662813	S2
S1-228393799	S2-256286125	S2
S1-228393799	S2-815037725	S2
S1-228393799	S2-721241427	S2
S1-228393799	S2-662221399	S2
S1-228393799	S2-204591452	S2
S1-350053232	S2-670948516	S2
S1-350053232	S2-432279643	S2
S1-350053232	S2-777730349	S2
S1-350053232	S2-921202375	S2
S1-350053232	S2-381676404	S2
S1-350053232	S2-334354664	S2
S1-350053232	S2-848946610	S2
S1-350053232	S2-8982199	S2
S1-350053232	S2-802351030	S2
S1-350053232	S2-391886434	S2
S1-350053232	S2-864103770	S2
S1-350053232	S2-135305339	S2
S1-350053232	S2-62630370	S2
S1-350053232	S2-674862293	S2
S1-350053232	S2-862278331	S2
S1-568551826	S2-294062437	S2
S1-568551826	S2-414895830	S2
S1-568551826	S2-224520354	S2
S1-568551826	S2-181962832	S2
S1-568551826	S2-247759089	S2
S1-568551826	S2-945842043	S2
S1-568551826	S2-537858187	S2
S1-568551826	S2-513550621	S2
S1-568551826	S2-305071473	S2
S1-568551826	S2-38917398	S2
S1-568551826	S2-284585076	S2
S1-568551826	S2-841917974	S2
S1-568551826	S2-570512018	S2
S1-568551826	S2-389080778	S2
S1-568551826	S2-798482339	S2
S1-148428619	S2-384556840	S2
S1-148428619	S2-803111569	S2
S1-148428619	S2-295564788	S2
S1-148428619	S2-48866343	S2
S1-148428619	S2-477993186	S2
S1-148428619	S2-190698845	S2
S1-148428619	S2-86720793	S2
S1-148428619	S2-841806453	S2
S1-148428619	S2-942417082	S2
S1-148428619	S2-16791478	S2
S1-148428619	S2-843741773	S2
S1-148428619	S2-557541533	S2
S1-148428619	S2-348504325	S2
S1-148428619	S2-70709851	S2
S1-148428619	S2-224032436	S2
S1-591365175	S2-377001396	S2
S1-591365175	S2-996569294	S2
S1-591365175	S2-178043282	S2
S1-591365175	S2-77285093	S2
S1-591365175	S2-441769049	S2
S1-591365175	S2-46777321	S2
S1-591365175	S2-28134581	S2
S1-591365175	S2-626832027	S2
S1-591365175	S2-490251737	S2
S1-591365175	S2-207084937	S2
S1-591365175	S2-919706463	S2
S1-591365175	S2-414623921	S2
S1-591365175	S2-202081914	S2
S1-591365175	S2-150965879	S2
S1-591365175	S2-130460888	S2
S1-585187511	S2-673704658	S2
S1-585187511	S2-220286148	S2
S1-585187511	S2-672381387	S2
S1-585187511	S2-325340520	S2
S1-585187511	S2-648420391	S2
S1-585187511	S2-454272837	S2
S1-585187511	S2-545940068	S2
S1-585187511	S2-368462066	S2
S1-585187511	S2-56744275	S2
S1-585187511	S2-5405243	S2
S1-585187511	S2-890896148	S2
S1-585187511	S2-150965879	S2
S1-585187511	S2-576774941	S2
S1-585187511	S2-362555190	S2
S1-585187511	S2-834393948	S2
S1-477308019	S2-121549347	S2
S1-477308019	S2-681384833	S2
S1-477308019	S2-595414933	S2
S1-477308019	S2-725412413	S2
S1-477308019	S2-366081375	S2
S1-477308019	S2-723550919	S2
S1-477308019	S2-983379660	S2
S1-477308019	S2-692356310	S2
S1-477308019	S2-736654053	S2
S1-477308019	S2-988228866	S2
S1-477308019	S2-222024725	S2
S1-477308019	S2-97346546	S2
S1-477308019	S2-381785440	S2
S1-477308019	S2-400132919	S2
S1-477308019	S2-846535978	S2
S1-611838759	S2-783345185	S2
S1-611838759	S2-487988118	S2
S1-611838759	S2-822798491	S2
S1-611838759	S2-880764652	S2
S1-611838759	S2-862482272	S2
S1-611838759	S2-102286733	S2
S1-611838759	S2-156460390	S2
S1-611838759	S2-184993338	S2
S1-611838759	S2-508602797	S2
S1-611838759	S2-198938800	S2
S1-611838759	S2-814881099	S2
S1-611838759	S2-312533710	S2
S1-611838759	S2-937234624	S2
S1-611838759	S2-544365657	S2
S1-611838759	S2-760621281	S2
S1-943911835	S2-891948772	S2
S1-943911835	S2-395800668	S2
S1-943911835	S2-162977382	S2
S1-943911835	S2-609911019	S2
S1-943911835	S2-977609843	S2
S1-943911835	S2-371437571	S2
S1-943911835	S2-803100423	S2
S1-943911835	S2-688657051	S2
S1-943911835	S2-889578554	S2
S1-943911835	S2-583891679	S2
S1-943911835	S2-258702122	S2
S1-943911835	S2-859726068	S2
S1-943911835	S2-889497510	S2
S1-943911835	S2-342482411	S2
S1-943911835	S2-829598251	S2
S1-487408870	S2-776942202	S2
S1-487408870	S2-54240060	S2
S1-487408870	S2-241868453	S2
S1-487408870	S2-744269045	S2
S1-487408870	S2-177471665	S2
S1-487408870	S2-526991413	S2
S1-487408870	S2-481306942	S2
S1-487408870	S2-653376534	S2
S1-487408870	S2-641048180	S2
S1-487408870	S2-500943015	S2
S1-487408870	S2-670948516	S2
S1-487408870	S2-825374035	S2
S1-487408870	S2-189729084	S2
S1-487408870	S2-348093874	S2
S1-487408870	S2-515386320	S2
S1-201577703	S2-737755324	S2
S1-201577703	S2-768439560	S2
S1-201577703	S2-184020156	S2
S1-201577703	S2-148135037	S2
S1-201577703	S2-232105388	S2
S1-201577703	S2-165228168	S2
S1-201577703	S2-176512196	S2
S1-201577703	S2-430193699	S2
S1-201577703	S2-792034672	S2
S1-201577703	S2-558505389	S2
S1-201577703	S2-308993997	S2
S1-201577703	S2-687591963	S2
S1-201577703	S2-923595204	S2
S1-201577703	S2-495084719	S2
S1-201577703	S2-824783934	S2
S1-292393735	S2-500771794	S2
S1-292393735	S2-405784926	S2
S1-292393735	S2-259053443	S2
S1-292393735	S2-780354672	S2
S1-292393735	S2-475706495	S2
S1-292393735	S2-296598302	S2
S1-292393735	S2-646080124	S2
S1-292393735	S2-432687019	S2
S1-292393735	S2-76923389	S2
S1-292393735	S2-884135049	S2
S1-292393735	S2-200940437	S2
S1-292393735	S2-200925331	S2
S1-292393735	S2-747466359	S2
S1-292393735	S2-597159535	S2
S1-292393735	S2-498279964	S2
S1-611106612	S2-978606166	S2
S1-611106612	S2-794352292	S2
S1-611106612	S2-8982199	S2
S1-611106612	S2-564812597	S2
S1-611106612	S2-773705845	S2
S1-611106612	S2-576312763	S2
S1-611106612	S2-156688612	S2
S1-611106612	S2-940106616	S2
S1-611106612	S2-91305348	S2
S1-611106612	S2-50083056	S2
S1-611106612	S2-532389987	S2
S1-611106612	S2-259929846	S2
S1-611106612	S2-525859393	S2
S1-611106612	S2-921202375	S2
S1-611106612	S2-629880378	S2
S1-949279814	S2-937987341	S2
S1-949279814	S2-439070878	S2
S1-949279814	S2-220596390	S2
S1-949279814	S2-396644933	S2
S1-949279814	S2-804872908	S2
S1-949279814	S2-924946907	S2
S1-949279814	S2-430193699	S2
S1-949279814	S2-775168980	S2
S1-949279814	S2-74154365	S2
S1-949279814	S2-234907956	S2
S1-949279814	S2-898156452	S2
S1-949279814	S2-973292523	S2
S1-949279814	S2-406854790	S2
S1-949279814	S2-426153797	S2
S1-949279814	S2-39617527	S2
S1-619314161	S2-843741773	S2
S1-619314161	S2-560140043	S2
S1-619314161	S2-656749559	S2
S1-619314161	S2-68402423	S2
S1-619314161	S2-471713609	S2
S1-619314161	S2-362602827	S2
S1-619314161	S2-145507253	S2
S1-619314161	S2-748325649	S2
S1-619314161	S2-229217508	S2
S1-619314161	S2-672736825	S2
S1-619314161	S2-640420911	S2
S1-619314161	S2-126113089	S2
S1-619314161	S2-369458829	S2
S1-619314161	S2-26324258	S2
S1-619314161	S2-512382393	S2
S1-893609958	S2-840538759	S2
S1-893609958	S2-921202375	S2
S1-893609958	S2-228567244	S2
S1-893609958	S2-27297350	S2
S1-893609958	S2-752654978	S2
S1-893609958	S2-883117276	S2
S1-893609958	S2-560300733	S2
S1-893609958	S2-975023541	S2
S1-893609958	S2-8982199	S2
S1-893609958	S2-260686291	S2
S1-893609958	S2-949636022	S2
S1-893609958	S2-642367103	S2
S1-893609958	S2-569534268	S2
S1-893609958	S2-651292790	S2
S1-893609958	S2-794530374	S2
S1-420365721	S2-164651728	S2
S1-420365721	S2-477993186	S2
S1-420365721	S2-190103142	S2
S1-420365721	S2-344354613	S2
S1-420365721	S2-199635728	S2
S1-420365721	S2-324372014	S2
S1-420365721	S2-946002985	S2
S1-420365721	S2-192974905	S2
S1-420365721	S2-907018183	S2
S1-420365721	S2-193389855	S2
S1-420365721	S2-982950235	S2
S1-420365721	S2-599195929	S2
S1-420365721	S2-136305349	S2
S1-420365721	S2-489677213	S2
S1-420365721	S2-212279628	S2
S1-148958598	S2-216434283	S2
S1-148958598	S2-617626301	S2
S1-148958598	S2-633677238	S2
S1-148958598	S2-849276951	S2
S1-148958598	S2-624920895	S2
S1-148958598	S2-226551251	S2
S1-148958598	S2-30769224	S2
S1-148958598	S2-219374527	S2
S1-148958598	S2-673704658	S2
S1-148958598	S2-388362035	S2
S1-148958598	S2-1986290	S2
S1-148958598	S2-895791781	S2
S1-148958598	S2-76243565	S2
S1-148958598	S2-481306942	S2
S1-148958598	S2-174609481	S2
S1-163521308	S2-671736202	S2
S1-163521308	S2-484557188	S2
S1-163521308	S2-423099834	S2
S1-163521308	S2-489103612	S2
S1-163521308	S2-196618803	S2
S1-163521308	S2-537854766	S2
S1-163521308	S2-925056466	S2
S1-163521308	S2-524362280	S2
S1-163521308	S2-815783446	S2
S1-163521308	S2-48866343	S2
S1-163521308	S2-344591721	S2
S1-163521308	S2-405681592	S2
S1-163521308	S2-352552540	S2
S1-163521308	S2-338866041	S2
S1-163521308	S2-969392100	S2
S1-459799143	S2-953098128	S2
S1-459799143	S2-85926088	S2
S1-459799143	S2-73156996	S2
S1-459799143	S2-657092756	S2
S1-459799143	S2-466147229	S2
S1-459799143	S2-885486981	S2
S1-459799143	S2-99445931	S2
S1-459799143	S2-248578795	S2
S1-459799143	S2-701906667	S2
S1-459799143	S2-806523322	S2
S1-459799143	S2-667274253	S2
S1-459799143	S2-634994990	S2
S1-459799143	S2-879330978	S2
S1-459799143	S2-397600396	S2
S1-459799143	S2-452973108	S2
S1-465376969	S2-409726115	S2
S1-465376969	S2-394565864	S2
S1-465376969	S2-828872229	S2
S1-465376969	S2-844267085	S2
S1-465376969	S2-807474854	S2
S1-465376969	S2-349666272	S2
S1-465376969	S2-485419143	S2
S1-465376969	S2-843741773	S2
S1-465376969	S2-167426364	S2
S1-465376969	S2-449617627	S2
S1-465376969	S2-651190084	S2
S1-465376969	S2-176139646	S2
S1-465376969	S2-895116270	S2
S1-465376969	S2-527812446	S2
S1-465376969	S2-472320169	S2
S1-281523825	S2-764430935	S2
S1-281523825	S2-843741773	S2
S1-281523825	S2-560140043	S2
S1-281523825	S2-656749559	S2
S1-281523825	S2-471713609	S2
S1-281523825	S2-362602827	S2
S1-281523825	S2-748325649	S2
S1-281523825	S2-145507253	S2
S1-281523825	S2-672736825	S2
S1-281523825	S2-229217508	S2
S1-281523825	S2-640420911	S2
S1-281523825	S2-126113089	S2
S1-281523825	S2-369458829	S2
S1-281523825	S2-26324258	S2
S1-281523825	S2-512382393	S2
S1-641579109	S2-799457865	S2
S1-641579109	S2-761644899	S2
S1-641579109	S2-231195947	S2
S1-641579109	S2-54240060	S2
S1-641579109	S2-334354664	S2
S1-641579109	S2-491028094	S2
S1-641579109	S2-532020500	S2
S1-641579109	S2-95424985	S2
S1-641579109	S2-470659069	S2
S1-641579109	S2-382657775	S2
S1-641579109	S2-602353889	S2
S1-641579109	S2-124970234	S2
S1-641579109	S2-684635925	S2
S1-641579109	S2-826516454	S2
S1-641579109	S2-822482083	S2
S1-458605878	S2-381747268	S2
S1-458605878	S2-921202375	S2
S1-458605878	S2-715327535	S2
S1-458605878	S2-8982199	S2
S1-458605878	S2-861758392	S2
S1-458605878	S2-770751342	S2
S1-458605878	S2-94341972	S2
S1-458605878	S2-267771398	S2
S1-458605878	S2-428415426	S2
S1-458605878	S2-890423795	S2
S1-458605878	S2-176512196	S2
S1-458605878	S2-441765868	S2
S1-458605878	S2-187498810	S2
S1-458605878	S2-317647861	S2
S1-458605878	S2-680198089	S2
S1-17225841	S2-50513846	S2
S1-17225841	S2-699404448	S2
S1-17225841	S2-225823147	S2
S1-17225841	S2-471977441	S2
S1-17225841	S2-929722075	S2
S1-17225841	S2-574121799	S2
S1-17225841	S2-715327535	S2
S1-17225841	S2-692022593	S2
S1-17225841	S2-892909897	S2
S1-17225841	S2-399391347	S2
S1-17225841	S2-52846978	S2
S1-17225841	S2-75129136	S2
S1-17225841	S2-828872229	S2
S1-17225841	S2-349666272	S2
S1-17225841	S2-394565864	S2
S1-263994317	S2-104641729	S2
S1-263994317	S2-187593824	S2
S1-263994317	S2-831625227	S2
S1-263994317	S2-137335733	S2
S1-263994317	S2-529318908	S2
S1-263994317	S2-859393404	S2
S1-263994317	S2-200200363	S2
S1-263994317	S2-945813340	S2
S1-263994317	S2-12970251	S2
S1-263994317	S2-391886434	S2
S1-263994317	S2-506682722	S2
S1-263994317	S2-329256726	S2
S1-263994317	S2-256451765	S2
S1-263994317	S2-695240341	S2
S1-263994317	S2-895797947	S2
S1-951451939	S2-843741773	S2
S1-951451939	S2-560140043	S2
S1-951451939	S2-656749559	S2
S1-951451939	S2-471713609	S2
S1-951451939	S2-362602827	S2
S1-951451939	S2-145507253	S2
S1-951451939	S2-748325649	S2
S1-951451939	S2-975023541	S2
S1-951451939	S2-672736825	S2
S1-951451939	S2-229217508	S2
S1-951451939	S2-640420911	S2
S1-951451939	S2-126113089	S2
S1-951451939	S2-369458829	S2
S1-951451939	S2-26324258	S2
S1-951451939	S2-512382393	S2
S1-957630265	S2-636826764	S2
S1-957630265	S2-475170125	S2
S1-957630265	S2-598588474	S2
S1-957630265	S2-510931175	S2
S1-957630265	S2-505987024	S2
S1-957630265	S2-311071517	S2
S1-957630265	S2-274323360	S2
S1-957630265	S2-949845335	S2
S1-957630265	S2-319761515	S2
S1-957630265	S2-945339512	S2
S1-957630265	S2-886987750	S2
S1-957630265	S2-967569498	S2
S1-957630265	S2-1365339	S2
S1-957630265	S2-92959536	S2
S1-957630265	S2-964581929	S2
S1-172454778	S2-443406741	S2
S1-172454778	S2-539726746	S2
S1-172454778	S2-853275037	S2
S1-172454778	S2-800098684	S2
S1-172454778	S2-741940589	S2
S1-172454778	S2-809775998	S2
S1-172454778	S2-239425365	S2
S1-172454778	S2-893669875	S2
S1-172454778	S2-539531490	S2
S1-172454778	S2-645024489	S2
S1-172454778	S2-881342723	S2
S1-172454778	S2-31971701	S2
S1-172454778	S2-745995930	S2
S1-172454778	S2-315281031	S2
S1-172454778	S2-80911610	S2
S1-308240187	S2-9550244	S2
S1-308240187	S2-862278331	S2
S1-308240187	S2-309042378	S2
S1-308240187	S2-427374357	S2
S1-308240187	S2-259305279	S2
S1-308240187	S2-342482411	S2
S1-308240187	S2-145624152	S2
S1-308240187	S2-452973108	S2
S1-308240187	S2-876145747	S2
S1-308240187	S2-717577572	S2
S1-308240187	S2-827093547	S2
S1-308240187	S2-983514167	S2
S1-308240187	S2-527059989	S2
S1-308240187	S2-284779400	S2
S1-308240187	S2-609834475	S2
S1-97737266	S2-102704852	S2
S1-97737266	S2-921202375	S2
S1-97737266	S2-683872853	S2
S1-97737266	S2-597243519	S2
S1-97737266	S2-68402423	S2
S1-97737266	S2-997592409	S2
S1-97737266	S2-537803499	S2
S1-97737266	S2-183050312	S2
S1-97737266	S2-667917730	S2
S1-97737266	S2-459758045	S2
S1-97737266	S2-319667672	S2
S1-97737266	S2-235976983	S2
S1-97737266	S2-861758392	S2
S1-97737266	S2-157735411	S2
S1-97737266	S2-252321761	S2
S1-323199760	S2-281309190	S2
S1-323199760	S2-942849471	S2
S1-323199760	S2-576580892	S2
S1-323199760	S2-165863386	S2
S1-323199760	S2-726813453	S2
S1-323199760	S2-74992830	S2
S1-323199760	S2-424537185	S2
S1-323199760	S2-645440237	S2
S1-323199760	S2-972051451	S2
S1-323199760	S2-60818919	S2
S1-323199760	S2-17933853	S2
S1-323199760	S2-713109591	S2
S1-323199760	S2-512950951	S2
S1-323199760	S2-619664055	S2
S1-323199760	S2-194980849	S2
S1-108027852	S2-335860	S2
S1-108027852	S2-859924222	S2
S1-108027852	S2-787718430	S2
S1-108027852	S2-308390109	S2
S1-108027852	S2-235039028	S2
S1-108027852	S2-214313720	S2
S1-108027852	S2-728928259	S2
S1-108027852	S2-926723118	S2
S1-108027852	S2-529238319	S2
S1-108027852	S2-654636304	S2
S1-108027852	S2-959518463	S2
S1-108027852	S2-894313135	S2
S1-108027852	S2-98331541	S2
S1-108027852	S2-444139007	S2
S1-108027852	S2-713920891	S2
S1-42643591	S2-189729084	S2
S1-42643591	S2-830803484	S2
S1-42643591	S2-434575880	S2
S1-42643591	S2-512950951	S2
S1-42643591	S2-978606166	S2
S1-42643591	S2-826607227	S2
S1-42643591	S2-314356998	S2
S1-42643591	S2-905737147	S2
S1-42643591	S2-512382393	S2
S1-42643591	S2-231688856	S2
S1-42643591	S2-825374035	S2
S1-42643591	S2-620463310	S2
S1-42643591	S2-444452024	S2
S1-42643591	S2-191045664	S2
S1-42643591	S2-72944171	S2
S1-349719765	S2-699391872	S2
S1-349719765	S2-772269040	S2
S1-349719765	S2-105463326	S2
S1-349719765	S2-961093381	S2
S1-349719765	S2-426439815	S2
S1-349719765	S2-178777487	S2
S1-349719765	S2-482144229	S2
S1-349719765	S2-131872909	S2
S1-349719765	S2-93682954	S2
S1-349719765	S2-516249560	S2
S1-349719765	S2-157564986	S2
S1-349719765	S2-235039028	S2
S1-349719765	S2-686366565	S2
S1-349719765	S2-73037424	S2
S1-349719765	S2-939131514	S2
S1-863881054	S2-771685137	S2
S1-863881054	S2-77419070	S2
S1-863881054	S2-242582700	S2
S1-863881054	S2-889852631	S2
S1-863881054	S2-715327535	S2
S1-863881054	S2-846262463	S2
S1-863881054	S2-726045392	S2
S1-863881054	S2-265891218	S2
S1-863881054	S2-402548315	S2
S1-863881054	S2-873177396	S2
S1-863881054	S2-788754887	S2
S1-863881054	S2-335124172	S2
S1-863881054	S2-997165561	S2
S1-863881054	S2-3914789	S2
S1-863881054	S2-905737147	S2
S1-905824996	S2-287300820	S2
S1-905824996	S2-728928259	S2
S1-905824996	S2-354912564	S2
S1-905824996	S2-305873353	S2
S1-905824996	S2-367970234	S2
S1-905824996	S2-353393611	S2
S1-905824996	S2-434166125	S2
S1-905824996	S2-155681006	S2
S1-905824996	S2-110236539	S2
S1-905824996	S2-530330935	S2
S1-905824996	S2-349287094	S2
S1-905824996	S2-475419520	S2
S1-905824996	S2-704269513	S2
S1-905824996	S2-260388248	S2
S1-905824996	S2-354227046	S2
S1-310744384	S2-794412447	S2
S1-310744384	S2-213099480	S2
S1-310744384	S2-459018782	S2
S1-310744384	S2-963646032	S2
S1-310744384	S2-568951817	S2
S1-310744384	S2-859393404	S2
S1-310744384	S2-537858187	S2
S1-310744384	S2-867358397	S2
S1-310744384	S2-838493982	S2
S1-310744384	S2-250598875	S2
S1-310744384	S2-684635925	S2
S1-310744384	S2-326946504	S2
S1-310744384	S2-335038001	S2
S1-310744384	S2-630688873	S2
S1-310744384	S2-210601194	S2
S1-755416342	S2-190642185	S2
S1-755416342	S2-74992830	S2
S1-755416342	S2-727570982	S2
S1-755416342	S2-332453876	S2
S1-755416342	S2-219432880	S2
S1-755416342	S2-9614101	S2
S1-755416342	S2-986714176	S2
S1-755416342	S2-41847464	S2
S1-755416342	S2-54521194	S2
S1-755416342	S2-516871248	S2
S1-755416342	S2-888961567	S2
S1-755416342	S2-383956381	S2
S1-755416342	S2-430490738	S2
S1-755416342	S2-34975790	S2
S1-755416342	S2-627360379	S2
S1-303791674	S2-642367103	S2
S1-303791674	S2-808728262	S2
S1-303791674	S2-843741773	S2
S1-303791674	S2-305873353	S2
S1-303791674	S2-840538759	S2
S1-303791674	S2-748325649	S2
S1-303791674	S2-205132293	S2
S1-303791674	S2-404377649	S2
S1-303791674	S2-192695882	S2
S1-303791674	S2-592650888	S2
S1-303791674	S2-882915480	S2
S1-303791674	S2-492444908	S2
S1-303791674	S2-981550471	S2
S1-303791674	S2-810843780	S2
S1-303791674	S2-814955870	S2
S1-82102704	S2-383956381	S2
S1-82102704	S2-456020855	S2
S1-82102704	S2-516249560	S2
S1-82102704	S2-324596369	S2
S1-82102704	S2-961093381	S2
S1-82102704	S2-130488242	S2
S1-82102704	S2-426439815	S2
S1-82102704	S2-947549174	S2
S1-82102704	S2-339680178	S2
S1-82102704	S2-667620668	S2
S1-82102704	S2-43091282	S2
S1-82102704	S2-939131514	S2
S1-82102704	S2-635730595	S2
S1-82102704	S2-157564986	S2
S1-82102704	S2-543049878	S2
S1-42848680	S2-135305339	S2
S1-42848680	S2-975023541	S2
S1-42848680	S2-318348932	S2
S1-42848680	S2-736787326	S2
S1-42848680	S2-978606166	S2
S1-42848680	S2-426144370	S2
S1-42848680	S2-670948516	S2
S1-42848680	S2-929722075	S2
S1-42848680	S2-409726115	S2
S1-42848680	S2-583891679	S2
S1-42848680	S2-777730349	S2
S1-42848680	S2-794352292	S2
S1-42848680	S2-921202375	S2
S1-42848680	S2-8982199	S2
S1-42848680	S2-67505679	S2
S1-62689130	S2-349365849	S2
S1-62689130	S2-996064384	S2
S1-62689130	S2-278562250	S2
S1-62689130	S2-858691756	S2
S1-62689130	S2-580529895	S2
S1-62689130	S2-929722075	S2
S1-62689130	S2-449578781	S2
S1-62689130	S2-91704178	S2
S1-62689130	S2-178951342	S2
S1-62689130	S2-419509015	S2
S1-62689130	S2-447785689	S2
S1-62689130	S2-895944720	S2
S1-62689130	S2-430367614	S2
S1-62689130	S2-785378860	S2
S1-62689130	S2-940187710	S2
S1-501073561	S2-302828791	S2
S1-501073561	S2-578489698	S2
S1-501073561	S2-734632823	S2
S1-501073561	S2-522067207	S2
S1-501073561	S2-720490901	S2
S1-501073561	S2-97857545	S2
S1-501073561	S2-666899523	S2
S1-501073561	S2-371850661	S2
S1-501073561	S2-426153797	S2
S1-501073561	S2-542373642	S2
S1-501073561	S2-520524718	S2
S1-501073561	S2-986714176	S2
S1-501073561	S2-447184042	S2
S1-501073561	S2-674565629	S2
S1-501073561	S2-51477351	S2
S1-726860670	S2-510293809	S2
S1-726860670	S2-517668630	S2
S1-726860670	S2-695240341	S2
S1-726860670	S2-506682722	S2
S1-726860670	S2-945813340	S2
S1-726860670	S2-614260033	S2
S1-726860670	S2-738509117	S2
S1-726860670	S2-779485994	S2
S1-726860670	S2-248578795	S2
S1-726860670	S2-505083731	S2
S1-726860670	S2-293011085	S2
S1-726860670	S2-482965691	S2
S1-726860670	S2-944772275	S2
S1-726860670	S2-683312986	S2
S1-726860670	S2-808715382	S2
S1-979860618	S2-598991538	S2
S1-979860618	S2-37960046	S2
S1-979860618	S2-749642407	S2
S1-979860618	S2-334284265	S2
S1-979860618	S2-520441214	S2
S1-979860618	S2-589492301	S2
S1-979860618	S2-438397589	S2
S1-979860618	S2-626832027	S2
S1-979860618	S2-58825780	S2
S1-979860618	S2-857681318	S2
S1-979860618	S2-98331541	S2
S1-979860618	S2-862571135	S2
S1-979860618	S2-570512018	S2
S1-979860618	S2-284585076	S2
S1-979860618	S2-698383825	S2
S1-203924219	S2-574349442	S2
S1-203924219	S2-47749434	S2
S1-203924219	S2-868365106	S2
S1-203924219	S2-902261581	S2
S1-203924219	S2-563644814	S2
S1-203924219	S2-70698601	S2
S1-203924219	S2-330251499	S2
S1-203924219	S2-535988246	S2
S1-203924219	S2-960276783	S2
S1-203924219	S2-960361858	S2
S1-203924219	S2-229183845	S2
S1-203924219	S2-143852128	S2
S1-203924219	S2-339853392	S2
S1-203924219	S2-867614780	S2
S1-203924219	S2-526876910	S2
S1-802078075	S2-803343298	S2
S1-802078075	S2-118393214	S2
S1-802078075	S2-872022787	S2
S1-802078075	S2-305071473	S2
S1-802078075	S2-757487043	S2
S1-802078075	S2-956957661	S2
S1-802078075	S2-339391894	S2
S1-802078075	S2-105671746	S2
S1-802078075	S2-213208828	S2
S1-802078075	S2-250365111	S2
S1-802078075	S2-404431253	S2
S1-802078075	S2-797039920	S2
S1-802078075	S2-547097573	S2
S1-802078075	S2-229605009	S2
S1-802078075	S2-372871261	S2
S1-487019031	S2-634994990	S2
S1-487019031	S2-474056246	S2
S1-487019031	S2-267714454	S2
S1-487019031	S2-185002425	S2
S1-487019031	S2-729701594	S2
S1-487019031	S2-363634967	S2
S1-487019031	S2-152030787	S2
S1-487019031	S2-847685918	S2
S1-487019031	S2-190462665	S2
S1-487019031	S2-294531411	S2
S1-487019031	S2-392482719	S2
S1-487019031	S2-782960923	S2
S1-487019031	S2-916399099	S2
S1-487019031	S2-64137184	S2
S1-487019031	S2-772458801	S2
S1-996523584	S2-557352853	S2
S1-996523584	S2-902205396	S2
S1-996523584	S2-757197434	S2
S1-996523584	S2-779614645	S2
S1-996523584	S2-613102013	S2
S1-996523584	S2-116748146	S2
S1-996523584	S2-960129567	S2
S1-996523584	S2-914761441	S2
S1-996523584	S2-569860965	S2
S1-996523584	S2-60794651	S2
S1-996523584	S2-626012117	S2
S1-996523584	S2-926524693	S2
S1-996523584	S2-872209566	S2
S1-996523584	S2-816989315	S2
S1-996523584	S2-90112897	S2
S1-701406091	S2-454082161	S2
S1-701406091	S2-325340520	S2
S1-701406091	S2-586812390	S2
S1-701406091	S2-956811797	S2
S1-701406091	S2-476714949	S2
S1-701406091	S2-161592048	S2
S1-701406091	S2-819911306	S2
S1-701406091	S2-381512450	S2
S1-701406091	S2-421767648	S2
S1-701406091	S2-237499913	S2
S1-701406091	S2-546407954	S2
S1-701406091	S2-158828409	S2
S1-701406091	S2-557520173	S2
S1-701406091	S2-918349502	S2
S1-701406091	S2-566627479	S2
S1-327553650	S2-450445631	S2
S1-327553650	S2-604564398	S2
S1-327553650	S2-867710047	S2
S1-327553650	S2-994612767	S2
S1-327553650	S2-378867947	S2
S1-327553650	S2-748268413	S2
S1-327553650	S2-411345119	S2
S1-327553650	S2-520587790	S2
S1-327553650	S2-398460096	S2
S1-327553650	S2-802130222	S2
S1-327553650	S2-876721131	S2
S1-327553650	S2-731588087	S2
S1-327553650	S2-831064278	S2
S1-327553650	S2-138068334	S2
S1-327553650	S2-99260087	S2
S1-42184977	S2-828872229	S2
S1-42184977	S2-237499913	S2
S1-42184977	S2-991981696	S2
S1-42184977	S2-349666272	S2
S1-42184977	S2-492444908	S2
S1-42184977	S2-814955870	S2
S1-42184977	S2-749852939	S2
S1-42184977	S2-344621502	S2
S1-42184977	S2-177918546	S2
S1-42184977	S2-528320338	S2
S1-42184977	S2-556747559	S2
S1-42184977	S2-231688856	S2
S1-42184977	S2-225823147	S2
S1-42184977	S2-699404448	S2
S1-42184977	S2-929722075	S2
S1-388617413	S2-842907040	S2
S1-388617413	S2-85446560	S2
S1-388617413	S2-679190243	S2
S1-388617413	S2-439070878	S2
S1-388617413	S2-134697040	S2
S1-388617413	S2-507569300	S2
S1-388617413	S2-853214687	S2
S1-388617413	S2-139857118	S2
S1-388617413	S2-986923268	S2
S1-388617413	S2-635002967	S2
S1-388617413	S2-539414515	S2
S1-388617413	S2-176116039	S2
S1-388617413	S2-97857545	S2
S1-388617413	S2-697958072	S2
S1-388617413	S2-904896788	S2
S1-106766409	S2-868574975	S2
S1-106766409	S2-981550471	S2
S1-106766409	S2-660467546	S2
S1-106766409	S2-630772014	S2
S1-106766409	S2-733025108	S2
S1-106766409	S2-145624152	S2
S1-106766409	S2-583891679	S2
S1-106766409	S2-370549501	S2
S1-106766409	S2-77261485	S2
S1-106766409	S2-512950951	S2
S1-106766409	S2-882915480	S2
S1-106766409	S2-803100423	S2
S1-106766409	S2-966525620	S2
S1-106766409	S2-791990398	S2
S1-106766409	S2-181945985	S2
S1-709888578	S2-409726115	S2
S1-709888578	S2-777730349	S2
S1-709888578	S2-30842411	S2
S1-709888578	S2-492826161	S2
S1-709888578	S2-978606166	S2
S1-709888578	S2-820645328	S2
S1-709888578	S2-164651728	S2
S1-709888578	S2-975023541	S2
S1-709888578	S2-794352292	S2
S1-709888578	S2-921202375	S2
S1-709888578	S2-670948516	S2
S1-709888578	S2-8982199	S2
S1-709888578	S2-314169444	S2
S1-709888578	S2-766251634	S2
S1-709888578	S2-769858942	S2
S1-202530197	S2-699391872	S2
S1-202530197	S2-479004587	S2
S1-202530197	S2-695240341	S2
S1-202530197	S2-9416718	S2
S1-202530197	S2-46777321	S2
S1-202530197	S2-426439815	S2
S1-202530197	S2-730043743	S2
S1-202530197	S2-849074551	S2
S1-202530197	S2-323027978	S2
S1-202530197	S2-179461226	S2
S1-202530197	S2-779327043	S2
S1-202530197	S2-112367897	S2
S1-202530197	S2-76382003	S2
S1-202530197	S2-494710355	S2
S1-202530197	S2-751864723	S2
S1-462108517	S2-591398537	S2
S1-462108517	S2-865681369	S2
S1-462108517	S2-357197766	S2
S1-462108517	S2-592507930	S2
S1-462108517	S2-828544692	S2
S1-462108517	S2-706238826	S2
S1-462108517	S2-222540081	S2
S1-462108517	S2-661036235	S2
S1-462108517	S2-846975420	S2
S1-462108517	S2-287588845	S2
S1-462108517	S2-478830670	S2
S1-462108517	S2-100798928	S2
S1-462108517	S2-848878443	S2
S1-462108517	S2-810723110	S2
S1-462108517	S2-187499079	S2
S1-492381760	S2-449440448	S2
S1-492381760	S2-585316294	S2
S1-492381760	S2-569860965	S2
S1-492381760	S2-512950951	S2
S1-492381760	S2-888030033	S2
S1-492381760	S2-772323364	S2
S1-492381760	S2-91908767	S2
S1-492381760	S2-696635067	S2
S1-492381760	S2-882915480	S2
S1-492381760	S2-816989315	S2
S1-492381760	S2-791990398	S2
S1-492381760	S2-713109591	S2
S1-492381760	S2-841193719	S2
S1-492381760	S2-475420641	S2
S1-492381760	S2-663049678	S2
S1-194603851	S2-980457024	S2
S1-194603851	S2-224980295	S2
S1-194603851	S2-98331541	S2
S1-194603851	S2-857681318	S2
S1-194603851	S2-520441214	S2
S1-194603851	S2-58825780	S2
S1-194603851	S2-455039658	S2
S1-194603851	S2-570512018	S2
S1-194603851	S2-284585076	S2
S1-194603851	S2-862571135	S2
S1-194603851	S2-664981233	S2
S1-194603851	S2-698383825	S2
S1-194603851	S2-749642407	S2
S1-194603851	S2-997781999	S2
S1-194603851	S2-37960046	S2
S1-487865990	S2-501229096	S2
S1-487865990	S2-633146423	S2
S1-487865990	S2-14102665	S2
S1-487865990	S2-349287094	S2
S1-487865990	S2-972466865	S2
S1-487865990	S2-714077903	S2
S1-487865990	S2-705462394	S2
S1-487865990	S2-524004407	S2
S1-487865990	S2-1986290	S2
S1-487865990	S2-760648353	S2
S1-487865990	S2-835256551	S2
S1-487865990	S2-170119635	S2
S1-487865990	S2-15365332	S2
S1-487865990	S2-623164214	S2
S1-487865990	S2-838526909	S2
S1-896341705	S2-97346546	S2
S1-896341705	S2-51424319	S2
S1-896341705	S2-597331429	S2
S1-896341705	S2-202159021	S2
S1-896341705	S2-186614082	S2
S1-896341705	S2-409726115	S2
S1-896341705	S2-516871248	S2
S1-896341705	S2-510383940	S2
S1-896341705	S2-623705967	S2
S1-896341705	S2-560818510	S2
S1-896341705	S2-25787219	S2
S1-896341705	S2-98740207	S2
S1-896341705	S2-802873219	S2
S1-896341705	S2-236577190	S2
S1-896341705	S2-387917057	S2
S1-178961928	S2-99468652	S2
S1-178961928	S2-771685137	S2
S1-178961928	S2-885381494	S2
S1-178961928	S2-242582700	S2
S1-178961928	S2-726045392	S2
S1-178961928	S2-846262463	S2
S1-178961928	S2-265891218	S2
S1-178961928	S2-788754887	S2
S1-178961928	S2-873177396	S2
S1-178961928	S2-402548315	S2
S1-178961928	S2-335124172	S2
S1-178961928	S2-797821871	S2
S1-178961928	S2-711267664	S2
S1-178961928	S2-814052487	S2
S1-178961928	S2-672381387	S2
S1-593436824	S2-353393611	S2
S1-593436824	S2-753020760	S2
S1-593436824	S2-525338352	S2
S1-593436824	S2-827093547	S2
S1-593436824	S2-60332086	S2
S1-593436824	S2-983514167	S2
S1-593436824	S2-642921016	S2
S1-593436824	S2-309042378	S2
S1-593436824	S2-667620668	S2
S1-593436824	S2-214447140	S2
S1-593436824	S2-500350498	S2
S1-593436824	S2-699840570	S2
S1-593436824	S2-527059989	S2
S1-593436824	S2-121611732	S2
S1-593436824	S2-885496247	S2
S1-70746778	S2-318348932	S2
S1-70746778	S2-929722075	S2
S1-70746778	S2-777730349	S2
S1-70746778	S2-409726115	S2
S1-70746778	S2-921202375	S2
S1-70746778	S2-670948516	S2
S1-70746778	S2-794352292	S2
S1-70746778	S2-8982199	S2
S1-70746778	S2-791856232	S2
S1-70746778	S2-22700931	S2
S1-70746778	S2-985375674	S2
S1-70746778	S2-228338166	S2
S1-70746778	S2-146349824	S2
S1-70746778	S2-319667672	S2
S1-70746778	S2-311814169	S2
S1-384152983	S2-362776689	S2
S1-384152983	S2-718979866	S2
S1-384152983	S2-368462066	S2
S1-384152983	S2-890896148	S2
S1-384152983	S2-781790661	S2
S1-384152983	S2-875242013	S2
S1-384152983	S2-857681318	S2
S1-384152983	S2-216434283	S2
S1-384152983	S2-79818405	S2
S1-384152983	S2-407432333	S2
S1-384152983	S2-613033114	S2
S1-384152983	S2-384330461	S2
S1-384152983	S2-215134403	S2
S1-384152983	S2-219374527	S2
S1-384152983	S2-804822084	S2
S1-540458030	S2-405089580	S2
S1-540458030	S2-967974285	S2
S1-540458030	S2-278254185	S2
S1-540458030	S2-540216733	S2
S1-540458030	S2-727314761	S2
S1-540458030	S2-537997029	S2
S1-540458030	S2-276431458	S2
S1-540458030	S2-832052225	S2
S1-540458030	S2-307414093	S2
S1-540458030	S2-123315323	S2
S1-540458030	S2-848582954	S2
S1-540458030	S2-354091917	S2
S1-540458030	S2-417090507	S2
S1-540458030	S2-353872072	S2
S1-540458030	S2-47852966	S2
S1-220334720	S2-939131514	S2
S1-220334720	S2-419605789	S2
S1-220334720	S2-862278331	S2
S1-220334720	S2-699301561	S2
S1-220334720	S2-837187320	S2
S1-220334720	S2-263622543	S2
S1-220334720	S2-426439815	S2
S1-220334720	S2-35756508	S2
S1-220334720	S2-518525663	S2
S1-220334720	S2-730043743	S2
S1-220334720	S2-642122157	S2
S1-220334720	S2-311198605	S2
S1-220334720	S2-82665539	S2
S1-220334720	S2-92758088	S2
S1-220334720	S2-731531571	S2
S1-406655545	S2-843741773	S2
S1-406655545	S2-640420911	S2
S1-406655545	S2-918074562	S2
S1-406655545	S2-26324258	S2
S1-406655545	S2-764430935	S2
S1-406655545	S2-437309128	S2
S1-406655545	S2-847120229	S2
S1-406655545	S2-126113089	S2
S1-406655545	S2-672736825	S2
S1-406655545	S2-229217508	S2
S1-406655545	S2-748325649	S2
S1-406655545	S2-512382393	S2
S1-406655545	S2-923853202	S2
S1-406655545	S2-369458829	S2
S1-406655545	S2-362602827	S2
S1-13864555	S2-806523322	S2
S1-13864555	S2-667274253	S2
S1-13864555	S2-687374926	S2
S1-13864555	S2-879330978	S2
S1-13864555	S2-397600396	S2
S1-13864555	S2-674223031	S2
S1-13864555	S2-452973108	S2
S1-13864555	S2-351822798	S2
S1-13864555	S2-31633295	S2
S1-13864555	S2-594607876	S2
S1-13864555	S2-892882538	S2
S1-13864555	S2-647040826	S2
S1-13864555	S2-932434431	S2
S1-13864555	S2-550763752	S2
S1-13864555	S2-92854944	S2
S1-216986373	S2-926723118	S2
S1-216986373	S2-445568278	S2
S1-216986373	S2-391718145	S2
S1-216986373	S2-953675570	S2
S1-216986373	S2-903979096	S2
S1-216986373	S2-802604278	S2
S1-216986373	S2-294114423	S2
S1-216986373	S2-418033252	S2
S1-216986373	S2-47852966	S2
S1-216986373	S2-903769892	S2
S1-216986373	S2-33267509	S2
S1-216986373	S2-667274253	S2
S1-216986373	S2-722247491	S2
S1-216986373	S2-308390109	S2
S1-216986373	S2-246869552	S2
S1-434086049	S2-682660453	S2
S1-434086049	S2-736787326	S2
S1-434086049	S2-91908767	S2
S1-434086049	S2-764632135	S2
S1-434086049	S2-794352292	S2
S1-434086049	S2-30842411	S2
S1-434086049	S2-683131470	S2
S1-434086049	S2-855836919	S2
S1-434086049	S2-225823147	S2
S1-434086049	S2-318348932	S2
S1-434086049	S2-899616853	S2
S1-434086049	S2-54240174	S2
S1-434086049	S2-101325335	S2
S1-434086049	S2-699404448	S2
S1-434086049	S2-929722075	S2
S1-302643182	S2-906898057	S2
S1-302643182	S2-335124172	S2
S1-302643182	S2-596517091	S2
S1-302643182	S2-726045392	S2
S1-302643182	S2-95424985	S2
S1-302643182	S2-20143885	S2
S1-302643182	S2-502689864	S2
S1-302643182	S2-79488526	S2
S1-302643182	S2-50131368	S2
S1-302643182	S2-224980295	S2
S1-302643182	S2-542224090	S2
S1-302643182	S2-432279643	S2
S1-302643182	S2-77419070	S2
S1-302643182	S2-895071828	S2
S1-302643182	S2-794352292	S2
S1-762326721	S2-734993182	S2
S1-762326721	S2-625369101	S2
S1-762326721	S2-574092301	S2
S1-762326721	S2-39079223	S2
S1-762326721	S2-38917398	S2
S1-762326721	S2-218771556	S2
S1-762326721	S2-92868774	S2
S1-762326721	S2-619859806	S2
S1-762326721	S2-457500956	S2
S1-762326721	S2-716961117	S2
S1-762326721	S2-122570602	S2
S1-762326721	S2-790947608	S2
S1-762326721	S2-716687956	S2
S1-762326721	S2-69559356	S2
S1-762326721	S2-176968531	S2
S1-682041645	S2-651190084	S2
S1-682041645	S2-305873353	S2
S1-682041645	S2-840538759	S2
S1-682041645	S2-748325649	S2
S1-682041645	S2-176139646	S2
S1-682041645	S2-205132293	S2
S1-682041645	S2-882915480	S2
S1-682041645	S2-895116270	S2
S1-682041645	S2-192695882	S2
S1-682041645	S2-592650888	S2
S1-682041645	S2-492444908	S2
S1-682041645	S2-981550471	S2
S1-682041645	S2-814955870	S2
S1-682041645	S2-810843780	S2
S1-682041645	S2-472320169	S2
S1-56629354	S2-678818787	S2
S1-56629354	S2-145507253	S2
S1-56629354	S2-196088758	S2
S1-56629354	S2-477346021	S2
S1-56629354	S2-872319713	S2
S1-56629354	S2-698245094	S2
S1-56629354	S2-846600326	S2
S1-56629354	S2-996064384	S2
S1-56629354	S2-891406198	S2
S1-56629354	S2-145379986	S2
S1-56629354	S2-635511596	S2
S1-56629354	S2-47749434	S2
S1-56629354	S2-821982484	S2
S1-56629354	S2-503157961	S2
S1-56629354	S2-712486191	S2
S1-75631487	S2-890423795	S2
S1-75631487	S2-689428234	S2
S1-75631487	S2-369458829	S2
S1-75631487	S2-138051778	S2
S1-75631487	S2-409726115	S2
S1-75631487	S2-190642185	S2
S1-75631487	S2-784569977	S2
S1-75631487	S2-884083511	S2
S1-75631487	S2-590714216	S2
S1-75631487	S2-797821871	S2
S1-75631487	S2-311029819	S2
S1-75631487	S2-322536831	S2
S1-75631487	S2-742941063	S2
S1-75631487	S2-109905092	S2
S1-75631487	S2-532776476	S2
S1-520361644	S2-563158163	S2
S1-520361644	S2-927572293	S2
S1-520361644	S2-323747399	S2
S1-520361644	S2-644844275	S2
S1-520361644	S2-222899205	S2
S1-520361644	S2-349365849	S2
S1-520361644	S2-712994058	S2
S1-520361644	S2-311198605	S2
S1-520361644	S2-206082608	S2
S1-520361644	S2-270518407	S2
S1-520361644	S2-591277113	S2
S1-520361644	S2-467121958	S2
S1-520361644	S2-663446783	S2
S1-520361644	S2-784451498	S2
S1-520361644	S2-149845283	S2
S1-390937720	S2-487988118	S2
S1-390937720	S2-585698283	S2
S1-390937720	S2-822798491	S2
S1-390937720	S2-880764652	S2
S1-390937720	S2-862482272	S2
S1-390937720	S2-156460390	S2
S1-390937720	S2-102286733	S2
S1-390937720	S2-184993338	S2
S1-390937720	S2-508602797	S2
S1-390937720	S2-198938800	S2
S1-390937720	S2-814881099	S2
S1-390937720	S2-312533710	S2
S1-390937720	S2-937234624	S2
S1-390937720	S2-544365657	S2
S1-390937720	S2-760621281	S2
S1-104218993	S2-877085471	S2
S1-104218993	S2-17933853	S2
S1-104218993	S2-515581965	S2
S1-104218993	S2-332453876	S2
S1-104218993	S2-921594231	S2
S1-104218993	S2-230184729	S2
S1-104218993	S2-155159431	S2
S1-104218993	S2-190642185	S2
S1-104218993	S2-739603930	S2
S1-104218993	S2-682660453	S2
S1-104218993	S2-294219540	S2
S1-104218993	S2-841394108	S2
S1-104218993	S2-74992830	S2
S1-104218993	S2-831449937	S2
S1-104218993	S2-176116039	S2
S1-328105321	S2-298914373	S2
S1-328105321	S2-713109591	S2
S1-328105321	S2-82665539	S2
S1-328105321	S2-395800668	S2
S1-328105321	S2-245909245	S2
S1-328105321	S2-205132293	S2
S1-328105321	S2-543208464	S2
S1-328105321	S2-30842411	S2
S1-328105321	S2-608750139	S2
S1-328105321	S2-591536531	S2
S1-328105321	S2-438085957	S2
S1-328105321	S2-138478502	S2
S1-328105321	S2-871160922	S2
S1-328105321	S2-610799828	S2
S1-328105321	S2-751058119	S2
S1-942449735	S2-708727646	S2
S1-942449735	S2-645440237	S2
S1-942449735	S2-436663188	S2
S1-942449735	S2-60818919	S2
S1-942449735	S2-512950951	S2
S1-942449735	S2-733025108	S2
S1-942449735	S2-972051451	S2
S1-942449735	S2-17933853	S2
S1-942449735	S2-619664055	S2
S1-942449735	S2-424537185	S2
S1-942449735	S2-713109591	S2
S1-942449735	S2-165863386	S2
S1-942449735	S2-74992830	S2
S1-942449735	S2-194980849	S2
S1-942449735	S2-392398825	S2
S1-716830359	S2-438678740	S2
S1-716830359	S2-500008641	S2
S1-716830359	S2-444467356	S2
S1-716830359	S2-888030033	S2
S1-716830359	S2-834563673	S2
S1-716830359	S2-582679076	S2
S1-716830359	S2-277557813	S2
S1-716830359	S2-432522197	S2
S1-716830359	S2-156054800	S2
S1-716830359	S2-849580158	S2
S1-716830359	S2-518692071	S2
S1-716830359	S2-252469399	S2
S1-716830359	S2-174396062	S2
S1-716830359	S2-534415637	S2
S1-716830359	S2-175865714	S2
S1-34916446	S2-840538759	S2
S1-34916446	S2-847374839	S2
S1-34916446	S2-752654978	S2
S1-34916446	S2-772323364	S2
S1-34916446	S2-27297350	S2
S1-34916446	S2-816989315	S2
S1-34916446	S2-228567244	S2
S1-34916446	S2-883117276	S2
S1-34916446	S2-560300733	S2
S1-34916446	S2-949636022	S2
S1-34916446	S2-260686291	S2
S1-34916446	S2-642367103	S2
S1-34916446	S2-569534268	S2
S1-34916446	S2-794530374	S2
S1-34916446	S2-651292790	S2
S1-585407266	S2-885496247	S2
S1-585407266	S2-479081815	S2
S1-585407266	S2-315872469	S2
S1-585407266	S2-388981331	S2
S1-585407266	S2-81084363	S2
S1-585407266	S2-665652910	S2
S1-585407266	S2-38470677	S2
S1-585407266	S2-159175610	S2
S1-585407266	S2-478122065	S2
S1-585407266	S2-299980209	S2
S1-585407266	S2-953579753	S2
S1-585407266	S2-445637459	S2
S1-585407266	S2-15235408	S2
S1-585407266	S2-659685525	S2
S1-585407266	S2-631521974	S2
S1-458223959	S2-328308841	S2
S1-458223959	S2-932843757	S2
S1-458223959	S2-28418448	S2
S1-458223959	S2-977033809	S2
S1-458223959	S2-519903945	S2
S1-458223959	S2-161956716	S2
S1-458223959	S2-784152114	S2
S1-458223959	S2-283699128	S2
S1-458223959	S2-99260087	S2
S1-458223959	S2-608598841	S2
S1-458223959	S2-220596390	S2
S1-458223959	S2-236302728	S2
S1-458223959	S2-563644814	S2
S1-458223959	S2-941264213	S2
S1-458223959	S2-487925537	S2
S1-489817305	S2-218208532	S2
S1-489817305	S2-696617658	S2
S1-489817305	S2-747145329	S2
S1-489817305	S2-837096453	S2
S1-489817305	S2-344874828	S2
S1-489817305	S2-969392100	S2
S1-489817305	S2-74877522	S2
S1-489817305	S2-895944134	S2
S1-489817305	S2-137954799	S2
S1-489817305	S2-766295001	S2
S1-489817305	S2-831117180	S2
S1-489817305	S2-399112375	S2
S1-489817305	S2-528143818	S2
S1-489817305	S2-401293041	S2
S1-489817305	S2-737521149	S2
S1-642038314	S2-564777969	S2
S1-642038314	S2-785769450	S2
S1-642038314	S2-865681369	S2
S1-642038314	S2-50083056	S2
S1-642038314	S2-68402423	S2
S1-642038314	S2-644844275	S2
S1-642038314	S2-680125018	S2
S1-642038314	S2-763379556	S2
S1-642038314	S2-736350861	S2
S1-642038314	S2-682814350	S2
S1-642038314	S2-535538356	S2
S1-642038314	S2-359684479	S2
S1-642038314	S2-252321761	S2
S1-642038314	S2-297926319	S2
S1-642038314	S2-768946792	S2
S1-566137077	S2-461664377	S2
S1-566137077	S2-846600326	S2
S1-566137077	S2-307272578	S2
S1-566137077	S2-75150479	S2
S1-566137077	S2-936867164	S2
S1-566137077	S2-938612654	S2
S1-566137077	S2-29108033	S2
S1-566137077	S2-400230753	S2
S1-566137077	S2-484254734	S2
S1-566137077	S2-947318362	S2
S1-566137077	S2-155636061	S2
S1-566137077	S2-910212980	S2
S1-566137077	S2-569515778	S2
S1-566137077	S2-971491700	S2
S1-566137077	S2-438972703	S2
S1-524463249	S2-889904221	S2
S1-524463249	S2-318546967	S2
S1-524463249	S2-302833544	S2
S1-524463249	S2-266007614	S2
S1-524463249	S2-479081815	S2
S1-524463249	S2-478416988	S2
S1-524463249	S2-52221155	S2
S1-524463249	S2-604963200	S2
S1-524463249	S2-319771268	S2
S1-524463249	S2-1240778	S2
S1-524463249	S2-557882604	S2
S1-524463249	S2-665981472	S2
S1-524463249	S2-402816908	S2
S1-524463249	S2-949133216	S2
S1-524463249	S2-209709244	S2
S1-641249328	S2-250915022	S2
S1-641249328	S2-539726746	S2
S1-641249328	S2-714077903	S2
S1-641249328	S2-1986290	S2
S1-641249328	S2-623164214	S2
S1-641249328	S2-835256551	S2
S1-641249328	S2-524004407	S2
S1-641249328	S2-760648353	S2
S1-641249328	S2-585835879	S2
S1-641249328	S2-170119635	S2
S1-641249328	S2-972466865	S2
S1-641249328	S2-921287883	S2
S1-641249328	S2-146892719	S2
S1-641249328	S2-838526909	S2
S1-641249328	S2-471441474	S2
S1-738271924	S2-555707870	S2
S1-738271924	S2-988241366	S2
S1-738271924	S2-2048071	S2
S1-738271924	S2-722166534	S2
S1-738271924	S2-327707439	S2
S1-738271924	S2-996064384	S2
S1-738271924	S2-218208532	S2
S1-738271924	S2-586389069	S2
S1-738271924	S2-258904656	S2
S1-738271924	S2-747145329	S2
S1-738271924	S2-74877522	S2
S1-738271924	S2-137954799	S2
S1-738271924	S2-831117180	S2
S1-738271924	S2-399112375	S2
S1-738271924	S2-401293041	S2
S1-40864644	S2-665463193	S2
S1-40864644	S2-17360295	S2
S1-40864644	S2-199235212	S2
S1-40864644	S2-906898057	S2
S1-40864644	S2-44909703	S2
S1-40864644	S2-432279643	S2
S1-40864644	S2-18442426	S2
S1-40864644	S2-566293411	S2
S1-40864644	S2-20143885	S2
S1-40864644	S2-502689864	S2
S1-40864644	S2-79488526	S2
S1-40864644	S2-888030033	S2
S1-40864644	S2-794352292	S2
S1-40864644	S2-224980295	S2
S1-40864644	S2-274227325	S2
S1-303700722	S2-984417999	S2
S1-303700722	S2-437309128	S2
S1-303700722	S2-764430935	S2
S1-303700722	S2-471713609	S2
S1-303700722	S2-145507253	S2
S1-303700722	S2-843741773	S2
S1-303700722	S2-229217508	S2
S1-303700722	S2-672736825	S2
S1-303700722	S2-362602827	S2
S1-303700722	S2-748325649	S2
S1-303700722	S2-126113089	S2
S1-303700722	S2-369458829	S2
S1-303700722	S2-640420911	S2
S1-303700722	S2-26324258	S2
S1-303700722	S2-512382393	S2
S1-617253448	S2-150814682	S2
S1-617253448	S2-213208828	S2
S1-617253448	S2-791429680	S2
S1-617253448	S2-339884517	S2
S1-617253448	S2-676815762	S2
S1-617253448	S2-566356754	S2
S1-617253448	S2-139857118	S2
S1-617253448	S2-225037888	S2
S1-617253448	S2-272004093	S2
S1-617253448	S2-640723488	S2
S1-617253448	S2-945865905	S2
S1-617253448	S2-182789318	S2
S1-617253448	S2-539393537	S2
S1-617253448	S2-622773844	S2
S1-617253448	S2-803596169	S2
S1-379692908	S2-354091917	S2
S1-379692908	S2-638319392	S2
S1-379692908	S2-315291297	S2
S1-379692908	S2-683730928	S2
S1-379692908	S2-637675946	S2
S1-379692908	S2-894693263	S2
S1-379692908	S2-161592048	S2
S1-379692908	S2-62315810	S2
S1-379692908	S2-563158163	S2
S1-379692908	S2-784849034	S2
S1-379692908	S2-636826764	S2
S1-379692908	S2-859269096	S2
S1-379692908	S2-371168439	S2
S1-379692908	S2-122570602	S2
S1-379692908	S2-737745236	S2
S1-697294833	S2-8982199	S2
S1-697294833	S2-334354664	S2
S1-697294833	S2-978606166	S2
S1-697294833	S2-921202375	S2
S1-697294833	S2-565543920	S2
S1-697294833	S2-381676404	S2
S1-697294833	S2-455209026	S2
S1-697294833	S2-136305349	S2
S1-697294833	S2-848946610	S2
S1-697294833	S2-135305339	S2
S1-697294833	S2-892880098	S2
S1-697294833	S2-674862293	S2
S1-697294833	S2-164651728	S2
S1-697294833	S2-79488526	S2
S1-697294833	S2-569860965	S2
S1-140882270	S2-113550967	S2
S1-140882270	S2-476714949	S2
S1-140882270	S2-878768582	S2
S1-140882270	S2-757402261	S2
S1-140882270	S2-770751342	S2
S1-140882270	S2-575171696	S2
S1-140882270	S2-308356127	S2
S1-140882270	S2-754764875	S2
S1-140882270	S2-54659459	S2
S1-140882270	S2-250915022	S2
S1-140882270	S2-582629579	S2
S1-140882270	S2-690151442	S2
S1-140882270	S2-399112375	S2
S1-140882270	S2-894152578	S2
S1-140882270	S2-474914898	S2
S1-199339248	S2-423447509	S2
S1-199339248	S2-139831055	S2
S1-199339248	S2-232594161	S2
S1-199339248	S2-537997029	S2
S1-199339248	S2-91468451	S2
S1-199339248	S2-507152762	S2
S1-199339248	S2-737745236	S2
S1-199339248	S2-637675946	S2
S1-199339248	S2-638319392	S2
S1-199339248	S2-339737852	S2
S1-199339248	S2-158641226	S2
S1-199339248	S2-792034672	S2
S1-199339248	S2-309950217	S2
S1-199339248	S2-948826263	S2
S1-199339248	S2-539626107	S2
S1-723275887	S2-813611214	S2
S1-723275887	S2-384350223	S2
S1-723275887	S2-837096453	S2
S1-723275887	S2-4675625	S2
S1-723275887	S2-421540927	S2
S1-723275887	S2-455830760	S2
S1-723275887	S2-121759397	S2
S1-723275887	S2-31633295	S2
S1-723275887	S2-850499815	S2
S1-723275887	S2-619748319	S2
S1-723275887	S2-125007797	S2
S1-723275887	S2-822978972	S2
S1-723275887	S2-909796844	S2
S1-723275887	S2-676382349	S2
S1-723275887	S2-597159535	S2
S1-75627448	S2-3326062	S2
S1-75627448	S2-799238901	S2
S1-75627448	S2-894693263	S2
S1-75627448	S2-145204119	S2
S1-75627448	S2-310613953	S2
S1-75627448	S2-418691151	S2
S1-75627448	S2-573094730	S2
S1-75627448	S2-71529448	S2
S1-75627448	S2-441341822	S2
S1-75627448	S2-613033114	S2
S1-75627448	S2-508784928	S2
S1-75627448	S2-699391872	S2
S1-75627448	S2-362555190	S2
S1-75627448	S2-17860697	S2
S1-75627448	S2-225100350	S2
S1-169326669	S2-995499973	S2
S1-169326669	S2-501057541	S2
S1-169326669	S2-290289962	S2
S1-169326669	S2-485902426	S2
S1-169326669	S2-491074769	S2
S1-169326669	S2-104858458	S2
S1-169326669	S2-85163295	S2
S1-169326669	S2-662616520	S2
S1-169326669	S2-131125837	S2
S1-169326669	S2-892976075	S2
S1-169326669	S2-513883989	S2
S1-169326669	S2-878134898	S2
S1-169326669	S2-912228916	S2
S1-169326669	S2-837096453	S2
S1-169326669	S2-895944134	S2
S1-981670420	S2-427111019	S2
S1-981670420	S2-269775293	S2
S1-981670420	S2-459481005	S2
S1-981670420	S2-978253391	S2
S1-981670420	S2-983379660	S2
S1-981670420	S2-56744275	S2
S1-981670420	S2-710492190	S2
S1-981670420	S2-716687956	S2
S1-981670420	S2-517995133	S2
S1-981670420	S2-407432333	S2
S1-981670420	S2-79818405	S2
S1-981670420	S2-866650875	S2
S1-981670420	S2-694410926	S2
S1-981670420	S2-968735721	S2
S1-981670420	S2-373143276	S2
S1-418423816	S2-46093451	S2
S1-418423816	S2-164086509	S2
S1-418423816	S2-638282892	S2
S1-418423816	S2-256236598	S2
S1-418423816	S2-624920895	S2
S1-418423816	S2-305427278	S2
S1-418423816	S2-906609960	S2
S1-418423816	S2-579566857	S2
S1-418423816	S2-903979096	S2
S1-418423816	S2-471521279	S2
S1-418423816	S2-179095524	S2
S1-418423816	S2-945688451	S2
S1-418423816	S2-131264573	S2
S1-418423816	S2-937454805	S2
S1-418423816	S2-755671955	S2
S1-199429633	S2-811863966	S2
S1-199429633	S2-259053443	S2
S1-199429633	S2-507704636	S2
S1-199429633	S2-439042318	S2
S1-199429633	S2-658347451	S2
S1-199429633	S2-580390359	S2
S1-199429633	S2-672736825	S2
S1-199429633	S2-784849034	S2
S1-199429633	S2-8982199	S2
S1-199429633	S2-220286148	S2
S1-199429633	S2-495565633	S2
S1-199429633	S2-86506536	S2
S1-199429633	S2-345917206	S2
S1-199429633	S2-689917284	S2
S1-199429633	S2-300667965	S2
S1-663286282	S2-519912199	S2
S1-663286282	S2-623031574	S2
S1-663286282	S2-799238901	S2
S1-663286282	S2-401408311	S2
S1-663286282	S2-657612909	S2
S1-663286282	S2-548542163	S2
S1-663286282	S2-789711070	S2
S1-663286282	S2-418691151	S2
S1-663286282	S2-71529448	S2
S1-663286282	S2-847374839	S2
S1-663286282	S2-681634213	S2
S1-663286282	S2-522109781	S2
S1-663286282	S2-856654739	S2
S1-663286282	S2-508784928	S2
S1-663286282	S2-483453128	S2
S1-159514912	S2-570512018	S2
S1-159514912	S2-163963287	S2
S1-159514912	S2-2048071	S2
S1-159514912	S2-785643946	S2
S1-159514912	S2-145624152	S2
S1-159514912	S2-983514167	S2
S1-159514912	S2-417849143	S2
S1-159514912	S2-242055718	S2
S1-159514912	S2-738536601	S2
S1-159514912	S2-300777619	S2
S1-159514912	S2-170119635	S2
S1-159514912	S2-268447092	S2
S1-159514912	S2-237375796	S2
S1-159514912	S2-19689896	S2
S1-159514912	S2-86546864	S2
S1-736761428	S2-94068349	S2
S1-736761428	S2-287300820	S2
S1-736761428	S2-624804463	S2
S1-736761428	S2-321590109	S2
S1-736761428	S2-452572748	S2
S1-736761428	S2-472675182	S2
S1-736761428	S2-686350780	S2
S1-736761428	S2-43963109	S2
S1-736761428	S2-439161022	S2
S1-736761428	S2-799457865	S2
S1-736761428	S2-132147493	S2
S1-736761428	S2-874757538	S2
S1-736761428	S2-658347451	S2
S1-736761428	S2-910842372	S2
S1-736761428	S2-507704636	S2
S1-327370768	S2-108090038	S2
S1-327370768	S2-276674538	S2
S1-327370768	S2-813611214	S2
S1-327370768	S2-797857062	S2
S1-327370768	S2-944065437	S2
S1-327370768	S2-311029819	S2
S1-327370768	S2-4675625	S2
S1-327370768	S2-837096453	S2
S1-327370768	S2-19749906	S2
S1-327370768	S2-455830760	S2
S1-327370768	S2-167129557	S2
S1-327370768	S2-421540927	S2
S1-327370768	S2-121759397	S2
S1-327370768	S2-850499815	S2
S1-327370768	S2-872022787	S2
S1-553334532	S2-682964593	S2
S1-553334532	S2-882915480	S2
S1-553334532	S2-957597561	S2
S1-553334532	S2-291892949	S2
S1-553334532	S2-956811797	S2
S1-553334532	S2-372202978	S2
S1-553334532	S2-2670847	S2
S1-553334532	S2-784715242	S2
S1-553334532	S2-613431408	S2
S1-553334532	S2-868087865	S2
S1-553334532	S2-749932508	S2
S1-553334532	S2-821383594	S2
S1-553334532	S2-630688873	S2
S1-553334532	S2-229183845	S2
S1-553334532	S2-622481215	S2
S1-917409598	S2-252321761	S2
S1-917409598	S2-459758045	S2
S1-917409598	S2-586389069	S2
S1-917409598	S2-734632823	S2
S1-917409598	S2-860534246	S2
S1-917409598	S2-218208532	S2
S1-917409598	S2-258904656	S2
S1-917409598	S2-996064384	S2
S1-917409598	S2-747145329	S2
S1-917409598	S2-358578952	S2
S1-917409598	S2-74877522	S2
S1-917409598	S2-137954799	S2
S1-917409598	S2-831117180	S2
S1-917409598	S2-399112375	S2
S1-917409598	S2-401293041	S2
S1-621488405	S2-91908767	S2
S1-621488405	S2-486832341	S2
S1-621488405	S2-626012117	S2
S1-621488405	S2-378820746	S2
S1-621488405	S2-569860965	S2
S1-621488405	S2-816989315	S2
S1-621488405	S2-321398182	S2
S1-621488405	S2-90112897	S2
S1-621488405	S2-872809565	S2
S1-621488405	S2-852307591	S2
S1-621488405	S2-793153206	S2
S1-621488405	S2-126222886	S2
S1-621488405	S2-764306412	S2
S1-621488405	S2-585316294	S2
S1-621488405	S2-772323364	S2
S1-685028795	S2-8982199	S2
S1-685028795	S2-960361858	S2
S1-685028795	S2-640284162	S2
S1-685028795	S2-789881006	S2
S1-685028795	S2-406854790	S2
S1-685028795	S2-651292790	S2
S1-685028795	S2-883117276	S2
S1-685028795	S2-780123305	S2
S1-685028795	S2-222024725	S2
S1-685028795	S2-472530538	S2
S1-685028795	S2-477373580	S2
S1-685028795	S2-955730734	S2
S1-685028795	S2-832217974	S2
S1-685028795	S2-518525663	S2
S1-685028795	S2-731368331	S2
S1-545790155	S2-26670373	S2
S1-545790155	S2-432687019	S2
S1-545790155	S2-725343258	S2
S1-545790155	S2-259053443	S2
S1-545790155	S2-121534599	S2
S1-545790155	S2-780354672	S2
S1-545790155	S2-475706495	S2
S1-545790155	S2-19689896	S2
S1-545790155	S2-646080124	S2
S1-545790155	S2-519903945	S2
S1-545790155	S2-884135049	S2
S1-545790155	S2-593260765	S2
S1-545790155	S2-200925331	S2
S1-545790155	S2-747466359	S2
S1-545790155	S2-498279964	S2
S1-815441395	S2-51477351	S2
S1-815441395	S2-441144872	S2
S1-815441395	S2-191186951	S2
S1-815441395	S2-426153797	S2
S1-815441395	S2-117680822	S2
S1-815441395	S2-49633502	S2
S1-815441395	S2-558654912	S2
S1-815441395	S2-744269045	S2
S1-815441395	S2-526991413	S2
S1-815441395	S2-910842372	S2
S1-815441395	S2-189729084	S2
S1-815441395	S2-653376534	S2
S1-815441395	S2-500943015	S2
S1-815441395	S2-641048180	S2
S1-815441395	S2-373515798	S2
S1-26906339	S2-924946907	S2
S1-26906339	S2-551353044	S2
S1-26906339	S2-558752020	S2
S1-26906339	S2-813957984	S2
S1-26906339	S2-310050325	S2
S1-26906339	S2-975334742	S2
S1-26906339	S2-143614907	S2
S1-26906339	S2-108304064	S2
S1-26906339	S2-738509117	S2
S1-26906339	S2-360210911	S2
S1-26906339	S2-220948169	S2
S1-26906339	S2-583111097	S2
S1-26906339	S2-820079347	S2
S1-26906339	S2-694627142	S2
S1-26906339	S2-533183444	S2
S1-144913221	S2-610173207	S2
S1-144913221	S2-800014563	S2
S1-144913221	S2-199635728	S2
S1-144913221	S2-99136836	S2
S1-144913221	S2-324372014	S2
S1-144913221	S2-662673311	S2
S1-144913221	S2-212279628	S2
S1-144913221	S2-15148623	S2
S1-144913221	S2-334354664	S2
S1-144913221	S2-642855647	S2
S1-144913221	S2-164651728	S2
S1-144913221	S2-459633919	S2
S1-144913221	S2-814052487	S2
S1-144913221	S2-665463193	S2
S1-144913221	S2-791990398	S2
S1-17779586	S2-213470723	S2
S1-17779586	S2-44100844	S2
S1-17779586	S2-655804813	S2
S1-17779586	S2-81664343	S2
S1-17779586	S2-811863966	S2
S1-17779586	S2-975334742	S2
S1-17779586	S2-189775165	S2
S1-17779586	S2-232709023	S2
S1-17779586	S2-251270580	S2
S1-17779586	S2-510916447	S2
S1-17779586	S2-202394836	S2
S1-17779586	S2-707178891	S2
S1-17779586	S2-785971729	S2
S1-17779586	S2-159472146	S2
S1-17779586	S2-761733049	S2
S1-397935071	S2-307414093	S2
S1-397935071	S2-256286125	S2
S1-397935071	S2-123315323	S2
S1-397935071	S2-785890760	S2
S1-397935071	S2-340882825	S2
S1-397935071	S2-352561696	S2
S1-397935071	S2-354091917	S2
S1-397935071	S2-363534521	S2
S1-397935071	S2-417090507	S2
S1-397935071	S2-808728262	S2
S1-397935071	S2-337462823	S2
S1-397935071	S2-848582954	S2
S1-397935071	S2-353872072	S2
S1-397935071	S2-47852966	S2
S1-397935071	S2-463617918	S2
S1-998207330	S2-331461725	S2
S1-998207330	S2-231732832	S2
S1-998207330	S2-975023541	S2
S1-998207330	S2-747145329	S2
S1-998207330	S2-921202375	S2
S1-998207330	S2-794352292	S2
S1-998207330	S2-8982199	S2
S1-998207330	S2-137954799	S2
S1-998207330	S2-831117180	S2
S1-998207330	S2-401293041	S2
S1-998207330	S2-399112375	S2
S1-998207330	S2-555707870	S2
S1-998207330	S2-74877522	S2
S1-998207330	S2-258904656	S2
S1-998207330	S2-988241366	S2
S1-686749094	S2-494828371	S2
S1-686749094	S2-669804692	S2
S1-686749094	S2-835063716	S2
S1-686749094	S2-370549501	S2
S1-686749094	S2-785139940	S2
S1-686749094	S2-833201275	S2
S1-686749094	S2-197696225	S2
S1-686749094	S2-672321572	S2
S1-686749094	S2-427374357	S2
S1-686749094	S2-418691151	S2
S1-686749094	S2-196587307	S2
S1-686749094	S2-71529448	S2
S1-686749094	S2-508784928	S2
S1-686749094	S2-150882117	S2
S1-686749094	S2-897475107	S2
S1-123331890	S2-738448002	S2
S1-123331890	S2-563644814	S2
S1-123331890	S2-582458634	S2
S1-123331890	S2-526876910	S2
S1-123331890	S2-960361858	S2
S1-123331890	S2-867614780	S2
S1-123331890	S2-403058082	S2
S1-123331890	S2-979910605	S2
S1-123331890	S2-529867680	S2
S1-123331890	S2-648793540	S2
S1-123331890	S2-104858458	S2
S1-123331890	S2-961859453	S2
S1-123331890	S2-960276783	S2
S1-123331890	S2-248267062	S2
S1-123331890	S2-5646683	S2
S1-579194394	S2-787718430	S2
S1-579194394	S2-859924222	S2
S1-579194394	S2-308390109	S2
S1-579194394	S2-235039028	S2
S1-579194394	S2-214313720	S2
S1-579194394	S2-728928259	S2
S1-579194394	S2-926723118	S2
S1-579194394	S2-654636304	S2
S1-579194394	S2-529238319	S2
S1-579194394	S2-959518463	S2
S1-579194394	S2-894313135	S2
S1-579194394	S2-98331541	S2
S1-579194394	S2-444139007	S2
S1-579194394	S2-487450523	S2
S1-579194394	S2-713920891	S2
S1-786620416	S2-872209566	S2
S1-786620416	S2-803111569	S2
S1-786620416	S2-56541596	S2
S1-786620416	S2-816989315	S2
S1-786620416	S2-378820746	S2
S1-786620416	S2-321398182	S2
S1-786620416	S2-90112897	S2
S1-786620416	S2-486832341	S2
S1-786620416	S2-793153206	S2
S1-786620416	S2-764306412	S2
S1-786620416	S2-872809565	S2
S1-786620416	S2-852307591	S2
S1-786620416	S2-585316294	S2
S1-786620416	S2-126222886	S2
S1-786620416	S2-772323364	S2
S1-350560084	S2-455209026	S2
S1-350560084	S2-895071828	S2
S1-350560084	S2-101325335	S2
S1-350560084	S2-77419070	S2
S1-350560084	S2-889472913	S2
S1-350560084	S2-771685137	S2
S1-350560084	S2-99468652	S2
S1-350560084	S2-242582700	S2
S1-350560084	S2-726045392	S2
S1-350560084	S2-846262463	S2
S1-350560084	S2-402548315	S2
S1-350560084	S2-788754887	S2
S1-350560084	S2-873177396	S2
S1-350560084	S2-265891218	S2
S1-350560084	S2-335124172	S2
S1-950265172	S2-712174856	S2
S1-950265172	S2-694627142	S2
S1-950265172	S2-653376534	S2
S1-950265172	S2-36732240	S2
S1-950265172	S2-171673064	S2
S1-950265172	S2-546744883	S2
S1-950265172	S2-690909438	S2
S1-950265172	S2-866295263	S2
S1-950265172	S2-308993997	S2
S1-950265172	S2-423447509	S2
S1-950265172	S2-781397767	S2
S1-950265172	S2-288004005	S2
S1-950265172	S2-582180107	S2
S1-950265172	S2-335647296	S2
S1-950265172	S2-439483413	S2
S1-338830003	S2-416107889	S2
S1-338830003	S2-150305750	S2
S1-338830003	S2-862278331	S2
S1-338830003	S2-419509015	S2
S1-338830003	S2-736110069	S2
S1-338830003	S2-43091282	S2
S1-338830003	S2-977796762	S2
S1-338830003	S2-326195146	S2
S1-338830003	S2-34732391	S2
S1-338830003	S2-74076768	S2
S1-338830003	S2-811863966	S2
S1-338830003	S2-444467356	S2
S1-338830003	S2-849074551	S2
S1-338830003	S2-61819749	S2
S1-338830003	S2-43338697	S2
S1-418655393	S2-704012671	S2
S1-418655393	S2-564777969	S2
S1-418655393	S2-959734804	S2
S1-418655393	S2-318784543	S2
S1-418655393	S2-150882117	S2
S1-418655393	S2-958688251	S2
S1-418655393	S2-232316980	S2
S1-418655393	S2-947466256	S2
S1-418655393	S2-310050325	S2
S1-418655393	S2-772922754	S2
S1-418655393	S2-466380342	S2
S1-418655393	S2-944065437	S2
S1-418655393	S2-290977286	S2
S1-418655393	S2-143614907	S2
S1-418655393	S2-996679134	S2
S1-429691516	S2-285659000	S2
S1-429691516	S2-822482083	S2
S1-429691516	S2-831449937	S2
S1-429691516	S2-439805521	S2
S1-429691516	S2-219432880	S2
S1-429691516	S2-394554163	S2
S1-429691516	S2-9614101	S2
S1-429691516	S2-84094385	S2
S1-429691516	S2-156460390	S2
S1-429691516	S2-877085471	S2
S1-429691516	S2-635228641	S2
S1-429691516	S2-74992830	S2
S1-429691516	S2-190642185	S2
S1-429691516	S2-727570982	S2
S1-429691516	S2-332453876	S2
S1-106410807	S2-41514279	S2
S1-106410807	S2-282390486	S2
S1-106410807	S2-491950020	S2
S1-106410807	S2-937454805	S2
S1-106410807	S2-347017935	S2
S1-106410807	S2-731943701	S2
S1-106410807	S2-77285093	S2
S1-106410807	S2-256451765	S2
S1-106410807	S2-540931339	S2
S1-106410807	S2-232484718	S2
S1-106410807	S2-46771753	S2
S1-106410807	S2-140036589	S2
S1-106410807	S2-815783446	S2
S1-106410807	S2-980246492	S2
S1-106410807	S2-504977086	S2
S1-770749194	S2-912228916	S2
S1-770749194	S2-472530538	S2
S1-770749194	S2-256451765	S2
S1-770749194	S2-622481215	S2
S1-770749194	S2-944772275	S2
S1-770749194	S2-293011085	S2
S1-770749194	S2-878134898	S2
S1-770749194	S2-298598465	S2
S1-770749194	S2-918917310	S2
S1-770749194	S2-131125837	S2
S1-770749194	S2-895944134	S2
S1-770749194	S2-837096453	S2
S1-770749194	S2-683312986	S2
S1-770749194	S2-895797947	S2
S1-770749194	S2-808715382	S2
S1-404124513	S2-455209026	S2
S1-404124513	S2-996428837	S2
S1-404124513	S2-874162453	S2
S1-404124513	S2-929722075	S2
S1-404124513	S2-335124172	S2
S1-404124513	S2-706168001	S2
S1-404124513	S2-432279643	S2
S1-404124513	S2-713572779	S2
S1-404124513	S2-788754887	S2
S1-404124513	S2-978606166	S2
S1-404124513	S2-800014563	S2
S1-404124513	S2-848946610	S2
S1-404124513	S2-57375033	S2
S1-404124513	S2-135305339	S2
S1-404124513	S2-710175093	S2
S1-993662167	S2-265891218	S2
S1-993662167	S2-921202375	S2
S1-993662167	S2-873177396	S2
S1-993662167	S2-536231721	S2
S1-993662167	S2-895071828	S2
S1-993662167	S2-764632135	S2
S1-993662167	S2-205034666	S2
S1-993662167	S2-874162453	S2
S1-993662167	S2-335124172	S2
S1-993662167	S2-713572779	S2
S1-993662167	S2-432279643	S2
S1-993662167	S2-800014563	S2
S1-993662167	S2-848946610	S2
S1-993662167	S2-135305339	S2
S1-993662167	S2-7495917	S2
S1-819933808	S2-447882786	S2
S1-819933808	S2-841394108	S2
S1-819933808	S2-555707870	S2
S1-819933808	S2-193955920	S2
S1-819933808	S2-914761441	S2
S1-819933808	S2-871017791	S2
S1-819933808	S2-731649105	S2
S1-819933808	S2-70991129	S2
S1-819933808	S2-685908264	S2
S1-819933808	S2-351945894	S2
S1-819933808	S2-162888799	S2
S1-819933808	S2-895860200	S2
S1-819933808	S2-507704636	S2
S1-819933808	S2-472694676	S2
S1-819933808	S2-29238569	S2
S1-631152952	S2-67633039	S2
S1-631152952	S2-602695064	S2
S1-631152952	S2-895944720	S2
S1-631152952	S2-548633980	S2
S1-631152952	S2-512060211	S2
S1-631152952	S2-339853392	S2
S1-631152952	S2-195972156	S2
S1-631152952	S2-438085957	S2
S1-631152952	S2-574349442	S2
S1-631152952	S2-27148087	S2
S1-631152952	S2-526876910	S2
S1-631152952	S2-849819552	S2
S1-631152952	S2-70698601	S2
S1-631152952	S2-960276783	S2
S1-631152952	S2-867614780	S2
S1-824919785	S2-398793962	S2
S1-824919785	S2-890423795	S2
S1-824919785	S2-670948516	S2
S1-824919785	S2-332036682	S2
S1-824919785	S2-699404448	S2
S1-824919785	S2-349666272	S2
S1-824919785	S2-854377052	S2
S1-824919785	S2-929722075	S2
S1-824919785	S2-932096839	S2
S1-824919785	S2-419837913	S2
S1-824919785	S2-938743845	S2
S1-824919785	S2-488915476	S2
S1-824919785	S2-916238268	S2
S1-824919785	S2-680762771	S2
S1-824919785	S2-184582259	S2
S1-739611320	S2-793153206	S2
S1-739611320	S2-548296657	S2
S1-739611320	S2-157564986	S2
S1-739611320	S2-225037888	S2
S1-739611320	S2-763813514	S2
S1-739611320	S2-973057450	S2
S1-739611320	S2-391886434	S2
S1-739611320	S2-390971137	S2
S1-739611320	S2-374123528	S2
S1-739611320	S2-777785870	S2
S1-739611320	S2-732609411	S2
S1-739611320	S2-785643946	S2
S1-739611320	S2-326946504	S2
S1-739611320	S2-731682240	S2
S1-739611320	S2-2048071	S2
S1-362007759	S2-487495973	S2
S1-362007759	S2-749852939	S2
S1-362007759	S2-344621502	S2
S1-362007759	S2-177918546	S2
S1-362007759	S2-556747559	S2
S1-362007759	S2-528320338	S2
S1-362007759	S2-487803690	S2
S1-362007759	S2-231688856	S2
S1-362007759	S2-225823147	S2
S1-362007759	S2-329607640	S2
S1-362007759	S2-699404448	S2
S1-362007759	S2-929722075	S2
S1-362007759	S2-503157961	S2
S1-362007759	S2-833227760	S2
S1-362007759	S2-91305348	S2
S1-91665845	S2-843071321	S2
S1-91665845	S2-94068349	S2
S1-91665845	S2-777367118	S2
S1-91665845	S2-226658215	S2
S1-91665845	S2-474346550	S2
S1-91665845	S2-428779057	S2
S1-91665845	S2-720782740	S2
S1-91665845	S2-543049878	S2
S1-91665845	S2-472675182	S2
S1-91665845	S2-452572748	S2
S1-91665845	S2-686350780	S2
S1-91665845	S2-472555582	S2
S1-91665845	S2-509362529	S2
S1-91665845	S2-546426576	S2
S1-91665845	S2-342386355	S2
S1-208942438	S2-262031736	S2
S1-208942438	S2-241726445	S2
S1-208942438	S2-27148087	S2
S1-208942438	S2-873808082	S2
S1-208942438	S2-710471913	S2
S1-208942438	S2-247565679	S2
S1-208942438	S2-36732240	S2
S1-208942438	S2-200472231	S2
S1-208942438	S2-158641226	S2
S1-208942438	S2-162252776	S2
S1-208942438	S2-824414038	S2
S1-208942438	S2-327707439	S2
S1-208942438	S2-426481260	S2
S1-208942438	S2-872823424	S2
S1-208942438	S2-741566402	S2
S1-376656562	S2-99136836	S2
S1-376656562	S2-670948516	S2
S1-376656562	S2-921202375	S2
S1-376656562	S2-777730349	S2
S1-376656562	S2-8982199	S2
S1-376656562	S2-794352292	S2
S1-376656562	S2-135305339	S2
S1-376656562	S2-610173207	S2
S1-376656562	S2-642855647	S2
S1-376656562	S2-15148623	S2
S1-376656562	S2-459633919	S2
S1-376656562	S2-334354664	S2
S1-376656562	S2-791990398	S2
S1-376656562	S2-665463193	S2
S1-376656562	S2-814052487	S2
S1-967173158	S2-987414512	S2
S1-967173158	S2-983169327	S2
S1-967173158	S2-434575880	S2
S1-967173158	S2-978606166	S2
S1-967173158	S2-825374035	S2
S1-967173158	S2-231688856	S2
S1-967173158	S2-501229096	S2
S1-967173158	S2-444452024	S2
S1-967173158	S2-585316294	S2
S1-967173158	S2-191045664	S2
S1-967173158	S2-532389987	S2
S1-967173158	S2-281803835	S2
S1-967173158	S2-709994826	S2
S1-967173158	S2-708389947	S2
S1-967173158	S2-802651416	S2
S1-521250108	S2-76349004	S2
S1-521250108	S2-960553036	S2
S1-521250108	S2-685027145	S2
S1-521250108	S2-918655668	S2
S1-521250108	S2-290759547	S2
S1-521250108	S2-970203166	S2
S1-521250108	S2-983318792	S2
S1-521250108	S2-857545705	S2
S1-521250108	S2-368206306	S2
S1-521250108	S2-998764761	S2
S1-521250108	S2-907716013	S2
S1-521250108	S2-444528389	S2
S1-521250108	S2-572531501	S2
S1-521250108	S2-382500675	S2
S1-521250108	S2-1722538	S2
S1-861123839	S2-981104251	S2
S1-861123839	S2-831625227	S2
S1-861123839	S2-449660364	S2
S1-861123839	S2-137335733	S2
S1-861123839	S2-104641729	S2
S1-861123839	S2-187593824	S2
S1-861123839	S2-529318908	S2
S1-861123839	S2-859393404	S2
S1-861123839	S2-945813340	S2
S1-861123839	S2-200200363	S2
S1-861123839	S2-391886434	S2
S1-861123839	S2-256451765	S2
S1-861123839	S2-12970251	S2
S1-861123839	S2-506682722	S2
S1-861123839	S2-695240341	S2
S1-549612411	S2-890423795	S2
S1-549612411	S2-992631178	S2
S1-549612411	S2-237499913	S2
S1-549612411	S2-248392702	S2
S1-549612411	S2-429291272	S2
S1-549612411	S2-829070070	S2
S1-549612411	S2-845577049	S2
S1-549612411	S2-727570982	S2
S1-549612411	S2-729701594	S2
S1-549612411	S2-359684479	S2
S1-549612411	S2-127690578	S2
S1-549612411	S2-104641729	S2
S1-549612411	S2-61819749	S2
S1-549612411	S2-43338697	S2
S1-549612411	S2-93943992	S2
S1-783056748	S2-883117276	S2
S1-783056748	S2-762459339	S2
S1-783056748	S2-794530374	S2
S1-783056748	S2-133763910	S2
S1-783056748	S2-995199364	S2
S1-783056748	S2-569534268	S2
S1-783056748	S2-847374839	S2
S1-783056748	S2-192774038	S2
S1-783056748	S2-260686291	S2
S1-783056748	S2-607849971	S2
S1-783056748	S2-623164214	S2
S1-783056748	S2-446844245	S2
S1-783056748	S2-228567244	S2
S1-783056748	S2-27297350	S2
S1-783056748	S2-177779132	S2
S1-609653903	S2-859393404	S2
S1-609653903	S2-459018782	S2
S1-609653903	S2-963646032	S2
S1-609653903	S2-537858187	S2
S1-609653903	S2-568951817	S2
S1-609653903	S2-838493982	S2
S1-609653903	S2-326946504	S2
S1-609653903	S2-335038001	S2
S1-609653903	S2-966985435	S2
S1-609653903	S2-630688873	S2
S1-609653903	S2-52425118	S2
S1-609653903	S2-503045539	S2
S1-609653903	S2-210601194	S2
S1-609653903	S2-518185574	S2
S1-609653903	S2-490251737	S2
S1-355649086	S2-877745187	S2
S1-355649086	S2-21859479	S2
S1-355649086	S2-475419520	S2
S1-355649086	S2-260388248	S2
S1-355649086	S2-434166125	S2
S1-355649086	S2-287300820	S2
S1-355649086	S2-182955632	S2
S1-355649086	S2-331142396	S2
S1-355649086	S2-152104014	S2
S1-355649086	S2-353393611	S2
S1-355649086	S2-932843757	S2
S1-355649086	S2-449997657	S2
S1-355649086	S2-492786272	S2
S1-355649086	S2-354912564	S2
S1-355649086	S2-369512941	S2
S1-511355563	S2-345172295	S2
S1-511355563	S2-607423444	S2
S1-511355563	S2-591398537	S2
S1-511355563	S2-357197766	S2
S1-511355563	S2-810723110	S2
S1-511355563	S2-287588845	S2
S1-511355563	S2-592507930	S2
S1-511355563	S2-661036235	S2
S1-511355563	S2-846975420	S2
S1-511355563	S2-478830670	S2
S1-511355563	S2-706238826	S2
S1-511355563	S2-222540081	S2
S1-511355563	S2-100798928	S2
S1-511355563	S2-848878443	S2
S1-511355563	S2-187499079	S2
S1-152556345	S2-213099480	S2
S1-152556345	S2-794412447	S2
S1-152556345	S2-963646032	S2
S1-152556345	S2-459018782	S2
S1-152556345	S2-859393404	S2
S1-152556345	S2-534416622	S2
S1-152556345	S2-568951817	S2
S1-152556345	S2-838493982	S2
S1-152556345	S2-389134643	S2
S1-152556345	S2-537858187	S2
S1-152556345	S2-326946504	S2
S1-152556345	S2-630688873	S2
S1-152556345	S2-210601194	S2
S1-152556345	S2-335038001	S2
S1-152556345	S2-623626120	S2
S1-662196575	S2-9614101	S2
S1-662196575	S2-642367103	S2
S1-662196575	S2-877085471	S2
S1-662196575	S2-252010908	S2
S1-662196575	S2-635228641	S2
S1-662196575	S2-74992830	S2
S1-662196575	S2-190642185	S2
S1-662196575	S2-876313973	S2
S1-662196575	S2-727570982	S2
S1-662196575	S2-345152867	S2
S1-662196575	S2-332453876	S2
S1-662196575	S2-431286952	S2
S1-662196575	S2-788168060	S2
S1-662196575	S2-882459657	S2
S1-662196575	S2-326621295	S2
S1-167577766	S2-307443980	S2
S1-167577766	S2-36732240	S2
S1-167577766	S2-872823424	S2
S1-167577766	S2-741566402	S2
S1-167577766	S2-121549347	S2
S1-167577766	S2-769670550	S2
S1-167577766	S2-200472231	S2
S1-167577766	S2-56541596	S2
S1-167577766	S2-123409799	S2
S1-167577766	S2-706615728	S2
S1-167577766	S2-281557469	S2
S1-167577766	S2-823869687	S2
S1-167577766	S2-376791375	S2
S1-167577766	S2-223117200	S2
S1-167577766	S2-26324258	S2
S1-131053132	S2-43073112	S2
S1-131053132	S2-673822670	S2
S1-131053132	S2-757169960	S2
S1-131053132	S2-902261581	S2
S1-131053132	S2-460515872	S2
S1-131053132	S2-795924720	S2
S1-131053132	S2-175456325	S2
S1-131053132	S2-609292694	S2
S1-131053132	S2-35320888	S2
S1-131053132	S2-147317655	S2
S1-131053132	S2-972051451	S2
S1-131053132	S2-703946335	S2
S1-131053132	S2-255178941	S2
S1-131053132	S2-217976803	S2
S1-131053132	S2-154655572	S2
S1-892015074	S2-907018183	S2
S1-892015074	S2-982950235	S2
S1-892015074	S2-742941063	S2
S1-892015074	S2-599195929	S2
S1-892015074	S2-797821871	S2
S1-892015074	S2-136305349	S2
S1-892015074	S2-252010908	S2
S1-892015074	S2-465052945	S2
S1-892015074	S2-862759276	S2
S1-892015074	S2-775099408	S2
S1-892015074	S2-369458829	S2
S1-892015074	S2-241868453	S2
S1-892015074	S2-164651728	S2
S1-892015074	S2-532776476	S2
S1-892015074	S2-212279628	S2
S1-246478198	S2-214447140	S2
S1-246478198	S2-591398537	S2
S1-246478198	S2-105671746	S2
S1-246478198	S2-399052000	S2
S1-246478198	S2-946589159	S2
S1-246478198	S2-146095676	S2
S1-246478198	S2-134697040	S2
S1-246478198	S2-329607640	S2
S1-246478198	S2-635002967	S2
S1-246478198	S2-679190243	S2
S1-246478198	S2-85446560	S2
S1-246478198	S2-800694119	S2
S1-246478198	S2-507569300	S2
S1-246478198	S2-31855479	S2
S1-246478198	S2-371549760	S2
S1-908932165	S2-623817123	S2
S1-908932165	S2-459018782	S2
S1-908932165	S2-963646032	S2
S1-908932165	S2-838493982	S2
S1-908932165	S2-568951817	S2
S1-908932165	S2-537858187	S2
S1-908932165	S2-326946504	S2
S1-908932165	S2-335038001	S2
S1-908932165	S2-539726746	S2
S1-908932165	S2-630688873	S2
S1-908932165	S2-694466866	S2
S1-908932165	S2-210601194	S2
S1-908932165	S2-8648579	S2
S1-908932165	S2-264731923	S2
S1-908932165	S2-780123305	S2
S1-335478469	S2-960771041	S2
S1-335478469	S2-718331277	S2
S1-335478469	S2-535988246	S2
S1-335478469	S2-634994990	S2
S1-335478469	S2-284585076	S2
S1-335478469	S2-106196817	S2
S1-335478469	S2-916871057	S2
S1-335478469	S2-309042378	S2
S1-335478469	S2-527059989	S2
S1-335478469	S2-567514562	S2
S1-335478469	S2-426259815	S2
S1-335478469	S2-155086154	S2
S1-335478469	S2-244340971	S2
S1-335478469	S2-25787219	S2
S1-335478469	S2-447095477	S2
S1-850983521	S2-953579753	S2
S1-850983521	S2-445637459	S2
S1-850983521	S2-873164808	S2
S1-850983521	S2-147367965	S2
S1-850983521	S2-15235408	S2
S1-850983521	S2-802873219	S2
S1-850983521	S2-212582677	S2
S1-850983521	S2-505083731	S2
S1-850983521	S2-789711070	S2
S1-850983521	S2-659685525	S2
S1-850983521	S2-843071321	S2
S1-850983521	S2-631521974	S2
S1-850983521	S2-282390486	S2
S1-850983521	S2-727779637	S2
S1-850983521	S2-105086356	S2
S1-504285887	S2-903626837	S2
S1-504285887	S2-190103142	S2
S1-504285887	S2-946002985	S2
S1-504285887	S2-345172295	S2
S1-504285887	S2-487495973	S2
S1-504285887	S2-907018183	S2
S1-504285887	S2-199635728	S2
S1-504285887	S2-136305349	S2
S1-504285887	S2-164651728	S2
S1-504285887	S2-324372014	S2
S1-504285887	S2-487803690	S2
S1-504285887	S2-329607640	S2
S1-504285887	S2-503157961	S2
S1-504285887	S2-833227760	S2
S1-504285887	S2-91305348	S2
S1-392219093	S2-44909703	S2
S1-392219093	S2-294753168	S2
S1-392219093	S2-868574975	S2
S1-392219093	S2-432279643	S2
S1-392219093	S2-859321758	S2
S1-392219093	S2-18442426	S2
S1-392219093	S2-566293411	S2
S1-392219093	S2-500008641	S2
S1-392219093	S2-20143885	S2
S1-392219093	S2-79488526	S2
S1-392219093	S2-794352292	S2
S1-392219093	S2-502689864	S2
S1-392219093	S2-224980295	S2
S1-392219093	S2-115895061	S2
S1-392219093	S2-888030033	S2
S1-593999035	S2-828872229	S2
S1-593999035	S2-815576787	S2
S1-593999035	S2-991981696	S2
S1-593999035	S2-492444908	S2
S1-593999035	S2-349666272	S2
S1-593999035	S2-814955870	S2
S1-593999035	S2-344621502	S2
S1-593999035	S2-749852939	S2
S1-593999035	S2-177918546	S2
S1-593999035	S2-528320338	S2
S1-593999035	S2-556747559	S2
S1-593999035	S2-231688856	S2
S1-593999035	S2-225823147	S2
S1-593999035	S2-699404448	S2
S1-593999035	S2-929722075	S2
S1-222806068	S2-68402423	S2
S1-222806068	S2-712153407	S2
S1-222806068	S2-967923960	S2
S1-222806068	S2-865681369	S2
S1-222806068	S2-15148623	S2
S1-222806068	S2-158902765	S2
S1-222806068	S2-975285928	S2
S1-222806068	S2-157735411	S2
S1-222806068	S2-939986664	S2
S1-222806068	S2-921274499	S2
S1-222806068	S2-975023541	S2
S1-222806068	S2-265891218	S2
S1-222806068	S2-340786070	S2
S1-222806068	S2-535538356	S2
S1-222806068	S2-297926319	S2
S1-856710782	S2-144609625	S2
S1-856710782	S2-591398537	S2
S1-856710782	S2-592507930	S2
S1-856710782	S2-357197766	S2
S1-856710782	S2-810723110	S2
S1-856710782	S2-287588845	S2
S1-856710782	S2-706238826	S2
S1-856710782	S2-222540081	S2
S1-856710782	S2-221008320	S2
S1-856710782	S2-846975420	S2
S1-856710782	S2-661036235	S2
S1-856710782	S2-100798928	S2
S1-856710782	S2-848878443	S2
S1-856710782	S2-187499079	S2
S1-856710782	S2-478830670	S2
S1-774387323	S2-623626120	S2
S1-774387323	S2-484559177	S2
S1-774387323	S2-182529912	S2
S1-774387323	S2-885496247	S2
S1-774387323	S2-982496654	S2
S1-774387323	S2-31854557	S2
S1-774387323	S2-207084937	S2
S1-774387323	S2-873660516	S2
S1-774387323	S2-479081815	S2
S1-774387323	S2-274109622	S2
S1-774387323	S2-878371458	S2
S1-774387323	S2-665652910	S2
S1-774387323	S2-159175610	S2
S1-774387323	S2-315872469	S2
S1-774387323	S2-862571135	S2
S1-665624518	S2-147418558	S2
S1-665624518	S2-136305349	S2
S1-665624518	S2-489103612	S2
S1-665624518	S2-199635728	S2
S1-665624518	S2-324372014	S2
S1-665624518	S2-882459657	S2
S1-665624518	S2-277444929	S2
S1-665624518	S2-847408459	S2
S1-665624518	S2-319771268	S2
S1-665624518	S2-528320338	S2
S1-665624518	S2-965399023	S2
S1-665624518	S2-114971268	S2
S1-665624518	S2-370549501	S2
S1-665624518	S2-164651728	S2
S1-665624518	S2-978606166	S2
S1-513223898	S2-534416622	S2
S1-513223898	S2-361966224	S2
S1-513223898	S2-843741773	S2
S1-513223898	S2-625899005	S2
S1-513223898	S2-333989418	S2
S1-513223898	S2-264940990	S2
S1-513223898	S2-358237238	S2
S1-513223898	S2-944030245	S2
S1-513223898	S2-205132293	S2
S1-513223898	S2-800694119	S2
S1-513223898	S2-67201778	S2
S1-513223898	S2-164039123	S2
S1-513223898	S2-527812446	S2
S1-513223898	S2-640987463	S2
S1-513223898	S2-665573717	S2
S1-40341246	S2-439805521	S2
S1-40341246	S2-156460390	S2
S1-40341246	S2-9614101	S2
S1-40341246	S2-660445841	S2
S1-40341246	S2-219432880	S2
S1-40341246	S2-394554163	S2
S1-40341246	S2-74992830	S2
S1-40341246	S2-631410361	S2
S1-40341246	S2-737745236	S2
S1-40341246	S2-635228641	S2
S1-40341246	S2-727570982	S2
S1-40341246	S2-190642185	S2
S1-40341246	S2-877085471	S2
S1-40341246	S2-275401270	S2
S1-40341246	S2-332453876	S2
S1-84172548	S2-777730349	S2
S1-84172548	S2-136305349	S2
S1-84172548	S2-241868453	S2
S1-84172548	S2-794352292	S2
S1-84172548	S2-727570982	S2
S1-84172548	S2-8982199	S2
S1-84172548	S2-199635728	S2
S1-84172548	S2-929722075	S2
S1-84172548	S2-775099408	S2
S1-84172548	S2-921202375	S2
S1-84172548	S2-147418558	S2
S1-84172548	S2-324372014	S2
S1-84172548	S2-760621281	S2
S1-84172548	S2-890423795	S2
S1-84172548	S2-164651728	S2
S1-433213068	S2-777730349	S2
S1-433213068	S2-391048922	S2
S1-433213068	S2-715905554	S2
S1-433213068	S2-223117200	S2
S1-433213068	S2-455209026	S2
S1-433213068	S2-224980295	S2
S1-433213068	S2-135305339	S2
S1-433213068	S2-794352292	S2
S1-433213068	S2-965341745	S2
S1-433213068	S2-8982199	S2
S1-433213068	S2-921202375	S2
S1-433213068	S2-30000261	S2
S1-433213068	S2-285260582	S2
S1-433213068	S2-164651728	S2
S1-433213068	S2-788754887	S2
S1-446613662	S2-828544692	S2
S1-446613662	S2-144609625	S2
S1-446613662	S2-808487588	S2
S1-446613662	S2-591398537	S2
S1-446613662	S2-319012131	S2
S1-446613662	S2-357197766	S2
S1-446613662	S2-478830670	S2
S1-446613662	S2-100798928	S2
S1-446613662	S2-287588845	S2
S1-446613662	S2-222540081	S2
S1-446613662	S2-846975420	S2
S1-446613662	S2-187499079	S2
S1-446613662	S2-661036235	S2
S1-446613662	S2-848878443	S2
S1-446613662	S2-607423444	S2
S1-84838337	S2-631547814	S2
S1-84838337	S2-918763928	S2
S1-84838337	S2-822978972	S2
S1-84838337	S2-294114423	S2
S1-84838337	S2-910448815	S2
S1-84838337	S2-909796844	S2
S1-84838337	S2-676382349	S2
S1-84838337	S2-597159535	S2
S1-84838337	S2-284439219	S2
S1-84838337	S2-300777619	S2
S1-84838337	S2-348173686	S2
S1-84838337	S2-281482759	S2
S1-84838337	S2-447441433	S2
S1-84838337	S2-222042072	S2
S1-84838337	S2-529125623	S2
S1-833798119	S2-48120065	S2
S1-833798119	S2-947421213	S2
S1-833798119	S2-514714174	S2
S1-833798119	S2-544612526	S2
S1-833798119	S2-282390486	S2
S1-833798119	S2-41514279	S2
S1-833798119	S2-77285093	S2
S1-833798119	S2-937454805	S2
S1-833798119	S2-724723594	S2
S1-833798119	S2-232484718	S2
S1-833798119	S2-140036589	S2
S1-833798119	S2-540931339	S2
S1-833798119	S2-46771753	S2
S1-833798119	S2-815783446	S2
S1-833798119	S2-347017935	S2
S1-479915851	S2-321590098	S2
S1-479915851	S2-885790584	S2
S1-479915851	S2-291868119	S2
S1-479915851	S2-751588111	S2
S1-479915851	S2-345917206	S2
S1-479915851	S2-672736825	S2
S1-479915851	S2-18394219	S2
S1-479915851	S2-220286148	S2
S1-479915851	S2-337462823	S2
S1-479915851	S2-865044868	S2
S1-479915851	S2-448793585	S2
S1-479915851	S2-748044572	S2
S1-479915851	S2-138967824	S2
S1-479915851	S2-227887567	S2
S1-479915851	S2-203944670	S2
S1-542211755	S2-241868453	S2
S1-542211755	S2-744917936	S2
S1-542211755	S2-164651728	S2
S1-542211755	S2-833433743	S2
S1-542211755	S2-300777619	S2
S1-542211755	S2-595691991	S2
S1-542211755	S2-763453108	S2
S1-542211755	S2-212279628	S2
S1-542211755	S2-322926562	S2
S1-542211755	S2-998910997	S2
S1-542211755	S2-86546864	S2
S1-542211755	S2-570843710	S2
S1-542211755	S2-19689896	S2
S1-542211755	S2-237375796	S2
S1-542211755	S2-764573417	S2
S1-948549202	S2-34732391	S2
S1-948549202	S2-8864337	S2
S1-948549202	S2-735844220	S2
S1-948549202	S2-37044016	S2
S1-948549202	S2-357857285	S2
S1-948549202	S2-401480583	S2
S1-948549202	S2-811863966	S2
S1-948549202	S2-489049291	S2
S1-948549202	S2-278021863	S2
S1-948549202	S2-417849143	S2
S1-948549202	S2-303519497	S2
S1-948549202	S2-642110210	S2
S1-948549202	S2-212967391	S2
S1-948549202	S2-893692125	S2
S1-948549202	S2-841418687	S2
S1-652564669	S2-79905632	S2
S1-652564669	S2-197514971	S2
S1-652564669	S2-566627479	S2
S1-652564669	S2-564777969	S2
S1-652564669	S2-150882117	S2
S1-652564669	S2-381426717	S2
S1-652564669	S2-546407954	S2
S1-652564669	S2-343655850	S2
S1-652564669	S2-996679134	S2
S1-652564669	S2-318784543	S2
S1-652564669	S2-947466256	S2
S1-652564669	S2-73262730	S2
S1-652564669	S2-466380342	S2
S1-652564669	S2-64494419	S2
S1-652564669	S2-863198881	S2
S1-261133992	S2-211838062	S2
S1-261133992	S2-298598465	S2
S1-261133992	S2-566931281	S2
S1-261133992	S2-965217175	S2
S1-261133992	S2-936867164	S2
S1-261133992	S2-726813453	S2
S1-261133992	S2-147418558	S2
S1-261133992	S2-524247699	S2
S1-261133992	S2-598068208	S2
S1-261133992	S2-126113089	S2
S1-261133992	S2-694410926	S2
S1-261133992	S2-192974905	S2
S1-261133992	S2-437494471	S2
S1-261133992	S2-750426664	S2
S1-261133992	S2-149845283	S2
S1-277460033	S2-582180107	S2
S1-277460033	S2-968661299	S2
S1-277460033	S2-694627142	S2
S1-277460033	S2-718826006	S2
S1-277460033	S2-883955706	S2
S1-277460033	S2-173181959	S2
S1-277460033	S2-531426283	S2
S1-277460033	S2-286201851	S2
S1-277460033	S2-254422036	S2
S1-277460033	S2-734993182	S2
S1-277460033	S2-259858270	S2
S1-277460033	S2-278254185	S2
S1-277460033	S2-177348709	S2
S1-277460033	S2-52135149	S2
S1-277460033	S2-575166296	S2
S1-802494740	S2-9550244	S2
S1-802494740	S2-680816356	S2
S1-802494740	S2-699840570	S2
S1-802494740	S2-324596369	S2
S1-802494740	S2-309042378	S2
S1-802494740	S2-416300306	S2
S1-802494740	S2-52135149	S2
S1-802494740	S2-434463442	S2
S1-802494740	S2-527059989	S2
S1-802494740	S2-416243900	S2
S1-802494740	S2-374447205	S2
S1-802494740	S2-696617658	S2
S1-802494740	S2-520441214	S2
S1-802494740	S2-582629579	S2
S1-802494740	S2-344874828	S2
S1-486185859	S2-372202978	S2
S1-486185859	S2-2670847	S2
S1-486185859	S2-251270580	S2
S1-486185859	S2-407917981	S2
S1-486185859	S2-582932642	S2
S1-486185859	S2-613431408	S2
S1-486185859	S2-193995593	S2
S1-486185859	S2-868087865	S2
S1-486185859	S2-749932508	S2
S1-486185859	S2-792661362	S2
S1-486185859	S2-229183845	S2
S1-486185859	S2-459018782	S2
S1-486185859	S2-821383594	S2
S1-486185859	S2-630688873	S2
S1-486185859	S2-622481215	S2
S1-435143060	S2-237375796	S2
S1-435143060	S2-419509015	S2
S1-435143060	S2-622773844	S2
S1-435143060	S2-333359081	S2
S1-435143060	S2-820931640	S2
S1-435143060	S2-428779057	S2
S1-435143060	S2-537095996	S2
S1-435143060	S2-52467947	S2
S1-435143060	S2-200925331	S2
S1-435143060	S2-397692559	S2
S1-435143060	S2-59556650	S2
S1-435143060	S2-614713174	S2
S1-435143060	S2-696635067	S2
S1-435143060	S2-48866343	S2
S1-435143060	S2-891746522	S2
S1-917085859	S2-846600326	S2
S1-917085859	S2-595795733	S2
S1-917085859	S2-307272578	S2
S1-917085859	S2-505041950	S2
S1-917085859	S2-892880098	S2
S1-917085859	S2-938612654	S2
S1-917085859	S2-311814169	S2
S1-917085859	S2-29108033	S2
S1-917085859	S2-484254734	S2
S1-917085859	S2-400230753	S2
S1-917085859	S2-910212980	S2
S1-917085859	S2-79488526	S2
S1-917085859	S2-155636061	S2
S1-917085859	S2-971491700	S2
S1-917085859	S2-438972703	S2
S1-878053360	S2-253120022	S2
S1-878053360	S2-741639927	S2
S1-878053360	S2-879030047	S2
S1-878053360	S2-998885968	S2
S1-878053360	S2-692060905	S2
S1-878053360	S2-855836919	S2
S1-878053360	S2-682660453	S2
S1-878053360	S2-402816014	S2
S1-878053360	S2-89587960	S2
S1-878053360	S2-811863966	S2
S1-878053360	S2-833900025	S2
S1-878053360	S2-143084362	S2
S1-878053360	S2-40746806	S2
S1-878053360	S2-721241427	S2
S1-878053360	S2-662221399	S2
S1-505090910	S2-519903945	S2
S1-505090910	S2-19689896	S2
S1-505090910	S2-593260765	S2
S1-505090910	S2-749984637	S2
S1-505090910	S2-877875891	S2
S1-505090910	S2-121534599	S2
S1-505090910	S2-154472882	S2
S1-505090910	S2-322926562	S2
S1-505090910	S2-161956716	S2
S1-505090910	S2-220596390	S2
S1-505090910	S2-132946102	S2
S1-505090910	S2-348173686	S2
S1-505090910	S2-26126776	S2
S1-505090910	S2-804872908	S2
S1-505090910	S2-973292523	S2
S1-148758725	S2-631451351	S2
S1-148758725	S2-286362115	S2
S1-148758725	S2-921857072	S2
S1-148758725	S2-981550471	S2
S1-148758725	S2-512950951	S2
S1-148758725	S2-665573717	S2
S1-148758725	S2-205132293	S2
S1-148758725	S2-538976068	S2
S1-148758725	S2-800014563	S2
S1-148758725	S2-592650888	S2
S1-148758725	S2-888030033	S2
S1-148758725	S2-882915480	S2
S1-148758725	S2-145624152	S2
S1-148758725	S2-605734275	S2
S1-148758725	S2-791990398	S2
S1-25879788	S2-579566857	S2
S1-25879788	S2-611936552	S2
S1-25879788	S2-803596169	S2
S1-25879788	S2-744917936	S2
S1-25879788	S2-209549510	S2
S1-25879788	S2-666342792	S2
S1-25879788	S2-841418687	S2
S1-25879788	S2-19689896	S2
S1-25879788	S2-609126175	S2
S1-25879788	S2-456598271	S2
S1-25879788	S2-459107455	S2
S1-25879788	S2-762128837	S2
S1-25879788	S2-540853782	S2
S1-25879788	S2-955718772	S2
S1-25879788	S2-465597852	S2
S1-234423373	S2-918655668	S2
S1-234423373	S2-822346901	S2
S1-234423373	S2-764713035	S2
S1-234423373	S2-703267220	S2
S1-234423373	S2-441769049	S2
S1-234423373	S2-254788701	S2
S1-234423373	S2-461563520	S2
S1-234423373	S2-438753836	S2
S1-234423373	S2-630651352	S2
S1-234423373	S2-263273654	S2
S1-234423373	S2-228779604	S2
S1-234423373	S2-418380949	S2
S1-234423373	S2-168008728	S2
S1-234423373	S2-243092207	S2
S1-234423373	S2-307443980	S2
S1-460146213	S2-421540927	S2
S1-460146213	S2-459633919	S2
S1-460146213	S2-228169316	S2
S1-460146213	S2-769858942	S2
S1-460146213	S2-352561696	S2
S1-460146213	S2-539943184	S2
S1-460146213	S2-441765868	S2
S1-460146213	S2-477993186	S2
S1-460146213	S2-985375674	S2
S1-460146213	S2-146349824	S2
S1-460146213	S2-228338166	S2
S1-460146213	S2-726732611	S2
S1-460146213	S2-311814169	S2
S1-460146213	S2-715522197	S2
S1-460146213	S2-399052000	S2
S1-469535575	S2-708727646	S2
S1-469535575	S2-165863386	S2
S1-469535575	S2-17933853	S2
S1-469535575	S2-424537185	S2
S1-469535575	S2-972051451	S2
S1-469535575	S2-726813453	S2
S1-469535575	S2-741639927	S2
S1-469535575	S2-645440237	S2
S1-469535575	S2-60818919	S2
S1-469535575	S2-436663188	S2
S1-469535575	S2-721241427	S2
S1-469535575	S2-512950951	S2
S1-469535575	S2-662221399	S2
S1-469535575	S2-713109591	S2
S1-469535575	S2-619664055	S2
S1-328996647	S2-777730349	S2
S1-328996647	S2-713572779	S2
S1-328996647	S2-794352292	S2
S1-328996647	S2-921202375	S2
S1-328996647	S2-135305339	S2
S1-328996647	S2-965399023	S2
S1-328996647	S2-8982199	S2
S1-328996647	S2-91908767	S2
S1-328996647	S2-978606166	S2
S1-328996647	S2-225823147	S2
S1-328996647	S2-318348932	S2
S1-328996647	S2-699404448	S2
S1-328996647	S2-929722075	S2
S1-328996647	S2-183050312	S2
S1-328996647	S2-848633916	S2
S1-298826786	S2-386366146	S2
S1-298826786	S2-613102013	S2
S1-298826786	S2-60794651	S2
S1-298826786	S2-715352193	S2
S1-298826786	S2-926524693	S2
S1-298826786	S2-872209566	S2
S1-298826786	S2-757197434	S2
S1-298826786	S2-626012117	S2
S1-298826786	S2-569860965	S2
S1-298826786	S2-816989315	S2
S1-298826786	S2-970203166	S2
S1-298826786	S2-985114164	S2
S1-298826786	S2-857545705	S2
S1-298826786	S2-90112897	S2
S1-298826786	S2-15919698	S2
S1-803590345	S2-525998554	S2
S1-803590345	S2-973891945	S2
S1-803590345	S2-83562306	S2
S1-803590345	S2-609859392	S2
S1-803590345	S2-373730786	S2
S1-803590345	S2-908490642	S2
S1-803590345	S2-991532073	S2
S1-803590345	S2-652123001	S2
S1-803590345	S2-824972458	S2
S1-803590345	S2-144579100	S2
S1-803590345	S2-447785689	S2
S1-803590345	S2-308734653	S2
S1-803590345	S2-332764638	S2
S1-803590345	S2-369116881	S2
S1-803590345	S2-946872072	S2
S1-131673126	S2-929722075	S2
S1-131673126	S2-318348932	S2
S1-131673126	S2-777730349	S2
S1-131673126	S2-135305339	S2
S1-131673126	S2-18394219	S2
S1-131673126	S2-794352292	S2
S1-131673126	S2-332036682	S2
S1-131673126	S2-921202375	S2
S1-131673126	S2-8982199	S2
S1-131673126	S2-975023541	S2
S1-131673126	S2-710175093	S2
S1-131673126	S2-409726115	S2
S1-131673126	S2-736787326	S2
S1-131673126	S2-670948516	S2
S1-131673126	S2-984543883	S2
S1-100899977	S2-741639927	S2
S1-100899977	S2-218771556	S2
S1-100899977	S2-256286125	S2
S1-100899977	S2-402816014	S2
S1-100899977	S2-259105160	S2
S1-100899977	S2-436041396	S2
S1-100899977	S2-833900025	S2
S1-100899977	S2-40746806	S2
S1-100899977	S2-279679940	S2
S1-100899977	S2-998885968	S2
S1-100899977	S2-774048672	S2
S1-100899977	S2-857627805	S2
S1-100899977	S2-721241427	S2
S1-100899977	S2-811863966	S2
S1-100899977	S2-662221399	S2
S1-197197167	S2-878352124	S2
S1-197197167	S2-467121958	S2
S1-197197167	S2-140550490	S2
S1-197197167	S2-138068334	S2
S1-197197167	S2-149845283	S2
S1-197197167	S2-293477711	S2
S1-197197167	S2-782960923	S2
S1-197197167	S2-327008381	S2
S1-197197167	S2-773750717	S2
S1-197197167	S2-712994058	S2
S1-197197167	S2-165228168	S2
S1-197197167	S2-541570442	S2
S1-197197167	S2-64137184	S2
S1-197197167	S2-772458801	S2
S1-197197167	S2-979910605	S2
S1-691890832	S2-26950925	S2
S1-691890832	S2-146095676	S2
S1-691890832	S2-622481215	S2
S1-691890832	S2-862278331	S2
S1-691890832	S2-957597561	S2
S1-691890832	S2-985114164	S2
S1-691890832	S2-530253274	S2
S1-691890832	S2-622773844	S2
S1-691890832	S2-646516046	S2
S1-691890832	S2-956609513	S2
S1-691890832	S2-429291272	S2
S1-691890832	S2-378707035	S2
S1-691890832	S2-384556840	S2
S1-691890832	S2-381127815	S2
S1-691890832	S2-368772488	S2
S1-824076722	S2-287300820	S2
S1-824076722	S2-168560796	S2
S1-824076722	S2-232100103	S2
S1-824076722	S2-831239310	S2
S1-824076722	S2-802075529	S2
S1-824076722	S2-202394836	S2
S1-824076722	S2-308041768	S2
S1-824076722	S2-7521413	S2
S1-824076722	S2-935426120	S2
S1-824076722	S2-905737147	S2
S1-824076722	S2-775394710	S2
S1-824076722	S2-253412037	S2
S1-824076722	S2-245909245	S2
S1-824076722	S2-598068208	S2
S1-824076722	S2-747478411	S2
S1-590317213	S2-38917398	S2
S1-590317213	S2-270518407	S2
S1-590317213	S2-315291297	S2
S1-590317213	S2-841917974	S2
S1-590317213	S2-876145747	S2
S1-590317213	S2-683730928	S2
S1-590317213	S2-894693263	S2
S1-590317213	S2-737745236	S2
S1-590317213	S2-62315810	S2
S1-590317213	S2-563158163	S2
S1-590317213	S2-122570602	S2
S1-590317213	S2-859269096	S2
S1-590317213	S2-636826764	S2
S1-590317213	S2-784849034	S2
S1-590317213	S2-371168439	S2
S1-709074730	S2-274109622	S2
S1-709074730	S2-810915319	S2
S1-709074730	S2-673822670	S2
S1-709074730	S2-936893839	S2
S1-709074730	S2-873232185	S2
S1-709074730	S2-513743270	S2
S1-709074730	S2-635730595	S2
S1-709074730	S2-260726129	S2
S1-709074730	S2-875461623	S2
S1-709074730	S2-947549174	S2
S1-709074730	S2-335860	S2
S1-709074730	S2-834353592	S2
S1-709074730	S2-450648359	S2
S1-709074730	S2-609292694	S2
S1-709074730	S2-784715242	S2
S1-238106423	S2-703267220	S2
S1-238106423	S2-305071473	S2
S1-238106423	S2-772269040	S2
S1-238106423	S2-48866343	S2
S1-238106423	S2-284585076	S2
S1-238106423	S2-945842043	S2
S1-238106423	S2-513550621	S2
S1-238106423	S2-570512018	S2
S1-238106423	S2-537858187	S2
S1-238106423	S2-247759089	S2
S1-238106423	S2-841917974	S2
S1-238106423	S2-429291272	S2
S1-238106423	S2-38917398	S2
S1-238106423	S2-381127815	S2
S1-238106423	S2-384556840	S2
S1-225330324	S2-561796765	S2
S1-225330324	S2-867614780	S2
S1-225330324	S2-646593051	S2
S1-225330324	S2-67633039	S2
S1-225330324	S2-602695064	S2
S1-225330324	S2-548633980	S2
S1-225330324	S2-895944720	S2
S1-225330324	S2-195972156	S2
S1-225330324	S2-512060211	S2
S1-225330324	S2-691693048	S2
S1-225330324	S2-676382349	S2
S1-225330324	S2-924143713	S2
S1-225330324	S2-162888799	S2
S1-225330324	S2-90995360	S2
S1-225330324	S2-876721131	S2
S1-154180077	S2-515581965	S2
S1-154180077	S2-921594231	S2
S1-154180077	S2-17933853	S2
S1-154180077	S2-785139940	S2
S1-154180077	S2-370549501	S2
S1-154180077	S2-494828371	S2
S1-154180077	S2-669804692	S2
S1-154180077	S2-43073112	S2
S1-154180077	S2-53273621	S2
S1-154180077	S2-833201275	S2
S1-154180077	S2-672321572	S2
S1-154180077	S2-427374357	S2
S1-154180077	S2-966475004	S2
S1-154180077	S2-196587307	S2
S1-154180077	S2-636634036	S2
S1-233296344	S2-331142396	S2
S1-233296344	S2-877745187	S2
S1-233296344	S2-635942417	S2
S1-233296344	S2-784592218	S2
S1-233296344	S2-237499913	S2
S1-233296344	S2-777642350	S2
S1-233296344	S2-619844913	S2
S1-233296344	S2-932843757	S2
S1-233296344	S2-231688856	S2
S1-233296344	S2-182955632	S2
S1-233296344	S2-436621421	S2
S1-233296344	S2-326621295	S2
S1-233296344	S2-152104014	S2
S1-233296344	S2-344085581	S2
S1-233296344	S2-344621502	S2
S1-567398746	S2-391281368	S2
S1-567398746	S2-457500956	S2
S1-567398746	S2-419837913	S2
S1-567398746	S2-938743845	S2
S1-567398746	S2-352561696	S2
S1-567398746	S2-932096839	S2
S1-567398746	S2-340882825	S2
S1-567398746	S2-785890760	S2
S1-567398746	S2-363534521	S2
S1-567398746	S2-337462823	S2
S1-567398746	S2-488915476	S2
S1-567398746	S2-808728262	S2
S1-567398746	S2-916238268	S2
S1-567398746	S2-680762771	S2
S1-567398746	S2-184582259	S2
S1-278756630	S2-64301738	S2
S1-278756630	S2-960258435	S2
S1-278756630	S2-998440718	S2
S1-278756630	S2-518721601	S2
S1-278756630	S2-469073813	S2
S1-278756630	S2-747478411	S2
S1-278756630	S2-775394710	S2
S1-278756630	S2-85642806	S2
S1-278756630	S2-598068208	S2
S1-278756630	S2-202394836	S2
S1-278756630	S2-831239310	S2
S1-278756630	S2-308041768	S2
S1-278756630	S2-905737147	S2
S1-278756630	S2-253412037	S2
S1-278756630	S2-245909245	S2
S1-747808656	S2-329256726	S2
S1-747808656	S2-921202375	S2
S1-747808656	S2-525859393	S2
S1-747808656	S2-91305348	S2
S1-747808656	S2-50083056	S2
S1-747808656	S2-54240060	S2
S1-747808656	S2-156688612	S2
S1-747808656	S2-564812597	S2
S1-747808656	S2-837187320	S2
S1-747808656	S2-532389987	S2
S1-747808656	S2-259929846	S2
S1-747808656	S2-773705845	S2
S1-747808656	S2-629880378	S2
S1-747808656	S2-940106616	S2
S1-747808656	S2-814239836	S2
S1-316795088	S2-327707439	S2
S1-316795088	S2-491028094	S2
S1-316795088	S2-814239836	S2
S1-316795088	S2-428415426	S2
S1-316795088	S2-857920251	S2
S1-316795088	S2-381747268	S2
S1-316795088	S2-144066810	S2
S1-316795088	S2-770751342	S2
S1-316795088	S2-176512196	S2
S1-316795088	S2-441765868	S2
S1-316795088	S2-267771398	S2
S1-316795088	S2-732609411	S2
S1-316795088	S2-317647861	S2
S1-316795088	S2-187498810	S2
S1-316795088	S2-166269541	S2
S1-801212938	S2-476751021	S2
S1-801212938	S2-879330978	S2
S1-801212938	S2-544612526	S2
S1-801212938	S2-397600396	S2
S1-801212938	S2-223741344	S2
S1-801212938	S2-421518911	S2
S1-801212938	S2-452973108	S2
S1-801212938	S2-387930936	S2
S1-801212938	S2-178867720	S2
S1-801212938	S2-970558196	S2
S1-801212938	S2-466147229	S2
S1-801212938	S2-660059542	S2
S1-801212938	S2-885486981	S2
S1-801212938	S2-595795733	S2
S1-801212938	S2-236789268	S2
S1-5842529	S2-944030245	S2
S1-5842529	S2-333989418	S2
S1-5842529	S2-867197250	S2
S1-5842529	S2-640987463	S2
S1-5842529	S2-67201778	S2
S1-5842529	S2-448515850	S2
S1-5842529	S2-358237238	S2
S1-5842529	S2-665573717	S2
S1-5842529	S2-264940990	S2
S1-5842529	S2-777625208	S2
S1-5842529	S2-497944131	S2
S1-5842529	S2-184190407	S2
S1-5842529	S2-185654339	S2
S1-5842529	S2-158757260	S2
S1-5842529	S2-646274481	S2
S1-897981396	S2-705723919	S2
S1-897981396	S2-150097313	S2
S1-897981396	S2-929722075	S2
S1-897981396	S2-699404448	S2
S1-897981396	S2-119087459	S2
S1-897981396	S2-815576787	S2
S1-897981396	S2-528320338	S2
S1-897981396	S2-556747559	S2
S1-897981396	S2-237499913	S2
S1-897981396	S2-619844913	S2
S1-897981396	S2-231688856	S2
S1-897981396	S2-784592218	S2
S1-897981396	S2-326621295	S2
S1-897981396	S2-165395178	S2
S1-897981396	S2-344621502	S2
S1-899464369	S2-187593824	S2
S1-899464369	S2-233123309	S2
S1-899464369	S2-866650875	S2
S1-899464369	S2-264940990	S2
S1-899464369	S2-200440168	S2
S1-899464369	S2-460821959	S2
S1-899464369	S2-437309128	S2
S1-899464369	S2-287588845	S2
S1-899464369	S2-968735721	S2
S1-899464369	S2-94068349	S2
S1-899464369	S2-386881464	S2
S1-899464369	S2-373143276	S2
S1-899464369	S2-72944171	S2
S1-899464369	S2-987414512	S2
S1-899464369	S2-605734275	S2
S1-502818456	S2-282390486	S2
S1-502818456	S2-53012167	S2
S1-502818456	S2-165768476	S2
S1-502818456	S2-939739824	S2
S1-502818456	S2-505326493	S2
S1-502818456	S2-498215317	S2
S1-502818456	S2-215156674	S2
S1-502818456	S2-31971701	S2
S1-502818456	S2-381747268	S2
S1-502818456	S2-212582677	S2
S1-502818456	S2-653459371	S2
S1-502818456	S2-47749434	S2
S1-502818456	S2-541570442	S2
S1-502818456	S2-230946285	S2
S1-502818456	S2-745995930	S2
S1-99838517	S2-243092207	S2
S1-99838517	S2-869901829	S2
S1-99838517	S2-465597852	S2
S1-99838517	S2-712174856	S2
S1-99838517	S2-373678906	S2
S1-99838517	S2-890463640	S2
S1-99838517	S2-166986252	S2
S1-99838517	S2-947318362	S2
S1-99838517	S2-846842010	S2
S1-99838517	S2-26126776	S2
S1-99838517	S2-569515778	S2
S1-99838517	S2-399971243	S2
S1-99838517	S2-193586650	S2
S1-99838517	S2-884135049	S2
S1-99838517	S2-374809649	S2
S1-945770627	S2-670948516	S2
S1-945770627	S2-794352292	S2
S1-945770627	S2-425338531	S2
S1-945770627	S2-777730349	S2
S1-945770627	S2-704269513	S2
S1-945770627	S2-49714549	S2
S1-945770627	S2-8982199	S2
S1-945770627	S2-105671746	S2
S1-945770627	S2-34892868	S2
S1-945770627	S2-477346021	S2
S1-945770627	S2-23854429	S2
S1-945770627	S2-678818787	S2
S1-945770627	S2-196088758	S2
S1-945770627	S2-723818545	S2
S1-945770627	S2-859321758	S2
S1-38579651	S2-696686166	S2
S1-38579651	S2-530253274	S2
S1-38579651	S2-165768476	S2
S1-38579651	S2-939739824	S2
S1-38579651	S2-282390486	S2
S1-38579651	S2-88437832	S2
S1-38579651	S2-505326493	S2
S1-38579651	S2-498215317	S2
S1-38579651	S2-873164808	S2
S1-38579651	S2-147367965	S2
S1-38579651	S2-789711070	S2
S1-38579651	S2-843071321	S2
S1-38579651	S2-105086356	S2
S1-38579651	S2-212582677	S2
S1-38579651	S2-727779637	S2
S1-585298643	S2-369458829	S2
S1-585298643	S2-232709023	S2
S1-585298643	S2-90112897	S2
S1-585298643	S2-91305348	S2
S1-585298643	S2-727477424	S2
S1-585298643	S2-898880623	S2
S1-585298643	S2-614982030	S2
S1-585298643	S2-132022202	S2
S1-585298643	S2-420385975	S2
S1-585298643	S2-613102013	S2
S1-585298643	S2-816989315	S2
S1-585298643	S2-638282892	S2
S1-585298643	S2-288876615	S2
S1-585298643	S2-504054294	S2
S1-585298643	S2-60794651	S2
S1-327225619	S2-921776853	S2
S1-327225619	S2-674667779	S2
S1-327225619	S2-590386743	S2
S1-327225619	S2-395963742	S2
S1-327225619	S2-932626440	S2
S1-327225619	S2-390239892	S2
S1-327225619	S2-998910997	S2
S1-327225619	S2-896730409	S2
S1-327225619	S2-48939070	S2
S1-327225619	S2-488789411	S2
S1-327225619	S2-72897582	S2
S1-327225619	S2-279795129	S2
S1-327225619	S2-907504746	S2
S1-327225619	S2-812894315	S2
S1-327225619	S2-874782865	S2
S1-657688281	S2-406794851	S2
S1-657688281	S2-519903945	S2
S1-657688281	S2-215156674	S2
S1-657688281	S2-948855445	S2
S1-657688281	S2-849074551	S2
S1-657688281	S2-812902368	S2
S1-657688281	S2-358566293	S2
S1-657688281	S2-319012131	S2
S1-657688281	S2-691463903	S2
S1-657688281	S2-194536194	S2
S1-657688281	S2-585890462	S2
S1-657688281	S2-149845283	S2
S1-657688281	S2-822123183	S2
S1-657688281	S2-793689201	S2
S1-657688281	S2-891746522	S2
S1-467198990	S2-695240341	S2
S1-467198990	S2-505083731	S2
S1-467198990	S2-506682722	S2
S1-467198990	S2-510293809	S2
S1-467198990	S2-517668630	S2
S1-467198990	S2-945813340	S2
S1-467198990	S2-614260033	S2
S1-467198990	S2-779485994	S2
S1-467198990	S2-578129330	S2
S1-467198990	S2-738509117	S2
S1-467198990	S2-293011085	S2
S1-467198990	S2-944772275	S2
S1-467198990	S2-683312986	S2
S1-467198990	S2-808715382	S2
S1-467198990	S2-762023797	S2
S1-57859332	S2-253035404	S2
S1-57859332	S2-712174856	S2
S1-57859332	S2-518525663	S2
S1-57859332	S2-74154365	S2
S1-57859332	S2-93977217	S2
S1-57859332	S2-331311420	S2
S1-57859332	S2-349301525	S2
S1-57859332	S2-486832341	S2
S1-57859332	S2-811863966	S2
S1-57859332	S2-590158229	S2
S1-57859332	S2-225823147	S2
S1-57859332	S2-439805521	S2
S1-57859332	S2-394565864	S2
S1-57859332	S2-987659709	S2
S1-57859332	S2-707037561	S2
S1-745839307	S2-239425365	S2
S1-745839307	S2-921274499	S2
S1-745839307	S2-606589402	S2
S1-745839307	S2-138702507	S2
S1-745839307	S2-217976803	S2
S1-745839307	S2-648055380	S2
S1-745839307	S2-321398182	S2
S1-745839307	S2-154655572	S2
S1-745839307	S2-982950235	S2
S1-745839307	S2-757169960	S2
S1-745839307	S2-975023541	S2
S1-745839307	S2-775099408	S2
S1-745839307	S2-102704852	S2
S1-745839307	S2-35320888	S2
S1-745839307	S2-324372014	S2
S1-85024477	S2-935425652	S2
S1-85024477	S2-662770103	S2
S1-85024477	S2-150284085	S2
S1-85024477	S2-472555582	S2
S1-85024477	S2-879158207	S2
S1-85024477	S2-199635728	S2
S1-85024477	S2-861758392	S2
S1-85024477	S2-847335213	S2
S1-85024477	S2-214835079	S2
S1-85024477	S2-890423795	S2
S1-85024477	S2-663852317	S2
S1-85024477	S2-498046006	S2
S1-85024477	S2-94341972	S2
S1-85024477	S2-68511408	S2
S1-85024477	S2-265951472	S2
S1-418477552	S2-31803204	S2
S1-418477552	S2-882459657	S2
S1-418477552	S2-135305339	S2
S1-418477552	S2-975023541	S2
S1-418477552	S2-409726115	S2
S1-418477552	S2-376939341	S2
S1-418477552	S2-318348932	S2
S1-418477552	S2-978606166	S2
S1-418477552	S2-929722075	S2
S1-418477552	S2-777730349	S2
S1-418477552	S2-670948516	S2
S1-418477552	S2-814052487	S2
S1-418477552	S2-794352292	S2
S1-418477552	S2-921202375	S2
S1-418477552	S2-8982199	S2
S1-905986016	S2-450648359	S2
S1-905986016	S2-404431253	S2
S1-905986016	S2-538410207	S2
S1-905986016	S2-47799063	S2
S1-905986016	S2-632851303	S2
S1-905986016	S2-401480583	S2
S1-905986016	S2-668310822	S2
S1-905986016	S2-309113625	S2
S1-905986016	S2-672321572	S2
S1-905986016	S2-633146423	S2
S1-905986016	S2-849580158	S2
S1-905986016	S2-72260125	S2
S1-905986016	S2-303327441	S2
S1-905986016	S2-89906125	S2
S1-905986016	S2-491950020	S2
S1-519482575	S2-190103142	S2
S1-519482575	S2-138967824	S2
S1-519482575	S2-212279628	S2
S1-519482575	S2-344354613	S2
S1-519482575	S2-199635728	S2
S1-519482575	S2-192974905	S2
S1-519482575	S2-489677213	S2
S1-519482575	S2-324372014	S2
S1-519482575	S2-946002985	S2
S1-519482575	S2-513883520	S2
S1-519482575	S2-907018183	S2
S1-519482575	S2-193389855	S2
S1-519482575	S2-982950235	S2
S1-519482575	S2-136305349	S2
S1-519482575	S2-599195929	S2
S1-461918961	S2-253709551	S2
S1-461918961	S2-529867680	S2
S1-461918961	S2-485902426	S2
S1-461918961	S2-55073412	S2
S1-461918961	S2-912228916	S2
S1-461918961	S2-892976075	S2
S1-461918961	S2-379973959	S2
S1-461918961	S2-878134898	S2
S1-461918961	S2-634180182	S2
S1-461918961	S2-837096453	S2
S1-461918961	S2-806324381	S2
S1-461918961	S2-795141272	S2
S1-461918961	S2-895944134	S2
S1-461918961	S2-513883989	S2
S1-461918961	S2-855836919	S2
S1-224323971	S2-958380385	S2
S1-224323971	S2-617594647	S2
S1-224323971	S2-734993182	S2
S1-224323971	S2-416300306	S2
S1-224323971	S2-452717352	S2
S1-224323971	S2-316755660	S2
S1-224323971	S2-34692136	S2
S1-224323971	S2-842907040	S2
S1-224323971	S2-439070878	S2
S1-224323971	S2-139857118	S2
S1-224323971	S2-986923268	S2
S1-224323971	S2-539414515	S2
S1-224323971	S2-176116039	S2
S1-224323971	S2-97857545	S2
S1-224323971	S2-904896788	S2
S1-23537063	S2-81084363	S2
S1-23537063	S2-295799812	S2
S1-23537063	S2-206863564	S2
S1-23537063	S2-564839940	S2
S1-23537063	S2-385374278	S2
S1-23537063	S2-1618286	S2
S1-23537063	S2-730588551	S2
S1-23537063	S2-610173207	S2
S1-23537063	S2-300552236	S2
S1-23537063	S2-230946285	S2
S1-23537063	S2-174059963	S2
S1-23537063	S2-741639927	S2
S1-23537063	S2-523031614	S2
S1-23537063	S2-696885509	S2
S1-23537063	S2-742941063	S2
S1-480390410	S2-566293411	S2
S1-480390410	S2-18442426	S2
S1-480390410	S2-17360295	S2
S1-480390410	S2-20143885	S2
S1-480390410	S2-502689864	S2
S1-480390410	S2-79488526	S2
S1-480390410	S2-888030033	S2
S1-480390410	S2-794352292	S2
S1-480390410	S2-602353889	S2
S1-480390410	S2-224980295	S2
S1-480390410	S2-314169444	S2
S1-480390410	S2-626012117	S2
S1-480390410	S2-549881386	S2
S1-480390410	S2-527812446	S2
S1-480390410	S2-340786070	S2
S1-767396971	S2-879158207	S2
S1-767396971	S2-758681750	S2
S1-767396971	S2-434799271	S2
S1-767396971	S2-436621421	S2
S1-767396971	S2-149854075	S2
S1-767396971	S2-331142396	S2
S1-767396971	S2-776942202	S2
S1-767396971	S2-6795460	S2
S1-767396971	S2-21859479	S2
S1-767396971	S2-902147205	S2
S1-767396971	S2-467948188	S2
S1-767396971	S2-877745187	S2
S1-767396971	S2-932843757	S2
S1-767396971	S2-182955632	S2
S1-767396971	S2-152104014	S2
S1-402731785	S2-242582700	S2
S1-402731785	S2-402548315	S2
S1-402731785	S2-873177396	S2
S1-402731785	S2-566309986	S2
S1-402731785	S2-494828371	S2
S1-402731785	S2-726045392	S2
S1-402731785	S2-791990398	S2
S1-402731785	S2-693296247	S2
S1-402731785	S2-335124172	S2
S1-402731785	S2-291868119	S2
S1-402731785	S2-455209026	S2
S1-402731785	S2-196587307	S2
S1-402731785	S2-370549501	S2
S1-402731785	S2-788754887	S2
S1-402731785	S2-762096507	S2
S1-732503665	S2-445109396	S2
S1-732503665	S2-895944720	S2
S1-732503665	S2-694466866	S2
S1-732503665	S2-535260713	S2
S1-732503665	S2-928122498	S2
S1-732503665	S2-369116881	S2
S1-732503665	S2-802129140	S2
S1-732503665	S2-302419463	S2
S1-732503665	S2-8648579	S2
S1-732503665	S2-993107908	S2
S1-732503665	S2-539726746	S2
S1-732503665	S2-942849471	S2
S1-732503665	S2-742406486	S2
S1-732503665	S2-264731923	S2
S1-732503665	S2-780123305	S2
S1-98910320	S2-621473436	S2
S1-98910320	S2-1722538	S2
S1-98910320	S2-181962832	S2
S1-98910320	S2-947549174	S2
S1-98910320	S2-930351241	S2
S1-98910320	S2-237416325	S2
S1-98910320	S2-814955870	S2
S1-98910320	S2-197625218	S2
S1-98910320	S2-932626440	S2
S1-98910320	S2-678788003	S2
S1-98910320	S2-327738915	S2
S1-98910320	S2-954124079	S2
S1-98910320	S2-161047745	S2
S1-98910320	S2-202910951	S2
S1-98910320	S2-395489902	S2
S1-191451677	S2-183176697	S2
S1-191451677	S2-749642407	S2
S1-191451677	S2-854959253	S2
S1-191451677	S2-962522174	S2
S1-191451677	S2-963300188	S2
S1-191451677	S2-596751909	S2
S1-191451677	S2-928211613	S2
S1-191451677	S2-666342792	S2
S1-191451677	S2-165809100	S2
S1-191451677	S2-185405451	S2
S1-191451677	S2-699301561	S2
S1-191451677	S2-85369861	S2
S1-191451677	S2-849565658	S2
S1-191451677	S2-620482053	S2
S1-191451677	S2-136235099	S2
S1-891130183	S2-1505887	S2
S1-891130183	S2-335860	S2
S1-891130183	S2-190642185	S2
S1-891130183	S2-988228866	S2
S1-891130183	S2-831064278	S2
S1-891130183	S2-564777969	S2
S1-891130183	S2-947466256	S2
S1-891130183	S2-287275758	S2
S1-891130183	S2-704012671	S2
S1-891130183	S2-959734804	S2
S1-891130183	S2-287300820	S2
S1-891130183	S2-318784543	S2
S1-891130183	S2-150882117	S2
S1-891130183	S2-466380342	S2
S1-891130183	S2-332453876	S2
S1-900882482	S2-157564986	S2
S1-900882482	S2-73037424	S2
S1-900882482	S2-790947608	S2
S1-900882482	S2-93682954	S2
S1-900882482	S2-235039028	S2
S1-900882482	S2-105463326	S2
S1-900882482	S2-772269040	S2
S1-900882482	S2-961093381	S2
S1-900882482	S2-482144229	S2
S1-900882482	S2-699391872	S2
S1-900882482	S2-426439815	S2
S1-900882482	S2-131872909	S2
S1-900882482	S2-516249560	S2
S1-900882482	S2-939131514	S2
S1-900882482	S2-864548311	S2
S1-552065633	S2-905208523	S2
S1-552065633	S2-219432880	S2
S1-552065633	S2-77419070	S2
S1-552065633	S2-877085471	S2
S1-552065633	S2-635228641	S2
S1-552065633	S2-672082301	S2
S1-552065633	S2-17915799	S2
S1-552065633	S2-74992830	S2
S1-552065633	S2-727570982	S2
S1-552065633	S2-190642185	S2
S1-552065633	S2-332453876	S2
S1-552065633	S2-201659527	S2
S1-552065633	S2-225403671	S2
S1-552065633	S2-179458531	S2
S1-552065633	S2-84094385	S2
S1-881848076	S2-421100616	S2
S1-881848076	S2-873177396	S2
S1-881848076	S2-656892137	S2
S1-881848076	S2-743482966	S2
S1-881848076	S2-260445047	S2
S1-881848076	S2-414624479	S2
S1-881848076	S2-662032378	S2
S1-881848076	S2-933093889	S2
S1-881848076	S2-889472913	S2
S1-881848076	S2-99468652	S2
S1-881848076	S2-335124172	S2
S1-881848076	S2-726045392	S2
S1-881848076	S2-895798537	S2
S1-881848076	S2-620110385	S2
S1-881848076	S2-242582700	S2
S1-89160825	S2-20873018	S2
S1-89160825	S2-678818787	S2
S1-89160825	S2-20143885	S2
S1-89160825	S2-306238454	S2
S1-89160825	S2-742941063	S2
S1-89160825	S2-797821871	S2
S1-89160825	S2-322536831	S2
S1-89160825	S2-794352292	S2
S1-89160825	S2-224980295	S2
S1-89160825	S2-79488526	S2
S1-89160825	S2-502689864	S2
S1-89160825	S2-532776476	S2
S1-89160825	S2-542224090	S2
S1-89160825	S2-596517091	S2
S1-89160825	S2-138051778	S2
S1-874041790	S2-940596292	S2
S1-874041790	S2-982950235	S2
S1-874041790	S2-355967072	S2
S1-874041790	S2-460515872	S2
S1-874041790	S2-321398182	S2
S1-874041790	S2-175456325	S2
S1-874041790	S2-902261581	S2
S1-874041790	S2-795924720	S2
S1-874041790	S2-972051451	S2
S1-874041790	S2-35320888	S2
S1-874041790	S2-775099408	S2
S1-874041790	S2-102704852	S2
S1-874041790	S2-217976803	S2
S1-874041790	S2-324372014	S2
S1-874041790	S2-757169960	S2
S1-13387750	S2-752654978	S2
S1-13387750	S2-651292790	S2
S1-13387750	S2-883117276	S2
S1-13387750	S2-623164214	S2
S1-13387750	S2-840538759	S2
S1-13387750	S2-446844245	S2
S1-13387750	S2-177779132	S2
S1-13387750	S2-995199364	S2
S1-13387750	S2-569534268	S2
S1-13387750	S2-133763910	S2
S1-13387750	S2-847374839	S2
S1-13387750	S2-794530374	S2
S1-13387750	S2-260686291	S2
S1-13387750	S2-27297350	S2
S1-13387750	S2-228567244	S2
S1-372253974	S2-555593257	S2
S1-372253974	S2-342386355	S2
S1-372253974	S2-439483413	S2
S1-372253974	S2-44198918	S2
S1-372253974	S2-454082161	S2
S1-372253974	S2-604653513	S2
S1-372253974	S2-62004357	S2
S1-372253974	S2-634994990	S2
S1-372253974	S2-705088632	S2
S1-372253974	S2-612684324	S2
S1-372253974	S2-942813893	S2
S1-372253974	S2-241479975	S2
S1-372253974	S2-848656635	S2
S1-372253974	S2-190462665	S2
S1-372253974	S2-308993997	S2
S1-244454509	S2-209410163	S2
S1-244454509	S2-58825780	S2
S1-244454509	S2-636826764	S2
S1-244454509	S2-598588474	S2
S1-244454509	S2-475170125	S2
S1-244454509	S2-510931175	S2
S1-244454509	S2-949845335	S2
S1-244454509	S2-505987024	S2
S1-244454509	S2-274323360	S2
S1-244454509	S2-964581929	S2
S1-244454509	S2-945339512	S2
S1-244454509	S2-319761515	S2
S1-244454509	S2-967569498	S2
S1-244454509	S2-1365339	S2
S1-244454509	S2-92959536	S2
S1-550190717	S2-381747268	S2
S1-550190717	S2-498215317	S2
S1-550190717	S2-212582677	S2
S1-550190717	S2-505326493	S2
S1-550190717	S2-653459371	S2
S1-550190717	S2-31971701	S2
S1-550190717	S2-784105752	S2
S1-550190717	S2-47749434	S2
S1-550190717	S2-541570442	S2
S1-550190717	S2-939739824	S2
S1-550190717	S2-230946285	S2
S1-550190717	S2-745995930	S2
S1-550190717	S2-619859806	S2
S1-550190717	S2-479278257	S2
S1-550190717	S2-205121019	S2
S1-813850270	S2-144609625	S2
S1-813850270	S2-591398537	S2
S1-813850270	S2-296670248	S2
S1-813850270	S2-592507930	S2
S1-813850270	S2-357197766	S2
S1-813850270	S2-222540081	S2
S1-813850270	S2-810723110	S2
S1-813850270	S2-287588845	S2
S1-813850270	S2-706238826	S2
S1-813850270	S2-661036235	S2
S1-813850270	S2-846975420	S2
S1-813850270	S2-100798928	S2
S1-813850270	S2-478830670	S2
S1-813850270	S2-848878443	S2
S1-813850270	S2-187499079	S2
S1-958740646	S2-604564398	S2
S1-958740646	S2-740446216	S2
S1-958740646	S2-450445631	S2
S1-958740646	S2-994612767	S2
S1-958740646	S2-411345119	S2
S1-958740646	S2-520587790	S2
S1-958740646	S2-799978429	S2
S1-958740646	S2-199348255	S2
S1-958740646	S2-981916482	S2
S1-958740646	S2-831064278	S2
S1-958740646	S2-932843757	S2
S1-958740646	S2-977033809	S2
S1-958740646	S2-519903945	S2
S1-958740646	S2-138068334	S2
S1-958740646	S2-99260087	S2
S1-20031068	S2-976205330	S2
S1-20031068	S2-936893839	S2
S1-20031068	S2-707037561	S2
S1-20031068	S2-558505389	S2
S1-20031068	S2-540853782	S2
S1-20031068	S2-201829232	S2
S1-20031068	S2-19689896	S2
S1-20031068	S2-563753438	S2
S1-20031068	S2-423090663	S2
S1-20031068	S2-66236312	S2
S1-20031068	S2-386366146	S2
S1-20031068	S2-799238901	S2
S1-20031068	S2-418691151	S2
S1-20031068	S2-71529448	S2
S1-20031068	S2-508784928	S2
S1-154848511	S2-368772488	S2
S1-154848511	S2-629880378	S2
S1-154848511	S2-731531571	S2
S1-154848511	S2-936867164	S2
S1-154848511	S2-633146423	S2
S1-154848511	S2-760648353	S2
S1-154848511	S2-1986290	S2
S1-154848511	S2-714077903	S2
S1-154848511	S2-182145854	S2
S1-154848511	S2-623164214	S2
S1-154848511	S2-972466865	S2
S1-154848511	S2-835256551	S2
S1-154848511	S2-170119635	S2
S1-154848511	S2-524004407	S2
S1-154848511	S2-838526909	S2
S1-801027691	S2-705827573	S2
S1-801027691	S2-284994286	S2
S1-801027691	S2-267771398	S2
S1-801027691	S2-475652190	S2
S1-801027691	S2-849078694	S2
S1-801027691	S2-548633980	S2
S1-801027691	S2-333359081	S2
S1-801027691	S2-332453876	S2
S1-801027691	S2-302419463	S2
S1-801027691	S2-369116881	S2
S1-801027691	S2-895944720	S2
S1-801027691	S2-48866343	S2
S1-801027691	S2-802129140	S2
S1-801027691	S2-742406486	S2
S1-801027691	S2-794926277	S2
S1-884821612	S2-158902765	S2
S1-884821612	S2-939986664	S2
S1-884821612	S2-857545705	S2
S1-884821612	S2-369242155	S2
S1-884821612	S2-975285928	S2
S1-884821612	S2-921274499	S2
S1-884821612	S2-265891218	S2
S1-884821612	S2-133252993	S2
S1-884821612	S2-15148623	S2
S1-884821612	S2-340786070	S2
S1-884821612	S2-794412447	S2
S1-884821612	S2-157735411	S2
S1-884821612	S2-967923960	S2
S1-884821612	S2-297926319	S2
S1-884821612	S2-535538356	S2
S1-304099102	S2-197696225	S2
S1-304099102	S2-835063716	S2
S1-304099102	S2-576580892	S2
S1-304099102	S2-859726068	S2
S1-304099102	S2-494828371	S2
S1-304099102	S2-833201275	S2
S1-304099102	S2-370549501	S2
S1-304099102	S2-427374357	S2
S1-304099102	S2-721241427	S2
S1-304099102	S2-196587307	S2
S1-304099102	S2-150882117	S2
S1-304099102	S2-897475107	S2
S1-304099102	S2-662221399	S2
S1-304099102	S2-150634918	S2
S1-304099102	S2-672321572	S2
S1-25750233	S2-770769195	S2
S1-25750233	S2-662032378	S2
S1-25750233	S2-916238268	S2
S1-25750233	S2-842456481	S2
S1-25750233	S2-513550621	S2
S1-25750233	S2-772922754	S2
S1-25750233	S2-548190668	S2
S1-25750233	S2-142962200	S2
S1-25750233	S2-862759276	S2
S1-25750233	S2-583111097	S2
S1-25750233	S2-646080124	S2
S1-25750233	S2-197625218	S2
S1-25750233	S2-877823257	S2
S1-25750233	S2-119087459	S2
S1-25750233	S2-964240180	S2
S1-886116894	S2-921202375	S2
S1-886116894	S2-432279643	S2
S1-886116894	S2-20143885	S2
S1-886116894	S2-8982199	S2
S1-886116894	S2-965341745	S2
S1-886116894	S2-502689864	S2
S1-886116894	S2-285260582	S2
S1-886116894	S2-906898057	S2
S1-886116894	S2-79488526	S2
S1-886116894	S2-30000261	S2
S1-886116894	S2-224980295	S2
S1-886116894	S2-788754887	S2
S1-886116894	S2-794352292	S2
S1-886116894	S2-648793540	S2
S1-886116894	S2-634202116	S2
S1-477162050	S2-508602797	S2
S1-477162050	S2-792661362	S2
S1-477162050	S2-198938800	S2
S1-477162050	S2-585698283	S2
S1-477162050	S2-312533710	S2
S1-477162050	S2-102286733	S2
S1-477162050	S2-612768292	S2
S1-477162050	S2-487988118	S2
S1-477162050	S2-880764652	S2
S1-477162050	S2-184993338	S2
S1-477162050	S2-814881099	S2
S1-477162050	S2-760621281	S2
S1-477162050	S2-156460390	S2
S1-477162050	S2-937234624	S2
S1-477162050	S2-544365657	S2
S1-340817900	S2-348093874	S2
S1-340817900	S2-137954799	S2
S1-340817900	S2-847374839	S2
S1-340817900	S2-74877522	S2
S1-340817900	S2-260686291	S2
S1-340817900	S2-831117180	S2
S1-340817900	S2-399112375	S2
S1-340817900	S2-133763910	S2
S1-340817900	S2-401293041	S2
S1-340817900	S2-27297350	S2
S1-340817900	S2-228567244	S2
S1-340817900	S2-642367103	S2
S1-340817900	S2-651292790	S2
S1-340817900	S2-569534268	S2
S1-340817900	S2-794530374	S2
S1-563586539	S2-302833544	S2
S1-563586539	S2-877085471	S2
S1-563586539	S2-857681318	S2
S1-563586539	S2-266340710	S2
S1-563586539	S2-889017900	S2
S1-563586539	S2-37960046	S2
S1-563586539	S2-406091061	S2
S1-563586539	S2-888030033	S2
S1-563586539	S2-566627479	S2
S1-563586539	S2-284585076	S2
S1-563586539	S2-500008641	S2
S1-563586539	S2-862571135	S2
S1-563586539	S2-698383825	S2
S1-563586539	S2-570512018	S2
S1-563586539	S2-921111723	S2
S1-163747087	S2-454761179	S2
S1-163747087	S2-203282369	S2
S1-163747087	S2-444467356	S2
S1-163747087	S2-889017900	S2
S1-163747087	S2-536369487	S2
S1-163747087	S2-306238454	S2
S1-163747087	S2-30000261	S2
S1-163747087	S2-156918549	S2
S1-163747087	S2-182955632	S2
S1-163747087	S2-888030033	S2
S1-163747087	S2-500008641	S2
S1-163747087	S2-15148623	S2
S1-163747087	S2-781969377	S2
S1-163747087	S2-877085471	S2
S1-163747087	S2-417269575	S2
S1-117094654	S2-625899005	S2
S1-117094654	S2-345936735	S2
S1-117094654	S2-560818510	S2
S1-117094654	S2-859269096	S2
S1-117094654	S2-556803824	S2
S1-117094654	S2-402444489	S2
S1-117094654	S2-25787219	S2
S1-117094654	S2-31855479	S2
S1-117094654	S2-940596292	S2
S1-117094654	S2-456020855	S2
S1-117094654	S2-802873219	S2
S1-117094654	S2-146095676	S2
S1-117094654	S2-173181959	S2
S1-117094654	S2-149345266	S2
S1-117094654	S2-867197250	S2
S1-137026686	S2-5646683	S2
S1-137026686	S2-466380342	S2
S1-137026686	S2-561971801	S2
S1-137026686	S2-792661362	S2
S1-137026686	S2-988228866	S2
S1-137026686	S2-809459605	S2
S1-137026686	S2-595414933	S2
S1-137026686	S2-943222249	S2
S1-137026686	S2-191045664	S2
S1-137026686	S2-103317508	S2
S1-137026686	S2-576774941	S2
S1-137026686	S2-507619867	S2
S1-137026686	S2-178777487	S2
S1-137026686	S2-596515519	S2
S1-137026686	S2-699535842	S2
S1-464518977	S2-229952798	S2
S1-464518977	S2-465837411	S2
S1-464518977	S2-290914104	S2
S1-464518977	S2-298589362	S2
S1-464518977	S2-487436030	S2
S1-464518977	S2-426439815	S2
S1-464518977	S2-939131514	S2
S1-464518977	S2-835613264	S2
S1-464518977	S2-544760485	S2
S1-464518977	S2-811863966	S2
S1-464518977	S2-813862982	S2
S1-464518977	S2-763656124	S2
S1-464518977	S2-52629227	S2
S1-464518977	S2-72944171	S2
S1-464518977	S2-249179392	S2
S1-299511557	S2-343655850	S2
S1-299511557	S2-855428297	S2
S1-299511557	S2-755475008	S2
S1-299511557	S2-770751342	S2
S1-299511557	S2-658688492	S2
S1-299511557	S2-382707082	S2
S1-299511557	S2-413851460	S2
S1-299511557	S2-436621421	S2
S1-299511557	S2-332036682	S2
S1-299511557	S2-845062226	S2
S1-299511557	S2-802604278	S2
S1-299511557	S2-391277285	S2
S1-299511557	S2-968661299	S2
S1-299511557	S2-634994990	S2
S1-299511557	S2-519791558	S2
S1-890634836	S2-155086154	S2
S1-890634836	S2-997285082	S2
S1-890634836	S2-279795129	S2
S1-890634836	S2-468700275	S2
S1-890634836	S2-3256414	S2
S1-890634836	S2-485822686	S2
S1-890634836	S2-585106009	S2
S1-890634836	S2-762023797	S2
S1-890634836	S2-837663921	S2
S1-890634836	S2-958296449	S2
S1-890634836	S2-485902426	S2
S1-890634836	S2-19299067	S2
S1-890634836	S2-718331277	S2
S1-890634836	S2-304283115	S2
S1-890634836	S2-344874828	S2
S1-262506206	S2-941264213	S2
S1-262506206	S2-608598841	S2
S1-262506206	S2-650540638	S2
S1-262506206	S2-487925537	S2
S1-262506206	S2-28418448	S2
S1-262506206	S2-784152114	S2
S1-262506206	S2-283699128	S2
S1-262506206	S2-317079908	S2
S1-262506206	S2-705827573	S2
S1-262506206	S2-869901829	S2
S1-262506206	S2-373678906	S2
S1-262506206	S2-890463640	S2
S1-262506206	S2-399971243	S2
S1-262506206	S2-26126776	S2
S1-262506206	S2-884135049	S2
S1-47431587	S2-386575117	S2
S1-47431587	S2-277126355	S2
S1-47431587	S2-130736404	S2
S1-47431587	S2-141789543	S2
S1-47431587	S2-312010791	S2
S1-47431587	S2-54240174	S2
S1-47431587	S2-820348347	S2
S1-47431587	S2-629499045	S2
S1-47431587	S2-648129048	S2
S1-47431587	S2-432687019	S2
S1-47431587	S2-697040637	S2
S1-47431587	S2-892378445	S2
S1-47431587	S2-321975134	S2
S1-47431587	S2-278021863	S2
S1-47431587	S2-152030787	S2
S1-284582618	S2-513550621	S2
S1-284582618	S2-662032378	S2
S1-284582618	S2-772922754	S2
S1-284582618	S2-142962200	S2
S1-284582618	S2-784451498	S2
S1-284582618	S2-842456481	S2
S1-284582618	S2-143232725	S2
S1-284582618	S2-916238268	S2
S1-284582618	S2-723221488	S2
S1-284582618	S2-862759276	S2
S1-284582618	S2-583111097	S2
S1-284582618	S2-646080124	S2
S1-284582618	S2-877823257	S2
S1-284582618	S2-197625218	S2
S1-284582618	S2-119087459	S2
S1-729032305	S2-908490642	S2
S1-729032305	S2-2048071	S2
S1-729032305	S2-996064384	S2
S1-729032305	S2-586389069	S2
S1-729032305	S2-403058082	S2
S1-729032305	S2-258904656	S2
S1-729032305	S2-218208532	S2
S1-729032305	S2-747145329	S2
S1-729032305	S2-74877522	S2
S1-729032305	S2-831117180	S2
S1-729032305	S2-137954799	S2
S1-729032305	S2-399112375	S2
S1-729032305	S2-401293041	S2
S1-729032305	S2-555707870	S2
S1-729032305	S2-988241366	S2
S1-402164728	S2-460552614	S2
S1-402164728	S2-688230388	S2
S1-402164728	S2-646080124	S2
S1-402164728	S2-680816356	S2
S1-402164728	S2-772269040	S2
S1-402164728	S2-827093547	S2
S1-402164728	S2-452973108	S2
S1-402164728	S2-703267220	S2
S1-402164728	S2-983514167	S2
S1-402164728	S2-513550621	S2
S1-402164728	S2-388362035	S2
S1-402164728	S2-149345266	S2
S1-402164728	S2-876145747	S2
S1-402164728	S2-181962832	S2
S1-402164728	S2-527059989	S2
S1-57274805	S2-505987024	S2
S1-57274805	S2-964581929	S2
S1-57274805	S2-945339512	S2
S1-57274805	S2-319761515	S2
S1-57274805	S2-370549501	S2
S1-57274805	S2-930033885	S2
S1-57274805	S2-598588474	S2
S1-57274805	S2-274323360	S2
S1-57274805	S2-1365339	S2
S1-57274805	S2-475170125	S2
S1-57274805	S2-337172708	S2
S1-57274805	S2-383539909	S2
S1-57274805	S2-743560610	S2
S1-57274805	S2-92959536	S2
S1-57274805	S2-967569498	S2
S1-622241555	S2-800014563	S2
S1-622241555	S2-620110385	S2
S1-622241555	S2-501057541	S2
S1-622241555	S2-70247599	S2
S1-622241555	S2-138051778	S2
S1-622241555	S2-784569977	S2
S1-622241555	S2-884083511	S2
S1-622241555	S2-590714216	S2
S1-622241555	S2-109905092	S2
S1-622241555	S2-322536831	S2
S1-622241555	S2-311029819	S2
S1-622241555	S2-742941063	S2
S1-622241555	S2-797821871	S2
S1-622241555	S2-190642185	S2
S1-622241555	S2-532776476	S2
S1-640830255	S2-960361858	S2
S1-640830255	S2-535988246	S2
S1-640830255	S2-972051451	S2
S1-640830255	S2-436663188	S2
S1-640830255	S2-733025108	S2
S1-640830255	S2-726813453	S2
S1-640830255	S2-281309190	S2
S1-640830255	S2-645440237	S2
S1-640830255	S2-60818919	S2
S1-640830255	S2-902261581	S2
S1-640830255	S2-512950951	S2
S1-640830255	S2-619664055	S2
S1-640830255	S2-713109591	S2
S1-640830255	S2-882915480	S2
S1-640830255	S2-836846019	S2
S1-96384267	S2-645440237	S2
S1-96384267	S2-576580892	S2
S1-96384267	S2-60818919	S2
S1-96384267	S2-769858942	S2
S1-96384267	S2-194980849	S2
S1-96384267	S2-380743763	S2
S1-96384267	S2-819216280	S2
S1-96384267	S2-619664055	S2
S1-96384267	S2-726813453	S2
S1-96384267	S2-882915480	S2
S1-96384267	S2-733025108	S2
S1-96384267	S2-539943184	S2
S1-96384267	S2-281309190	S2
S1-96384267	S2-713109591	S2
S1-96384267	S2-512950951	S2
S1-600079333	S2-174396062	S2
S1-600079333	S2-721241427	S2
S1-600079333	S2-448967653	S2
S1-600079333	S2-662221399	S2
S1-600079333	S2-518692071	S2
S1-600079333	S2-156054800	S2
S1-600079333	S2-432522197	S2
S1-600079333	S2-534415637	S2
S1-600079333	S2-921362349	S2
S1-600079333	S2-277557813	S2
S1-600079333	S2-644844275	S2
S1-600079333	S2-252469399	S2
S1-600079333	S2-849580158	S2
S1-600079333	S2-349365849	S2
S1-600079333	S2-175865714	S2
S1-11408993	S2-803294359	S2
S1-11408993	S2-159472146	S2
S1-11408993	S2-295254551	S2
S1-11408993	S2-678191772	S2
S1-11408993	S2-544760485	S2
S1-11408993	S2-761733049	S2
S1-11408993	S2-785971729	S2
S1-11408993	S2-307690106	S2
S1-11408993	S2-234289368	S2
S1-11408993	S2-551227954	S2
S1-11408993	S2-790721694	S2
S1-11408993	S2-481889816	S2
S1-11408993	S2-382115578	S2
S1-11408993	S2-403364722	S2
S1-11408993	S2-875461623	S2
S1-213642432	S2-353393611	S2
S1-213642432	S2-434166125	S2
S1-213642432	S2-110236539	S2
S1-213642432	S2-709626608	S2
S1-213642432	S2-829251462	S2
S1-213642432	S2-530330935	S2
S1-213642432	S2-466263961	S2
S1-213642432	S2-260388248	S2
S1-213642432	S2-287300820	S2
S1-213642432	S2-100598528	S2
S1-213642432	S2-155681006	S2
S1-213642432	S2-349287094	S2
S1-213642432	S2-475419520	S2
S1-213642432	S2-354227046	S2
S1-213642432	S2-704269513	S2
S1-999894380	S2-460653265	S2
S1-999894380	S2-520441214	S2
S1-999894380	S2-131872909	S2
S1-999894380	S2-622519132	S2
S1-999894380	S2-945865905	S2
S1-999894380	S2-284919985	S2
S1-999894380	S2-516249560	S2
S1-999894380	S2-821383594	S2
S1-999894380	S2-94339175	S2
S1-999894380	S2-830783927	S2
S1-999894380	S2-824685628	S2
S1-999894380	S2-717160791	S2
S1-999894380	S2-157564986	S2
S1-999894380	S2-235039028	S2
S1-999894380	S2-939131514	S2
S1-12041665	S2-727570982	S2
S1-12041665	S2-877085471	S2
S1-12041665	S2-332453876	S2
S1-12041665	S2-710539502	S2
S1-12041665	S2-426144370	S2
S1-12041665	S2-176116039	S2
S1-12041665	S2-697665921	S2
S1-12041665	S2-825374035	S2
S1-12041665	S2-539414515	S2
S1-12041665	S2-885731246	S2
S1-12041665	S2-191045664	S2
S1-12041665	S2-146349824	S2
S1-12041665	S2-985375674	S2
S1-12041665	S2-228338166	S2
S1-12041665	S2-311814169	S2
S1-115198057	S2-315872469	S2
S1-115198057	S2-795141272	S2
S1-115198057	S2-253120022	S2
S1-115198057	S2-682660453	S2
S1-115198057	S2-692060905	S2
S1-115198057	S2-246533409	S2
S1-115198057	S2-89587960	S2
S1-115198057	S2-468234939	S2
S1-115198057	S2-54240174	S2
S1-115198057	S2-855836919	S2
S1-115198057	S2-585973304	S2
S1-115198057	S2-750473552	S2
S1-115198057	S2-222636194	S2
S1-115198057	S2-923748120	S2
S1-115198057	S2-913240757	S2
S1-518860674	S2-656960149	S2
S1-518860674	S2-55136200	S2
S1-518860674	S2-716588163	S2
S1-518860674	S2-78644395	S2
S1-518860674	S2-918763928	S2
S1-518860674	S2-631547814	S2
S1-518860674	S2-294114423	S2
S1-518860674	S2-910448815	S2
S1-518860674	S2-284439219	S2
S1-518860674	S2-300777619	S2
S1-518860674	S2-348173686	S2
S1-518860674	S2-447441433	S2
S1-518860674	S2-281482759	S2
S1-518860674	S2-222042072	S2
S1-518860674	S2-529125623	S2
S1-217514760	S2-404232285	S2
S1-217514760	S2-431904537	S2
S1-217514760	S2-916812240	S2
S1-217514760	S2-18419358	S2
S1-217514760	S2-822978972	S2
S1-217514760	S2-771555843	S2
S1-217514760	S2-172745464	S2
S1-217514760	S2-784105752	S2
S1-217514760	S2-975929602	S2
S1-217514760	S2-463146600	S2
S1-217514760	S2-748347027	S2
S1-217514760	S2-565295384	S2
S1-217514760	S2-331692143	S2
S1-217514760	S2-762585007	S2
S1-217514760	S2-995134427	S2
S1-657091961	S2-508602797	S2
S1-657091961	S2-792661362	S2
S1-657091961	S2-198938800	S2
S1-657091961	S2-585698283	S2
S1-657091961	S2-102286733	S2
S1-657091961	S2-312533710	S2
S1-657091961	S2-612768292	S2
S1-657091961	S2-487988118	S2
S1-657091961	S2-880764652	S2
S1-657091961	S2-814881099	S2
S1-657091961	S2-760621281	S2
S1-657091961	S2-156460390	S2
S1-657091961	S2-184993338	S2
S1-657091961	S2-937234624	S2
S1-657091961	S2-544365657	S2
S1-502288504	S2-835256551	S2
S1-502288504	S2-311868409	S2
S1-502288504	S2-831117180	S2
S1-502288504	S2-383822500	S2
S1-502288504	S2-879019234	S2
S1-502288504	S2-516871248	S2
S1-502288504	S2-986714176	S2
S1-502288504	S2-706168001	S2
S1-502288504	S2-41847464	S2
S1-502288504	S2-54521194	S2
S1-502288504	S2-888961567	S2
S1-502288504	S2-383956381	S2
S1-502288504	S2-430490738	S2
S1-502288504	S2-34975790	S2
S1-502288504	S2-627360379	S2
S1-766893478	S2-409726115	S2
S1-766893478	S2-224980295	S2
S1-766893478	S2-929722075	S2
S1-766893478	S2-978606166	S2
S1-766893478	S2-135305339	S2
S1-766893478	S2-975023541	S2
S1-766893478	S2-777730349	S2
S1-766893478	S2-670948516	S2
S1-766893478	S2-794352292	S2
S1-766893478	S2-921202375	S2
S1-766893478	S2-8982199	S2
S1-766893478	S2-284919985	S2
S1-766893478	S2-791856232	S2
S1-766893478	S2-199235212	S2
S1-766893478	S2-964142099	S2
S1-285639517	S2-138051778	S2
S1-285639517	S2-619859806	S2
S1-285639517	S2-624920895	S2
S1-285639517	S2-384330461	S2
S1-285639517	S2-215134403	S2
S1-285639517	S2-481306942	S2
S1-285639517	S2-280468346	S2
S1-285639517	S2-181566415	S2
S1-285639517	S2-648420391	S2
S1-285639517	S2-76243565	S2
S1-285639517	S2-374123528	S2
S1-285639517	S2-829124015	S2
S1-285639517	S2-220286148	S2
S1-285639517	S2-407432333	S2
S1-285639517	S2-79818405	S2
S1-161638253	S2-471977441	S2
S1-161638253	S2-50513846	S2
S1-161638253	S2-225823147	S2
S1-161638253	S2-929722075	S2
S1-161638253	S2-574121799	S2
S1-161638253	S2-692022593	S2
S1-161638253	S2-715327535	S2
S1-161638253	S2-892909897	S2
S1-161638253	S2-399391347	S2
S1-161638253	S2-378780545	S2
S1-161638253	S2-52846978	S2
S1-161638253	S2-394565864	S2
S1-161638253	S2-75129136	S2
S1-161638253	S2-828872229	S2
S1-161638253	S2-349666272	S2
S1-902552291	S2-156460390	S2
S1-902552291	S2-219432880	S2
S1-902552291	S2-9614101	S2
S1-902552291	S2-727570982	S2
S1-902552291	S2-527521763	S2
S1-902552291	S2-213874601	S2
S1-902552291	S2-190642185	S2
S1-902552291	S2-332453876	S2
S1-902552291	S2-629086028	S2
S1-902552291	S2-665652910	S2
S1-902552291	S2-775099408	S2
S1-902552291	S2-598068208	S2
S1-902552291	S2-241868453	S2
S1-902552291	S2-212279628	S2
S1-902552291	S2-164651728	S2
S1-773968745	S2-835381673	S2
S1-773968745	S2-65301879	S2
S1-773968745	S2-801352391	S2
S1-773968745	S2-784592218	S2
S1-773968745	S2-937987341	S2
S1-773968745	S2-358052714	S2
S1-773968745	S2-801254519	S2
S1-773968745	S2-747561379	S2
S1-773968745	S2-15365332	S2
S1-773968745	S2-125297289	S2
S1-773968745	S2-777367118	S2
S1-773968745	S2-879330978	S2
S1-773968745	S2-309042378	S2
S1-773968745	S2-708389947	S2
S1-773968745	S2-500096956	S2
S1-716831720	S2-110084330	S2
S1-716831720	S2-748545907	S2
S1-716831720	S2-625899005	S2
S1-716831720	S2-808487588	S2
S1-716831720	S2-607423444	S2
S1-716831720	S2-333989418	S2
S1-716831720	S2-264940990	S2
S1-716831720	S2-358237238	S2
S1-716831720	S2-944030245	S2
S1-716831720	S2-205132293	S2
S1-716831720	S2-67201778	S2
S1-716831720	S2-800694119	S2
S1-716831720	S2-164039123	S2
S1-716831720	S2-640987463	S2
S1-716831720	S2-665573717	S2
S1-800528107	S2-823434500	S2
S1-800528107	S2-674315309	S2
S1-800528107	S2-597331429	S2
S1-800528107	S2-409726115	S2
S1-800528107	S2-623705967	S2
S1-800528107	S2-51424319	S2
S1-800528107	S2-510383940	S2
S1-800528107	S2-202159021	S2
S1-800528107	S2-417277947	S2
S1-800528107	S2-516871248	S2
S1-800528107	S2-560818510	S2
S1-800528107	S2-25787219	S2
S1-800528107	S2-989158977	S2
S1-800528107	S2-904673479	S2
S1-800528107	S2-802873219	S2
S1-981346708	S2-565543920	S2
S1-981346708	S2-982950235	S2
S1-981346708	S2-455209026	S2
S1-981346708	S2-344354613	S2
S1-981346708	S2-903626837	S2
S1-981346708	S2-190103142	S2
S1-981346708	S2-946002985	S2
S1-981346708	S2-907018183	S2
S1-981346708	S2-892880098	S2
S1-981346708	S2-199635728	S2
S1-981346708	S2-79488526	S2
S1-981346708	S2-569860965	S2
S1-981346708	S2-324372014	S2
S1-981346708	S2-164651728	S2
S1-981346708	S2-136305349	S2
S1-653120802	S2-963646032	S2
S1-653120802	S2-568951817	S2
S1-653120802	S2-537858187	S2
S1-653120802	S2-751588111	S2
S1-653120802	S2-838493982	S2
S1-653120802	S2-459018782	S2
S1-653120802	S2-658037794	S2
S1-653120802	S2-326946504	S2
S1-653120802	S2-222745864	S2
S1-653120802	S2-469073813	S2
S1-653120802	S2-335038001	S2
S1-653120802	S2-210601194	S2
S1-653120802	S2-369713330	S2
S1-653120802	S2-859393404	S2
S1-653120802	S2-630688873	S2
S1-303487417	S2-816119025	S2
S1-303487417	S2-133252993	S2
S1-303487417	S2-622064104	S2
S1-303487417	S2-93682954	S2
S1-303487417	S2-300552236	S2
S1-303487417	S2-9622708	S2
S1-303487417	S2-400230753	S2
S1-303487417	S2-177471665	S2
S1-303487417	S2-938612654	S2
S1-303487417	S2-484254734	S2
S1-303487417	S2-29108033	S2
S1-303487417	S2-910212980	S2
S1-303487417	S2-155636061	S2
S1-303487417	S2-971491700	S2
S1-303487417	S2-438972703	S2
S1-515548222	S2-632851303	S2
S1-515548222	S2-710175093	S2
S1-515548222	S2-47799063	S2
S1-515548222	S2-996428837	S2
S1-515548222	S2-848687795	S2
S1-515548222	S2-937987341	S2
S1-515548222	S2-57375033	S2
S1-515548222	S2-566356754	S2
S1-515548222	S2-358052714	S2
S1-515548222	S2-962270896	S2
S1-515548222	S2-328900052	S2
S1-515548222	S2-344591721	S2
S1-515548222	S2-561796765	S2
S1-515548222	S2-698001157	S2
S1-515548222	S2-359710026	S2
S1-325049602	S2-808728262	S2
S1-325049602	S2-676382349	S2
S1-325049602	S2-137335733	S2
S1-325049602	S2-840538759	S2
S1-325049602	S2-748325649	S2
S1-325049602	S2-642367103	S2
S1-325049602	S2-882915480	S2
S1-325049602	S2-192695882	S2
S1-325049602	S2-205132293	S2
S1-325049602	S2-592650888	S2
S1-325049602	S2-492444908	S2
S1-325049602	S2-597159535	S2
S1-325049602	S2-814955870	S2
S1-325049602	S2-981550471	S2
S1-325049602	S2-810843780	S2
S1-881015038	S2-337572515	S2
S1-881015038	S2-712777388	S2
S1-881015038	S2-769858942	S2
S1-881015038	S2-833227760	S2
S1-881015038	S2-395800668	S2
S1-881015038	S2-539943184	S2
S1-881015038	S2-380743763	S2
S1-881015038	S2-534318812	S2
S1-881015038	S2-810915319	S2
S1-881015038	S2-673822670	S2
S1-881015038	S2-3914789	S2
S1-881015038	S2-875461623	S2
S1-881015038	S2-17360295	S2
S1-881015038	S2-826516454	S2
S1-881015038	S2-609292694	S2
S1-333207746	S2-859726068	S2
S1-333207746	S2-857627805	S2
S1-333207746	S2-426439815	S2
S1-333207746	S2-879030047	S2
S1-333207746	S2-277830258	S2
S1-333207746	S2-774048672	S2
S1-333207746	S2-998885968	S2
S1-333207746	S2-927235908	S2
S1-333207746	S2-741639927	S2
S1-333207746	S2-402816014	S2
S1-333207746	S2-811863966	S2
S1-333207746	S2-833900025	S2
S1-333207746	S2-40746806	S2
S1-333207746	S2-721241427	S2
S1-333207746	S2-662221399	S2
S1-994904668	S2-570843710	S2
S1-994904668	S2-185148108	S2
S1-994904668	S2-52425118	S2
S1-994904668	S2-966985435	S2
S1-994904668	S2-991843540	S2
S1-994904668	S2-503045539	S2
S1-994904668	S2-755671955	S2
S1-994904668	S2-161592048	S2
S1-994904668	S2-519912199	S2
S1-994904668	S2-623031574	S2
S1-994904668	S2-830797725	S2
S1-994904668	S2-847374839	S2
S1-994904668	S2-789711070	S2
S1-994904668	S2-518185574	S2
S1-994904668	S2-490251737	S2
S1-300116004	S2-405784926	S2
S1-300116004	S2-701906667	S2
S1-300116004	S2-383539909	S2
S1-300116004	S2-779197401	S2
S1-300116004	S2-780872035	S2
S1-300116004	S2-841152676	S2
S1-300116004	S2-944555126	S2
S1-300116004	S2-564502430	S2
S1-300116004	S2-610308265	S2
S1-300116004	S2-931263231	S2
S1-300116004	S2-813862982	S2
S1-300116004	S2-841041204	S2
S1-300116004	S2-820079347	S2
S1-300116004	S2-220948169	S2
S1-300116004	S2-371850661	S2
S1-9379136	S2-71161222	S2
S1-9379136	S2-512382393	S2
S1-9379136	S2-905737147	S2
S1-9379136	S2-421518911	S2
S1-9379136	S2-426632654	S2
S1-9379136	S2-476751021	S2
S1-9379136	S2-544612526	S2
S1-9379136	S2-223741344	S2
S1-9379136	S2-387930936	S2
S1-9379136	S2-512950951	S2
S1-9379136	S2-178867720	S2
S1-9379136	S2-660059542	S2
S1-9379136	S2-970558196	S2
S1-9379136	S2-595795733	S2
S1-9379136	S2-236789268	S2
S1-643953045	S2-413464764	S2
S1-643953045	S2-321785710	S2
S1-643953045	S2-459481005	S2
S1-643953045	S2-444139007	S2
S1-643953045	S2-406091061	S2
S1-643953045	S2-877085471	S2
S1-643953045	S2-674991742	S2
S1-643953045	S2-834563673	S2
S1-643953045	S2-405089580	S2
S1-643953045	S2-454761179	S2
S1-643953045	S2-438678740	S2
S1-643953045	S2-888030033	S2
S1-643953045	S2-444467356	S2
S1-643953045	S2-889017900	S2
S1-643953045	S2-500008641	S2
S1-2092817	S2-452973108	S2
S1-2092817	S2-646080124	S2
S1-2092817	S2-841152676	S2
S1-2092817	S2-862759276	S2
S1-2092817	S2-296598302	S2
S1-2092817	S2-780872035	S2
S1-2092817	S2-371850661	S2
S1-2092817	S2-813862982	S2
S1-2092817	S2-532776476	S2
S1-2092817	S2-220948169	S2
S1-2092817	S2-944555126	S2
S1-2092817	S2-564502430	S2
S1-2092817	S2-820079347	S2
S1-2092817	S2-701906667	S2
S1-2092817	S2-959693129	S2
S1-595315008	S2-237416325	S2
S1-595315008	S2-202910951	S2
S1-595315008	S2-564502430	S2
S1-595315008	S2-932626440	S2
S1-595315008	S2-678788003	S2
S1-595315008	S2-161047745	S2
S1-595315008	S2-327738915	S2
S1-595315008	S2-780872035	S2
S1-595315008	S2-486049201	S2
S1-595315008	S2-103317508	S2
S1-595315008	S2-814955870	S2
S1-595315008	S2-181962832	S2
S1-595315008	S2-213208828	S2
S1-595315008	S2-997592409	S2
S1-595315008	S2-404431253	S2
S1-336067611	S2-423447509	S2
S1-336067611	S2-430193699	S2
S1-336067611	S2-764329448	S2
S1-336067611	S2-425201806	S2
S1-336067611	S2-161990650	S2
S1-336067611	S2-212582677	S2
S1-336067611	S2-474056246	S2
S1-336067611	S2-591448531	S2
S1-336067611	S2-293477711	S2
S1-336067611	S2-114121811	S2
S1-336067611	S2-492879191	S2
S1-336067611	S2-687591963	S2
S1-336067611	S2-824783934	S2
S1-336067611	S2-495084719	S2
S1-336067611	S2-923595204	S2
S1-590576171	S2-426439815	S2
S1-590576171	S2-617467150	S2
S1-590576171	S2-311198605	S2
S1-590576171	S2-961093381	S2
S1-590576171	S2-684635925	S2
S1-590576171	S2-878003016	S2
S1-590576171	S2-939131514	S2
S1-590576171	S2-75150479	S2
S1-590576171	S2-730043743	S2
S1-590576171	S2-419605789	S2
S1-590576171	S2-459061465	S2
S1-590576171	S2-717546	S2
S1-590576171	S2-92758088	S2
S1-590576171	S2-82665539	S2
S1-590576171	S2-731531571	S2
S1-590815515	S2-155574448	S2
S1-590815515	S2-665652910	S2
S1-590815515	S2-646087320	S2
S1-590815515	S2-609911019	S2
S1-590815515	S2-813611214	S2
S1-590815515	S2-141023155	S2
S1-590815515	S2-797857062	S2
S1-590815515	S2-455830760	S2
S1-590815515	S2-4675625	S2
S1-590815515	S2-421540927	S2
S1-590815515	S2-459061465	S2
S1-590815515	S2-121759397	S2
S1-590815515	S2-895944134	S2
S1-590815515	S2-850499815	S2
S1-590815515	S2-837096453	S2
S1-613642244	S2-699391872	S2
S1-613642244	S2-727900448	S2
S1-613642244	S2-364022164	S2
S1-613642244	S2-961093381	S2
S1-613642244	S2-426439815	S2
S1-613642244	S2-939131514	S2
S1-613642244	S2-539726746	S2
S1-613642244	S2-420385975	S2
S1-613642244	S2-357857285	S2
S1-613642244	S2-471521279	S2
S1-613642244	S2-529342473	S2
S1-613642244	S2-332453876	S2
S1-613642244	S2-474827065	S2
S1-613642244	S2-182591175	S2
S1-613642244	S2-877559598	S2
S1-702336597	S2-918655668	S2
S1-702336597	S2-17860697	S2
S1-702336597	S2-675296997	S2
S1-702336597	S2-925511054	S2
S1-702336597	S2-703267220	S2
S1-702336597	S2-822346901	S2
S1-702336597	S2-718979866	S2
S1-702336597	S2-225100350	S2
S1-702336597	S2-254788701	S2
S1-702336597	S2-461563520	S2
S1-702336597	S2-630651352	S2
S1-702336597	S2-438753836	S2
S1-702336597	S2-418380949	S2
S1-702336597	S2-228779604	S2
S1-702336597	S2-263273654	S2
S1-391842573	S2-447441433	S2
S1-391842573	S2-142031854	S2
S1-391842573	S2-537847103	S2
S1-391842573	S2-362105495	S2
S1-391842573	S2-281482759	S2
S1-391842573	S2-699134996	S2
S1-391842573	S2-620463310	S2
S1-391842573	S2-222042072	S2
S1-391842573	S2-160208970	S2
S1-391842573	S2-698019235	S2
S1-391842573	S2-158606915	S2
S1-391842573	S2-15514991	S2
S1-391842573	S2-529125623	S2
S1-391842573	S2-722247491	S2
S1-391842573	S2-704012671	S2
S1-622939145	S2-865413129	S2
S1-622939145	S2-992631178	S2
S1-622939145	S2-492444908	S2
S1-622939145	S2-315281031	S2
S1-622939145	S2-165930564	S2
S1-622939145	S2-734058456	S2
S1-622939145	S2-43889792	S2
S1-622939145	S2-317560138	S2
S1-622939145	S2-813957984	S2
S1-622939145	S2-529867680	S2
S1-622939145	S2-554610011	S2
S1-622939145	S2-87980826	S2
S1-622939145	S2-683131470	S2
S1-622939145	S2-125254201	S2
S1-622939145	S2-67633039	S2
S1-56835737	S2-582180107	S2
S1-56835737	S2-744973568	S2
S1-56835737	S2-288004005	S2
S1-56835737	S2-935425652	S2
S1-56835737	S2-241726445	S2
S1-56835737	S2-558752020	S2
S1-56835737	S2-127690578	S2
S1-56835737	S2-773750717	S2
S1-56835737	S2-179181266	S2
S1-56835737	S2-315291297	S2
S1-56835737	S2-237499913	S2
S1-56835737	S2-371168439	S2
S1-56835737	S2-541570442	S2
S1-56835737	S2-578129330	S2
S1-56835737	S2-582629579	S2
S1-66358218	S2-796679719	S2
S1-66358218	S2-212582677	S2
S1-66358218	S2-173181959	S2
S1-66358218	S2-779197401	S2
S1-66358218	S2-462526248	S2
S1-66358218	S2-570512018	S2
S1-66358218	S2-765237014	S2
S1-66358218	S2-507152762	S2
S1-66358218	S2-436973961	S2
S1-66358218	S2-323747399	S2
S1-66358218	S2-262031736	S2
S1-66358218	S2-665500858	S2
S1-66358218	S2-142142252	S2
S1-66358218	S2-67863065	S2
S1-66358218	S2-997019475	S2
S1-449072502	S2-762096507	S2
S1-449072502	S2-929614987	S2
S1-449072502	S2-293675262	S2
S1-449072502	S2-660467546	S2
S1-449072502	S2-314926539	S2
S1-449072502	S2-693296247	S2
S1-449072502	S2-868574975	S2
S1-449072502	S2-981550471	S2
S1-449072502	S2-539943184	S2
S1-449072502	S2-291868119	S2
S1-449072502	S2-566309986	S2
S1-449072502	S2-494828371	S2
S1-449072502	S2-791990398	S2
S1-449072502	S2-196587307	S2
S1-449072502	S2-370549501	S2
S1-419148679	S2-712777388	S2
S1-419148679	S2-274109622	S2
S1-419148679	S2-936893839	S2
S1-419148679	S2-880076532	S2
S1-419148679	S2-534318812	S2
S1-419148679	S2-673822670	S2
S1-419148679	S2-513743270	S2
S1-419148679	S2-810915319	S2
S1-419148679	S2-202910951	S2
S1-419148679	S2-9962270	S2
S1-419148679	S2-557541533	S2
S1-419148679	S2-941130626	S2
S1-419148679	S2-834353592	S2
S1-419148679	S2-325615566	S2
S1-419148679	S2-609292694	S2
S1-408130216	S2-138051778	S2
S1-408130216	S2-307599169	S2
S1-408130216	S2-362776689	S2
S1-408130216	S2-246621020	S2
S1-408130216	S2-220286148	S2
S1-408130216	S2-648420391	S2
S1-408130216	S2-230184729	S2
S1-408130216	S2-414238106	S2
S1-408130216	S2-711267664	S2
S1-408130216	S2-706697011	S2
S1-408130216	S2-403364722	S2
S1-408130216	S2-797821871	S2
S1-408130216	S2-814052487	S2
S1-408130216	S2-885381494	S2
S1-408130216	S2-672381387	S2
S1-960126068	S2-432687019	S2
S1-960126068	S2-259053443	S2
S1-960126068	S2-475706495	S2
S1-960126068	S2-780354672	S2
S1-960126068	S2-411345119	S2
S1-960126068	S2-520587790	S2
S1-960126068	S2-884135049	S2
S1-960126068	S2-646080124	S2
S1-960126068	S2-200925331	S2
S1-960126068	S2-747466359	S2
S1-960126068	S2-498279964	S2
S1-960126068	S2-831064278	S2
S1-960126068	S2-604564398	S2
S1-960126068	S2-138068334	S2
S1-960126068	S2-99260087	S2
S1-492536604	S2-822482083	S2
S1-492536604	S2-358578952	S2
S1-492536604	S2-195373941	S2
S1-492536604	S2-597243519	S2
S1-492536604	S2-876721131	S2
S1-492536604	S2-683872853	S2
S1-492536604	S2-726732611	S2
S1-492536604	S2-183050312	S2
S1-492536604	S2-731588087	S2
S1-492536604	S2-235976983	S2
S1-492536604	S2-537803499	S2
S1-492536604	S2-861758392	S2
S1-492536604	S2-252321761	S2
S1-492536604	S2-319667672	S2
S1-492536604	S2-459758045	S2
S1-534520678	S2-296598302	S2
S1-534520678	S2-625682061	S2
S1-534520678	S2-631547814	S2
S1-534520678	S2-809086049	S2
S1-534520678	S2-985114164	S2
S1-534520678	S2-939739824	S2
S1-534520678	S2-995335581	S2
S1-534520678	S2-793479348	S2
S1-534520678	S2-175456325	S2
S1-534520678	S2-170548497	S2
S1-534520678	S2-362105495	S2
S1-534520678	S2-910212980	S2
S1-534520678	S2-126411084	S2
S1-534520678	S2-142031854	S2
S1-534520678	S2-7418163	S2
S1-439990641	S2-792661362	S2
S1-439990641	S2-862482272	S2
S1-439990641	S2-198938800	S2
S1-439990641	S2-585698283	S2
S1-439990641	S2-102286733	S2
S1-439990641	S2-312533710	S2
S1-439990641	S2-487988118	S2
S1-439990641	S2-612768292	S2
S1-439990641	S2-814881099	S2
S1-439990641	S2-880764652	S2
S1-439990641	S2-760621281	S2
S1-439990641	S2-156460390	S2
S1-439990641	S2-184993338	S2
S1-439990641	S2-937234624	S2
S1-439990641	S2-544365657	S2
S1-300521665	S2-195768351	S2
S1-300521665	S2-471521279	S2
S1-300521665	S2-590757045	S2
S1-300521665	S2-420385975	S2
S1-300521665	S2-891950002	S2
S1-300521665	S2-468700275	S2
S1-300521665	S2-727414171	S2
S1-300521665	S2-685689907	S2
S1-300521665	S2-187379771	S2
S1-300521665	S2-414895830	S2
S1-300521665	S2-580017481	S2
S1-300521665	S2-35411465	S2
S1-300521665	S2-937509955	S2
S1-300521665	S2-566676508	S2
S1-300521665	S2-248392702	S2
S1-31462693	S2-170981970	S2
S1-31462693	S2-49461175	S2
S1-31462693	S2-518011514	S2
S1-31462693	S2-121549347	S2
S1-31462693	S2-681384833	S2
S1-31462693	S2-595414933	S2
S1-31462693	S2-692356310	S2
S1-31462693	S2-723550919	S2
S1-31462693	S2-400132919	S2
S1-31462693	S2-736654053	S2
S1-31462693	S2-988228866	S2
S1-31462693	S2-222024725	S2
S1-31462693	S2-97346546	S2
S1-31462693	S2-846535978	S2
S1-31462693	S2-381785440	S2
S1-560848017	S2-467948188	S2
S1-560848017	S2-982950235	S2
S1-560848017	S2-149854075	S2
S1-560848017	S2-331142396	S2
S1-560848017	S2-776942202	S2
S1-560848017	S2-6795460	S2
S1-560848017	S2-136305349	S2
S1-560848017	S2-599195929	S2
S1-560848017	S2-946002985	S2
S1-560848017	S2-877745187	S2
S1-560848017	S2-21859479	S2
S1-560848017	S2-932843757	S2
S1-560848017	S2-182955632	S2
S1-560848017	S2-902147205	S2
S1-560848017	S2-152104014	S2
S1-356820551	S2-727900448	S2
S1-356820551	S2-537997029	S2
S1-356820551	S2-130736404	S2
S1-356820551	S2-278254185	S2
S1-356820551	S2-307414093	S2
S1-356820551	S2-123315323	S2
S1-356820551	S2-449578781	S2
S1-356820551	S2-276431458	S2
S1-356820551	S2-417090507	S2
S1-356820551	S2-832052225	S2
S1-356820551	S2-674589163	S2
S1-356820551	S2-354091917	S2
S1-356820551	S2-47852966	S2
S1-356820551	S2-848582954	S2
S1-356820551	S2-353872072	S2
S1-346159233	S2-200200363	S2
S1-346159233	S2-509764556	S2
S1-346159233	S2-372789171	S2
S1-346159233	S2-111192912	S2
S1-346159233	S2-503829652	S2
S1-346159233	S2-553297806	S2
S1-346159233	S2-584188304	S2
S1-346159233	S2-3987022	S2
S1-346159233	S2-844267085	S2
S1-346159233	S2-124970234	S2
S1-346159233	S2-85446560	S2
S1-346159233	S2-712777388	S2
S1-346159233	S2-815524559	S2
S1-346159233	S2-937072190	S2
S1-346159233	S2-248267062	S2
S1-816183362	S2-622064104	S2
S1-816183362	S2-177471665	S2
S1-816183362	S2-9622708	S2
S1-816183362	S2-137658355	S2
S1-816183362	S2-136113375	S2
S1-816183362	S2-290146361	S2
S1-816183362	S2-159472146	S2
S1-816183362	S2-845362212	S2
S1-816183362	S2-693383953	S2
S1-816183362	S2-211389639	S2
S1-816183362	S2-358578952	S2
S1-816183362	S2-895531443	S2
S1-816183362	S2-598788762	S2
S1-816183362	S2-992673515	S2
S1-816183362	S2-345917206	S2
S1-650567133	S2-504223867	S2
S1-650567133	S2-592359559	S2
S1-650567133	S2-391886434	S2
S1-650567133	S2-720490901	S2
S1-650567133	S2-9550244	S2
S1-650567133	S2-286201851	S2
S1-650567133	S2-166606349	S2
S1-650567133	S2-558654912	S2
S1-650567133	S2-213470723	S2
S1-650567133	S2-908490642	S2
S1-650567133	S2-510293809	S2
S1-650567133	S2-568026492	S2
S1-650567133	S2-775168980	S2
S1-650567133	S2-328308841	S2
S1-650567133	S2-878375690	S2
S1-520813789	S2-77419070	S2
S1-520813789	S2-771685137	S2
S1-520813789	S2-99468652	S2
S1-520813789	S2-848946610	S2
S1-520813789	S2-846262463	S2
S1-520813789	S2-265891218	S2
S1-520813789	S2-800014563	S2
S1-520813789	S2-402548315	S2
S1-520813789	S2-788754887	S2
S1-520813789	S2-873177396	S2
S1-520813789	S2-726045392	S2
S1-520813789	S2-242582700	S2
S1-520813789	S2-135305339	S2
S1-520813789	S2-620110385	S2
S1-520813789	S2-335124172	S2
S1-734659223	S2-358052714	S2
S1-734659223	S2-59175936	S2
S1-734659223	S2-43091282	S2
S1-734659223	S2-778792105	S2
S1-734659223	S2-643741452	S2
S1-734659223	S2-811863966	S2
S1-734659223	S2-453455590	S2
S1-734659223	S2-879330978	S2
S1-734659223	S2-586067025	S2
S1-734659223	S2-565976380	S2
S1-734659223	S2-801352391	S2
S1-734659223	S2-3987022	S2
S1-734659223	S2-519513908	S2
S1-734659223	S2-125297289	S2
S1-734659223	S2-526991413	S2
S1-635466493	S2-582458634	S2
S1-635466493	S2-249179392	S2
S1-635466493	S2-302833544	S2
S1-635466493	S2-105671746	S2
S1-635466493	S2-979303211	S2
S1-635466493	S2-206775978	S2
S1-635466493	S2-463704151	S2
S1-635466493	S2-779197401	S2
S1-635466493	S2-132895527	S2
S1-635466493	S2-718800703	S2
S1-635466493	S2-145624152	S2
S1-635466493	S2-944147628	S2
S1-635466493	S2-98658177	S2
S1-635466493	S2-558505389	S2
S1-635466493	S2-570512018	S2
S1-745775319	S2-796310966	S2
S1-745775319	S2-265891218	S2
S1-745775319	S2-75711327	S2
S1-745775319	S2-771685137	S2
S1-745775319	S2-846262463	S2
S1-745775319	S2-33105288	S2
S1-745775319	S2-873177396	S2
S1-745775319	S2-402548315	S2
S1-745775319	S2-726045392	S2
S1-745775319	S2-242582700	S2
S1-745775319	S2-157856390	S2
S1-745775319	S2-335124172	S2
S1-745775319	S2-165930564	S2
S1-745775319	S2-455209026	S2
S1-745775319	S2-788754887	S2
S1-93708993	S2-284994286	S2
S1-93708993	S2-824972458	S2
S1-93708993	S2-942849471	S2
S1-93708993	S2-175865714	S2
S1-93708993	S2-721241427	S2
S1-93708993	S2-662221399	S2
S1-93708993	S2-330251499	S2
S1-93708993	S2-741639927	S2
S1-93708993	S2-843071321	S2
S1-93708993	S2-62736893	S2
S1-93708993	S2-884331770	S2
S1-93708993	S2-608615424	S2
S1-93708993	S2-202081914	S2
S1-93708993	S2-720782740	S2
S1-93708993	S2-143084362	S2
S1-523999331	S2-241868453	S2
S1-523999331	S2-916238268	S2
S1-523999331	S2-916020939	S2
S1-523999331	S2-177471665	S2
S1-523999331	S2-806329868	S2
S1-523999331	S2-471521279	S2
S1-523999331	S2-317647861	S2
S1-523999331	S2-670948516	S2
S1-523999331	S2-288287673	S2
S1-523999331	S2-161990650	S2
S1-523999331	S2-454082161	S2
S1-523999331	S2-453455590	S2
S1-523999331	S2-825374035	S2
S1-523999331	S2-348093874	S2
S1-523999331	S2-738629358	S2
S1-778830470	S2-248578795	S2
S1-778830470	S2-754789254	S2
S1-778830470	S2-822714622	S2
S1-778830470	S2-657247851	S2
S1-778830470	S2-43091282	S2
S1-778830470	S2-200288263	S2
S1-778830470	S2-72591393	S2
S1-778830470	S2-966985435	S2
S1-778830470	S2-936893839	S2
S1-778830470	S2-729058852	S2
S1-778830470	S2-564306170	S2
S1-778830470	S2-125254201	S2
S1-778830470	S2-821383594	S2
S1-778830470	S2-559968500	S2
S1-778830470	S2-284919985	S2
S1-207827400	S2-570006860	S2
S1-207827400	S2-241291924	S2
S1-207827400	S2-967923960	S2
S1-207827400	S2-71201246	S2
S1-207827400	S2-746661573	S2
S1-207827400	S2-93729553	S2
S1-207827400	S2-375938862	S2
S1-207827400	S2-259053443	S2
S1-207827400	S2-385922466	S2
S1-207827400	S2-803294359	S2
S1-207827400	S2-748163379	S2
S1-207827400	S2-865353440	S2
S1-207827400	S2-91908767	S2
S1-207827400	S2-967508286	S2
S1-207827400	S2-243813488	S2
S1-360352734	S2-506682722	S2
S1-360352734	S2-945813340	S2
S1-360352734	S2-699391872	S2
S1-360352734	S2-256451765	S2
S1-360352734	S2-474346550	S2
S1-360352734	S2-695240341	S2
S1-360352734	S2-859393404	S2
S1-360352734	S2-391886434	S2
S1-360352734	S2-974639211	S2
S1-360352734	S2-426439815	S2
S1-360352734	S2-510293809	S2
S1-360352734	S2-772269040	S2
S1-360352734	S2-889904221	S2
S1-360352734	S2-84813397	S2
S1-360352734	S2-769510808	S2
S1-295624434	S2-834393948	S2
S1-295624434	S2-487436030	S2
S1-295624434	S2-339737852	S2
S1-295624434	S2-779723055	S2
S1-295624434	S2-356220463	S2
S1-295624434	S2-267714454	S2
S1-295624434	S2-165228168	S2
S1-295624434	S2-866295263	S2
S1-295624434	S2-608023861	S2
S1-295624434	S2-558752020	S2
S1-295624434	S2-923595204	S2
S1-295624434	S2-705088632	S2
S1-295624434	S2-842446266	S2
S1-295624434	S2-359684479	S2
S1-295624434	S2-922159873	S2
S1-521731996	S2-882459657	S2
S1-521731996	S2-318348932	S2
S1-521731996	S2-409726115	S2
S1-521731996	S2-164651728	S2
S1-521731996	S2-854377052	S2
S1-521731996	S2-978606166	S2
S1-521731996	S2-929722075	S2
S1-521731996	S2-670948516	S2
S1-521731996	S2-135305339	S2
S1-521731996	S2-975023541	S2
S1-521731996	S2-794352292	S2
S1-521731996	S2-921202375	S2
S1-521731996	S2-777730349	S2
S1-521731996	S2-8982199	S2
S1-521731996	S2-394314645	S2
S1-622874768	S2-820931640	S2
S1-622874768	S2-772249585	S2
S1-622874768	S2-371692381	S2
S1-622874768	S2-227749267	S2
S1-622874768	S2-867710047	S2
S1-622874768	S2-378867947	S2
S1-622874768	S2-699840570	S2
S1-622874768	S2-467121958	S2
S1-622874768	S2-748268413	S2
S1-622874768	S2-974623300	S2
S1-622874768	S2-398460096	S2
S1-622874768	S2-237375796	S2
S1-622874768	S2-802130222	S2
S1-622874768	S2-731588087	S2
S1-622874768	S2-876721131	S2
S1-790391714	S2-487136175	S2
S1-790391714	S2-362105495	S2
S1-790391714	S2-574996633	S2
S1-790391714	S2-358321743	S2
S1-790391714	S2-434742723	S2
S1-790391714	S2-326301027	S2
S1-790391714	S2-15514991	S2
S1-790391714	S2-685027145	S2
S1-790391714	S2-216377044	S2
S1-790391714	S2-847408459	S2
S1-790391714	S2-202135780	S2
S1-790391714	S2-295065312	S2
S1-790391714	S2-564916390	S2
S1-790391714	S2-912812990	S2
S1-790391714	S2-448548244	S2
S1-617582034	S2-534832831	S2
S1-617582034	S2-889904221	S2
S1-617582034	S2-741639927	S2
S1-617582034	S2-518525663	S2
S1-617582034	S2-150746027	S2
S1-617582034	S2-635228641	S2
S1-617582034	S2-143232725	S2
S1-617582034	S2-956608424	S2
S1-617582034	S2-964240180	S2
S1-617582034	S2-468700275	S2
S1-617582034	S2-802129140	S2
S1-617582034	S2-669879950	S2
S1-617582034	S2-859393404	S2
S1-617582034	S2-30830908	S2
S1-617582034	S2-871533737	S2
S1-612605958	S2-918655668	S2
S1-612605958	S2-837663921	S2
S1-612605958	S2-789711070	S2
S1-612605958	S2-570512018	S2
S1-612605958	S2-369116881	S2
S1-612605958	S2-447785689	S2
S1-612605958	S2-220948169	S2
S1-612605958	S2-466601080	S2
S1-612605958	S2-391281368	S2
S1-612605958	S2-946872072	S2
S1-612605958	S2-653376534	S2
S1-612605958	S2-908490642	S2
S1-612605958	S2-371850661	S2
S1-612605958	S2-420385975	S2
S1-612605958	S2-369159065	S2
S1-305783479	S2-426439815	S2
S1-305783479	S2-175865714	S2
S1-305783479	S2-39401964	S2
S1-305783479	S2-402816014	S2
S1-305783479	S2-741639927	S2
S1-305783479	S2-811863966	S2
S1-305783479	S2-833900025	S2
S1-305783479	S2-40746806	S2
S1-305783479	S2-92868774	S2
S1-305783479	S2-371850661	S2
S1-305783479	S2-721241427	S2
S1-305783479	S2-662221399	S2
S1-305783479	S2-232484718	S2
S1-305783479	S2-69559356	S2
S1-305783479	S2-256286125	S2
S1-703201622	S2-177918546	S2
S1-703201622	S2-937734462	S2
S1-703201622	S2-546920738	S2
S1-703201622	S2-567837097	S2
S1-703201622	S2-637317501	S2
S1-703201622	S2-750473552	S2
S1-703201622	S2-794174587	S2
S1-703201622	S2-810623833	S2
S1-703201622	S2-395489902	S2
S1-703201622	S2-561625161	S2
S1-703201622	S2-22805370	S2
S1-703201622	S2-362776689	S2
S1-703201622	S2-496765251	S2
S1-703201622	S2-54240116	S2
S1-703201622	S2-427111019	S2
S1-170295653	S2-886131666	S2
S1-170295653	S2-26930111	S2
S1-170295653	S2-852115447	S2
S1-170295653	S2-942493091	S2
S1-170295653	S2-234262247	S2
S1-170295653	S2-299640307	S2
S1-170295653	S2-443406741	S2
S1-170295653	S2-741940589	S2
S1-170295653	S2-539726746	S2
S1-170295653	S2-800098684	S2
S1-170295653	S2-645024489	S2
S1-170295653	S2-809775998	S2
S1-170295653	S2-31971701	S2
S1-170295653	S2-881342723	S2
S1-170295653	S2-252697289	S2
S1-642101524	S2-185692593	S2
S1-642101524	S2-290146361	S2
S1-642101524	S2-642921016	S2
S1-642101524	S2-316224656	S2
S1-642101524	S2-500350498	S2
S1-642101524	S2-159472146	S2
S1-642101524	S2-845362212	S2
S1-642101524	S2-693383953	S2
S1-642101524	S2-211389639	S2
S1-642101524	S2-895531443	S2
S1-642101524	S2-358578952	S2
S1-642101524	S2-965204047	S2
S1-642101524	S2-598788762	S2
S1-642101524	S2-992673515	S2
S1-642101524	S2-345917206	S2
S1-718013009	S2-877085471	S2
S1-718013009	S2-635228641	S2
S1-718013009	S2-74992830	S2
S1-718013009	S2-332453876	S2
S1-718013009	S2-369458829	S2
S1-718013009	S2-923853202	S2
S1-718013009	S2-727570982	S2
S1-718013009	S2-743455401	S2
S1-718013009	S2-918074562	S2
S1-718013009	S2-459758045	S2
S1-718013009	S2-223493773	S2
S1-718013009	S2-154655572	S2
S1-718013009	S2-619748319	S2
S1-718013009	S2-102704852	S2
S1-718013009	S2-991457427	S2
S1-379512171	S2-975023541	S2
S1-379512171	S2-882459657	S2
S1-379512171	S2-409726115	S2
S1-379512171	S2-704269513	S2
S1-379512171	S2-777730349	S2
S1-379512171	S2-736787326	S2
S1-379512171	S2-164651728	S2
S1-379512171	S2-8982199	S2
S1-379512171	S2-978606166	S2
S1-379512171	S2-794352292	S2
S1-379512171	S2-921202375	S2
S1-379512171	S2-294219540	S2
S1-379512171	S2-368478519	S2
S1-379512171	S2-665573717	S2
S1-379512171	S2-952329168	S2
S1-317854633	S2-604564398	S2
S1-317854633	S2-450445631	S2
S1-317854633	S2-450648359	S2
S1-317854633	S2-994612767	S2
S1-317854633	S2-411345119	S2
S1-317854633	S2-520587790	S2
S1-317854633	S2-170119635	S2
S1-317854633	S2-447441433	S2
S1-317854633	S2-222042072	S2
S1-317854633	S2-706527843	S2
S1-317854633	S2-965204047	S2
S1-317854633	S2-129637001	S2
S1-317854633	S2-831064278	S2
S1-317854633	S2-138068334	S2
S1-317854633	S2-99260087	S2
S1-6381641	S2-475170125	S2
S1-6381641	S2-198163085	S2
S1-6381641	S2-886987750	S2
S1-6381641	S2-258085782	S2
S1-6381641	S2-510931175	S2
S1-6381641	S2-848878443	S2
S1-6381641	S2-796310966	S2
S1-6381641	S2-949845335	S2
S1-6381641	S2-739603930	S2
S1-6381641	S2-502406312	S2
S1-6381641	S2-444452024	S2
S1-6381641	S2-846975420	S2
S1-6381641	S2-304667963	S2
S1-6381641	S2-861414287	S2
S1-6381641	S2-275292871	S2
S1-705987662	S2-859393404	S2
S1-705987662	S2-30830908	S2
S1-705987662	S2-867358397	S2
S1-705987662	S2-956132872	S2
S1-705987662	S2-326946504	S2
S1-705987662	S2-630688873	S2
S1-705987662	S2-335038001	S2
S1-705987662	S2-180999100	S2
S1-705987662	S2-532020500	S2
S1-705987662	S2-210601194	S2
S1-705987662	S2-469073813	S2
S1-705987662	S2-213099480	S2
S1-705987662	S2-684635925	S2
S1-705987662	S2-838493982	S2
S1-705987662	S2-568951817	S2
S1-737171527	S2-97346546	S2
S1-737171527	S2-510383940	S2
S1-737171527	S2-597331429	S2
S1-737171527	S2-560818510	S2
S1-737171527	S2-33228405	S2
S1-737171527	S2-711267664	S2
S1-737171527	S2-25787219	S2
S1-737171527	S2-706697011	S2
S1-737171527	S2-802873219	S2
S1-737171527	S2-403364722	S2
S1-737171527	S2-797821871	S2
S1-737171527	S2-814052487	S2
S1-737171527	S2-885381494	S2
S1-737171527	S2-215134403	S2
S1-737171527	S2-672381387	S2
S1-968656774	S2-529318908	S2
S1-968656774	S2-12970251	S2
S1-968656774	S2-474346550	S2
S1-968656774	S2-506682722	S2
S1-968656774	S2-945813340	S2
S1-968656774	S2-256451765	S2
S1-968656774	S2-695240341	S2
S1-968656774	S2-391886434	S2
S1-968656774	S2-859393404	S2
S1-968656774	S2-426439815	S2
S1-968656774	S2-699391872	S2
S1-968656774	S2-772269040	S2
S1-968656774	S2-889904221	S2
S1-968656774	S2-84813397	S2
S1-968656774	S2-693367857	S2
S1-892577020	S2-747793486	S2
S1-892577020	S2-207084937	S2
S1-892577020	S2-253799125	S2
S1-892577020	S2-516946324	S2
S1-892577020	S2-911982345	S2
S1-892577020	S2-514200750	S2
S1-892577020	S2-937509955	S2
S1-892577020	S2-660113658	S2
S1-892577020	S2-662107705	S2
S1-892577020	S2-644844275	S2
S1-892577020	S2-505041950	S2
S1-892577020	S2-68402423	S2
S1-892577020	S2-349365849	S2
S1-892577020	S2-448967653	S2
S1-892577020	S2-921362349	S2
S1-830790643	S2-33105288	S2
S1-830790643	S2-607423444	S2
S1-830790643	S2-591398537	S2
S1-830790643	S2-357197766	S2
S1-830790643	S2-810723110	S2
S1-830790643	S2-287588845	S2
S1-830790643	S2-592507930	S2
S1-830790643	S2-661036235	S2
S1-830790643	S2-846975420	S2
S1-830790643	S2-478830670	S2
S1-830790643	S2-706238826	S2
S1-830790643	S2-222540081	S2
S1-830790643	S2-100798928	S2
S1-830790643	S2-848878443	S2
S1-830790643	S2-187499079	S2
S1-86014575	S2-930351241	S2
S1-86014575	S2-164651728	S2
S1-86014575	S2-775099408	S2
S1-86014575	S2-241868453	S2
S1-86014575	S2-598068208	S2
S1-86014575	S2-398460096	S2
S1-86014575	S2-327738915	S2
S1-86014575	S2-161047745	S2
S1-86014575	S2-802130222	S2
S1-86014575	S2-381676404	S2
S1-86014575	S2-212279628	S2
S1-86014575	S2-932626440	S2
S1-86014575	S2-876721131	S2
S1-86014575	S2-678788003	S2
S1-86014575	S2-731588087	S2
S1-107682341	S2-612119416	S2
S1-107682341	S2-179458531	S2
S1-107682341	S2-787757653	S2
S1-107682341	S2-150634918	S2
S1-107682341	S2-623817123	S2
S1-107682341	S2-404431253	S2
S1-107682341	S2-450648359	S2
S1-107682341	S2-153046971	S2
S1-107682341	S2-991981696	S2
S1-107682341	S2-133252993	S2
S1-107682341	S2-92835928	S2
S1-107682341	S2-731649105	S2
S1-107682341	S2-223493773	S2
S1-107682341	S2-672321572	S2
S1-107682341	S2-411547279	S2
S1-464309352	S2-777295554	S2
S1-464309352	S2-22847673	S2
S1-464309352	S2-786753976	S2
S1-464309352	S2-38041426	S2
S1-464309352	S2-873164808	S2
S1-464309352	S2-657092756	S2
S1-464309352	S2-206082608	S2
S1-464309352	S2-42669710	S2
S1-464309352	S2-232709023	S2
S1-464309352	S2-810623833	S2
S1-464309352	S2-385546967	S2
S1-464309352	S2-900048364	S2
S1-464309352	S2-628294685	S2
S1-464309352	S2-528205184	S2
S1-464309352	S2-674028684	S2
S1-879837384	S2-471977441	S2
S1-879837384	S2-699404448	S2
S1-879837384	S2-574121799	S2
S1-879837384	S2-692022593	S2
S1-879837384	S2-225823147	S2
S1-879837384	S2-929722075	S2
S1-879837384	S2-715327535	S2
S1-879837384	S2-892909897	S2
S1-879837384	S2-399391347	S2
S1-879837384	S2-67505679	S2
S1-879837384	S2-52846978	S2
S1-879837384	S2-394565864	S2
S1-879837384	S2-75129136	S2
S1-879837384	S2-828872229	S2
S1-879837384	S2-349666272	S2
S1-905507550	S2-516249560	S2
S1-905507550	S2-939131514	S2
S1-905507550	S2-683120884	S2
S1-905507550	S2-785852339	S2
S1-905507550	S2-183176697	S2
S1-905507550	S2-962522174	S2
S1-905507550	S2-963300188	S2
S1-905507550	S2-854959253	S2
S1-905507550	S2-749642407	S2
S1-905507550	S2-165809100	S2
S1-905507550	S2-596751909	S2
S1-905507550	S2-666342792	S2
S1-905507550	S2-185405451	S2
S1-905507550	S2-849565658	S2
S1-905507550	S2-699301561	S2
S1-981091224	S2-764713035	S2
S1-981091224	S2-703267220	S2
S1-981091224	S2-925511054	S2
S1-981091224	S2-921111723	S2
S1-981091224	S2-718979866	S2
S1-981091224	S2-822346901	S2
S1-981091224	S2-918655668	S2
S1-981091224	S2-254788701	S2
S1-981091224	S2-675296997	S2
S1-981091224	S2-461563520	S2
S1-981091224	S2-418380949	S2
S1-981091224	S2-228779604	S2
S1-981091224	S2-263273654	S2
S1-981091224	S2-630651352	S2
S1-981091224	S2-438753836	S2
S1-298890713	S2-780872035	S2
S1-298890713	S2-760535604	S2
S1-298890713	S2-121759397	S2
S1-298890713	S2-931263231	S2
S1-298890713	S2-841152676	S2
S1-298890713	S2-371850661	S2
S1-298890713	S2-959693129	S2
S1-298890713	S2-405784926	S2
S1-298890713	S2-564502430	S2
S1-298890713	S2-850499815	S2
S1-298890713	S2-282629268	S2
S1-298890713	S2-220948169	S2
S1-298890713	S2-184309677	S2
S1-298890713	S2-696538156	S2
S1-298890713	S2-820079347	S2
S1-627864371	S2-833900025	S2
S1-627864371	S2-40746806	S2
S1-627864371	S2-728507538	S2
S1-627864371	S2-121549347	S2
S1-627864371	S2-741639927	S2
S1-627864371	S2-623758944	S2
S1-627864371	S2-721241427	S2
S1-627864371	S2-916859477	S2
S1-627864371	S2-662221399	S2
S1-627864371	S2-436041396	S2
S1-627864371	S2-507988	S2
S1-627864371	S2-811863966	S2
S1-627864371	S2-149157756	S2
S1-627864371	S2-879030047	S2
S1-627864371	S2-998885968	S2
S1-767939959	S2-455209026	S2
S1-767939959	S2-789511558	S2
S1-767939959	S2-895071828	S2
S1-767939959	S2-101325335	S2
S1-767939959	S2-77419070	S2
S1-767939959	S2-99468652	S2
S1-767939959	S2-771685137	S2
S1-767939959	S2-242582700	S2
S1-767939959	S2-726045392	S2
S1-767939959	S2-846262463	S2
S1-767939959	S2-873177396	S2
S1-767939959	S2-265891218	S2
S1-767939959	S2-788754887	S2
S1-767939959	S2-402548315	S2
S1-767939959	S2-335124172	S2
S1-754570857	S2-948855445	S2
S1-754570857	S2-194536194	S2
S1-754570857	S2-812902368	S2
S1-754570857	S2-816686119	S2
S1-754570857	S2-192774038	S2
S1-754570857	S2-566356754	S2
S1-754570857	S2-319012131	S2
S1-754570857	S2-979303211	S2
S1-754570857	S2-891746522	S2
S1-754570857	S2-149845283	S2
S1-754570857	S2-793689201	S2
S1-754570857	S2-630655854	S2
S1-754570857	S2-421612601	S2
S1-754570857	S2-407917981	S2
S1-754570857	S2-611908172	S2
S1-382234885	S2-812902368	S2
S1-382234885	S2-914961766	S2
S1-382234885	S2-325615566	S2
S1-382234885	S2-891746522	S2
S1-382234885	S2-97857545	S2
S1-382234885	S2-149345266	S2
S1-382234885	S2-158757260	S2
S1-382234885	S2-904896788	S2
S1-382234885	S2-454450916	S2
S1-382234885	S2-149845283	S2
S1-382234885	S2-635228641	S2
S1-382234885	S2-383023238	S2
S1-382234885	S2-793689201	S2
S1-382234885	S2-883044184	S2
S1-382234885	S2-688230388	S2
S1-351358518	S2-16791478	S2
S1-351358518	S2-905737147	S2
S1-351358518	S2-512382393	S2
S1-351358518	S2-666773	S2
S1-351358518	S2-153359899	S2
S1-351358518	S2-328308841	S2
S1-351358518	S2-557541533	S2
S1-351358518	S2-70709851	S2
S1-351358518	S2-926723118	S2
S1-351358518	S2-98707133	S2
S1-351358518	S2-770769195	S2
S1-351358518	S2-47852966	S2
S1-351358518	S2-539393537	S2
S1-351358518	S2-742406486	S2
S1-351358518	S2-72944171	S2
S1-627406325	S2-1365339	S2
S1-627406325	S2-444452024	S2
S1-627406325	S2-846975420	S2
S1-627406325	S2-92959536	S2
S1-627406325	S2-845372583	S2
S1-627406325	S2-930033885	S2
S1-627406325	S2-502406312	S2
S1-627406325	S2-631869569	S2
S1-627406325	S2-648770543	S2
S1-627406325	S2-337172708	S2
S1-627406325	S2-886987750	S2
S1-627406325	S2-256459754	S2
S1-627406325	S2-475170125	S2
S1-627406325	S2-510931175	S2
S1-627406325	S2-949845335	S2
S1-166125958	S2-512947690	S2
S1-166125958	S2-43091282	S2
S1-166125958	S2-849074551	S2
S1-166125958	S2-34732391	S2
S1-166125958	S2-677006217	S2
S1-166125958	S2-25714222	S2
S1-166125958	S2-879472043	S2
S1-166125958	S2-575813071	S2
S1-166125958	S2-736110069	S2
S1-166125958	S2-811863966	S2
S1-166125958	S2-525338352	S2
S1-166125958	S2-898156452	S2
S1-166125958	S2-456180704	S2
S1-166125958	S2-848711718	S2
S1-166125958	S2-619193843	S2
S1-570361411	S2-94751831	S2
S1-570361411	S2-177918546	S2
S1-570361411	S2-44100844	S2
S1-570361411	S2-942417082	S2
S1-570361411	S2-337572515	S2
S1-570361411	S2-99136836	S2
S1-570361411	S2-655804813	S2
S1-570361411	S2-223493773	S2
S1-570361411	S2-542224090	S2
S1-570361411	S2-293670539	S2
S1-570361411	S2-387269711	S2
S1-570361411	S2-690767550	S2
S1-570361411	S2-136630789	S2
S1-570361411	S2-630772014	S2
S1-570361411	S2-803100423	S2
S1-418514604	S2-520441214	S2
S1-418514604	S2-589492301	S2
S1-418514604	S2-626832027	S2
S1-418514604	S2-98331541	S2
S1-418514604	S2-857681318	S2
S1-418514604	S2-58825780	S2
S1-418514604	S2-966985435	S2
S1-418514604	S2-862571135	S2
S1-418514604	S2-570512018	S2
S1-418514604	S2-52425118	S2
S1-418514604	S2-503045539	S2
S1-418514604	S2-284585076	S2
S1-418514604	S2-698383825	S2
S1-418514604	S2-518185574	S2
S1-418514604	S2-490251737	S2
S1-298875156	S2-994301220	S2
S1-298875156	S2-209093728	S2
S1-298875156	S2-514714174	S2
S1-298875156	S2-484559177	S2
S1-298875156	S2-399112375	S2
S1-298875156	S2-690151442	S2
S1-298875156	S2-749932508	S2
S1-298875156	S2-894152578	S2
S1-298875156	S2-474914898	S2
S1-298875156	S2-591277113	S2
S1-298875156	S2-945842043	S2
S1-298875156	S2-778812617	S2
S1-298875156	S2-158399201	S2
S1-298875156	S2-460552614	S2
S1-298875156	S2-837187320	S2
S1-852845726	S2-914761441	S2
S1-852845726	S2-764306412	S2
S1-852845726	S2-243813488	S2
S1-852845726	S2-375938862	S2
S1-852845726	S2-259053443	S2
S1-852845726	S2-90112897	S2
S1-852845726	S2-385922466	S2
S1-852845726	S2-772323364	S2
S1-852845726	S2-665940290	S2
S1-852845726	S2-816989315	S2
S1-852845726	S2-569860965	S2
S1-852845726	S2-293065883	S2
S1-852845726	S2-967508286	S2
S1-852845726	S2-748163379	S2
S1-852845726	S2-91908767	S2
S1-722170008	S2-784259305	S2
S1-722170008	S2-560140043	S2
S1-722170008	S2-258904656	S2
S1-722170008	S2-656749559	S2
S1-722170008	S2-362602827	S2
S1-722170008	S2-471713609	S2
S1-722170008	S2-748325649	S2
S1-722170008	S2-145507253	S2
S1-722170008	S2-672736825	S2
S1-722170008	S2-229217508	S2
S1-722170008	S2-640420911	S2
S1-722170008	S2-126113089	S2
S1-722170008	S2-369458829	S2
S1-722170008	S2-26324258	S2
S1-722170008	S2-512382393	S2
S1-411964161	S2-488789411	S2
S1-411964161	S2-856654739	S2
S1-411964161	S2-291868119	S2
S1-411964161	S2-751588111	S2
S1-411964161	S2-841041204	S2
S1-411964161	S2-18394219	S2
S1-411964161	S2-663884088	S2
S1-411964161	S2-931263231	S2
S1-411964161	S2-836906889	S2
S1-411964161	S2-865044868	S2
S1-411964161	S2-748044572	S2
S1-411964161	S2-448793585	S2
S1-411964161	S2-43889792	S2
S1-411964161	S2-810670202	S2
S1-411964161	S2-879472043	S2
S1-211678907	S2-816119025	S2
S1-211678907	S2-731649105	S2
S1-211678907	S2-630317647	S2
S1-211678907	S2-411547279	S2
S1-211678907	S2-672321572	S2
S1-211678907	S2-12796093	S2
S1-211678907	S2-29108033	S2
S1-211678907	S2-991981696	S2
S1-211678907	S2-846600326	S2
S1-211678907	S2-971491700	S2
S1-211678907	S2-937072190	S2
S1-211678907	S2-438972703	S2
S1-211678907	S2-307272578	S2
S1-211678907	S2-223493773	S2
S1-211678907	S2-155636061	S2
S1-866481061	S2-747122768	S2
S1-866481061	S2-177918546	S2
S1-866481061	S2-44100844	S2
S1-866481061	S2-890423795	S2
S1-866481061	S2-99136836	S2
S1-866481061	S2-337572515	S2
S1-866481061	S2-655804813	S2
S1-866481061	S2-542224090	S2
S1-866481061	S2-223493773	S2
S1-866481061	S2-293670539	S2
S1-866481061	S2-690767550	S2
S1-866481061	S2-387269711	S2
S1-866481061	S2-136630789	S2
S1-866481061	S2-630772014	S2
S1-866481061	S2-803100423	S2
S1-235360444	S2-71201246	S2
S1-235360444	S2-967923960	S2
S1-235360444	S2-218208532	S2
S1-235360444	S2-746661573	S2
S1-235360444	S2-258904656	S2
S1-235360444	S2-428985968	S2
S1-235360444	S2-747145329	S2
S1-235360444	S2-74877522	S2
S1-235360444	S2-803294359	S2
S1-235360444	S2-137954799	S2
S1-235360444	S2-831117180	S2
S1-235360444	S2-399112375	S2
S1-235360444	S2-879019234	S2
S1-235360444	S2-865353440	S2
S1-235360444	S2-401293041	S2
S1-746713383	S2-455830760	S2
S1-746713383	S2-574943143	S2
S1-746713383	S2-713920891	S2
S1-746713383	S2-462526248	S2
S1-746713383	S2-955718772	S2
S1-746713383	S2-284554147	S2
S1-746713383	S2-762128837	S2
S1-746713383	S2-830783927	S2
S1-746713383	S2-824685628	S2
S1-746713383	S2-127778636	S2
S1-746713383	S2-889472913	S2
S1-746713383	S2-512060211	S2
S1-746713383	S2-235039028	S2
S1-746713383	S2-294114423	S2
S1-746713383	S2-556830291	S2
S1-183373288	S2-383539909	S2
S1-183373288	S2-659362907	S2
S1-183373288	S2-672736825	S2
S1-183373288	S2-768946792	S2
S1-183373288	S2-391277285	S2
S1-183373288	S2-148135037	S2
S1-183373288	S2-1505887	S2
S1-183373288	S2-425397364	S2
S1-183373288	S2-73502247	S2
S1-183373288	S2-885790584	S2
S1-183373288	S2-934037681	S2
S1-183373288	S2-699134996	S2
S1-183373288	S2-203944670	S2
S1-183373288	S2-790245385	S2
S1-183373288	S2-337462823	S2
S1-585293112	S2-879472043	S2
S1-585293112	S2-811863966	S2
S1-585293112	S2-52268591	S2
S1-585293112	S2-781790661	S2
S1-585293112	S2-103317508	S2
S1-585293112	S2-423519674	S2
S1-585293112	S2-252697289	S2
S1-585293112	S2-983514167	S2
S1-585293112	S2-294114423	S2
S1-585293112	S2-613033114	S2
S1-585293112	S2-839616035	S2
S1-585293112	S2-730243009	S2
S1-585293112	S2-684046440	S2
S1-585293112	S2-14506136	S2
S1-585293112	S2-354227046	S2
S1-493124566	S2-522067207	S2
S1-493124566	S2-363634967	S2
S1-493124566	S2-499198461	S2
S1-493124566	S2-678609308	S2
S1-493124566	S2-892882538	S2
S1-493124566	S2-212279628	S2
S1-493124566	S2-910112818	S2
S1-493124566	S2-891948772	S2
S1-493124566	S2-63044075	S2
S1-493124566	S2-380179669	S2
S1-493124566	S2-230546497	S2
S1-493124566	S2-205121019	S2
S1-493124566	S2-518721601	S2
S1-493124566	S2-479278257	S2
S1-493124566	S2-625556810	S2
S1-618570184	S2-845062226	S2
S1-618570184	S2-494710355	S2
S1-618570184	S2-889222096	S2
S1-618570184	S2-261405250	S2
S1-618570184	S2-384219063	S2
S1-618570184	S2-647664606	S2
S1-618570184	S2-761559953	S2
S1-618570184	S2-63801241	S2
S1-618570184	S2-33267509	S2
S1-618570184	S2-617467150	S2
S1-618570184	S2-835256551	S2
S1-618570184	S2-311868409	S2
S1-618570184	S2-831117180	S2
S1-618570184	S2-879019234	S2
S1-618570184	S2-706168001	S2
S1-257281473	S2-834353592	S2
S1-257281473	S2-222540081	S2
S1-257281473	S2-337572515	S2
S1-257281473	S2-752654978	S2
S1-257281473	S2-395800668	S2
S1-257281473	S2-712777388	S2
S1-257281473	S2-833227760	S2
S1-257281473	S2-534318812	S2
S1-257281473	S2-673822670	S2
S1-257281473	S2-810915319	S2
S1-257281473	S2-3914789	S2
S1-257281473	S2-875461623	S2
S1-257281473	S2-17360295	S2
S1-257281473	S2-826516454	S2
S1-257281473	S2-609292694	S2
S1-130264484	S2-822798491	S2
S1-130264484	S2-487988118	S2
S1-130264484	S2-612768292	S2
S1-130264484	S2-880764652	S2
S1-130264484	S2-862482272	S2
S1-130264484	S2-198938800	S2
S1-130264484	S2-508602797	S2
S1-130264484	S2-814881099	S2
S1-130264484	S2-312533710	S2
S1-130264484	S2-102286733	S2
S1-130264484	S2-760621281	S2
S1-130264484	S2-156460390	S2
S1-130264484	S2-184993338	S2
S1-130264484	S2-937234624	S2
S1-130264484	S2-544365657	S2
S1-68626877	S2-811863966	S2
S1-68626877	S2-439805521	S2
S1-68626877	S2-93977217	S2
S1-68626877	S2-542975651	S2
S1-68626877	S2-662891369	S2
S1-68626877	S2-133809905	S2
S1-68626877	S2-213470723	S2
S1-68626877	S2-927303907	S2
S1-68626877	S2-968661299	S2
S1-68626877	S2-331311420	S2
S1-68626877	S2-173181959	S2
S1-68626877	S2-394565864	S2
S1-68626877	S2-789935686	S2
S1-68626877	S2-626058699	S2
S1-68626877	S2-63044075	S2
S1-772324975	S2-721241427	S2
S1-772324975	S2-474914898	S2
S1-772324975	S2-338866041	S2
S1-772324975	S2-472544795	S2
S1-772324975	S2-419605789	S2
S1-772324975	S2-582679076	S2
S1-772324975	S2-381785440	S2
S1-772324975	S2-766251634	S2
S1-772324975	S2-93135134	S2
S1-772324975	S2-174939675	S2
S1-772324975	S2-671736202	S2
S1-772324975	S2-924470584	S2
S1-772324975	S2-629499045	S2
S1-772324975	S2-121611732	S2
S1-772324975	S2-876824000	S2
S1-745303317	S2-637238651	S2
S1-745303317	S2-832324901	S2
S1-745303317	S2-298914373	S2
S1-745303317	S2-601262506	S2
S1-745303317	S2-665463193	S2
S1-745303317	S2-978606166	S2
S1-745303317	S2-620156938	S2
S1-745303317	S2-243782054	S2
S1-745303317	S2-23933178	S2
S1-745303317	S2-247593592	S2
S1-745303317	S2-737827326	S2
S1-745303317	S2-704449115	S2
S1-745303317	S2-435778329	S2
S1-745303317	S2-274227325	S2
S1-745303317	S2-254739149	S2
S1-234787807	S2-90324650	S2
S1-234787807	S2-862278331	S2
S1-234787807	S2-811863966	S2
S1-234787807	S2-558901774	S2
S1-234787807	S2-561226892	S2
S1-234787807	S2-270211292	S2
S1-234787807	S2-460821959	S2
S1-234787807	S2-93943992	S2
S1-234787807	S2-792519590	S2
S1-234787807	S2-841041204	S2
S1-234787807	S2-417021356	S2
S1-234787807	S2-931263231	S2
S1-234787807	S2-646579063	S2
S1-234787807	S2-161592048	S2
S1-234787807	S2-737745236	S2
S1-932827505	S2-304667963	S2
S1-932827505	S2-607423444	S2
S1-932827505	S2-33105288	S2
S1-932827505	S2-357197766	S2
S1-932827505	S2-810723110	S2
S1-932827505	S2-287588845	S2
S1-932827505	S2-592507930	S2
S1-932827505	S2-661036235	S2
S1-932827505	S2-846975420	S2
S1-932827505	S2-478830670	S2
S1-932827505	S2-706238826	S2
S1-932827505	S2-222540081	S2
S1-932827505	S2-100798928	S2
S1-932827505	S2-848878443	S2
S1-932827505	S2-187499079	S2
S1-238115724	S2-436041396	S2
S1-238115724	S2-916859477	S2
S1-238115724	S2-256286125	S2
S1-238115724	S2-741639927	S2
S1-238115724	S2-879030047	S2
S1-238115724	S2-859726068	S2
S1-238115724	S2-998885968	S2
S1-238115724	S2-927235908	S2
S1-238115724	S2-402816014	S2
S1-238115724	S2-277830258	S2
S1-238115724	S2-811863966	S2
S1-238115724	S2-833900025	S2
S1-238115724	S2-40746806	S2
S1-238115724	S2-662221399	S2
S1-238115724	S2-721241427	S2
S1-952266463	S2-580529895	S2
S1-952266463	S2-565976380	S2
S1-952266463	S2-82856803	S2
S1-952266463	S2-793479348	S2
S1-952266463	S2-374024727	S2
S1-952266463	S2-491074769	S2
S1-952266463	S2-12434856	S2
S1-952266463	S2-38259941	S2
S1-952266463	S2-254788701	S2
S1-952266463	S2-417725545	S2
S1-952266463	S2-645292488	S2
S1-952266463	S2-536098194	S2
S1-952266463	S2-728507538	S2
S1-952266463	S2-505326493	S2
S1-952266463	S2-80911610	S2
S1-244476321	S2-469073813	S2
S1-244476321	S2-510383940	S2
S1-244476321	S2-51424319	S2
S1-244476321	S2-630688873	S2
S1-244476321	S2-560818510	S2
S1-244476321	S2-326946504	S2
S1-244476321	S2-516871248	S2
S1-244476321	S2-335038001	S2
S1-244476321	S2-25787219	S2
S1-244476321	S2-210601194	S2
S1-244476321	S2-935425652	S2
S1-244476321	S2-802873219	S2
S1-244476321	S2-953005146	S2
S1-244476321	S2-788195957	S2
S1-244476321	S2-751588111	S2
S1-761407497	S2-193586650	S2
S1-761407497	S2-846535978	S2
S1-761407497	S2-147418558	S2
S1-761407497	S2-967923960	S2
S1-761407497	S2-746661573	S2
S1-761407497	S2-436041396	S2
S1-761407497	S2-537858187	S2
S1-761407497	S2-138429970	S2
S1-761407497	S2-865353440	S2
S1-761407497	S2-803294359	S2
S1-761407497	S2-983379660	S2
S1-761407497	S2-71201246	S2
S1-761407497	S2-965326114	S2
S1-761407497	S2-725412413	S2
S1-761407497	S2-366081375	S2
S1-844412430	S2-957597561	S2
S1-844412430	S2-637536373	S2
S1-844412430	S2-142962200	S2
S1-844412430	S2-38470677	S2
S1-844412430	S2-91690570	S2
S1-844412430	S2-140550490	S2
S1-844412430	S2-888560146	S2
S1-844412430	S2-501229096	S2
S1-844412430	S2-314169444	S2
S1-844412430	S2-769858942	S2
S1-844412430	S2-378867947	S2
S1-844412430	S2-33383115	S2
S1-844412430	S2-26670373	S2
S1-844412430	S2-947466256	S2
S1-844412430	S2-129637001	S2
S1-878933360	S2-21859479	S2
S1-878933360	S2-930194769	S2
S1-878933360	S2-776942202	S2
S1-878933360	S2-6795460	S2
S1-878933360	S2-149854075	S2
S1-878933360	S2-467948188	S2
S1-878933360	S2-777642350	S2
S1-878933360	S2-331142396	S2
S1-878933360	S2-202057528	S2
S1-878933360	S2-902147205	S2
S1-878933360	S2-27503468	S2
S1-878933360	S2-877745187	S2
S1-878933360	S2-152104014	S2
S1-878933360	S2-182955632	S2
S1-878933360	S2-932843757	S2
S1-432558180	S2-295065312	S2
S1-432558180	S2-118970010	S2
S1-432558180	S2-192774038	S2
S1-432558180	S2-453455590	S2
S1-432558180	S2-914673196	S2
S1-432558180	S2-78769581	S2
S1-432558180	S2-185692593	S2
S1-432558180	S2-837615087	S2
S1-432558180	S2-170548497	S2
S1-432558180	S2-418551982	S2
S1-432558180	S2-869901829	S2
S1-432558180	S2-747466359	S2
S1-432558180	S2-888873504	S2
S1-432558180	S2-399971243	S2
S1-432558180	S2-163212711	S2
S1-746735853	S2-311029819	S2
S1-746735853	S2-826030024	S2
S1-746735853	S2-118711492	S2
S1-746735853	S2-555593257	S2
S1-746735853	S2-784592218	S2
S1-746735853	S2-168560796	S2
S1-746735853	S2-224980295	S2
S1-746735853	S2-358052714	S2
S1-746735853	S2-812894315	S2
S1-746735853	S2-801647861	S2
S1-746735853	S2-331797662	S2
S1-746735853	S2-148435905	S2
S1-746735853	S2-604653513	S2
S1-746735853	S2-492826161	S2
S1-746735853	S2-345516678	S2
S1-181306265	S2-118393214	S2
S1-181306265	S2-757677016	S2
S1-181306265	S2-644844275	S2
S1-181306265	S2-533197229	S2
S1-181306265	S2-609292694	S2
S1-181306265	S2-780872035	S2
S1-181306265	S2-311198605	S2
S1-181306265	S2-147317655	S2
S1-181306265	S2-703946335	S2
S1-181306265	S2-255178941	S2
S1-181306265	S2-222899205	S2
S1-181306265	S2-700717757	S2
S1-181306265	S2-349365849	S2
S1-181306265	S2-591277113	S2
S1-181306265	S2-270518407	S2
S1-682825529	S2-293441687	S2
S1-682825529	S2-879030047	S2
S1-682825529	S2-839751839	S2
S1-682825529	S2-250915022	S2
S1-682825529	S2-945842043	S2
S1-682825529	S2-35086639	S2
S1-682825529	S2-560818510	S2
S1-682825529	S2-763108962	S2
S1-682825529	S2-25787219	S2
S1-682825529	S2-136235099	S2
S1-682825529	S2-351945894	S2
S1-682825529	S2-585835879	S2
S1-682825529	S2-802873219	S2
S1-682825529	S2-921287883	S2
S1-682825529	S2-863824251	S2
S1-114864723	S2-195768351	S2
S1-114864723	S2-474056246	S2
S1-114864723	S2-862433822	S2
S1-114864723	S2-404431253	S2
S1-114864723	S2-93977217	S2
S1-114864723	S2-753020760	S2
S1-114864723	S2-331311420	S2
S1-114864723	S2-567089005	S2
S1-114864723	S2-744269045	S2
S1-114864723	S2-526991413	S2
S1-114864723	S2-827197931	S2
S1-114864723	S2-641048180	S2
S1-114864723	S2-189729084	S2
S1-114864723	S2-500943015	S2
S1-114864723	S2-653376534	S2
S1-745450749	S2-718979866	S2
S1-745450749	S2-925511054	S2
S1-745450749	S2-822346901	S2
S1-745450749	S2-441769049	S2
S1-745450749	S2-254788701	S2
S1-745450749	S2-726045392	S2
S1-745450749	S2-461563520	S2
S1-745450749	S2-630651352	S2
S1-745450749	S2-895798537	S2
S1-745450749	S2-620110385	S2
S1-745450749	S2-438753836	S2
S1-745450749	S2-242582700	S2
S1-745450749	S2-418380949	S2
S1-745450749	S2-263273654	S2
S1-745450749	S2-228779604	S2
S1-422772138	S2-109121051	S2
S1-422772138	S2-168560796	S2
S1-422772138	S2-802075529	S2
S1-422772138	S2-253412037	S2
S1-422772138	S2-322536831	S2
S1-422772138	S2-518721601	S2
S1-422772138	S2-2307515	S2
S1-422772138	S2-775394710	S2
S1-422772138	S2-469073813	S2
S1-422772138	S2-245909245	S2
S1-422772138	S2-715327535	S2
S1-422772138	S2-3914789	S2
S1-422772138	S2-889852631	S2
S1-422772138	S2-997165561	S2
S1-422772138	S2-905737147	S2
S1-49535321	S2-785852339	S2
S1-49535321	S2-894693263	S2
S1-49535321	S2-585698283	S2
S1-49535321	S2-754789254	S2
S1-49535321	S2-438753836	S2
S1-49535321	S2-294062437	S2
S1-49535321	S2-573094730	S2
S1-49535321	S2-441341822	S2
S1-49535321	S2-646593051	S2
S1-49535321	S2-17860697	S2
S1-49535321	S2-225100350	S2
S1-49535321	S2-362555190	S2
S1-49535321	S2-613033114	S2
S1-49535321	S2-699391872	S2
S1-49535321	S2-145204119	S2
S1-771609668	S2-243782054	S2
S1-771609668	S2-540853782	S2
S1-771609668	S2-342277032	S2
S1-771609668	S2-79911022	S2
S1-771609668	S2-222674377	S2
S1-771609668	S2-892923793	S2
S1-771609668	S2-455209026	S2
S1-771609668	S2-30000261	S2
S1-771609668	S2-831497289	S2
S1-771609668	S2-788754887	S2
S1-771609668	S2-426144370	S2
S1-771609668	S2-164039123	S2
S1-771609668	S2-697665921	S2
S1-771609668	S2-101451801	S2
S1-771609668	S2-715905554	S2
S1-942104958	S2-885731246	S2
S1-942104958	S2-114971268	S2
S1-942104958	S2-831625227	S2
S1-942104958	S2-984241859	S2
S1-942104958	S2-8982199	S2
S1-942104958	S2-788754887	S2
S1-942104958	S2-164651728	S2
S1-942104958	S2-814052487	S2
S1-942104958	S2-794352292	S2
S1-942104958	S2-332036682	S2
S1-942104958	S2-710175093	S2
S1-942104958	S2-298914373	S2
S1-942104958	S2-67505679	S2
S1-942104958	S2-978606166	S2
S1-942104958	S2-7418163	S2
S1-599145787	S2-975023541	S2
S1-599145787	S2-108630610	S2
S1-599145787	S2-256518183	S2
S1-599145787	S2-699501230	S2
S1-599145787	S2-656157274	S2
S1-599145787	S2-93729553	S2
S1-599145787	S2-447396827	S2
S1-599145787	S2-356775340	S2
S1-599145787	S2-423030845	S2
S1-599145787	S2-605833213	S2
S1-599145787	S2-607423444	S2
S1-599145787	S2-675348100	S2
S1-599145787	S2-701563511	S2
S1-599145787	S2-767390046	S2
S1-599145787	S2-565543920	S2
S1-426033453	S2-777730349	S2
S1-426033453	S2-79488526	S2
S1-426033453	S2-224980295	S2
S1-426033453	S2-929722075	S2
S1-426033453	S2-670948516	S2
S1-426033453	S2-318348932	S2
S1-426033453	S2-978606166	S2
S1-426033453	S2-470363816	S2
S1-426033453	S2-8982199	S2
S1-426033453	S2-332036682	S2
S1-426033453	S2-921202375	S2
S1-426033453	S2-975023541	S2
S1-426033453	S2-794352292	S2
S1-426033453	S2-707195845	S2
S1-426033453	S2-121759397	S2
S1-840218727	S2-274109622	S2
S1-840218727	S2-17360295	S2
S1-840218727	S2-534318812	S2
S1-840218727	S2-880076532	S2
S1-840218727	S2-810915319	S2
S1-840218727	S2-673822670	S2
S1-840218727	S2-195972156	S2
S1-840218727	S2-900515245	S2
S1-840218727	S2-644264374	S2
S1-840218727	S2-528143818	S2
S1-840218727	S2-71201246	S2
S1-840218727	S2-585835879	S2
S1-840218727	S2-513743270	S2
S1-840218727	S2-834353592	S2
S1-840218727	S2-609292694	S2
S1-775313117	S2-846600326	S2
S1-775313117	S2-47749434	S2
S1-775313117	S2-159004257	S2
S1-775313117	S2-635511596	S2
S1-775313117	S2-199384569	S2
S1-775313117	S2-818622882	S2
S1-775313117	S2-503157961	S2
S1-775313117	S2-821982484	S2
S1-775313117	S2-712486191	S2
S1-775313117	S2-980850745	S2
S1-775313117	S2-381512450	S2
S1-775313117	S2-145379986	S2
S1-775313117	S2-159338989	S2
S1-775313117	S2-276674538	S2
S1-775313117	S2-960892569	S2
S1-871302092	S2-197696225	S2
S1-871302092	S2-998764761	S2
S1-871302092	S2-746717750	S2
S1-871302092	S2-382500675	S2
S1-871302092	S2-572531501	S2
S1-871302092	S2-918655668	S2
S1-871302092	S2-73745396	S2
S1-871302092	S2-444528389	S2
S1-871302092	S2-488956093	S2
S1-871302092	S2-924143713	S2
S1-871302092	S2-418551982	S2
S1-871302092	S2-983318792	S2
S1-871302092	S2-509937094	S2
S1-871302092	S2-717374654	S2
S1-871302092	S2-475706495	S2
S1-237670057	S2-610173207	S2
S1-237670057	S2-982950235	S2
S1-237670057	S2-726813453	S2
S1-237670057	S2-665463193	S2
S1-237670057	S2-344354613	S2
S1-237670057	S2-142441358	S2
S1-237670057	S2-903626837	S2
S1-237670057	S2-99136836	S2
S1-237670057	S2-190103142	S2
S1-237670057	S2-946002985	S2
S1-237670057	S2-907018183	S2
S1-237670057	S2-199635728	S2
S1-237670057	S2-136305349	S2
S1-237670057	S2-164651728	S2
S1-237670057	S2-324372014	S2
S1-918001356	S2-145379986	S2
S1-918001356	S2-814955870	S2
S1-918001356	S2-800014563	S2
S1-918001356	S2-821982484	S2
S1-918001356	S2-874162453	S2
S1-918001356	S2-784259305	S2
S1-918001356	S2-225823147	S2
S1-918001356	S2-145624152	S2
S1-918001356	S2-929722075	S2
S1-918001356	S2-91908767	S2
S1-918001356	S2-699404448	S2
S1-918001356	S2-791990398	S2
S1-918001356	S2-132098743	S2
S1-918001356	S2-258046397	S2
S1-918001356	S2-741566402	S2
S1-893733254	S2-833227760	S2
S1-893733254	S2-395800668	S2
S1-893733254	S2-673822670	S2
S1-893733254	S2-513743270	S2
S1-893733254	S2-634559197	S2
S1-893733254	S2-913038433	S2
S1-893733254	S2-526412482	S2
S1-893733254	S2-3914789	S2
S1-893733254	S2-876480978	S2
S1-893733254	S2-875461623	S2
S1-893733254	S2-17360295	S2
S1-893733254	S2-826516454	S2
S1-893733254	S2-834353592	S2
S1-893733254	S2-810915319	S2
S1-893733254	S2-609292694	S2
S1-63655361	S2-254422036	S2
S1-63655361	S2-461664377	S2
S1-63655361	S2-428415426	S2
S1-63655361	S2-170803924	S2
S1-63655361	S2-477675434	S2
S1-63655361	S2-977215798	S2
S1-63655361	S2-992974200	S2
S1-63655361	S2-325615566	S2
S1-63655361	S2-779405377	S2
S1-63655361	S2-202057528	S2
S1-63655361	S2-61330089	S2
S1-63655361	S2-580420578	S2
S1-63655361	S2-446844245	S2
S1-63655361	S2-27503468	S2
S1-63655361	S2-232105388	S2
S1-994258416	S2-433285729	S2
S1-994258416	S2-49633502	S2
S1-994258416	S2-108304064	S2
S1-994258416	S2-360210911	S2
S1-994258416	S2-392482719	S2
S1-994258416	S2-975334742	S2
S1-994258416	S2-738509117	S2
S1-994258416	S2-143614907	S2
S1-994258416	S2-813957984	S2
S1-994258416	S2-558752020	S2
S1-994258416	S2-583111097	S2
S1-994258416	S2-820079347	S2
S1-994258416	S2-533183444	S2
S1-994258416	S2-220948169	S2
S1-994258416	S2-694627142	S2
S1-28410420	S2-620463310	S2
S1-28410420	S2-296670248	S2
S1-28410420	S2-540745651	S2
S1-28410420	S2-828544692	S2
S1-28410420	S2-144609625	S2
S1-28410420	S2-478830670	S2
S1-28410420	S2-100798928	S2
S1-28410420	S2-357197766	S2
S1-28410420	S2-287588845	S2
S1-28410420	S2-222540081	S2
S1-28410420	S2-187499079	S2
S1-28410420	S2-661036235	S2
S1-28410420	S2-846975420	S2
S1-28410420	S2-848878443	S2
S1-28410420	S2-591398537	S2
S1-326888389	S2-764306412	S2
S1-326888389	S2-243813488	S2
S1-326888389	S2-375938862	S2
S1-326888389	S2-259053443	S2
S1-326888389	S2-90112897	S2
S1-326888389	S2-385922466	S2
S1-326888389	S2-772323364	S2
S1-326888389	S2-665940290	S2
S1-326888389	S2-561420173	S2
S1-326888389	S2-816989315	S2
S1-326888389	S2-569860965	S2
S1-326888389	S2-293065883	S2
S1-326888389	S2-967508286	S2
S1-326888389	S2-748163379	S2
S1-326888389	S2-91908767	S2
S1-308671803	S2-801373301	S2
S1-308671803	S2-103317508	S2
S1-308671803	S2-980246492	S2
S1-308671803	S2-637317501	S2
S1-308671803	S2-309113625	S2
S1-308671803	S2-849580158	S2
S1-308671803	S2-469964803	S2
S1-308671803	S2-997834977	S2
S1-308671803	S2-81580981	S2
S1-308671803	S2-153452187	S2
S1-308671803	S2-515459751	S2
S1-308671803	S2-536231721	S2
S1-308671803	S2-160208970	S2
S1-308671803	S2-491950020	S2
S1-308671803	S2-995499973	S2
S1-6504827	S2-418691151	S2
S1-6504827	S2-34892868	S2
S1-6504827	S2-837187320	S2
S1-6504827	S2-345917206	S2
S1-6504827	S2-599864991	S2
S1-6504827	S2-498215317	S2
S1-6504827	S2-899773860	S2
S1-6504827	S2-284554147	S2
S1-6504827	S2-820931640	S2
S1-6504827	S2-517140140	S2
S1-6504827	S2-574357374	S2
S1-6504827	S2-294114423	S2
S1-6504827	S2-468234939	S2
S1-6504827	S2-556830291	S2
S1-6504827	S2-512060211	S2
S1-998375147	S2-76206961	S2
S1-998375147	S2-474934237	S2
S1-998375147	S2-777785870	S2
S1-998375147	S2-390971137	S2
S1-998375147	S2-391886434	S2
S1-998375147	S2-420141877	S2
S1-998375147	S2-457321092	S2
S1-998375147	S2-229886583	S2
S1-998375147	S2-732609411	S2
S1-998375147	S2-785643946	S2
S1-998375147	S2-680125018	S2
S1-998375147	S2-326946504	S2
S1-998375147	S2-731682240	S2
S1-998375147	S2-872022787	S2
S1-998375147	S2-2048071	S2
S1-218948566	S2-929614987	S2
S1-218948566	S2-660467546	S2
S1-218948566	S2-293675262	S2
S1-218948566	S2-314926539	S2
S1-218948566	S2-693296247	S2
S1-218948566	S2-981550471	S2
S1-218948566	S2-643634483	S2
S1-218948566	S2-539943184	S2
S1-218948566	S2-868574975	S2
S1-218948566	S2-291868119	S2
S1-218948566	S2-566309986	S2
S1-218948566	S2-494828371	S2
S1-218948566	S2-791990398	S2
S1-218948566	S2-196587307	S2
S1-218948566	S2-370549501	S2
S1-705139382	S2-9614101	S2
S1-705139382	S2-214625922	S2
S1-705139382	S2-635228641	S2
S1-705139382	S2-877085471	S2
S1-705139382	S2-332453876	S2
S1-705139382	S2-74992830	S2
S1-705139382	S2-727570982	S2
S1-705139382	S2-190642185	S2
S1-705139382	S2-656892137	S2
S1-705139382	S2-747478411	S2
S1-705139382	S2-648755299	S2
S1-705139382	S2-57375033	S2
S1-705139382	S2-148466906	S2
S1-705139382	S2-158606915	S2
S1-705139382	S2-751864723	S2
S1-253185653	S2-921202375	S2
S1-253185653	S2-252321761	S2
S1-253185653	S2-314169444	S2
S1-253185653	S2-132543275	S2
S1-253185653	S2-8982199	S2
S1-253185653	S2-794352292	S2
S1-253185653	S2-774600043	S2
S1-253185653	S2-810843780	S2
S1-253185653	S2-142441358	S2
S1-253185653	S2-688247667	S2
S1-253185653	S2-258046397	S2
S1-253185653	S2-566931281	S2
S1-253185653	S2-765265626	S2
S1-253185653	S2-921274499	S2
S1-253185653	S2-975023541	S2
S1-196127879	S2-496765251	S2
S1-196127879	S2-599864991	S2
S1-196127879	S2-37191173	S2
S1-196127879	S2-494905313	S2
S1-196127879	S2-233123309	S2
S1-196127879	S2-158828409	S2
S1-196127879	S2-274323360	S2
S1-196127879	S2-590757045	S2
S1-196127879	S2-123459391	S2
S1-196127879	S2-927572293	S2
S1-196127879	S2-390971137	S2
S1-196127879	S2-879041312	S2
S1-196127879	S2-49312012	S2
S1-196127879	S2-727477424	S2
S1-196127879	S2-757487043	S2
S1-800294363	S2-143232725	S2
S1-800294363	S2-560140043	S2
S1-800294363	S2-656749559	S2
S1-800294363	S2-471713609	S2
S1-800294363	S2-224839523	S2
S1-800294363	S2-362602827	S2
S1-800294363	S2-145507253	S2
S1-800294363	S2-748325649	S2
S1-800294363	S2-672736825	S2
S1-800294363	S2-229217508	S2
S1-800294363	S2-640420911	S2
S1-800294363	S2-369458829	S2
S1-800294363	S2-126113089	S2
S1-800294363	S2-26324258	S2
S1-800294363	S2-512382393	S2
S1-673498458	S2-82856803	S2
S1-673498458	S2-955730734	S2
S1-673498458	S2-785890760	S2
S1-673498458	S2-298598465	S2
S1-673498458	S2-960361858	S2
S1-673498458	S2-640284162	S2
S1-673498458	S2-406854790	S2
S1-673498458	S2-979910605	S2
S1-673498458	S2-780123305	S2
S1-673498458	S2-789881006	S2
S1-673498458	S2-477373580	S2
S1-673498458	S2-222024725	S2
S1-673498458	S2-472530538	S2
S1-673498458	S2-832217974	S2
S1-673498458	S2-518525663	S2
S1-774320076	S2-866763818	S2
S1-774320076	S2-91704178	S2
S1-774320076	S2-558810816	S2
S1-774320076	S2-585332164	S2
S1-774320076	S2-957204310	S2
S1-774320076	S2-231195947	S2
S1-774320076	S2-231732832	S2
S1-774320076	S2-509362529	S2
S1-774320076	S2-208815786	S2
S1-774320076	S2-730814853	S2
S1-774320076	S2-826516454	S2
S1-774320076	S2-569049408	S2
S1-774320076	S2-799457865	S2
S1-774320076	S2-279795129	S2
S1-774320076	S2-558752020	S2
S1-943879014	S2-50513846	S2
S1-943879014	S2-471977441	S2
S1-943879014	S2-699404448	S2
S1-943879014	S2-225823147	S2
S1-943879014	S2-929722075	S2
S1-943879014	S2-574121799	S2
S1-943879014	S2-715327535	S2
S1-943879014	S2-692022593	S2
S1-943879014	S2-892909897	S2
S1-943879014	S2-399391347	S2
S1-943879014	S2-52846978	S2
S1-943879014	S2-394565864	S2
S1-943879014	S2-75129136	S2
S1-943879014	S2-828872229	S2
S1-943879014	S2-349666272	S2
S1-235258587	S2-496765251	S2
S1-235258587	S2-22805370	S2
S1-235258587	S2-996064384	S2
S1-235258587	S2-362776689	S2
S1-235258587	S2-613343223	S2
S1-235258587	S2-103194364	S2
S1-235258587	S2-665500858	S2
S1-235258587	S2-622300061	S2
S1-235258587	S2-428985968	S2
S1-235258587	S2-257885603	S2
S1-235258587	S2-162849450	S2
S1-235258587	S2-385546967	S2
S1-235258587	S2-42284542	S2
S1-235258587	S2-461150320	S2
S1-235258587	S2-427111019	S2
S1-182662840	S2-482144229	S2
S1-182662840	S2-961093381	S2
S1-182662840	S2-27986137	S2
S1-182662840	S2-131872909	S2
S1-182662840	S2-699391872	S2
S1-182662840	S2-426439815	S2
S1-182662840	S2-516249560	S2
S1-182662840	S2-918349502	S2
S1-182662840	S2-158828409	S2
S1-182662840	S2-557520173	S2
S1-182662840	S2-546407954	S2
S1-182662840	S2-586812390	S2
S1-182662840	S2-939131514	S2
S1-182662840	S2-566627479	S2
S1-182662840	S2-790947608	S2
S1-620179786	S2-3256414	S2
S1-620179786	S2-980457024	S2
S1-620179786	S2-15025788	S2
S1-620179786	S2-393592371	S2
S1-620179786	S2-690909438	S2
S1-620179786	S2-835613264	S2
S1-620179786	S2-943861343	S2
S1-620179786	S2-585106009	S2
S1-620179786	S2-310050325	S2
S1-620179786	S2-762023797	S2
S1-620179786	S2-997285082	S2
S1-620179786	S2-116543777	S2
S1-620179786	S2-956957661	S2
S1-620179786	S2-19299067	S2
S1-620179786	S2-837663921	S2
S1-177088763	S2-696676120	S2
S1-177088763	S2-488702552	S2
S1-177088763	S2-279664505	S2
S1-177088763	S2-714768922	S2
S1-177088763	S2-658688492	S2
S1-177088763	S2-31633295	S2
S1-177088763	S2-392482719	S2
S1-177088763	S2-849656600	S2
S1-177088763	S2-619748319	S2
S1-177088763	S2-470518488	S2
S1-177088763	S2-753020760	S2
S1-177088763	S2-784451498	S2
S1-177088763	S2-302828791	S2
S1-177088763	S2-472204730	S2
S1-177088763	S2-923605499	S2
S1-698564395	S2-213952496	S2
S1-698564395	S2-331692143	S2
S1-698564395	S2-137658355	S2
S1-698564395	S2-136113375	S2
S1-698564395	S2-995134427	S2
S1-698564395	S2-159472146	S2
S1-698564395	S2-290146361	S2
S1-698564395	S2-845362212	S2
S1-698564395	S2-693383953	S2
S1-698564395	S2-211389639	S2
S1-698564395	S2-895531443	S2
S1-698564395	S2-358578952	S2
S1-698564395	S2-598788762	S2
S1-698564395	S2-992673515	S2
S1-698564395	S2-345917206	S2
S1-694921791	S2-707420806	S2
S1-694921791	S2-74992830	S2
S1-694921791	S2-972051451	S2
S1-694921791	S2-424537185	S2
S1-694921791	S2-726813453	S2
S1-694921791	S2-17933853	S2
S1-694921791	S2-645440237	S2
S1-694921791	S2-60818919	S2
S1-694921791	S2-576580892	S2
S1-694921791	S2-733025108	S2
S1-694921791	S2-281309190	S2
S1-694921791	S2-882915480	S2
S1-694921791	S2-619664055	S2
S1-694921791	S2-713109591	S2
S1-694921791	S2-512950951	S2
S1-864797403	S2-984241859	S2
S1-864797403	S2-455209026	S2
S1-864797403	S2-710175093	S2
S1-864797403	S2-715905554	S2
S1-864797403	S2-187499079	S2
S1-864797403	S2-298914373	S2
S1-864797403	S2-619748319	S2
S1-864797403	S2-997165561	S2
S1-864797403	S2-30000261	S2
S1-864797403	S2-907307129	S2
S1-864797403	S2-788754887	S2
S1-864797403	S2-831625227	S2
S1-864797403	S2-978606166	S2
S1-864797403	S2-991457427	S2
S1-864797403	S2-102704852	S2
S1-621246789	S2-537858187	S2
S1-621246789	S2-324596369	S2
S1-621246789	S2-326946504	S2
S1-621246789	S2-630688873	S2
S1-621246789	S2-434463442	S2
S1-621246789	S2-335038001	S2
S1-621246789	S2-52135149	S2
S1-621246789	S2-416243900	S2
S1-621246789	S2-416300306	S2
S1-621246789	S2-520441214	S2
S1-621246789	S2-210601194	S2
S1-621246789	S2-374447205	S2
S1-621246789	S2-696617658	S2
S1-621246789	S2-582629579	S2
S1-621246789	S2-344874828	S2
S1-967577604	S2-963646032	S2
S1-967577604	S2-333030681	S2
S1-967577604	S2-649938200	S2
S1-967577604	S2-970843942	S2
S1-967577604	S2-734058456	S2
S1-967577604	S2-174528596	S2
S1-967577604	S2-195819452	S2
S1-967577604	S2-293441687	S2
S1-967577604	S2-992673515	S2
S1-967577604	S2-763108962	S2
S1-967577604	S2-640723488	S2
S1-967577604	S2-539420714	S2
S1-967577604	S2-729058852	S2
S1-967577604	S2-844363575	S2
S1-967577604	S2-783158461	S2
S1-262975311	S2-794412447	S2
S1-262975311	S2-751588111	S2
S1-262975311	S2-469073813	S2
S1-262975311	S2-963646032	S2
S1-262975311	S2-859393404	S2
S1-262975311	S2-537858187	S2
S1-262975311	S2-568951817	S2
S1-262975311	S2-838493982	S2
S1-262975311	S2-459018782	S2
S1-262975311	S2-159175610	S2
S1-262975311	S2-665652910	S2
S1-262975311	S2-630688873	S2
S1-262975311	S2-326946504	S2
S1-262975311	S2-210601194	S2
S1-262975311	S2-335038001	S2
S1-47869953	S2-217992296	S2
S1-47869953	S2-794352292	S2
S1-47869953	S2-224980295	S2
S1-47869953	S2-583111097	S2
S1-47869953	S2-862759276	S2
S1-47869953	S2-913976206	S2
S1-47869953	S2-197625218	S2
S1-47869953	S2-877823257	S2
S1-47869953	S2-646080124	S2
S1-47869953	S2-119087459	S2
S1-47869953	S2-444452024	S2
S1-47869953	S2-596517091	S2
S1-47869953	S2-542224090	S2
S1-47869953	S2-513550621	S2
S1-47869953	S2-142031854	S2
S1-420073336	S2-37191173	S2
S1-420073336	S2-133763910	S2
S1-420073336	S2-847374839	S2
S1-420073336	S2-89587960	S2
S1-420073336	S2-260686291	S2
S1-420073336	S2-855836919	S2
S1-420073336	S2-623164214	S2
S1-420073336	S2-642367103	S2
S1-420073336	S2-177779132	S2
S1-420073336	S2-446844245	S2
S1-420073336	S2-651292790	S2
S1-420073336	S2-27297350	S2
S1-420073336	S2-228567244	S2
S1-420073336	S2-569534268	S2
S1-420073336	S2-794530374	S2
S1-530687623	S2-613343223	S2
S1-530687623	S2-466147229	S2
S1-530687623	S2-474535244	S2
S1-530687623	S2-623758944	S2
S1-530687623	S2-822714622	S2
S1-530687623	S2-916859477	S2
S1-530687623	S2-292552164	S2
S1-530687623	S2-482144229	S2
S1-530687623	S2-878448261	S2
S1-530687623	S2-131872909	S2
S1-530687623	S2-823434500	S2
S1-530687623	S2-752081733	S2
S1-530687623	S2-989158977	S2
S1-530687623	S2-193995593	S2
S1-530687623	S2-850741800	S2
S1-705632806	S2-154655572	S2
S1-705632806	S2-274109622	S2
S1-705632806	S2-880076532	S2
S1-705632806	S2-557541533	S2
S1-705632806	S2-936893839	S2
S1-705632806	S2-534318812	S2
S1-705632806	S2-810915319	S2
S1-705632806	S2-673822670	S2
S1-705632806	S2-513743270	S2
S1-705632806	S2-9962270	S2
S1-705632806	S2-202910951	S2
S1-705632806	S2-941130626	S2
S1-705632806	S2-834353592	S2
S1-705632806	S2-325615566	S2
S1-705632806	S2-609292694	S2
S1-361627720	S2-318348932	S2
S1-361627720	S2-828872229	S2
S1-361627720	S2-492444908	S2
S1-361627720	S2-991981696	S2
S1-361627720	S2-814955870	S2
S1-361627720	S2-349666272	S2
S1-361627720	S2-344621502	S2
S1-361627720	S2-749852939	S2
S1-361627720	S2-177918546	S2
S1-361627720	S2-528320338	S2
S1-361627720	S2-556747559	S2
S1-361627720	S2-231688856	S2
S1-361627720	S2-225823147	S2
S1-361627720	S2-699404448	S2
S1-361627720	S2-929722075	S2
S1-52131287	S2-541414076	S2
S1-52131287	S2-18620770	S2
S1-52131287	S2-715327535	S2
S1-52131287	S2-399391347	S2
S1-52131287	S2-471977441	S2
S1-52131287	S2-378780545	S2
S1-52131287	S2-75129136	S2
S1-52131287	S2-52846978	S2
S1-52131287	S2-50513846	S2
S1-52131287	S2-394565864	S2
S1-52131287	S2-574121799	S2
S1-52131287	S2-692022593	S2
S1-52131287	S2-828872229	S2
S1-52131287	S2-892909897	S2
S1-52131287	S2-349666272	S2
S1-301283839	S2-91305348	S2
S1-301283839	S2-564812597	S2
S1-301283839	S2-50083056	S2
S1-301283839	S2-575271306	S2
S1-301283839	S2-532389987	S2
S1-301283839	S2-525859393	S2
S1-301283839	S2-940106616	S2
S1-301283839	S2-259929846	S2
S1-301283839	S2-773705845	S2
S1-301283839	S2-629880378	S2
S1-301283839	S2-698245094	S2
S1-301283839	S2-640420911	S2
S1-301283839	S2-690767550	S2
S1-301283839	S2-939074826	S2
S1-301283839	S2-339142042	S2
S1-270255759	S2-983379660	S2
S1-270255759	S2-938612654	S2
S1-270255759	S2-592124942	S2
S1-270255759	S2-517995133	S2
S1-270255759	S2-764430935	S2
S1-270255759	S2-716687956	S2
S1-270255759	S2-407432333	S2
S1-270255759	S2-79818405	S2
S1-270255759	S2-866650875	S2
S1-270255759	S2-373143276	S2
S1-270255759	S2-968735721	S2
S1-270255759	S2-573950787	S2
S1-270255759	S2-820843834	S2
S1-270255759	S2-836755446	S2
S1-270255759	S2-648055380	S2
S1-97577130	S2-747478411	S2
S1-97577130	S2-775394710	S2
S1-97577130	S2-85642806	S2
S1-97577130	S2-764236252	S2
S1-97577130	S2-802873219	S2
S1-97577130	S2-998440718	S2
S1-97577130	S2-9826042	S2
S1-97577130	S2-469073813	S2
S1-97577130	S2-831239310	S2
S1-97577130	S2-308041768	S2
S1-97577130	S2-202394836	S2
S1-97577130	S2-905737147	S2
S1-97577130	S2-253412037	S2
S1-97577130	S2-245909245	S2
S1-97577130	S2-598068208	S2
S1-592498716	S2-717122261	S2
S1-592498716	S2-93729553	S2
S1-592498716	S2-927569271	S2
S1-592498716	S2-532353401	S2
S1-592498716	S2-674667779	S2
S1-592498716	S2-162494835	S2
S1-592498716	S2-567819618	S2
S1-592498716	S2-165768476	S2
S1-592498716	S2-193586650	S2
S1-592498716	S2-147418558	S2
S1-592498716	S2-71201246	S2
S1-592498716	S2-967923960	S2
S1-592498716	S2-746661573	S2
S1-592498716	S2-865353440	S2
S1-592498716	S2-803294359	S2
S1-811584019	S2-820645328	S2
S1-811584019	S2-200200363	S2
S1-811584019	S2-859393404	S2
S1-811584019	S2-680198089	S2
S1-811584019	S2-449660364	S2
S1-811584019	S2-256451765	S2
S1-811584019	S2-12970251	S2
S1-811584019	S2-944772275	S2
S1-811584019	S2-506682722	S2
S1-811584019	S2-695240341	S2
S1-811584019	S2-831625227	S2
S1-811584019	S2-683312986	S2
S1-811584019	S2-808715382	S2
S1-811584019	S2-391886434	S2
S1-811584019	S2-529318908	S2
S1-902150059	S2-905737147	S2
S1-902150059	S2-794352292	S2
S1-902150059	S2-921202375	S2
S1-902150059	S2-816989315	S2
S1-902150059	S2-777730349	S2
S1-902150059	S2-569860965	S2
S1-902150059	S2-670948516	S2
S1-902150059	S2-816205839	S2
S1-902150059	S2-640420911	S2
S1-902150059	S2-8982199	S2
S1-902150059	S2-26324258	S2
S1-902150059	S2-512382393	S2
S1-902150059	S2-662673311	S2
S1-902150059	S2-682814350	S2
S1-902150059	S2-140036589	S2
S1-946922673	S2-620110385	S2
S1-946922673	S2-466667272	S2
S1-946922673	S2-155574448	S2
S1-946922673	S2-141023155	S2
S1-946922673	S2-813611214	S2
S1-946922673	S2-797857062	S2
S1-946922673	S2-459061465	S2
S1-946922673	S2-421540927	S2
S1-946922673	S2-455830760	S2
S1-946922673	S2-121759397	S2
S1-946922673	S2-850499815	S2
S1-946922673	S2-274227325	S2
S1-946922673	S2-4675625	S2
S1-946922673	S2-417277947	S2
S1-946922673	S2-837096453	S2
S1-17573606	S2-314169444	S2
S1-17573606	S2-132543275	S2
S1-17573606	S2-978606166	S2
S1-17573606	S2-872319713	S2
S1-17573606	S2-95424985	S2
S1-17573606	S2-381676404	S2
S1-17573606	S2-810843780	S2
S1-17573606	S2-142441358	S2
S1-17573606	S2-814955870	S2
S1-17573606	S2-258046397	S2
S1-17573606	S2-765265626	S2
S1-17573606	S2-688247667	S2
S1-17573606	S2-678788003	S2
S1-17573606	S2-921274499	S2
S1-17573606	S2-975023541	S2
S1-684545756	S2-144609625	S2
S1-684545756	S2-592507930	S2
S1-684545756	S2-591398537	S2
S1-684545756	S2-810723110	S2
S1-684545756	S2-357197766	S2
S1-684545756	S2-222540081	S2
S1-684545756	S2-706238826	S2
S1-684545756	S2-287588845	S2
S1-684545756	S2-661036235	S2
S1-684545756	S2-478830670	S2
S1-684545756	S2-2307515	S2
S1-684545756	S2-846975420	S2
S1-684545756	S2-100798928	S2
S1-684545756	S2-848878443	S2
S1-684545756	S2-187499079	S2
S1-910100521	S2-890423795	S2
S1-910100521	S2-219432880	S2
S1-910100521	S2-417269575	S2
S1-910100521	S2-74992830	S2
S1-910100521	S2-877085471	S2
S1-910100521	S2-631410361	S2
S1-910100521	S2-727570982	S2
S1-910100521	S2-394554163	S2
S1-910100521	S2-332453876	S2
S1-910100521	S2-190642185	S2
S1-910100521	S2-154655572	S2
S1-910100521	S2-985375674	S2
S1-910100521	S2-146349824	S2
S1-910100521	S2-228338166	S2
S1-910100521	S2-311814169	S2
S1-820751255	S2-988824861	S2
S1-820751255	S2-661030345	S2
S1-820751255	S2-150634918	S2
S1-820751255	S2-919385476	S2
S1-820751255	S2-298589362	S2
S1-820751255	S2-218771556	S2
S1-820751255	S2-796679719	S2
S1-820751255	S2-638319392	S2
S1-820751255	S2-558443244	S2
S1-820751255	S2-100101893	S2
S1-820751255	S2-907504746	S2
S1-820751255	S2-111294604	S2
S1-820751255	S2-774048672	S2
S1-820751255	S2-548633980	S2
S1-820751255	S2-64494419	S2
S1-741817106	S2-452973108	S2
S1-741817106	S2-353393611	S2
S1-741817106	S2-646080124	S2
S1-741817106	S2-757677016	S2
S1-741817106	S2-239028962	S2
S1-741817106	S2-533115756	S2
S1-741817106	S2-876145747	S2
S1-741817106	S2-59076666	S2
S1-741817106	S2-827093547	S2
S1-741817106	S2-123409799	S2
S1-741817106	S2-983514167	S2
S1-741817106	S2-850499815	S2
S1-741817106	S2-119087459	S2
S1-741817106	S2-868915655	S2
S1-741817106	S2-527059989	S2
S1-877882228	S2-518525663	S2
S1-877882228	S2-75150479	S2
S1-877882228	S2-489461707	S2
S1-877882228	S2-518692071	S2
S1-877882228	S2-684635925	S2
S1-877882228	S2-642122157	S2
S1-877882228	S2-837187320	S2
S1-877882228	S2-794174587	S2
S1-877882228	S2-419605789	S2
S1-877882228	S2-717546	S2
S1-877882228	S2-730043743	S2
S1-877882228	S2-311198605	S2
S1-877882228	S2-82665539	S2
S1-877882228	S2-92758088	S2
S1-877882228	S2-731531571	S2
S1-616950184	S2-935425652	S2
S1-616950184	S2-254663123	S2
S1-616950184	S2-14506136	S2
S1-616950184	S2-736110069	S2
S1-616950184	S2-769808418	S2
S1-616950184	S2-232788938	S2
S1-616950184	S2-950705478	S2
S1-616950184	S2-918349502	S2
S1-616950184	S2-373730786	S2
S1-616950184	S2-541570442	S2
S1-616950184	S2-392990451	S2
S1-616950184	S2-468700275	S2
S1-616950184	S2-175566180	S2
S1-616950184	S2-402804051	S2
S1-616950184	S2-523953646	S2
S1-22901106	S2-136113375	S2
S1-22901106	S2-918763928	S2
S1-22901106	S2-290146361	S2
S1-22901106	S2-159472146	S2
S1-22901106	S2-721241427	S2
S1-22901106	S2-662221399	S2
S1-22901106	S2-845362212	S2
S1-22901106	S2-620647719	S2
S1-22901106	S2-693383953	S2
S1-22901106	S2-895531443	S2
S1-22901106	S2-598788762	S2
S1-22901106	S2-358578952	S2
S1-22901106	S2-211389639	S2
S1-22901106	S2-345917206	S2
S1-22901106	S2-992673515	S2
S1-44634215	S2-635228641	S2
S1-44634215	S2-381747268	S2
S1-44634215	S2-31971701	S2
S1-44634215	S2-877085471	S2
S1-44634215	S2-74992830	S2
S1-44634215	S2-727570982	S2
S1-44634215	S2-212582677	S2
S1-44634215	S2-439805521	S2
S1-44634215	S2-190642185	S2
S1-44634215	S2-332453876	S2
S1-44634215	S2-47749434	S2
S1-44634215	S2-653459371	S2
S1-44634215	S2-541570442	S2
S1-44634215	S2-230946285	S2
S1-44634215	S2-745995930	S2
S1-830300644	S2-456896539	S2
S1-830300644	S2-563158163	S2
S1-830300644	S2-512060211	S2
S1-830300644	S2-92854944	S2
S1-830300644	S2-812353470	S2
S1-830300644	S2-471521279	S2
S1-830300644	S2-533115756	S2
S1-830300644	S2-638011629	S2
S1-830300644	S2-930968972	S2
S1-830300644	S2-961859453	S2
S1-830300644	S2-752508714	S2
S1-830300644	S2-165228168	S2
S1-830300644	S2-327008381	S2
S1-830300644	S2-188887388	S2
S1-830300644	S2-406091061	S2
S1-572666706	S2-925511054	S2
S1-572666706	S2-718979866	S2
S1-572666706	S2-918655668	S2
S1-572666706	S2-441769049	S2
S1-572666706	S2-254788701	S2
S1-572666706	S2-822346901	S2
S1-572666706	S2-461563520	S2
S1-572666706	S2-630651352	S2
S1-572666706	S2-438753836	S2
S1-572666706	S2-418380949	S2
S1-572666706	S2-228779604	S2
S1-572666706	S2-263273654	S2
S1-572666706	S2-168008728	S2
S1-572666706	S2-307443980	S2
S1-572666706	S2-243092207	S2
S1-669413769	S2-923853202	S2
S1-669413769	S2-471713609	S2
S1-669413769	S2-764430935	S2
S1-669413769	S2-437309128	S2
S1-669413769	S2-145507253	S2
S1-669413769	S2-843741773	S2
S1-669413769	S2-229217508	S2
S1-669413769	S2-672736825	S2
S1-669413769	S2-362602827	S2
S1-669413769	S2-748325649	S2
S1-669413769	S2-126113089	S2
S1-669413769	S2-369458829	S2
S1-669413769	S2-640420911	S2
S1-669413769	S2-26324258	S2
S1-669413769	S2-512382393	S2
S1-785336105	S2-16801220	S2
S1-785336105	S2-628335210	S2
S1-785336105	S2-994301220	S2
S1-785336105	S2-31854557	S2
S1-785336105	S2-207084937	S2
S1-785336105	S2-484559177	S2
S1-785336105	S2-528483872	S2
S1-785336105	S2-274109622	S2
S1-785336105	S2-862571135	S2
S1-785336105	S2-182529912	S2
S1-785336105	S2-885496247	S2
S1-785336105	S2-479081815	S2
S1-785336105	S2-315872469	S2
S1-785336105	S2-665652910	S2
S1-785336105	S2-159175610	S2
S1-974185394	S2-209093728	S2
S1-974185394	S2-132022202	S2
S1-974185394	S2-514714174	S2
S1-974185394	S2-591277113	S2
S1-974185394	S2-699840570	S2
S1-974185394	S2-778812617	S2
S1-974185394	S2-448515850	S2
S1-974185394	S2-535988246	S2
S1-974185394	S2-827260882	S2
S1-974185394	S2-98740207	S2
S1-974185394	S2-382118226	S2
S1-974185394	S2-777835859	S2
S1-974185394	S2-940079305	S2
S1-974185394	S2-890977739	S2
S1-974185394	S2-34956606	S2
S1-169108778	S2-834353592	S2
S1-169108778	S2-222540081	S2
S1-169108778	S2-818687100	S2
S1-169108778	S2-712777388	S2
S1-169108778	S2-673822670	S2
S1-169108778	S2-810915319	S2
S1-169108778	S2-3914789	S2
S1-169108778	S2-395800668	S2
S1-169108778	S2-833227760	S2
S1-169108778	S2-534318812	S2
S1-169108778	S2-875461623	S2
S1-169108778	S2-17360295	S2
S1-169108778	S2-826516454	S2
S1-169108778	S2-670948516	S2
S1-169108778	S2-609292694	S2
S1-796167853	S2-439483413	S2
S1-796167853	S2-726813453	S2
S1-796167853	S2-220948169	S2
S1-796167853	S2-820079347	S2
S1-796167853	S2-564502430	S2
S1-796167853	S2-52172500	S2
S1-796167853	S2-213100180	S2
S1-796167853	S2-694410926	S2
S1-796167853	S2-795261579	S2
S1-796167853	S2-787718430	S2
S1-796167853	S2-192974905	S2
S1-796167853	S2-476688679	S2
S1-796167853	S2-457491323	S2
S1-796167853	S2-911982345	S2
S1-796167853	S2-634994990	S2
S1-945793047	S2-882459657	S2
S1-945793047	S2-242582700	S2
S1-945793047	S2-265891218	S2
S1-945793047	S2-846262463	S2
S1-945793047	S2-220845632	S2
S1-945793047	S2-726045392	S2
S1-945793047	S2-873177396	S2
S1-945793047	S2-402548315	S2
S1-945793047	S2-335124172	S2
S1-945793047	S2-788754887	S2
S1-945793047	S2-944030245	S2
S1-945793047	S2-213099480	S2
S1-945793047	S2-913033756	S2
S1-945793047	S2-81084363	S2
S1-945793047	S2-95090414	S2
S1-547971316	S2-329256726	S2
S1-547971316	S2-808715382	S2
S1-547971316	S2-831625227	S2
S1-547971316	S2-137335733	S2
S1-547971316	S2-104641729	S2
S1-547971316	S2-187593824	S2
S1-547971316	S2-945813340	S2
S1-547971316	S2-529318908	S2
S1-547971316	S2-200200363	S2
S1-547971316	S2-391886434	S2
S1-547971316	S2-256451765	S2
S1-547971316	S2-859393404	S2
S1-547971316	S2-506682722	S2
S1-547971316	S2-12970251	S2
S1-547971316	S2-695240341	S2
S1-235705784	S2-63261077	S2
S1-235705784	S2-278045217	S2
S1-235705784	S2-867710047	S2
S1-235705784	S2-956608424	S2
S1-235705784	S2-143232725	S2
S1-235705784	S2-309042378	S2
S1-235705784	S2-378867947	S2
S1-235705784	S2-748268413	S2
S1-235705784	S2-111237832	S2
S1-235705784	S2-725412413	S2
S1-235705784	S2-366081375	S2
S1-235705784	S2-398460096	S2
S1-235705784	S2-802130222	S2
S1-235705784	S2-876721131	S2
S1-235705784	S2-731588087	S2
S1-438047370	S2-549320589	S2
S1-438047370	S2-3987022	S2
S1-438047370	S2-318784543	S2
S1-438047370	S2-335860	S2
S1-438047370	S2-704012671	S2
S1-438047370	S2-287300820	S2
S1-438047370	S2-564777969	S2
S1-438047370	S2-829280506	S2
S1-438047370	S2-287275758	S2
S1-438047370	S2-988228866	S2
S1-438047370	S2-947466256	S2
S1-438047370	S2-959734804	S2
S1-438047370	S2-150882117	S2
S1-438047370	S2-1505887	S2
S1-438047370	S2-466380342	S2
S1-164017572	S2-469964803	S2
S1-164017572	S2-154795306	S2
S1-164017572	S2-694627142	S2
S1-164017572	S2-776409894	S2
S1-164017572	S2-906609960	S2
S1-164017572	S2-843741773	S2
S1-164017572	S2-543049878	S2
S1-164017572	S2-333030681	S2
S1-164017572	S2-195819452	S2
S1-164017572	S2-700717757	S2
S1-164017572	S2-640723488	S2
S1-164017572	S2-844363575	S2
S1-164017572	S2-527812446	S2
S1-164017572	S2-992673515	S2
S1-164017572	S2-729058852	S2
S1-171471216	S2-706697276	S2
S1-171471216	S2-275404449	S2
S1-171471216	S2-698001157	S2
S1-171471216	S2-488789411	S2
S1-171471216	S2-74992830	S2
S1-171471216	S2-923853202	S2
S1-171471216	S2-635228641	S2
S1-171471216	S2-190642185	S2
S1-171471216	S2-394554163	S2
S1-171471216	S2-865044868	S2
S1-171471216	S2-713135503	S2
S1-171471216	S2-877085471	S2
S1-171471216	S2-332453876	S2
S1-171471216	S2-727570982	S2
S1-171471216	S2-662891369	S2
S1-777898303	S2-74052072	S2
S1-777898303	S2-266007614	S2
S1-777898303	S2-402548315	S2
S1-777898303	S2-738448002	S2
S1-777898303	S2-449578781	S2
S1-777898303	S2-557882604	S2
S1-777898303	S2-34892868	S2
S1-777898303	S2-665981472	S2
S1-777898303	S2-130291706	S2
S1-777898303	S2-402816908	S2
S1-777898303	S2-949133216	S2
S1-777898303	S2-209709244	S2
S1-777898303	S2-786753976	S2
S1-777898303	S2-604963200	S2
S1-777898303	S2-319771268	S2
S1-898279595	S2-168560796	S2
S1-898279595	S2-232100103	S2
S1-898279595	S2-202394836	S2
S1-898279595	S2-802075529	S2
S1-898279595	S2-308041768	S2
S1-898279595	S2-7521413	S2
S1-898279595	S2-935426120	S2
S1-898279595	S2-998440718	S2
S1-898279595	S2-775394710	S2
S1-898279595	S2-905737147	S2
S1-898279595	S2-253412037	S2
S1-898279595	S2-245909245	S2
S1-898279595	S2-598068208	S2
S1-898279595	S2-747478411	S2
S1-898279595	S2-831239310	S2
S1-896330803	S2-585698283	S2
S1-896330803	S2-198938800	S2
S1-896330803	S2-102286733	S2
S1-896330803	S2-312533710	S2
S1-896330803	S2-612768292	S2
S1-896330803	S2-487988118	S2
S1-896330803	S2-880764652	S2
S1-896330803	S2-814881099	S2
S1-896330803	S2-839751839	S2
S1-896330803	S2-156460390	S2
S1-896330803	S2-760621281	S2
S1-896330803	S2-184993338	S2
S1-896330803	S2-582984116	S2
S1-896330803	S2-937234624	S2
S1-896330803	S2-544365657	S2
S1-202517222	S2-699134996	S2
S1-202517222	S2-232805709	S2
S1-202517222	S2-829070070	S2
S1-202517222	S2-384137942	S2
S1-202517222	S2-623705967	S2
S1-202517222	S2-885166670	S2
S1-202517222	S2-319012131	S2
S1-202517222	S2-317615334	S2
S1-202517222	S2-332014708	S2
S1-202517222	S2-912435652	S2
S1-202517222	S2-290899179	S2
S1-202517222	S2-68547182	S2
S1-202517222	S2-426839110	S2
S1-202517222	S2-642445801	S2
S1-202517222	S2-453758271	S2
S1-385823757	S2-906898057	S2
S1-385823757	S2-224980295	S2
S1-385823757	S2-888030033	S2
S1-385823757	S2-79488526	S2
S1-385823757	S2-566293411	S2
S1-385823757	S2-199235212	S2
S1-385823757	S2-44909703	S2
S1-385823757	S2-500008641	S2
S1-385823757	S2-18442426	S2
S1-385823757	S2-17360295	S2
S1-385823757	S2-794352292	S2
S1-385823757	S2-432279643	S2
S1-385823757	S2-665463193	S2
S1-385823757	S2-20143885	S2
S1-385823757	S2-502689864	S2
S1-677358632	S2-199635728	S2
S1-677358632	S2-975023541	S2
S1-677358632	S2-193026221	S2
S1-677358632	S2-875461623	S2
S1-677358632	S2-670948516	S2
S1-677358632	S2-777730349	S2
S1-677358632	S2-8982199	S2
S1-677358632	S2-921202375	S2
S1-677358632	S2-794352292	S2
S1-677358632	S2-498046006	S2
S1-677358632	S2-94341972	S2
S1-677358632	S2-861758392	S2
S1-677358632	S2-929722075	S2
S1-677358632	S2-890423795	S2
S1-677358632	S2-715327535	S2
S1-886002896	S2-613019176	S2
S1-886002896	S2-214313720	S2
S1-886002896	S2-235039028	S2
S1-886002896	S2-787718430	S2
S1-886002896	S2-457978289	S2
S1-886002896	S2-728928259	S2
S1-886002896	S2-529238319	S2
S1-886002896	S2-654636304	S2
S1-886002896	S2-926723118	S2
S1-886002896	S2-98331541	S2
S1-886002896	S2-684531221	S2
S1-886002896	S2-894313135	S2
S1-886002896	S2-959518463	S2
S1-886002896	S2-444139007	S2
S1-886002896	S2-713920891	S2
S1-226731020	S2-367970234	S2
S1-226731020	S2-353393611	S2
S1-226731020	S2-709626608	S2
S1-226731020	S2-829251462	S2
S1-226731020	S2-110236539	S2
S1-226731020	S2-287300820	S2
S1-226731020	S2-466263961	S2
S1-226731020	S2-530330935	S2
S1-226731020	S2-260388248	S2
S1-226731020	S2-100598528	S2
S1-226731020	S2-475419520	S2
S1-226731020	S2-155681006	S2
S1-226731020	S2-349287094	S2
S1-226731020	S2-354227046	S2
S1-226731020	S2-704269513	S2
S1-196390702	S2-34956606	S2
S1-196390702	S2-890977739	S2
S1-196390702	S2-665573717	S2
S1-196390702	S2-646274481	S2
S1-196390702	S2-358237238	S2
S1-196390702	S2-640987463	S2
S1-196390702	S2-800694119	S2
S1-196390702	S2-731097037	S2
S1-196390702	S2-599864991	S2
S1-196390702	S2-801373301	S2
S1-196390702	S2-885166670	S2
S1-196390702	S2-264940990	S2
S1-196390702	S2-378820746	S2
S1-196390702	S2-689428234	S2
S1-196390702	S2-38552347	S2
S1-846870843	S2-228779604	S2
S1-846870843	S2-263273654	S2
S1-846870843	S2-617467150	S2
S1-846870843	S2-145204119	S2
S1-846870843	S2-426046760	S2
S1-846870843	S2-441341822	S2
S1-846870843	S2-573094730	S2
S1-846870843	S2-110239007	S2
S1-846870843	S2-31854557	S2
S1-846870843	S2-186614082	S2
S1-846870843	S2-613033114	S2
S1-846870843	S2-17860697	S2
S1-846870843	S2-699391872	S2
S1-846870843	S2-362555190	S2
S1-846870843	S2-225100350	S2
S1-652302768	S2-406091061	S2
S1-652302768	S2-454761179	S2
S1-652302768	S2-834563673	S2
S1-652302768	S2-444467356	S2
S1-652302768	S2-492031103	S2
S1-652302768	S2-630825823	S2
S1-652302768	S2-889017900	S2
S1-652302768	S2-888030033	S2
S1-652302768	S2-500008641	S2
S1-652302768	S2-70991129	S2
S1-652302768	S2-585744040	S2
S1-652302768	S2-520545166	S2
S1-652302768	S2-803343298	S2
S1-652302768	S2-175566180	S2
S1-652302768	S2-721104467	S2
S1-189218186	S2-142441358	S2
S1-189218186	S2-794352292	S2
S1-189218186	S2-701563511	S2
S1-189218186	S2-791990398	S2
S1-189218186	S2-814052487	S2
S1-189218186	S2-921202375	S2
S1-189218186	S2-675348100	S2
S1-189218186	S2-767390046	S2
S1-189218186	S2-8982199	S2
S1-189218186	S2-356775340	S2
S1-189218186	S2-610173207	S2
S1-189218186	S2-607423444	S2
S1-189218186	S2-665463193	S2
S1-189218186	S2-256518183	S2
S1-189218186	S2-565543920	S2
S1-925911205	S2-438085957	S2
S1-925911205	S2-284019526	S2
S1-925911205	S2-929443380	S2
S1-925911205	S2-872209566	S2
S1-925911205	S2-318217219	S2
S1-925911205	S2-696676120	S2
S1-925911205	S2-607870664	S2
S1-925911205	S2-959150948	S2
S1-925911205	S2-146369582	S2
S1-925911205	S2-447785689	S2
S1-925911205	S2-929722075	S2
S1-925911205	S2-895944720	S2
S1-925911205	S2-785378860	S2
S1-925911205	S2-430367614	S2
S1-925911205	S2-940187710	S2
S1-62329201	S2-193995593	S2
S1-62329201	S2-418033252	S2
S1-62329201	S2-92758088	S2
S1-62329201	S2-829124015	S2
S1-62329201	S2-845849286	S2
S1-62329201	S2-728507538	S2
S1-62329201	S2-846535978	S2
S1-62329201	S2-803596169	S2
S1-62329201	S2-436041396	S2
S1-62329201	S2-537858187	S2
S1-62329201	S2-138429970	S2
S1-62329201	S2-983379660	S2
S1-62329201	S2-965326114	S2
S1-62329201	S2-725412413	S2
S1-62329201	S2-366081375	S2
S1-34717806	S2-772922754	S2
S1-34717806	S2-964240180	S2
S1-34717806	S2-72897582	S2
S1-34717806	S2-862759276	S2
S1-34717806	S2-488789411	S2
S1-34717806	S2-896730409	S2
S1-34717806	S2-583111097	S2
S1-34717806	S2-646080124	S2
S1-34717806	S2-877823257	S2
S1-34717806	S2-575990209	S2
S1-34717806	S2-119087459	S2
S1-34717806	S2-197625218	S2
S1-34717806	S2-142962200	S2
S1-34717806	S2-279795129	S2
S1-34717806	S2-682964593	S2
S1-218518704	S2-539420714	S2
S1-218518704	S2-839751839	S2
S1-218518704	S2-774139241	S2
S1-218518704	S2-35086639	S2
S1-218518704	S2-250915022	S2
S1-218518704	S2-945842043	S2
S1-218518704	S2-783158461	S2
S1-218518704	S2-734058456	S2
S1-218518704	S2-174528596	S2
S1-218518704	S2-585835879	S2
S1-218518704	S2-921287883	S2
S1-218518704	S2-649938200	S2
S1-218518704	S2-970843942	S2
S1-218518704	S2-293441687	S2
S1-218518704	S2-763108962	S2
S1-548281154	S2-625556810	S2
S1-548281154	S2-511376005	S2
S1-548281154	S2-669879950	S2
S1-548281154	S2-575813071	S2
S1-548281154	S2-318217219	S2
S1-548281154	S2-26395860	S2
S1-548281154	S2-220948169	S2
S1-548281154	S2-131264573	S2
S1-548281154	S2-564502430	S2
S1-548281154	S2-770769195	S2
S1-548281154	S2-133763910	S2
S1-548281154	S2-789881006	S2
S1-548281154	S2-873624335	S2
S1-548281154	S2-755475008	S2
S1-548281154	S2-391277285	S2
S1-376114110	S2-793689201	S2
S1-376114110	S2-484254734	S2
S1-376114110	S2-938612654	S2
S1-376114110	S2-910212980	S2
S1-376114110	S2-400230753	S2
S1-376114110	S2-816119025	S2
S1-376114110	S2-630317647	S2
S1-376114110	S2-29108033	S2
S1-376114110	S2-12796093	S2
S1-376114110	S2-971491700	S2
S1-376114110	S2-846600326	S2
S1-376114110	S2-937072190	S2
S1-376114110	S2-438972703	S2
S1-376114110	S2-307272578	S2
S1-376114110	S2-155636061	S2
S1-521143416	S2-414895830	S2
S1-521143416	S2-181962832	S2
S1-521143416	S2-566931281	S2
S1-521143416	S2-736654053	S2
S1-521143416	S2-294062437	S2
S1-521143416	S2-513550621	S2
S1-521143416	S2-247759089	S2
S1-521143416	S2-305071473	S2
S1-521143416	S2-284585076	S2
S1-521143416	S2-537858187	S2
S1-521143416	S2-570512018	S2
S1-521143416	S2-38917398	S2
S1-521143416	S2-841917974	S2
S1-521143416	S2-936867164	S2
S1-521143416	S2-85369861	S2
S1-410304151	S2-209093728	S2
S1-410304151	S2-829124015	S2
S1-410304151	S2-497025062	S2
S1-410304151	S2-22805370	S2
S1-410304151	S2-46777321	S2
S1-410304151	S2-362776689	S2
S1-410304151	S2-648420391	S2
S1-410304151	S2-430367614	S2
S1-410304151	S2-296598302	S2
S1-410304151	S2-302419463	S2
S1-410304151	S2-91953344	S2
S1-410304151	S2-369116881	S2
S1-410304151	S2-895944720	S2
S1-410304151	S2-742406486	S2
S1-410304151	S2-802129140	S2
S1-100516852	S2-569638765	S2
S1-100516852	S2-232342145	S2
S1-100516852	S2-832052225	S2
S1-100516852	S2-983169327	S2
S1-100516852	S2-727900448	S2
S1-100516852	S2-471521279	S2
S1-100516852	S2-426153797	S2
S1-100516852	S2-737922279	S2
S1-100516852	S2-741940589	S2
S1-100516852	S2-625556810	S2
S1-100516852	S2-968244171	S2
S1-100516852	S2-690131096	S2
S1-100516852	S2-439438994	S2
S1-100516852	S2-745714890	S2
S1-100516852	S2-534415637	S2
S1-45964697	S2-197514971	S2
S1-45964697	S2-1505887	S2
S1-45964697	S2-988228866	S2
S1-45964697	S2-335860	S2
S1-45964697	S2-704012671	S2
S1-45964697	S2-549320589	S2
S1-45964697	S2-287275758	S2
S1-45964697	S2-318784543	S2
S1-45964697	S2-150882117	S2
S1-45964697	S2-287300820	S2
S1-45964697	S2-564777969	S2
S1-45964697	S2-959734804	S2
S1-45964697	S2-947466256	S2
S1-45964697	S2-466380342	S2
S1-45964697	S2-515386320	S2
S1-371671884	S2-623705967	S2
S1-371671884	S2-9614101	S2
S1-371671884	S2-597331429	S2
S1-371671884	S2-674315309	S2
S1-371671884	S2-51424319	S2
S1-371671884	S2-409726115	S2
S1-371671884	S2-438182503	S2
S1-371671884	S2-516871248	S2
S1-371671884	S2-202159021	S2
S1-371671884	S2-510383940	S2
S1-371671884	S2-417277947	S2
S1-371671884	S2-560818510	S2
S1-371671884	S2-25787219	S2
S1-371671884	S2-518590135	S2
S1-371671884	S2-802873219	S2
S1-65296733	S2-620446219	S2
S1-65296733	S2-769858942	S2
S1-65296733	S2-675296997	S2
S1-65296733	S2-175456325	S2
S1-65296733	S2-345313911	S2
S1-65296733	S2-793479348	S2
S1-65296733	S2-625682061	S2
S1-65296733	S2-809086049	S2
S1-65296733	S2-362105495	S2
S1-65296733	S2-995335581	S2
S1-65296733	S2-170548497	S2
S1-65296733	S2-126411084	S2
S1-65296733	S2-378867947	S2
S1-65296733	S2-947466256	S2
S1-65296733	S2-129637001	S2
S1-388325812	S2-747466359	S2
S1-388325812	S2-496765251	S2
S1-388325812	S2-132895527	S2
S1-388325812	S2-163963287	S2
S1-388325812	S2-582458634	S2
S1-388325812	S2-979303211	S2
S1-388325812	S2-648129048	S2
S1-388325812	S2-779197401	S2
S1-388325812	S2-848024418	S2
S1-388325812	S2-570512018	S2
S1-388325812	S2-369527493	S2
S1-388325812	S2-164646602	S2
S1-388325812	S2-419789553	S2
S1-388325812	S2-421672451	S2
S1-388325812	S2-892302414	S2
S1-184229550	S2-576580892	S2
S1-184229550	S2-972051451	S2
S1-184229550	S2-882915480	S2
S1-184229550	S2-281309190	S2
S1-184229550	S2-726813453	S2
S1-184229550	S2-713109591	S2
S1-184229550	S2-645440237	S2
S1-184229550	S2-165863386	S2
S1-184229550	S2-512950951	S2
S1-184229550	S2-60818919	S2
S1-184229550	S2-17933853	S2
S1-184229550	S2-424537185	S2
S1-184229550	S2-619664055	S2
S1-184229550	S2-74992830	S2
S1-184229550	S2-733025108	S2
S1-203667972	S2-769670550	S2
S1-203667972	S2-540853782	S2
S1-203667972	S2-56541596	S2
S1-203667972	S2-286201851	S2
S1-203667972	S2-706615728	S2
S1-203667972	S2-123409799	S2
S1-203667972	S2-281557469	S2
S1-203667972	S2-254422036	S2
S1-203667972	S2-823869687	S2
S1-203667972	S2-376791375	S2
S1-203667972	S2-223117200	S2
S1-203667972	S2-26324258	S2
S1-203667972	S2-575166296	S2
S1-203667972	S2-734993182	S2
S1-203667972	S2-52135149	S2
S1-125472274	S2-609292694	S2
S1-125472274	S2-874162453	S2
S1-125472274	S2-214835079	S2
S1-125472274	S2-848946610	S2
S1-125472274	S2-187514897	S2
S1-125472274	S2-335124172	S2
S1-125472274	S2-135305339	S2
S1-125472274	S2-764632135	S2
S1-125472274	S2-196618803	S2
S1-125472274	S2-878639783	S2
S1-125472274	S2-800014563	S2
S1-125472274	S2-620110385	S2
S1-125472274	S2-536231721	S2
S1-125472274	S2-560178870	S2
S1-125472274	S2-475793028	S2
S1-834386502	S2-844267085	S2
S1-834386502	S2-828872229	S2
S1-834386502	S2-135305339	S2
S1-834386502	S2-693296247	S2
S1-834386502	S2-807474854	S2
S1-834386502	S2-349666272	S2
S1-834386502	S2-167426364	S2
S1-834386502	S2-291868119	S2
S1-834386502	S2-485419143	S2
S1-834386502	S2-449617627	S2
S1-834386502	S2-651190084	S2
S1-834386502	S2-890423795	S2
S1-834386502	S2-176139646	S2
S1-834386502	S2-895116270	S2
S1-834386502	S2-472320169	S2
S1-942654297	S2-752654978	S2
S1-942654297	S2-651292790	S2
S1-942654297	S2-883117276	S2
S1-942654297	S2-623164214	S2
S1-942654297	S2-446844245	S2
S1-942654297	S2-840538759	S2
S1-942654297	S2-177779132	S2
S1-942654297	S2-569534268	S2
S1-942654297	S2-995199364	S2
S1-942654297	S2-847374839	S2
S1-942654297	S2-794530374	S2
S1-942654297	S2-133763910	S2
S1-942654297	S2-260686291	S2
S1-942654297	S2-228567244	S2
S1-942654297	S2-27297350	S2
S1-495565221	S2-784259305	S2
S1-495565221	S2-670948516	S2
S1-495565221	S2-975023541	S2
S1-495565221	S2-135305339	S2
S1-495565221	S2-937734462	S2
S1-495565221	S2-164651728	S2
S1-495565221	S2-777730349	S2
S1-495565221	S2-929722075	S2
S1-495565221	S2-651292790	S2
S1-495565221	S2-794352292	S2
S1-495565221	S2-225823147	S2
S1-495565221	S2-409726115	S2
S1-495565221	S2-921202375	S2
S1-495565221	S2-523031614	S2
S1-495565221	S2-8982199	S2
S1-409097297	S2-52467947	S2
S1-409097297	S2-847685918	S2
S1-409097297	S2-513743270	S2
S1-409097297	S2-537997029	S2
S1-409097297	S2-608023861	S2
S1-409097297	S2-184020156	S2
S1-409097297	S2-673822670	S2
S1-409097297	S2-809459605	S2
S1-409097297	S2-558654912	S2
S1-409097297	S2-943222249	S2
S1-409097297	S2-426153797	S2
S1-409097297	S2-596515519	S2
S1-409097297	S2-986714176	S2
S1-409097297	S2-674565629	S2
S1-409097297	S2-51477351	S2
S1-172667135	S2-727779637	S2
S1-172667135	S2-512382393	S2
S1-172667135	S2-789711070	S2
S1-172667135	S2-105086356	S2
S1-172667135	S2-369458829	S2
S1-172667135	S2-126113089	S2
S1-172667135	S2-672736825	S2
S1-172667135	S2-610038935	S2
S1-172667135	S2-229217508	S2
S1-172667135	S2-873164808	S2
S1-172667135	S2-843071321	S2
S1-172667135	S2-376614649	S2
S1-172667135	S2-617594647	S2
S1-172667135	S2-385325065	S2
S1-172667135	S2-23812106	S2
S1-393746933	S2-676815762	S2
S1-393746933	S2-791429680	S2
S1-393746933	S2-258676677	S2
S1-393746933	S2-139857118	S2
S1-393746933	S2-945865905	S2
S1-393746933	S2-225037888	S2
S1-393746933	S2-958296449	S2
S1-393746933	S2-566356754	S2
S1-393746933	S2-640723488	S2
S1-393746933	S2-213952496	S2
S1-393746933	S2-272004093	S2
S1-393746933	S2-803596169	S2
S1-393746933	S2-182789318	S2
S1-393746933	S2-539393537	S2
S1-393746933	S2-622773844	S2
S1-650051667	S2-862571135	S2
S1-650051667	S2-246621020	S2
S1-650051667	S2-174609481	S2
S1-650051667	S2-7418163	S2
S1-650051667	S2-148466906	S2
S1-650051667	S2-220286148	S2
S1-650051667	S2-778812617	S2
S1-650051667	S2-138051778	S2
S1-650051667	S2-181566415	S2
S1-650051667	S2-885381494	S2
S1-650051667	S2-619859806	S2
S1-650051667	S2-672381387	S2
S1-650051667	S2-648420391	S2
S1-650051667	S2-950381919	S2
S1-650051667	S2-174059963	S2
S1-399029451	S2-349666272	S2
S1-399029451	S2-335038001	S2
S1-399029451	S2-485419143	S2
S1-399029451	S2-210601194	S2
S1-399029451	S2-167426364	S2
S1-399029451	S2-213099480	S2
S1-399029451	S2-532020500	S2
S1-399029451	S2-449617627	S2
S1-399029451	S2-838493982	S2
S1-399029451	S2-651190084	S2
S1-399029451	S2-176139646	S2
S1-399029451	S2-684635925	S2
S1-399029451	S2-469073813	S2
S1-399029451	S2-895116270	S2
S1-399029451	S2-472320169	S2
S1-206177417	S2-219432880	S2
S1-206177417	S2-156460390	S2
S1-206177417	S2-877085471	S2
S1-206177417	S2-74992830	S2
S1-206177417	S2-381676404	S2
S1-206177417	S2-190642185	S2
S1-206177417	S2-635228641	S2
S1-206177417	S2-727570982	S2
S1-206177417	S2-332453876	S2
S1-206177417	S2-947498857	S2
S1-206177417	S2-784592218	S2
S1-206177417	S2-880662813	S2
S1-206177417	S2-977127221	S2
S1-206177417	S2-12434856	S2
S1-206177417	S2-815037725	S2
S1-282089477	S2-164086509	S2
S1-282089477	S2-702965552	S2
S1-282089477	S2-289100479	S2
S1-282089477	S2-715352193	S2
S1-282089477	S2-444679914	S2
S1-282089477	S2-849819552	S2
S1-282089477	S2-339853392	S2
S1-282089477	S2-438085957	S2
S1-282089477	S2-305427278	S2
S1-282089477	S2-574349442	S2
S1-282089477	S2-27148087	S2
S1-282089477	S2-867614780	S2
S1-282089477	S2-526876910	S2
S1-282089477	S2-70698601	S2
S1-282089477	S2-960276783	S2
S1-111273522	S2-699840570	S2
S1-111273522	S2-467121958	S2
S1-111273522	S2-974623300	S2
S1-111273522	S2-877875891	S2
S1-111273522	S2-749984637	S2
S1-111273522	S2-237375796	S2
S1-111273522	S2-154472882	S2
S1-111273522	S2-322926562	S2
S1-111273522	S2-161956716	S2
S1-111273522	S2-132946102	S2
S1-111273522	S2-348173686	S2
S1-111273522	S2-26126776	S2
S1-111273522	S2-220596390	S2
S1-111273522	S2-804872908	S2
S1-111273522	S2-973292523	S2
S1-76214334	S2-926524693	S2
S1-76214334	S2-809086049	S2
S1-76214334	S2-921202375	S2
S1-76214334	S2-666781884	S2
S1-76214334	S2-8982199	S2
S1-76214334	S2-256172355	S2
S1-76214334	S2-726621584	S2
S1-76214334	S2-411547279	S2
S1-76214334	S2-50586341	S2
S1-76214334	S2-402548315	S2
S1-76214334	S2-602297798	S2
S1-76214334	S2-281309190	S2
S1-76214334	S2-678788003	S2
S1-76214334	S2-861414287	S2
S1-76214334	S2-915769300	S2
S1-611979795	S2-329607640	S2
S1-611979795	S2-242582700	S2
S1-611979795	S2-134697040	S2
S1-611979795	S2-726045392	S2
S1-611979795	S2-873177396	S2
S1-611979795	S2-846262463	S2
S1-611979795	S2-788754887	S2
S1-611979795	S2-335124172	S2
S1-611979795	S2-635002967	S2
S1-611979795	S2-402548315	S2
S1-611979795	S2-679190243	S2
S1-611979795	S2-85446560	S2
S1-611979795	S2-800694119	S2
S1-611979795	S2-507569300	S2
S1-611979795	S2-371549760	S2
S1-829348020	S2-663446783	S2
S1-829348020	S2-954942261	S2
S1-829348020	S2-203944670	S2
S1-829348020	S2-535260713	S2
S1-829348020	S2-488789411	S2
S1-829348020	S2-846158069	S2
S1-829348020	S2-913216366	S2
S1-829348020	S2-751588111	S2
S1-829348020	S2-506145204	S2
S1-829348020	S2-526412482	S2
S1-829348020	S2-291868119	S2
S1-829348020	S2-748044572	S2
S1-829348020	S2-448793585	S2
S1-829348020	S2-865044868	S2
S1-829348020	S2-18394219	S2
S1-538674211	S2-793153206	S2
S1-538674211	S2-548296657	S2
S1-538674211	S2-482353871	S2
S1-538674211	S2-871829810	S2
S1-538674211	S2-225037888	S2
S1-538674211	S2-921274499	S2
S1-538674211	S2-390971137	S2
S1-538674211	S2-391886434	S2
S1-538674211	S2-777785870	S2
S1-538674211	S2-732609411	S2
S1-538674211	S2-785643946	S2
S1-538674211	S2-326946504	S2
S1-538674211	S2-598788762	S2
S1-538674211	S2-731682240	S2
S1-538674211	S2-2048071	S2
S1-261360486	S2-975929602	S2
S1-261360486	S2-827503791	S2
S1-261360486	S2-264940990	S2
S1-261360486	S2-613971680	S2
S1-261360486	S2-850499815	S2
S1-261360486	S2-233123309	S2
S1-261360486	S2-437309128	S2
S1-261360486	S2-386881464	S2
S1-261360486	S2-187593824	S2
S1-261360486	S2-287588845	S2
S1-261360486	S2-200440168	S2
S1-261360486	S2-460821959	S2
S1-261360486	S2-987414512	S2
S1-261360486	S2-893669875	S2
S1-261360486	S2-605734275	S2
S1-962416500	S2-727608986	S2
S1-962416500	S2-256518183	S2
S1-962416500	S2-108630610	S2
S1-962416500	S2-656157274	S2
S1-962416500	S2-699501230	S2
S1-962416500	S2-93729553	S2
S1-962416500	S2-447396827	S2
S1-962416500	S2-607423444	S2
S1-962416500	S2-675348100	S2
S1-962416500	S2-356775340	S2
S1-962416500	S2-423030845	S2
S1-962416500	S2-605833213	S2
S1-962416500	S2-565543920	S2
S1-962416500	S2-701563511	S2
S1-962416500	S2-767390046	S2
S1-378245327	S2-111237832	S2
S1-378245327	S2-278045217	S2
S1-378245327	S2-176968531	S2
S1-378245327	S2-956608424	S2
S1-378245327	S2-662107705	S2
S1-378245327	S2-225100350	S2
S1-378245327	S2-143232725	S2
S1-378245327	S2-311198605	S2
S1-378245327	S2-91953344	S2
S1-378245327	S2-232805709	S2
S1-378245327	S2-518525663	S2
S1-378245327	S2-518692071	S2
S1-378245327	S2-808715382	S2
S1-378245327	S2-122570602	S2
S1-378245327	S2-716687956	S2
S1-414883860	S2-910195544	S2
S1-414883860	S2-803343298	S2
S1-414883860	S2-209410163	S2
S1-414883860	S2-683692604	S2
S1-414883860	S2-26126776	S2
S1-414883860	S2-978253391	S2
S1-414883860	S2-465837411	S2
S1-414883860	S2-545724283	S2
S1-414883860	S2-212279628	S2
S1-414883860	S2-947318362	S2
S1-414883860	S2-937234624	S2
S1-414883860	S2-496850215	S2
S1-414883860	S2-466601080	S2
S1-414883860	S2-101919056	S2
S1-414883860	S2-549320589	S2
S1-20679780	S2-116895038	S2
S1-20679780	S2-228169316	S2
S1-20679780	S2-182145854	S2
S1-20679780	S2-977796762	S2
S1-20679780	S2-298598465	S2
S1-20679780	S2-965217175	S2
S1-20679780	S2-477993186	S2
S1-20679780	S2-212279628	S2
S1-20679780	S2-936867164	S2
S1-20679780	S2-285659000	S2
S1-20679780	S2-524247699	S2
S1-20679780	S2-437494471	S2
S1-20679780	S2-566931281	S2
S1-20679780	S2-149845283	S2
S1-20679780	S2-750426664	S2
S1-191708568	S2-116518353	S2
S1-191708568	S2-574357374	S2
S1-191708568	S2-937327246	S2
S1-191708568	S2-681609924	S2
S1-191708568	S2-290615647	S2
S1-191708568	S2-517140140	S2
S1-191708568	S2-351253529	S2
S1-191708568	S2-820931640	S2
S1-191708568	S2-886359416	S2
S1-191708568	S2-777996376	S2
S1-191708568	S2-358856946	S2
S1-191708568	S2-96508179	S2
S1-191708568	S2-175586454	S2
S1-191708568	S2-165029707	S2
S1-191708568	S2-687568056	S2
S1-549398205	S2-332036682	S2
S1-549398205	S2-164039123	S2
S1-549398205	S2-736787326	S2
S1-549398205	S2-978606166	S2
S1-549398205	S2-670948516	S2
S1-549398205	S2-318348932	S2
S1-549398205	S2-929722075	S2
S1-549398205	S2-777730349	S2
S1-549398205	S2-583891679	S2
S1-549398205	S2-565543920	S2
S1-549398205	S2-8982199	S2
S1-549398205	S2-921202375	S2
S1-549398205	S2-794352292	S2
S1-549398205	S2-665573717	S2
S1-549398205	S2-22700931	S2
S1-988009600	S2-135305339	S2
S1-988009600	S2-794352292	S2
S1-988009600	S2-258904656	S2
S1-988009600	S2-221008320	S2
S1-988009600	S2-525213039	S2
S1-988009600	S2-850499815	S2
S1-988009600	S2-275401270	S2
S1-988009600	S2-706615728	S2
S1-988009600	S2-598858367	S2
S1-988009600	S2-197696225	S2
S1-988009600	S2-22700931	S2
S1-988009600	S2-897475107	S2
S1-988009600	S2-565543920	S2
S1-988009600	S2-835063716	S2
S1-988009600	S2-150882117	S2
