entity_id	business_name	business_address	country
S1-925783039	Orelee's Barbershop	1795 Westchester Drive, High Point, NC	US
S1-773889195	Prime Money	17560 Ellis Road, Tahlequah, OK	US
S1-377745466	B+ Retail Inc	1712 Montebello Avenue, Phoenix, AZ	US
S1-133037285	Christ Chapel	2100 Cameron Drive, Unit APARTMENT G, Dundalk, MD	US
S1-755362802	Prabhav Business Center	797, Lake Town Block A, Kolkata, Howrah, West Bengal	India
S1-851869949	Custom Wealth Services LLC	OH, Columbus, 5559 Orville Avenue	US
S1-785847572	Consulting Nyasa Nursing Private Limited	2505, Tower 1, Oakwood, Runwal Greens, Mulund Goreagon Link Road, Near Fortis Hospital, Bhandup West, Mumbai, Maharashtra	India
S1-27541239	Nexus Anchor Rain	1111 Church Street, Unit 2007, Nashville, TN	US
S1-629417405	Moore Bitwise Inc	337 Oakland Avenue, Michigan City, IN	US
S1-22305073	Dermatology Green Medicine	294 Meadowcreek Drive, Unit Unit 2, Village Of Pewaukee, WI	US
S1-504790211	Crystal Lending PC	11643 Prosperity Road, South Jordan, UT	US
S1-564729135	Dream Construction Limited	H.No.16-11-23/37/A, 2Nd Floor, Flat No.207, Sagar Hotel Building, Opp.Rta Office, Mo, Osarambagh, Hyderabad, Telangana	India
S1-236312382	Kelly Advisory, Inc	301 1st Street, Chokio, MN	US
S1-865131206	Helios	66 Edgewood Street, Bridgeport, CT	US
S1-626914593	Unified Choice Dynamix	Unit BUILDING 3030, MD, 2701 Eastern Boulevard, Middle River	US
S1-765734254	Health Fellowship Partners	601 Oleander Circle, Virginia Beach City, VA	US
S1-82053739	Smart Healthcare Private Limited	303, 3Rd Floor Sakar 5 B/H Natraj Cinema Ashram Road, Ahmedabad, Gujarat	India
S1-309349399	Callicoat & Dailey Inc	Charlotte, NC, 833 Reliance Street	US
S1-221443075	Iris Advisors	House No-777 Raghubir Bhawanmadan Pur Khadar Sarita Vihar, Delhi, South Delhi, Delhi	India
S1-341506266	Secunderabad Park Private Limited	Secunderabad, Hyderabad, Plot No.53, Flat No.402, Sr Estate-I Rainbow Colony, Ammuguda, Sainikpuri, Telangana, # 53/1	India
S1-990319941	Holy Synagogue	Sapulpa, OK, 2204 Park Street	US
S1-597762257	Green Logistics Private Limited	E-7, Second Floor, New Delhi, South Delhi, Delhi	India
S1-661315962	Scott Eagle Inc	4828 Hedges Avenue, Kansas City, MO	US
S1-716574008	Rajani Enterprises of Kannur	46/1106, Dhanalakshmi Road, Near Amani Auditorium, Kannur, Kerala	India
S1-985038901	Schaefer, Michael and Silver Associates	32876 Circle Drive, Millsboro, DE	US
S1-404435514	Colline Molitor Sea LLC	5620 Trinity Road, Unit 103, Raleigh, NC	US
S1-252242682	Aggie E. Nagle, L.C.S.W.	11900 54th Avenue, Plymouth, MN	US
S1-981440385	Angad Multitrade Ltd	Building No. 37/4, First Floor Opp Bharata Mata College, Vazhakkala, Thrikkakara, Ernakulam, Kerala	India
S1-883973644	Global Hovnanian LLC	4024 39th Avenue, Seattle, WA	US
S1-17666546	Pacific Learning Laboratories LLC	4810 Nassau Avenue, Sand Springs, OK	US
S1-513115995	Thomas Calisa	126 D Street, Pittsfield, ME	US
S1-791217329	Indian Brothers Private Limited	#17/1, Lower Ground Floor, 1St Cross, Lalbagh Road, Bangalore South, Bangalore, Karnataka	India
S1-602913883	Cascade Allied Telecom LLC	165 Linden Street, Unit 106, Wellesley, MA	US
S1-401372098	Apex Inc	108 Richardson Street, Bethany, WV	US
S1-796227187	Foot & Ankle Allied Center LLC	1216 Preston Avenue, Charlottesville City, VA	US
S1-945437722	Joeann Hills Park Inc.	10101 Threave Road, Unit 301, Raleigh, NC	US
S1-982210261	Mayur Hospital of Gondal	C/O Dwarkadhis Enterprise, C.M. Palace, Ist Floor, Shop 3, Vill: Gondal(Mog), Gondal, Rajkot, Gondal, Rajkot, Gujarat	India
S1-976369483	FUE Pgim Care	211 Dewey Road, IL, Rockton	US
S1-370715897	Primary Care Physicians Inc.	53 Park Lane, Wellsville, NY	US
S1-27029362	Global Ministries	74 429, Stockdale, TX	US
S1-145829425	North Storage Care	2804, Tower A, Sarova, Samata Nagar, Kandivali East, Mumbai, Maharashtra	India
S1-993527714	George Saul Inc	Unit UNIT 367, 1400 Great Wolf Drive, WI, Village Of Lake Delton	US
S1-965555167	Siobhan's Bike Shop LLC	1644 Crownsville Road, Fl 0, Crownsville, MD	US
S1-151608539	Orchid Renewable Ltd	House No.26-352, Kadavakollu Bhavanam, Bhuttaipeta, Near E.N.T Hospital, Machilipatanam, Krishna, Andhra Pradesh	India
S1-714672596	Foot & Ankle Patriot Group	325 Cross Street, Unit LOT 1A, Anderson, IN	US
S1-134898809	Corner Hypnosis	26 Stone Street, Unit 3, Beverly, MA	US
S1-500841209	Bautista Properties LLC	7196 State Route 14, Mcleansboro, IL	US
S1-855787505	Blue Steels Limited	12, Floor 2, Plot-750, 20, Satnam Nagar, Dr G D Marg, Mumbai, Maharashtra	India
S1-277072715	Shiva Management Private Limited	D No. 20-6-3/12, Dantuluri Vari Street, Ayodyanagar, Vijayawada (Urban), Krishna, Andhra Pradesh	India
S1-269656551	Impetus Hotel Public Limited	Canal Road Wakdai Nagar, Mangaon, Raigarh, Maharashtra	India
S1-356020591	Essy Reed Royal Internet LLC	9889 Kent Street, Elk Grove, CA	US
S1-627144525	Little Diner Center	AL, Hodges, 541 117	US
S1-514155563	Horizon LLC	2025 Sterigere Street, West Norriton Township, PA	US
S1-942221484	Healthcare Janki Nutrition Pvt. Ltd.	Kalasandesh, Bharatkunj - 2, 19/38, Erandwana, Pune, Maharashtra	India
S1-966462381	Abhushan & Brothers Co	Hig 28 1St Floor Indra Nagar, Kanpur, Uttar Pradesh	India
S1-681392030	Care Institute of Technology	West Bengal, Howrah, 229, Kolkata, Netaji Subhas Chandra Bose Road Vishnu Enclave, 3Rd Floor, Flat No.- 3A, Kolkata	India
S1-492467148	Cure Bike Shop	1317 University City Boulevard, Unit APT 5, Blacksburg Town, VA	US
S1-791867209	WG Harbor Worldwide P.C.	101 Oak Street, Lohrville, IA	US
S1-951599976	Unified Green Target LLC	1037 Cedar Grove Road, Halifax County, VA	US
S1-315450523	Fleming Global Manufacturing Inc	2332 Hidden Brook Road, Finksburg, MD	US
S1-666876590	Ss Systems Limited	A-1, Malad (West), Mumbai, Maharashtra, 401, Rahul Apartment, Marve Road	India
S1-913301865	Technologies Pratyaksh Finserve Limited	Village Kurali, Sabhapur Road Tehsil Bilaspur. Block Sadhoura, Tehsil Bilaspur, Yamuna Nagar, Haryana	India
S1-216181354	United Consultants Private Limited	1/522A, Survey No 52, Rajput Associates, Kolkhe, Panvel, Raigarh(Mh), Maharashtra	India
S1-454111437	Maa Research Private Limited	Flat No-702, Sapphire A, Gulmohur Tower, Chiranjeev Vihar, Sector, -6, Ghaziabad, Uttar Pradesh	India
S1-960158214	Tinoco Institute of Technology Inc	27418 Fairway Oaks Drive, Huffman, TX	US
S1-743171772	Ear Nose & Throat Group of Oberlin	94 Oberlin Road, Oberlin, OH	US
S1-965549055	Wilson Toyo LLC	120 Lake Drive, Stevensville, MD	US
S1-947119891	Prairie Initiative	15 Bellview Avenue, Brookhaven, NY	US
S1-511561869	JPY Energy Pvt. Ltd.	109 2 Floor 16 Cross Road, Jp Nagar Phase 4, Dollars, Bangalore South, Bangalore, Karnataka	India
S1-302710833	Kial Weaver Signature Associates Halifax	NC, 6961 301, Halifax	US
S1-888660595	Raheja Estates Limited	Zahid Manzil, Maharashtra, Mumbai, Mumbai City, Plot No.2, Shop No.7, Kkg Marg, Off Juhu Road, Opp Royal Hotel	India
S1-684656443	Green Ventures Ltd	P. O. Ranasan, Ta. Talod, Ranasan, Sabar Kantha, Gujarat	India
S1-279914306	Jobst Royal Metal Works LLC	Grayson, 115 Paradise Hill, KY	US
S1-294547159	DBC Agricultural LLC	18646 Christanna Highway, Brunswick County, VA	US
S1-208973592	Morgan Ameren Inc	LA, 266 Enterprise Drive, Houma	US
S1-859252896	Rev It Up Ice Cream	8304 Rolling Hills Drive, Nixa, MO	US
S1-630223771	All International LLP	Office 105, Flr-1, Sujata Chambers, Abhaychand Gandhi Marg, Mirchi Gully Masjid Stn Man, Dvi, Mumbai, Mumbai City, Maharashtra	India
S1-223600564	Pushpam Institute Corp	1204, Block-C, Stratum @ Venus Ground, Nr. Jhansi Ki Rani Statue, Nehrunagar, Ahmadabad City, Ahmedabad, Gujarat	India
S1-72918323	Nguyen Avalanche LLC	42 Cedar Circle, Crossville, TN	US
S1-754175313	Alpha Media Private Limited	28-B, Chand Bihari Nagar Near Khatipura Bridge Khatipura, Jaipur, Rajasthan	India
S1-970518712	Trident Welfare Society	9/2113, Gali No.-7 Kailash Nagar, New Delhi, East Delhi, Delhi	India
S1-366329737	Silver Constructions LLP	101 Cts No, 917/18 F P No, Near British Library, Pune City, Pune, Maharashtra	India
S1-708796012	Board of Consumer Affairs	122 Dayton Yellow Springs Road, Unit 4, Fairborn, OH	US
S1-935703127	Hartman & Hoang LLC	2694 -C Ih 45, New Waverly, TX	US
S1-981414798	Mendez Custom Morgan LLC	37197 Sandy Ridge Drive, North Ridgeville, OH	US
S1-424529930	Griffin International Center	536 College Avenue, City Of Waukesha, WI	US
S1-912508322	Shiv Technologies LLP	42, 16Th Cross, 8Th Main Road, Malleswaram, Bengaluru, Bangalore, Karnataka	India
S1-846028981	Barbey Mclaughlin Oneim Group	8610 Ep True Parkway, Unit Unit 5001, West Des Moines, IA	US
S1-318218643	Velix Charles LLC	1447 59 Street, Brooklyn, NY	US
S1-970972284	Gujarat Guru Agro Private Limited	Bihar, Pakki Sarai Road, Muzaffarpur, Near Abbda High School Azad Market, 3Rd Floor, Mithanpura	India
S1-435587816	Iraheta, Dacie, D.O.	77 Morrison Street, Struthers, OH	US
S1-544301808	Advanced Bright Intelligent	142 Hughes Drive, Plymouth, NC	US
S1-20267366	Barbara Quinn Desert Better LLC	57 Powers Street, Dedham, MA	US
S1-379918793	Peridola Schwab Center	207 Marley Neck Road, Fl 0, Glen Burnie, MD	US
S1-106221717	Aditya Sun Consultants Private Limited	Sy.No.1009, Flat No.60206, Iind Floor, Maple Block Indufortune Fields, 13 Phase, Kphb Colony, Kukatpally, Hyderabad, Telangana	India
S1-800482427	B+ Biotechnologies LLC	328 Buckingham Street, Unit 414, Columbus, OH	US
S1-846529766	Pocius, Herrera & Lima Connecticut Inc	4831 Beaumont Street, Simi Valley, CA	US
S1-761874846	Murray & Cruz Inc	NM, 140 Villa Del Rio Loop, Sunland Park	US
S1-703200453	Vt Exporters	C/O Safinara Khatun, Allpara, Ratua, Malda, West Bengal	India
S1-746273151	Pediatric Dental Physicians Inc	53 Laroche Lane, Hebron, ME	US
S1-432962984	Gonzalez Safe Harbors LLC	174 Stover Road, De Queen, AR	US
S1-500552277	U Q & Z Kimco	105 Susan Court, Winchester, KY	US
S1-446787657	Mobley, Haislip & Barr Vision Center, LLC	Burnsville, WV, 1818 Main Street	US
S1-505869859	Invest Investments Pvt Ltd	Ff-104, Meera Mana Arcade, Beside Krupa Petrol Pump, Ellisbridge, Ahmedabad, Gujarat	India
S1-862092661	Beckman Family Office Inc	7916 Glendale Estates Drive, Henrico County, VA	US
S1-53323215	Raj Consulting Pvt Ltd	701, Dlf Tower A, Jasola New Delhi, Delhi, New Delhi, Delhi	India
S1-814475089	Family Clinic Partners	202 Kingsley Avenue, Greeneville, TN	US
S1-451077707	Osprey (India) Development LLP	39-D, A.B. Road Industrial Area No.1, Dewas, Madhya Pradesh	India
S1-448166395	Kerium Care	NY, Smithtown, 3 Bette Lane	US
S1-940115232	Shriji Group	A-1/106 Vbhdc Greenwoods, Palghar Devkhope, Palghar, Thane, Maharashtra	India
S1-472232440	Ramos and Benham Fusion	Burrell, PA, 378 Devinney Hollow Road	US
S1-800915873	Adams, Williams and Alexander Carolina LLC	7333 Lynn Avenue, Fl 0, Saint Louis, MO	US
S1-21084577	Harbor Alliance	45 Goff Street, Corning, NY	US
S1-978421811	Highland Learning Center	1240 Indiana Avenue, Salt Lake City, UT	US
S1-19400879	Schwartz Montessori School	W14698 Burton Road, Town Of Northfield, WI	US
S1-332410345	Jawan Investment Pvt Ltd	C 87 88 Cst Rd Kismat Nagar Kurla W Nr Masjid Mumbai, Mumbai, Mumbai City, Maharashtra	India
S1-617455147	Medyne Adr LLC	1732 Sanford Street, Arlington, TX	US
S1-477458226	Durgesh Consulting Private Limited	Flat No 507, Fortview Green Ear Aprts Near Kendriya Vihar, Hydershakote, Bandl, Guda, Hyderabad, Telangana	India
S1-173971969	Hotel It Pvt Ltd	Kailash Bihari Singh, Cou, Po-Bhagwan, Chapra, Saran, Bihar	India
S1-907635568	Ridge Bridge	3314 Dungarvan Drive, City Of El Paso, TX	US
S1-374959431	Mountain Star Pantages Inc	135 Ballentrae Court, Unit 417, Pittsboro, NC	US
S1-596450212	Bally Jagachha Management Private Limited	Ideal Grand Bl-A, G T Road(South) Howrah, Bally Jagachha, Howrah, West Bengal	India
S1-464797359	Frontier Wellness LLC	41 Nashua Avenue, Gloucester, MA	US
S1-804300777	Swastik Hospitality Private Limited	S No 268 Swami Samarth Nagar Ph-I Flat- 15 Building-D/Ii Chichwad, Pune, Maharashtra	India
S1-305440895	No Nursing Home	32, Vill. Bania Bigha, Tola Bania Bigha Panch-Amara, Panchyat, Block Arwal, Arwal, Bihar	India
S1-145606139	Williamson Quality Braves LP	1420 Ardsley Place, Homewood, AL	US
S1-368348061	Naon Enterprises Inc	31481 Oak Ridge Drive, Muscoda, WI	US
S1-46716098	Knox and Nicholas, Inc	WI, Town Of Townsend, 17160 Presbyterian Road	US
S1-557464657	Doiron & Alvarez Token LLC	17607 Lake Melford Avenue, Bowie, MD	US
S1-8092452	Urban Nails!	1262 Grandstaff Avenue, Lancaster, OH	US
S1-216511119	Surya Energy Private Limited	Nagar Jaipur, Hans Marg, C-252-A, Malviya Nagar, Rajasthan	India
S1-499302167	Shree Industries Private Limited	Plot No. 265, G. I. D. C. Estate Sachin, Surat, Gujarat	India
S1-56985694	Energy New Mechanical Private Limited	4C, Kowdiar Mannor Jawahar Nagar, Thiruvananthapuram, Thiruvananthapuram, Trivandrum, Kerala	India
S1-417526535	Vanguard Allstate Inc	22899 George Lane, Staunton, IL	US
S1-382435344	American Western LLC	61-01 Bleecker Street, Ridgewood, NY	US
S1-927651996	Anand Builders Pvt Ltd	B/101 Bhaveshwar Plazal B S Road Ghatkopar (W), Mumbai, Maharashtra	India
S1-613598143	Clair Sprott Inc	430 Lewis Avenue, Lombard, IL	US
S1-6232617	Aspen Ridge LLC	TX, 834 Sunshine Medley Lane, Richmond	US
S1-491925427	Henson Worldwide, LLC	NY, 2 Weller Road, Unit Lot 2, Brandon	US
S1-378164861	Industrial Wholesale Enterprises	2507 Branson Landing, Unit Unit 507B, Branson, MO	US
S1-622231151	Colonial Muzero Inc	3403 29th Terrace, Topeka, KS	US
S1-639096068	India Impact Development Limited	W 21/674, Beach Road, Alleppey, Alappuzha, Kerala	India
S1-269039848	Holy Community Church	5546 Cincinnati Dayton Road, Middletown, OH	US
S1-408835967	Panchavati Foods-Delhi	75- B Lajpat Nagar -Ii, Delhi, New Delhi, Delhi	India
S1-111673633	Anand Projects Private Limited	H No.1-1-188/C3, Jj Nagar, Opp Govt Junior College, Suryapet, Nalgonda, Telangana	India
S1-460845609	Coastal Atlantic Better	10423 Bitter Creek Drive, Albuquerque, NM	US
S1-17506850	Indian Industries Limited	Ghaziabad, C-1601, Uttar Pradesh, Ghaziabad, Laxuria Estate Aditya World City	India
S1-68201540	Marketing Balaji Label Limited	Kerala, 4Th Floor, Thiruvananthapuram, Capital Tower, Statue, Thiruvananthapuram, Trivandrum	India
S1-831843558	Hernandez Regional Aktiengesellschaft	7102 Arbor Rose Lane, Spring, TX	US
S1-63266922	Lloyd Youth Services	15 Caleb Crossing, Lloyd, NY	US
S1-304785953	Lafferty Certified Lifesciences Inc.	13315 Schwenger Place, Fairfax County, VA	US
S1-740254254	Pediatric Prairie Physicians, LLC	Salem, IL, 1009 Trenary Avenue	US
S1-836203525	Raviraj Solutions Private Limited	115, Coral Complex, Science City Road, Sola, Ahmedbad, Ahmedabad, Gujarat	India
S1-465739288	Chong's Hospitality LLC	1884 Pine Meadow Court, Gurnee, IL	US
S1-111065528	Duplantis Wisekey Inc	7340 Stock Ranch Road, Unit APT 7, Citrus Heights, CA	US
S1-545601093	Bermudez, Rice and Crittenden Inc	131 Willow Ridge, Altoona, IA	US
S1-988516196	Bright Pub!	1455 Thompson Road, Woodburn, OR	US
S1-612217752	Zediis Platinum Independence LLC	884 Pinnacle Hill Road, Kingston Springs, TN	US
S1-846542666	Desert Sprott	1717 Cole Street, Killeen, TX	US
S1-419483044	King Aria LLC	215 Grand Avenue, Unit Apartment 609, Old Orchard Beach, ME	US
S1-787617931	Delta Ministries IV	40219 Bay Hill Way, Phoenix, AZ	US
S1-535605149	Supreme Engineering LLP	Shop-04, Gut-41/2, Plot-3/A, 3/B, Pratham Park, Panvel, Raigarh(Mh), Maharashtra	India
S1-848219519	Celidyne Supply LLC	4675 Winter Lane, Brooklyn, OH	US
S1-899782554	U 8 Optimal Recruiting	2847 Michigan Avenue, Dallas, TX	US
S1-498738124	Primary Care Medicine	1509 Primrose Lane, Cary, NC	US
S1-748364403	Eye Group	802 Buffalo Street, Unit 8, Johnson City, TN	US
S1-622557613	Baid Retail Corporation	114, Sitaram Appartments Plot No-102, Ip Extension, Delhi, East Delhi, Delhi	India
S1-155027115	Bharat Jai Tech	157, Udyog Kendra Toy Cit, Greater Noida, Bishrakh, Gautam Buddha Nagar, Uttar Pradesh	India
S1-417074218	One Constructions Private Limited	130, Zahoor Garden, Khaggu Sarai, Sambhal, Moradabad, Uttar Pradesh	India
S1-63975497	VM Commerce LLC	4516 Oak Drive, City Of La Crosse, WI	US
S1-122492157	WGZ Sab LLC	14428 29th Street, Phoenix, AZ	US
S1-483281264	Louisa's Group	599 Mountain Shadow Lane, Maryville, TN	US
S1-140525226	First Technical Solutions	IL, Lasalle, 393 N 30th Road	US
S1-616755144	Keystone LLC	72 R M Way, Mead, OK	US
S1-527727380	Alpha Bright Technologies Private Limited	B1102 Unity Complex Chs Ltd Yari Road, East Of Link Road Near Gulmohar Garden, Mumbai, Maharashtra	India
S1-387694500	Bombay Power Private Limited	No: 32/2, 2Nd Floor, Mcc Towers, Opp To Sigma Soft Tech Park, Whitefield Main Road, Ramagon, Danahalli, Bangalore, Karnataka	India
S1-664267481	Daniella Pizano Wireless LLC	4647 Topaz Drive, San Tan Valley, AZ	US
S1-798970125	Hahn Pelican Inc.	4676 Larkspur Lane, Lake Elmo, MN	US
S1-840279529	Siobhan Caswell Safe Diversified LLC	2205 Hayes Road, Houston, TX	US
S1-624514617	Tramaon Global LLC	15056 120th Place, Collinsville, OK	US
S1-557783855	Sunrise Investments Private Limited	818 Devika Tower, Nehru Place, New Delhi, Delhi	India
S1-187558029	Asset Building Charities	2103 Milwaukee Avenue, Minneapolis, MN	US
S1-737635669	Steffane Dale Clean Eaton	NC, Hays, 4205 Yellow Banks Road	US
S1-499566732	Mool System Private Limited	Shop No.10, Ballour Road, Civil Court, Bahadurgarh, Jhajjar, Haryana	India
S1-669754446	Bangalore Renewable Limited	Sree Kanaka Papamma Road Indraprastha Road, Ramamurthy Nagar, No 45, Karnataka, Bangalore	India
S1-356319224	Womens Health Care	32 Lexington Avenue, Unit 1, Somerville, MA	US
S1-176550551	Val L. Roberts, MD	IL, Swansea, 3933 Michael John Drive	US
S1-551688195	Devendra Lounge Pvt Ltd	76, Mahaveer Colony Pushkar Road, Ajmer, Rajasthan	India
S1-698189395	PQ Solution Pvt Ltd	H No 450, Upper Ground Floor, Gali No 10 Majlis Park, Adarsh Nagar, Azadpur, Delhi, New Delhi, Delhi	India
S1-116737194	Cannon Precious LLC	Burlington, 161 Saint Paul Street, VT	US
S1-136894582	Economic Development United Fellowship	3841 Forsyth Park Court, Greenville, NC	US
S1-342754370	Shree Care Private Limited	1A - 201 Shilpitha Splendour, Bangalore North, Bangalore, Karnataka	India
S1-567349457	Bay Horse Inc.	6601 4th Avenue, Phoenix, AZ	US
S1-468339122	Frederick's Machine Works	12209 Grimsley Drive, Austin, TX	US
S1-615455408	D & L Metro LLC	29931 Jones Avenue, Ardmore, AL	US
S1-971115873	Hernandez Better Karman LLC	325 Pr 640, Matagorda, TX	US
S1-260530670	Allen, Sherpa & Lebowitz Superior LLC	2014 4th Street, Burlington, IA	US
S1-848777360	India Northend Foundations Limited	1-7-1074/B, Flat No. 309, B Block, 3Rd Floor, Dattasai Commercial Complex, Rtcxroad, Ch, Ikkadpally, Hyderabad, Telangana	India
S1-705961596	IMQ Eye Private Limited	M.C.B.-Z-6-22224/0003 Main Road, Adarsh Nagar, Goniana Road, Bathinda, Punjab	India
S1-685073108	Kylie's Hair Studio	15083 County Road 1400, Apache, OK	US
S1-974991176	Fresh Certified Ashford-Leesburg	30 Ems T7A Lane, Leesburg, IN	US
S1-297525707	Bright Consultancy	Maharashtra, Mumbai City, Shop No. A/17 Gaurav Annex Nr. Mandvi Co.-Op. Bank. R. R. T. Rd., Mumbai, M, Ulund West	India
S1-764937251	Tesch Investments	11211 Longbranch Street, Monrovia, IN	US
S1-915022305	Cozy Pub	3616 Peterson Avenue, Chicago, IL	US
S1-16609748	Midwest Mountain Wells LLC	2140 71st Street, Lubbock, TX	US
S1-281051556	Stella Vail House Inc	3620 Old Sand Mine Drive, Wilmington, NC	US
S1-231271132	Kumta Steel Limited	House No. 321, Balale, Madanagere, Ankola, Kumta, Uttara Kannada, Karnataka	India
S1-536948776	I+ Corporate Inc.	718 94, Warwick, NY	US
S1-241686597	Romero Technologies Co	TN, 27 Creekbend Cove, Jackson	US
S1-684505968	Namaskar & Co Company	B 70/51, Keshav Puram, Delhi, North West Delhi, Delhi	India
S1-835425265	Green United Solana LLC	694 E Side Drive, Unit F, Layton, UT	US
S1-580966525	Morbi Wires Private Limited	S.No. 239/241/242, Sartanpar Road Near, Lezora Granito, At-Matel, Ta-Wanka, Ner, Morbi, Rajkot, Gujarat	India
S1-945468839	Gc Traders Private Limited	H.No A-5 Gali No 20 G/F Madhu Vihar, Delhi, East Delhi, Delhi	India
S1-386654734	One Enterprises	H.No 6-3-712/90-23, 2Nd Floor, Beside Agarwal Eye Hospital, Panjagutta, Hyderabad, Telangana	India
S1-579617619	Cardiology Center LLC	60 Queen Street, Hempstead, NY	US
S1-896836973	Odessa York, CPA	Mobile, 3845 Cottage Hill Road, AL	US
S1-881770296	Pediatric Dentistry Clinic, Inc	4 Snowbell Lane, Worcester, MA	US
S1-504059078	Bastion Financial LLC	2729 Montclare Avenue, Chicago, IL	US
S1-828917180	Wiggins Molecular P.C.	239 Duckworth Road, Pennsboro, WV	US
S1-973233920	Data Materials Networks	609 Hickory Street, Ottawa, KS	US
S1-451892808	Ortega Kogyo, Inc	11027 Wortham Boulevard, Houston, TX	US
S1-919867800	Oracle Educational Society	West Chavakatta Bridgepost Box No 2620 Canal Road, Alleppey, Alappuzha, Kerala	India
S1-769172378	Technocast Chit Private Limited	A/39, Kamla Nagar, Near Ram Mandir, Kotra Sultanabad, Bhopal, Madhya Pradesh	India
S1-223621109	Pioneer Projects LLP	Rohtak, Khewat No. 93, Kh No 197, Rajender Nagar, Plot No 12, Haryana	India
S1-983652708	Regional Heartland Chiropractic	1631 45th Place, Tulsa, OK	US
S1-904479856	Annmarie Pierson Creative Property LLC	11834 Big Leaf Way, Redmond, WA	US
S1-783021266	Power Infotel	Sirsa, Ground Floor, H.No. 801, Sawera Hotel Wali Gali, Near Bus Stand, Gobind Nagar, Haryana, Sirsa	India
S1-259452306	Shorter and Reyes Xrp	130 Main Street, Durham, NC	US
S1-926958422	Sunshine Healthcare Ltd	No 9 Darshan Apt S 114/3, Pl 21 Vishrantwadi, Pune City, Pune, Maharashtra	India
S1-19593330	FO Aktiengesellschaft Inc	3736 Riverdowns Drive N, Chesterfield County, VA	US
S1-929809097	Alisun Nowak Rocky Oxley	3631 Cushing Drive, Unit D, Columbus, OH	US
S1-253986331	Shirleen Knight Apex Income LLC	5000 Dartmouth Drive, Unit UNIT B29, College, AK	US
S1-336167025	Dasi Rothrock, DDS	3267 Eastcrest Road, West Valley City, UT	US
S1-761585587	Classic Printing Enterprises Corp	22 Hickory Point Road, Constantia, NY	US
S1-576153543	Four Charitable Trust	334 Madhuban Apartment, Saket Nagar, Indore, Madhya Pradesh	India
S1-948336320	Oliy Queenan, L.C.S.W.	445243 995 Road, Gore, OK	US
S1-109460220	Dharti City Private Limited	Durga Sadan B-25/34A-1/49Jawahar Nagar Colony Varanasi, Uttar Prardesh, Varanasi, Uttar Pradesh	India
S1-699955992	Diaz Grifols LLC	3817 Crane Street, Independence, MO	US
S1-881535873	Azamgarh Marketing Private Limited	C/O Ajai Kumar Rai, Village Lachirampur Hafizpur, Post- Heerapatti, Azamgarh, Uttar Pradesh	India
S1-420936510	Maps Products Private Limited	97, Vivekanand Nagar Agar, Shajapur, Madhya Pradesh	India
S1-928237806	Heavener Qdro, Inc	1201 Fretz Avenue, Unit 35, Edmond, OK	US
S1-602775749	Urology Rocky Care Associates	4419 27th Street, Unit 11, Phoenix, AZ	US
S1-166601186	Pediatric Medicine LLC	5022 Goose Neck Road, Northwest, NC	US
S1-139532667	Merchant Charitable Trust	Mohla Road, Village Harphala, Post Office : Gadpuri, Ballabgarh, Faridabad, Haryana	India
S1-391248994	Smart Consulting Pvt Ltd	Kajala House, Ullody, Bela, Kasaragod, Kasargod, Kerala	India
S1-217259238	Buttler, Wilding and Manjarrez Inc	2038 Ohara Avenue, Sneads, FL	US
S1-363414052	Meify, Inc	1202 Schreier Road, Unit B, Rossford, OH	US
S1-719919136	Al Blue Consultancy Limited	24/7-A, Second Floor Tilak Nagar, New Delhi, West Delhi, Delhi	India
S1-75134768	Urban Tech	Calcutta, 71 B R B Basu Rd, West Bengal, Kolkata	India
S1-174758675	Phillis Rios Quantum	1091 Addice Way, Cincinnati, OH	US
S1-124712855	Thompson Immigration Private Limited	Princetowers, Doorno.52&53, 9Thfloorcollegeroad, Nungambakkam, Chennai, Tamil Nadu	India
S1-305403960	Urban Food Private Limited	5 East Avas Vikas Colony, Betiahata, Gorakhpur, Uttar Pradesh	India
S1-615738219	Rahul Brothers Private Limited	A-279Okhla Phase-I, New Delhi, South Delhi, Delhi	India
S1-925443249	Ameerpet Fab Pvt Ltd	Srishti Homes, Sanjeeva Reddy Nagar, Ameerpet, Telangana, 402, Hyderabad	India
S1-635349757	Lock Flex of Silver Spring LLC	111 Eldrid Drive, Silver Spring, MD	US
S1-300609714	Hawkes Montessori School	1002 33rd Street Court, Moline, IL	US
S1-743936349	Shanda F. Jones, MD	15 Hager Lane, Richland, NY	US
S1-94297591	Quva LLC	9200 Beach Road, Town Of Port Wing, WI	US
S1-817802155	Petronilla Sult Royalties L.L.C.	1012 Sharpsburg Circle, Irondale, AL	US
S1-369711048	Robichaud Voya LLC	82 Erobi Ln, Iowa City, IA	US
S1-501296085	Valley & Co	Flat No 33 B, Udaygiri 1St, Sector 34, Uttar Pradesh, Gautam Buddha Nagar, Noida	India
S1-967153211	Sharl's Hair Studio LLC	9335 Horseshoe Bend Drive, Charlotte, NC	US
S1-300031623	City It Limited	I-110Mayapuri Indl Area Phase-Ii, New Delhi, West Delhi, Delhi	India
S1-98579303	Indian Technologies	Flat 19/1/16, Nabin Chandra Das Road, Kolkata, Kolkata, Howrah, West Bengal	India
S1-576857452	Urban Investment Private Limited	709, 7Th Flr, Kosha Kommercial Komplex, Malad East, Mumbai, Maharashtra	India
S1-121839562	Horizon Wholesale Labs LLC	OH, 7495 Lauren J Drive, Mentor	US
S1-79772943	Nobles School of Medicine	Hereford, AZ, 6252 Saddlehorn Circle	US
S1-694085192	Internal Medicine Associates	5227 Main Street, Unit 32, Downers Grove, IL	US
S1-525055772	Summit Network	8313 Sweet Cherry Lane, Laurel, MD	US
S1-376690332	Nilam Automation Private Limited	Gbr 203, Alpha Building, Ghodbunder Road, Kasarvadavli Naka, Kasa, Rvadavli, Thane, Maharashtra	India
S1-219548536	Dahlen Direct Muniyield	215 Victoria Road, Hartford, CT	US
S1-410701476	Perry Oaktree	312 Goldsboro Street, Fremont, NC	US
S1-862338675	Sloan Mountain Grid Corp	3315 80th Street, City Of Kenosha, WI	US
S1-448345019	Urban Construction Private Limited	Flat No. B1/604, Minar Regency Talao Pali Mumbra, Thane, Maharashtra	India
S1-883829621	Orange Metals Private Limited	Flat No 209, B-2 Vaishnav Building, Surendra Place, Bhopal, Madhya Pradesh	India
S1-153055996	Summit Associates	1391 Country Lane, Bellingham, WA	US
S1-252433119	Secure Telecom Collective	2909 Pasture View Court, Powell, OH	US
S1-324674388	Classic Park LLC	5445 Desert Hills Drive, Glendale, AZ	US
S1-638466806	Radhey Basket Private Limited	Panchratna Office No. 624/1 Karve Road Erandawane, Pune, Maharashtra	India
S1-827102573	Oncology Optimal Medicine PC	7295 Sunset Strip Avenue, Canton, OH	US
S1-989439466	Value Digital Concepts	20464 Cooks Drive, Marshall, IL	US
S1-3732976	Strategic Fund, LLC	10486 Montecarlo Place, City Of Socorro, TX	US
S1-31205819	Tirupati Media Pvt Ltd	Zeelproperties Panchkutir, Pawarwadi A S Marg Powai, Mumbai, Maharashtra	India
S1-895771779	24HR Towing	641 Midfield Drive, Maumee, OH	US
S1-29354465	Horizon Freight Systems LLC	251 Larry Parsons Road, Ellerbe, NC	US
S1-772189406	Cordelia Lalanne Teucrium LLC	Millcreek, UT, 986 Olympus Ridge Cove	US
S1-872627167	Anand Brothers Limited	Flat No 703 Gut No 70/1 Pearl Shell Near Nath S, Aurangabad, Maharashtra, Aurangabad	India
S1-173906255	Curatolo, Juergens and Arrington	410 Mission Trail, Wimberley, TX	US
S1-566012078	Aarvin India Private Limited	West Bengal, Murshidabad, 16/A Radhika Mohan Sen Road, Berhampore, Baharampur West Bengal	India
S1-610266870	High Estate Limited	Pl. No. 11, W.No.54, Radhika Nagar No.1, Near Hanuman Temple, Amravati, Maharashtra	India
S1-506810298	ZE Corporate	575 Thornhill Drive, Unit 116, Carol Stream, IL	US
S1-162806244	Claudine Thompson Mitsubishi Corp	41251 Hearne Road, New London, NC	US
S1-50643392	Loum Lending Inc	2861 Josephine Street, Mobile, AL	US
S1-395813861	Sampada Ventures Private Limited	No. 161, 2Nd Stage, 3Rd Block 2Nd F Cross, Nagarabhavi, Bangalore, Karnataka	India
S1-652331096	Arihant Infra Private Limited	Ig -Ii, 738 A, Vikas Puri, New Delhi, Delhi	India
S1-436985273	Corner Pilates	KY, 116 Redwood Drive, Frankfort	US
S1-336308856	Rajendranagar Agro Private Limited	Rajendranagar, Hyderabad, Bandlaguda Jagir, Telangana, Pno13&14Fno 203 Mounika N	India
S1-459696014	Arihant Builders Private Limited	11A, Lic Office Ke Piche Indra Nagar, Dibiyapur, Auraiya, Etawa, Uttar Pradesh	India
S1-169008536	Urban Projects	C/O Alauddin Molla Noorpur Ramnagar 24 Parganas, Diamond Harbour - I, South 24 Parganas, West Bengal	India
S1-128347375	Anand Green Logistics Private Limited	107 First Floor Plot No-6T.C, Jaina Tower -2 District Centre Janak New Delhi, Delhi, Jaina Tower -2 District Centre Janak New Delhi, Delhi, New Delhi, West Delhi, Delhi	India
S1-493363382	Mitchell Rock of Phoenix, LLC	17950 68th Street, Unit 1044, Phoenix, AZ	US
S1-457935815	Liberty Family Office PLLC	1028 Horah Street, Salisbury, NC	US
S1-924009686	Elegance Events (India) Private Limited	Bangalore, Swati Enclave, Trb Layout 1St Main, 1St Cross, Bangalore, Karnataka, No. 401	India
S1-820394674	Indu Trust	1001 Wing-D, Rustomjee, Paramount 18Th Rd, Khar W, Mumbai, Maharashtra	India
S1-116247627	Smart Agricultural Works Associates	1255 Maple Avenue, Southport, NY	US
S1-409451774	All Cargo Company	4725 Chowen Avenue, Minneapolis, MN	US
S1-270844042	Chellam Management Limited	C/O Omparkash S/O Umrao V.P.O. Makdola (42), Farukh Nagar, Gurgaon, Haryana	India
S1-165891282	Industries Grand Brick Group	Shop No.-S-8, Second Floor, Plot No.-5 Pankaj Central Plaza, Pocket-5, Sector-12, Dwarka, New Delhi, Delhi	India
S1-49032225	Lakshmi Builders Private Limited	D-109, Gauri Shanker Enclave, Prem Nagar-Iii Kirari Suleman Nagar, New Delhi, Delhi	India
S1-581797355	Virtus Lifespaces Private Limited	Sy No 10/28, Ambalipura, Bangalore South, Bangalore, Karnataka	India
S1-979042353	Surya & Brothers Pvt Ltd	No.237 8Th Block 4Th Lane K.K.D Nagar Kodungaiyur, Chennai, Tamil Nadu	India
S1-284710338	Inter India	A-2106, Ace Platinum, Block Zeta-1, Plot No Gh 12/1, Greater Noida, Dadri, Gautam Buddha Nagar, Uttar Pradesh	India
S1-812886866	Creative Purchase Private Limited	No 19/2/369/108/15 Chandulal, Baradari Colony, Hyderabad, Telangana	India
S1-677741106	Paul Holdings	C/O- Akhilesh Kr Chauhan Patwatoli, Near Naksha Ghar, Hajipur, Vaishali, Bihar	India
S1-263481527	Pinnacle Enterprises	401 Raghavbhawan Khjua Chowki, Rajendranagar, Lucknow, Uttar Pradesh	India
S1-447103941	Bell Flexipack Private Limited	Ground Floor, Pitru Chhaya Bldg, 6 Sleater Road, First Cross Lane, Grant Road, Mumbai, Mumbai City, Maharashtra	India
S1-177375169	High and Dills Generation LLC	3211 Heathstead Place, Unit C, Charlotte, NC	US
S1-706514314	Dental Quality Associates, LLC	2831 Sutton Avenue, Kettering, OH	US
S1-352234501	Clean Investment Services	34 Abbott Square, Birmingham, AL	US
S1-225119054	Complete Certified Pharmaceutical LLC	193 Maple Avenue, White Sulphur Springs, WV	US
S1-543144015	Freight Foods	B.K. Dutt Colony Lodhi Road, Delhi, K-5, New Delhi	India
S1-233584777	Fischer Burtech Partners	2362 Stop 11 Road, Indianapolis, IN	US
S1-192327811	NP Global Company	61 T/F, Third Floor, Vijay Block, East Delhi, Delhi	India
S1-993357110	Chiropractic Center	416 5th Avenue, East Grand Forks, MN	US
S1-440023753	Brown Complete Coca LLC	3580 Jackson Avenue, Ogden City, UT	US
S1-854319024	Regional Trust PLLC	7007 Savannah Run, Katy, TX	US
S1-86094936	Jain Developers	88/A M C Garden Road Dumdum, Kolkata, Calcutta, West Bengal	India
S1-981904067	DJ Blue LLC	14 Bemus Street, Lakewood, NY	US
S1-832211747	EDT House, Inc	136 Peachtree Memorial Drive, Unit 7, Atlanta, GA	US
S1-488506845	Olanora Centers	VA, 156 School Lane, James City County	US
S1-654697159	Sector & Co of Noida	D-72, Sector-55 Noida Gautam Budh Nagar, Noida, Gautam Buddha Nagar, Uttar Pradesh	India
S1-739195544	Neilla Killian Communications Inc	200 Faber Avenue, Waterbury, CT	US
S1-559551054	Prine Heartland Globa	115 State Street, Falmouth, KY	US
S1-580254632	As & Sons Pvt Ltd	Maharashtra, 401/402, Thane, Smruti Apartment, Vishnunagar, Naupada	India
S1-405795474	Webster & Mullins LLC	1976 Franklin Place, Hoffman Estates, IL	US
S1-765456522	Fastgrow Software Limited	Type-02Q.No. -47, Congress Nagar Pathakheda, Shahpura, Betul, Madhya Pradesh	India
S1-55333937	Ramesh Software Pvt Ltd	Second Floor Gowtham Arcade208 T V Samy Road East R S Puram, Coimbatore, Tamil Nadu	India
S1-876256279	Panchkula Mount Private Limited	Flat No 603, Tower 9B, Suncity Parikarma, Sector 20, Panchkula, Haryana	India
S1-651095976	Sterling Innovative Electric LLC	1747 Jackson Avenue, Fl 0, Wichita, KS	US
S1-522840559	Tulsa Pediatric Dentistry Continental Medicine	7085 Foxtail Lane, Tulsa, OK	US
S1-601945198	United Con LLP	Flat 1314/B Om Kalyani Chs Holy Cross Road Navagoan Dahisar West, Mumbai, Mumbai City, Maharashtra	India
S1-757082720	Urology Regional Clinic	50085 288, Young, AZ	US
S1-590134263	Global Financial Global	Unit Suite 235, 10500 Bergtold Road, NY, Clarence	US
S1-842497118	Atlantic Chiron	3744 Blue Trace Lane, Farmers Branch, TX	US
S1-326704888	Ear Nose & Throat Tri-State Specialists Associates	7804 National Service Road, Greensboro, NC	US
S1-4869416	Pasillas and Rabinovich Group	4938 13th Avenue, Keizer, OR	US
S1-720468760	B & G Exchange	354 Claremont Road, Kingsport, TN	US
S1-93806322	New Media Private Limited	Arabikula Street, Chinnakadai Veethi, No. 4, Tamil Nadu, Tiruchirappalli, Trichy	India
S1-16642923	Jain Hitech It Pvt Ltd	Celler, Shop No 1, Sarvamangal B/H Zalak Complex, Nr Pankaj Society, Bhattha, Paldi, Ahmedabad, Gujarat	India
S1-951871591	Poddar College	C/O Lajje, Nr -Main Rasta, Village - Shahpur, Sector-128, Noida, Gautam Buddha Nagar, Uttar Pradesh	India
S1-665355186	International Nestor Interiors Limited	Block D, 2Nd Floor, Flat 2B, 35/1, Bangur Avenue, North 24 Parganas, Sky Residency, Jessore Road, West Bengal	India
S1-953470089	Tirupati Systems Limited	C/O Mangesh Waman Nirantar, Shop No. G-1, F-Building, Kasliwal Suvarnayog, Garkhed, A, Aurangabad, Maharashtra	India
S1-464105135	Wynter Secure Sachs	673 Cook Road, Sheldon, VT	US
S1-272091966	Begley's Value Pet Care	5909 Brambleberry Way, Raleigh, NC	US
S1-675959550	Ne Forwarding Private Limited	No.5M-651/A, 1St Floor, 5Th Main, Banasawadi, Ombr Layout, Bangalore, Karnataka	India
S1-716442915	Creative Plum	7371 Denny Drive, North Ridgeville, OH	US
S1-657025372	Ertha M. Swanson, DPM, P.C.	810 Park Avenue, Dunn, NC	US
S1-958577120	NTW Land Private Limited	Flat -101, Bhagwat Villa Apartment, Bhubaneswar, Khordha, Orissa	India
S1-606480359	Creative Services Private Limited	H.No.8-3-214/1/A-1, Plot No.B2Madhura Nagar, Hyderabad., Andhra Pradesh, Telangana	India
S1-378652653	Gulf Network Inc	22022 Shale Barren Court, Cypress, TX	US
S1-24519478	Apex Finance Private Limited	68A, Pocket-1, Harsh Appartment Sector-10, Dwarka, New Delhi, South West Delhi, Delhi	India
S1-539197690	Foundation Purple Logistics Limited	Thameens Residence Allumoodu Jn, Neyyattinkara P O, Thiruvananthapuram, Trivandrum, Kerala	India
S1-977704542	Williams Strategic	197 Kenton Run, Wythe County, VA	US
S1-338840619	Quartz, LLC	602 723, Bldg Residence, Crittenden County, KY	US
S1-170960991	Maanya & Co Center	Mr. Vishun Dayal, Flat No. 91 Pkt B2 Lok Nayak Puram, Mundka Near Ashram, Delhi, West Delhi, Delhi	India
S1-152967828	Grand Staffing Solutions	27 Woodlawn Avenue, Poughkeepsie, NY	US
S1-13859063	Garware Educational Society	House No-979/A, Jagdev Nagar, Jagdev Path Behind Chandrama Market, Ps-Nawada, Po-A, Naith, Arrah, Bhojpur, Bihar	India
S1-152217425	Tejada, Simmons & Mars	10011 County Farm Road, IL, Chester	US
S1-113241674	Peek, Hitchings and Cowan	210 Branson Drive, Dickson, TN	US
S1-711682948	Catherine Nesbit Industries LLC	2 Stonegate Court, Fairfield, OH	US
S1-284209086	Solutions Basco Marine Corp	Sudhaapartment, 2Ndfloor, Flatno.134, N.S.Road, Nabapally, Barasat, 24P, Gs. (N), Kolkata, Howrah, West Bengal	India
S1-537478269	National Association Inc.	2907 W, Snyder, TX	US
S1-208550511	Muriel Quality Nextera LLC	NC, Sylva, 1580 Blanton Branch Road	US
S1-632136965	Hultz & Kaufman LLC	2518 Back Bay Loop, Costa Mesa, CA	US
S1-133868991	Hyderabad-7. Travels Public Limited	Telangana, Andhra Pradesh, H.No.2-98/3, 10-B, Block B, Kakateeyaagar Habsiguda, Hyderabad-7.	India
S1-684878299	Kannur Builders Ltd	Room No. 6/443, Kayaralam Motta, Kayaralam Post, Kannur, Kerala	India
S1-281356776	Allied Educational Society	Gurugram, Gurgaon, Haryana, H-115 South City 2 Gurugram	India
S1-40830766	G.T. Road Properties LLP	84/105A, Kanpur, G.T. Road, Uttar Pradesh	India
S1-89093509	Saini Drinks Limited	D 35 Pocket C Mayur Vihar Phase Ii, East Delhi, Delhi	India
S1-954595905	Operating Engineers Union Local No 269	1311 Wildwood Drive, Arlington, TX	US
S1-287666599	Bates Generation LLC	25943 Highland Road, Richmond Heights, OH	US
S1-952988982	Reed, Taylor & Simien LLC	180 Anchor Drive, Somerset, MA	US
S1-349873839	Desert College LLC	1819 Stoneridge Lane, Town Of Cedarburg, WI	US
S1-279661956	Historical League	2875 Jackdaw Drive, Bend, OR	US
S1-353948236	Golden Keystone LLC	600 Grove Parkway, Unit 1091, Tempe, AZ	US
S1-126927804	Future Healthcare Pvt Ltd	Unit No. 14, Krishna Commercial Centre, 6, Udyog Nagar, Near Kamat Club, Goregaon, (West), Mumbai, Maharashtra	India
S1-627443733	Freight India Private Limited	175, Sec 16-17, Hissar, Haryana	India
S1-280818643	Torgerson & Perry	445 Broadway, Unit Apartment 3B, Hastings-on-hudson, NY	US
S1-974716750	Hu Analytics Inc	29111 Wilmot Road, Village Of Salem Lakes, WI	US
S1-85500745	Ines Varnado Beacon Lithium	105 303, Orangetown, NY	US
S1-452308590	Midwest Coalition	126 6645, Tennessee Colony, TX	US
S1-330281696	New International Private Limited	B-148, Vikas Vihar Vikas Nagar, Uttam Nagar, New Delhi, West Delhi, Delhi	India
S1-75862106	Department of Environmental Protection	1122 Wankan Road, Nacogdoches, TX	US
S1-763496609	Shakti Consulting Limited	Flat No. 8, C Wing, Sai Tower Chs Ltd, Ambadi Road, Vasai West, Thane, Maharashtra	India
S1-631165181	Brown & Martinez	1119 24th Avenue, Grand Forks, ND	US
S1-737977090	Clay, Randall and Ely Sony	506 11th Street, West Memphis, AR	US
S1-987994833	Muskan India Limited	S F Shop 2, Vaidehi Shine, Near Suraj 48, Gandhinagar, Gandhi Nagar, Gujarat	India
S1-512288351	Arambagh Crm Private Limited	West Bengal, W/N 5, Rabindrapally, Opposite Electric Supply Office, Hooghly, Arambagh	India
S1-198026451	Shivam Producer Private Limited	Karnal, Shop No. 34 Sbs Market, Haryana, Karnal	India
S1-493059116	Kehoe, Crespo & Tysinger Inc.	64 Lions Creek Court, Noblesville, IN	US
S1-708417088	Mah Visa Private Limited	Gat No 751 At Post Velu, Bhor, Pune, Maharashtra	India
S1-548116192	EXV Immunopharma Inc	733 Pavilion View Drive, Unit A102, Matthews, NC	US
S1-74901450	Silver Star Products	Shed No. E-26 Road No. 12 Aie(Apiic), Pedagantyada, Visakhapatnam, Vishakhapatnam, Andhra Pradesh	India
S1-19868030	Leech, Hammer & Baratta Environmental Services	730 Bierly Street, Walkerton, IN	US
S1-460136045	Lakshmi It Private Limited	Puri, Orissa, Puri, Station Road	India
S1-332388880	Bedford County Community Church Group	Unit STE A-07, Bedford County, VA, 18013 Forest Road	US
S1-792880767	Gray Financial LLC	404 Coxs Fork Road, Danville, WV	US
S1-457615425	Shanks's Interstate Physical Therapy	6515 Belcrest Road, Unit 1416, Hyattsville, MD	US
S1-396759763	O H Jefferson Strategic Care	21185 Westfield Road, Charleston, IL	US
S1-944430830	Real Trading	Plot 120, Sy No 41 Kavuri Hills Phase-1, Jubilee Hills, Hyderabad, Telangana	India
S1-90032658	Fortune Energy Private Limited	F No.201, Keshavkala Appt, Sauth Ambazari Rd, Rahate, Nagpur, Maharashtra	India
S1-483140947	Highland Continental Photonics Inc.	1023 Gravel Lick Road, Sand Gap, KY	US
S1-566183725	Coco Sangh	H.No. 9-586/I, Shaikroza Road, Opp. Genius School, Aland Colony, Gulbarga, Karnataka	India
S1-756304715	Choice Rate	2333 Sierra Madre Court, Rancho Cordova, CA	US
S1-306095185	Leo International School	Mumbai, Maharashtra, Mumbai City, Al-Safa Chs, Millat Nagar, Andheri (West), 104/A-1	India
S1-387418200	Dixon Learning Center Inc.	228 Blue Ridge Drive, Old Hickory, TN	US
S1-500998121	Odonnell Spa, LLC	4354 Patterson Street, Omaha, NE	US
S1-362880192	Gulf Apex LLC	1025 Holland Sylvania Road, Unit 5, Toledo, OH	US
S1-932539298	Escobedo Smart of Williamson	NY, Williamson, 6475 Salmon Creek Road	US
S1-98168281	Ortiz's Advanced Freight	61022 Holly Court, OR, Bend	US
S1-839067903	Dustin Premier Spdr	2602 Hemlock Avenue, Baltimore, MD	US
S1-572490154	Krishan Services Ltd	G-31, Preet Vihar, Delhi	India
S1-545582895	Global Techzone Foundation Limited	Plot No. 1, Gut No. 27, Bankarwadi Ranjangaon, Midc, Waluj, Aurangabad, Maharashtra	India
S1-444149322	White, Helge W., DDS	12007 Rock Spring Dr, Coldstream, KY	US
S1-232999426	Maa Works Private Limited	At House No.35, Wadad, Tq-Aundha, Dist-Hingoli, Hingoli, Maharashtra	India
S1-402046621	Family Clinic	VA, 23037 Olympia Drive, Loudoun County	US
S1-323747485	Cacioppo, Webster & Sheets Biopharmaceuticals LLC	36724 Carter Street, Yucaipa, CA	US
S1-780502827	Congregation Community Church	WI, Unit Site 69, Town Of Alma, N11702 Elker Road	US
S1-120433302	Authentic Electro Ltd	House No. S-219, Basement, Greater Kailash-Ii, New Delhi, South Delhi, Delhi	India
S1-131038804	Torres Heartland Northland LLC	5515 Strawberry Hill Drive, Charlotte, NC	US
S1-436307824	Franni's Chemical Group	6800 Clover Avenue, Mason, OH	US
S1-314962839	Dalmia Speciality Pvt. Ltd.	Fk-50, Block-Fk Shastri Nagar, Delhi	India
S1-804663373	Universal Management Private Limited	100 Ft Bye Pass Road, Chennai, Chennai City Corporation, 127, Tamil Nadu	India
S1-760380153	Bryant Corporation	884 Palmer Road, Memphis, TN	US
S1-820935401	Research (India) Bengal Private Limited	G-244, Vikas Nagar Colony, Near Ketan Hospital Barga, Gorakhpur Sadar, Gorakhpur, Uttar Pradesh	India
S1-562989120	Acp Plus Private Limited	Hyderabad, Telangana, Pt-55 & 56, Sy No.102, 103(P) & 1 Ph-Ii H No 4-50/P-Ii/55/1F To 5F, Gachibowli, Hyderabad	India
S1-125331877	New Delhi Global Corp	New Delhi, Delhi, C-1/67-Old No-4B, West Delhi, Kh No-120/2 Madhu Vihar	India
S1-276322405	Kellie Rowley, D.C., P.C.	115 Grant Street, Brownsburg, IN	US
S1-71714945	Legacy Engineering Enterprises Corp	1208 Farrington Drive, Knoxville, TN	US
S1-636549603	Family Physicians Inc	1024 31st Avenue, Bellwood, IL	US
S1-147465602	Apex Foods Private Limited	25A, Model Town, Phagwara, Kapurthala, Punjab	India
S1-724291976	Gonzalezlopez's Wholesale	CA, 1235 Chestnut Street, Upland	US
S1-906281937	Ada G. Curtis, CPA Partners	1903 Las Palmaritas Drive, Unit 225, Phoenix, AZ	US
S1-97581850	Green Exports Private Limited	B-3, B-71C, Janakpuri, New Delhi, West Delhi, Delhi	India
S1-15005997	Raphaela F. Newell, O.D.	34 Bank Street, New Bedford, MA	US
S1-866369736	CDR Digital, Inc	Grove, NY, 11852 16	US
S1-989125871	Houston Alto	638 Majestic Ridge Drive, Houston, TX	US
S1-447452795	Blue Network Corporation	177 1st Avenue, Nashville, TN	US
S1-698954473	Pnc (India) Design Private Limited	Sonkh Road Kumher, Bharatpur, Rajasthan	India
S1-701741704	Bay Granite LLC	AR, Blytheville, 4437 Unnamed	US
S1-314045617	Williams Premier Xrp	845 Mildred Avenue, Dundalk, MD	US
S1-832593986	Bureau of Health	370 Buckeye Circle, La Plata, MD	US
S1-889584874	Bebe Singletary Empire Blackstone LLC	146 Forest Oaks Lane, Lake Jackson, TX	US
S1-926018314	X T Weinstein Painting	8049 Bay Bend Drive, Willis, TX	US
S1-90128015	Valley Charter School	VA, Prince William County, 1541 Colonial Drive, Unit UNIT 303	US
S1-748243940	Blaine Box	3008 Davis Road, Spokane Valley, WA	US
S1-543291404	Southern Technologies Private Limited	Excelsior Building Thengana, Perumpanachy P.O., Changanacherry, Kottayam, Kerala	India
S1-878904744	Downtown Ice Cream	138 23rd Avenue, Melrose Park, IL	US
S1-778456014	Tot Network Company	Mahuva, Bhavnagar, Behind Kings Cold Storage, Mahuva-Bhavnagar Highway, Mahuva, Revenue Survey No. 190P1/P1 & 190P1/P2, Gujarat	India
S1-887285254	Frontier Resilience LLC	6022 Railroad, Wallis, TX	US
S1-387008828	Shyam All Finance Private Limited	248/1731 Fakirmohan Nagar, Balasore, Orissa	India
S1-338441694	Prime Engineering Limited	Burdwan, P.O.- Joteram, Dist- Purba Bardhaman, Burdwan, Bardhaman, West Bengal, Vill- Nandur	India
S1-407730822	Anant Trade Private Limited	Kaushik Sadan, Subhash Nagar Makrana Tehsil Makrana, Nagaur, Rajasthan	India
S1-584442364	Ar Law Chambers	Mr-3/242 Mahalaxmi Nagar, Indore, Madhya Pradesh	India
S1-590082446	First Food Private Limited	20, Baranashi Ghosh Street, Kolkata, Kolkata, Howrah, West Bengal	India
S1-629969170	Keelia White Smart Futurewave Inc	12 Haffards Street, Unit 1N, Fall River, MA	US
S1-883468618	Tmr (india) Private Limited	Plot No. A 390 391, Riico Growth Centre, Swaroopganj, Hamirgarh, Bhilwara, Rajasthan	India
S1-904228116	Office of Aging	2637 Greenbrier Drive, Hinton, WV	US
S1-805104360	Mcleod Cardiology	1000 Taywood Road, Unit 112, Englewood, OH	US
S1-224534945	Gitanjali Realestate Private Limited	Khasra No 950, 950 Me And 951, Village Kilhora Jalalabad Hapur, Hapur, Ghaziabad, Uttar Pradesh	India
S1-631840437	Romero and Almendares Enbridge LLC	4695 Shagbark Court, City Of Brookfield, WI	US
S1-117902162	Atharva Promoters (India) Pvt. Ltd.	215, Vats Market Pitam Pura, Delhi	India
S1-381957415	Digital Care Limited	Flat No. 1 Sumangal Resi. Ulka Nagari, Aurngabad, Aurangabad, Maharashtra	India
S1-258353664	Porur Vyapar Private Limited	No.137, Gandhi Street, 2Nd Main Road Subhashri Nagar, Mugalivakkam, Porur, Chennai, Tamil Nadu	India
S1-745976550	Driver, Lewis & Harris	230 Arbor Drive, Carmel, IN	US
S1-164240371	Family Association	OH, Fl 3, Columbus, 5059 Enclave Boulevard	US
S1-346603579	Reliable Quality Motors LLC	Utica, 21 Rose Place, NY	US
S1-328371553	Rajdhani Holdings	Noida, Uttar Pradesh, Habibpur, Greater Noida, C/O Daya Chandra R/O Shop No.5 D Sharma Market, Gautam Buddha Nagar	India
S1-542424915	Taravi Andfinance	Office No. A-508, 5Th Floor, Shiv Chamber Plot No. 21, Sector-11, Cbd Belapur, Navi Mumbai, Mumbai City, Maharashtra	India
S1-116081375	Kestex Park	6334 Chandler Street, Cincinnati, OH	US
S1-956108284	Gunina Travels Private Limited	Panchsheel Greens, Gautam Buddha Nagar, Uttar Pradesh, Gautam Buddha Nagar, 1403 Type C I 14Th Floor	India
S1-599703679	Moylan Argentina L.L.C.	OK, Spiro, 24062 Tucker Road	US
S1-159067707	Parth Technologies (India) Private Limited	C/O Karan Singh Parmar Shop No. 08, Ramayan South Katara Hills, Bhopal, Madhya Pradesh	India
S1-590285242	Netta Giddings Spire	254 Capitol Drive, Village Of Hartland, WI	US
S1-378978603	QH Vendome, L.L.C.	Katy, TX, 21342 Bending Green Way	US
S1-730858380	Silver Consultants Private Limited	# 4, New Vinoba Basti, Sri Ganganagar, Sriganga Nagar, Rajasthan	India
S1-101076392	Straight Edge Pub	515 Monroe Avenue, Mcalester, OK	US
S1-635491453	Bay Investment LLC	820 Chicago Avenue, Downers Grove, IL	US
S1-148845479	Nowaczyk Continental Neurosciences, Inc.	524 Fifth Avenue, City Of Stevens Point, WI	US
S1-29696416	Silver Exports Private Limited	Noida, Gautam Buddha Nagar, Jasas C-58/8, Sector-62, Uttar Pradesh, A-101	India
S1-684012770	PCO Golden Oncology, Inc.	4204 Applegate Lane, Suitland, MD	US
S1-71172417	Tirupati Estate Private Limited	Flat No: 302, Foor No 3, Krishna Kunj, Gokuldham, Film City Road, Goregon, Mumbai, Mumbai City, Maharashtra	India
S1-8813651	High Industries Private Limited	42/333 Sant Tukaram Nagar, Pimpri, Pune, Maharashtra	India
S1-183363639	Metro Green Biosciences, Inc	1617 Woodbridge Court, Leesburg Town, VA	US
S1-999555430	Diamond Marine Products LLC	3768 Oleander Avenue, Corvallis, OR	US
S1-633779655	Aspen Zhejiang LLC	24304 33rd Avenue, WA, Spanaway	US
S1-913042783	Quality Crest	5653 Myers Court, Virginia Beach City, VA	US
S1-558031216	50/53 Mobility	MO, Saint Louis, 588 Garden Avenue	US
S1-690538628	Hydro Krupa	4-139, Maruthi Nagar, Guduru Mandal, Guduru, Krishna, Andhra Pradesh	India
S1-86804153	Regional Cornerstone Citizens LLC	1300 Winding Creek Road, NC, Granite Quarry	US
S1-92768400	Weiss Transport Inc.	15208 178th Avenue, Gig Harbor, WA	US
S1-246225268	Wooten Continental Enterprises Inc	AZ, Prescott, 469 Miracle Rider Road	US
S1-979509841	Golden Medical Alliance	307 Riggs Road, Unit 419, Washington, DC	US
S1-942087593	Wells Management P.C.	1343 Highway 88, Pencil Bluff, AR	US
S1-566485202	New Life Synagogue	2035 Litchfield Dr, Hiawatha, IA	US
S1-360188878	Good Constructions	C/O Jaharoom Bee Qureshi Near Jobat Tent House, Rajiv Colony, Deodara, Mandla, Madhya Pradesh	India
S1-607646145	Gleda Engle Heritage Fuels Inc	847 Horseman Drive, Rock Hill, SC	US
S1-422926253	Sky Enterprises Pvt Ltd	A- 42, Ground Front Side, Dayal Bagh Faridabad, Faridabad, Haryana	India
S1-92729851	Capital Council Inc	221 Main Street, Florence, KY	US
S1-674558177	Synergic Lifestyle Private Limited	5Th Floor, Kailash-B, 5, Sumangalam Society Opp. Drive In Cinema, Drive In Road, Ahmedabad, Gujarat	India
S1-126393436	Al Trading Private Limited	Maharashtra, Mumbai, T G Shah Buildingsecond Floor Pydhonie Chowk, Mumbai	India
S1-806365059	Jaganath Dev Pvt Ltd	14/3A Gariahat Road, Kolkata, Calcutta, West Bengal	India
S1-180523534	Piedmont Trust III	WI, N16040 State Highway 13, Park Falls	US
S1-713966229	Red Vision Construction Private Limited	Plot No E 3/4 Floor- 1A Purnendu Nagar Po Anishabad, Patna, Bihar	India
S1-790887991	Agni College	37/3, Kala Complex Fourth Avenue, Ashok Nagar, Chennai, Tamil Nadu	India
S1-46049969	Dynamic National Westin LLC	Charles City, 2163 Old Highway Road, IA	US
S1-106691524	Saiprasad Online Private Limited	215/275/4 B S Palya, Bangalore, Karnataka	India
S1-183540234	Hussain (thrissur) Private Limited	Yasmin 0131 Umar Sardar, Road Near Azad Hind Club, Barrackpur - I, North 24 Parganas, West Bengal	India
S1-545370440	Oliver Springs Urology Precision Care PC	628 Sleepy Hollow Road, Oliver Springs, TN	US
S1-410040347	Temple Synagogue	10202 W Maple Road, Omaha, NE	US
S1-174390454	Awesome Trading Private Limited	F.No.404 And 405, 4 Th Floor Maithri Vihar Complex, Ameerpet, Hyderabad, Telangana	India
S1-695737678	Paschal and Liu Associates	Albemarle, 1006 Charlotte Road, NC	US
S1-143410687	Sanders Superior Data LLC	1522 Aberdeen Road, Unit APT. 13, Hampton City, VA	US
S1-690898835	Yee Royal Factory LLC	124 Walcott Avenue, Staten Island, NY	US
S1-196054265	Healy Endocrinology	30 Coolidge Road, Winchester, MA	US
S1-710909094	Halley Parker American Corporation	4502 Indian School Road, Unit 221, Phoenix, AZ	US
S1-171653159	First Hospitality LLP	Wz-351, Delhi, Shakurpur Village, Delhi	India
S1-861378966	Matrix Sangh	House No. A-408A New Ashok Nagar, New Delhi, Delhi	India
S1-60629534	Delta Center	26 Brookdale Street, Valley Falls, RI	US
S1-679782609	Creative Semiconductor Ventures Inc	10864 Prairie Rose Road, Frisco, TX	US
S1-150829563	Verron Software, LLC	25432 Park Avenue, Buckeye, AZ	US
S1-986863583	Caldeon Duke Inc	8747 Santa Ridge Circle, Elk Grove, CA	US
S1-67904101	Pc Industries Group Pvt. Ltd.	A3/605 Purvanchal Heights, Greater Noida, Gautam Buddha Nagar, Uttar Pradesh	India
S1-552720726	ZX Chit Private Limited	50/1112, D11 2Nd Floor, Muhammad Haji Building Station Junction, Edappally P.O, Kochi, Ernakulam, Kerala	India
S1-531110798	Clarabelle's Signature Home Improvements	118 Main Street, St Charles, MO	US
S1-88905792	Sunderban Welfare Society	Lucknow, T C- 46, Lucknow, Uttar Pradesh, Vibhuti Khand, Gomti Nagar, Lucknow	India
S1-403028834	Piedmont Construction LLC	OK, 917 Linn Lane, Yukon	US
S1-279014952	Kt Animation Private Limited	Flat No-124, Cate Iii Sfs Hauz Khas, New Delhi, South West Delhi, Delhi	India
S1-66101502	Lemay Quetta LLC	1 Spring House Road, Lutherville, MD	US
S1-419304665	Akola Glove LLP	168 Tambaour Road, Near Goverment Hospital, Biswan, Sitapur, Uttar Pradesh	India
S1-189831319	Jai Foods Private Limited	Netawar, Post - Belaon, Siwan, Siwan, Bihar	India
S1-464514986	Valley Fund	97 Cass Avenue, Cheektowaga, NY	US
S1-418896338	Miller Rocky Ses LLC	401 Cascade View Drive, Ronald, WA	US
S1-492793391	Audio Infrastructure Limited	Ernakulam, Iv E Fourt Floor Rds Retreatchittoor Road Kacheripady, Kerala, Ernakulam	India
S1-648894561	Supreme Consultants Private Limited	236 & 237, The Galleria Dlf, Second Floor, Mayur Vihar Ext-1, Noida Link Road, New Delhi, East Delhi, Delhi	India
S1-143671838	Svs Lal LLP	Pune, Plaza, Sn -27 (Pt) Plot-3, Pune City, Maharashtra, Office No 612 Clover Hill	India
S1-851799346	Mountain Animal Hospital Associates	5389 Ferndale Road, Ferndale, WA	US
S1-804171096	Uptown Yoga!	8001 Coastal Highway, Unit C, Ocean City, MD	US
S1-751608780	Day Maintenance LLC	485 Ruby Raymond Road, Waterbury, VT	US
S1-163766842	Star Offshore Care	235 Sunset Avenue, Wenatchee, WA	US
S1-569100881	Resorts Traders Pvt Ltd	Office No.9, Miragaothan Mahajanwadi, National Highway, Mira Road East, Thane, Mumbai, Mumbai City, Maharashtra	India
S1-104955523	Infotech Engineering Pvt. Ltd.	H No 555, 556 Budhwar Peth, Pune City, Maharashtra, Ground Floor Shop No 2A, Pune	India
S1-291991311	Physical Therapy Coastal Group	710 7th Avenue, Mandan, ND	US
S1-364278564	Mount Chapel	151 32 Parkway, Mt Orab, OH	US
S1-965040695	Icon Jewellers Limited	Vishranti Apartment, Near Anand Nagar Garden, Anand Nagar, Vasai (, Thane, W), Maharashtra, 4	India
S1-509571057	Keystone Summit Platforms	356 Racetrack Road, Unit #13, KY, Henderson	US
S1-150821320	CI Consulting Private Limited	84/63 H.No. 264 Tejab Mill Campus Anwarganj, Kanpur Nagar, Kanpur, Uttar Pradesh	India
S1-78166516	Faque Capital Partners	275 Midway Oval, Groton, CT	US
S1-112860356	Good Logistics Private Limited	Office No 1405, Kamdhenu Commerz Premises, Sector 14, Plot No 02, Panvel, Raigarh(Mh), Maharashtra	India
S1-419129929	Ali Green Edp LLC	217 Valleys Edge Street, Mcminnville, OR	US
S1-40045119	Chloette Mason Allied Tree LLC	1 Overland Street, Boston, MA	US
S1-837908386	A Cure 3 You Inc.	103 Hampton Lee Court, Unit 1A, Cary, NC	US
S1-967500830	Cozy Tavern!	505 White Street, Unit 505, Floydada, TX	US
S1-718976444	Mumbai Bharat Pvt. Ltd.	702 Sneh Building, Anandnagar Near Mohan Soc, Dahisar East, Mumbai, Mumbai City, Maharashtra	India
S1-304297041	Shivam Projects Private Limited	Howrah, Kolkata, Ground Floor Princeton Club 26 Prince Anwar Shah Road, West Bengal, Kolkata	India
S1-177943533	Orbyn Federal	606 Panama Court, Granbury, TX	US
S1-868064087	Kashish Fuel Private Limited	Chennai, Tamil Nadu, 3/171 Silicon Valley Q Block I. T. Highway Old Mahapalipuram Road, Thuraipakkam	India
S1-409256428	Future Projects Private Limited	No-10, West Karikalan, Street, Adambakkam, Saidapet, Kanchipuram, Tamil Nadu	India
S1-631031485	Federal Arrow	91 1170, Logan City, UT	US
S1-16807998	Innovative Payment Digital	1202 Scottsboro Road, Unit C, Marion, IL	US
S1-600462984	Babb S. Johnson, DO, DDS PC	231 Wildcat Lane, Little Sandy, KY	US
S1-240050566	Frontier Holdings	216 Jefferson Pike, Lavergne, TN	US
S1-840622396	Gulf Kochav	1801 Baker Boulevard, Carthage, MO	US
S1-130034572	Piedmont Alliance V PC	Weddington, 1224 Willow Oaks Trail, NC	US
S1-164072881	Bennett's Transport	46 Village Gate Boulevard, Delaware, OH	US
S1-587645790	Bjr Impex Private Limited	C Block Jaldarourkela, Sundargarh, Orissa	India
S1-577250550	Pixels Public School	92/110, Nehru Place, New Delhi, South Delhi, Delhi	India
S1-487652257	Vedyne Detailing LLC	24W 740 Argyle Avenue, IL, Roselle	US
S1-281725882	Chennai Developmentcompany Private Limited	No.4, Raniji Nagar Annex 1St Street, Madananthapuram, Porur, Chennai, Tamil Nadu	India
S1-562163221	Good Constructions Limited	F-35A, S/F, Abul Fazal, Enclave Part 1 Jamia Nagar, Okhla, Char Minar Masjid, Delhi, South Delhi, Delhi	India
S1-92502000	Gadin (India) Electricals Public Limited	30 Apaki Industrial Premises Co-Op Socy. Ltd., Sidhpura Ind Estate Masranilane, Mumbai, Mumbai City, Maharashtra	India
S1-268149339	North Enterprises Private Limited	Bid, Vadvani, 360, Maharashtra, Khadaki Tq Dharur Beed	India
S1-667406578	Miles and Wright	28 County Road 5100, Cleveland, TX	US
S1-908498505	LO Venture LLC	620 2nd Street, City Of Baraboo, WI	US
S1-156883486	Gainey, Shanahan and Brown Chs Inc	604 Grand Lake Boulevard, West Chicago, IL	US
S1-368846142	Metro Ubs	203 Westminster Avenue, Syracuse, NY	US
S1-231101064	Daisi Tate Ocean	922 Van Buren Avenue, Dixon, IL	US
S1-372903225	Elevate Professional Center	74B, Lowther Road, Allahabad, Uttar Pradesh	India
S1-621386822	Anand Impex Private Limited	15 809 Mhb Colony Kher Nagar, Bandra East M, Mumbai City, Maharashtra	India
S1-238012566	Baldwin Superior Farms LLC	5016 85, New Salem, ND	US
S1-96384915	Urban Agro LLP	C/O Shree Chand, Vill Maithna Inder Singh, Meerut, Uttar Pradesh	India
S1-307702274	Da (India) Agro Limited	Flat No 1703, Brighton Tower, 2Nd Cross Lane, Lokhandwala Complex, Mumbai, Maharashtra	India
S1-933356469	Agasti & Sons	Bangalore, Unit-G2 Ground Floor, Karnataka, No. 35/1 And 35/2 Sgr Dental College Main Road, Munnekolal	India
S1-164830224	Reliable Ameren	902 Ocean Avenue, West Haven, CT	US
S1-100405609	Capital Network III LLC	3216 Frinks Street, Raleigh, NC	US
S1-234407650	Choice Iron LLC	KS, Sedgwick, Fl 0, 11750 Ridge Road	US
S1-725482440	Guru International Private Limited	Plot No - D-13/5, 13/6 13/7 Ttc Indl Area Turbhe, Navi Mumbai, Thane, Maharashtra	India
S1-192345497	Wildlife Center	7 Demar Road, Lexington, MA	US
S1-622515318	City Food Private Limited	Telangana, K.V.Rangareddy, Serilingampally, Fno B 305 3Rd Floor, Ramky One Kosmos	India
S1-59409377	Alyss Lopez Dbdr Corp	2220 Jackson Avenue, Hempstead, NY	US
S1-319952925	Pinnacle Federal Lionheart Inc	1785 Vizaleea Drive, Dubuque, IA	US
S1-111867989	Sujal Technologies Company	G-1, Akruti Height Road No.3 Rajendra Nagar, R Nagar, Patna, Bihar	India
S1-580992307	Creative Baba It Private Limited	D220, S/Floor Defence Colony, New Delhi, South Delhi, Delhi	India
S1-684624531	Raj Global Private Limited	C/O Lhadom Wangdi, Patel Road, Behind Sn Bose, Siliguri, Darjiling, Darjeeling, West Bengal	India
S1-744424482	Nelson Classic Ship Inc	4715 Overview Drive, Fayetteville, NC	US
S1-160617128	Winners Marketing Private Limited	Kh. No. 26/12/1 Ground Floor, Shahbad Daulatpur, Delhi, North West Delhi, Delhi	India
S1-388951829	Bastion Japan Ltd	422 165th Street Court, Spanaway, WA	US
S1-502282153	Garland's Diamond Catering Inc	1402 Ravencrest Apts, Frankfort, KY	US
S1-554328643	A Complete Gen LLC	1225 Providence Terrace, Fairfax County, VA	US
S1-959189311	Allied Pembina	Nashville, 519 Yokley Road, TN	US
S1-355110377	Anchor Medical Systems PC	258 Meadowbrook Lane, Nelson County, VA	US
S1-419243203	Mcdonald Companies	337 Main Street, Unit 1, Medford, MA	US
S1-791484925	International Vision Technologies Pvt Ltd	Shop No 50, Shivam Reality Shri Sharan Business Park, Changodar, Ahmedabad, Gujarat	India
S1-607311453	Family Horizon Associates LLC	Springfield, MO, 737 Westbypass	US
S1-823066174	Consultants Magnificent Marketing of Jabalpur Private Limited	C/O Sandeep Dubey Chatr Pal, Udna Sadak, Jabalpur, Madhya Pradesh	India
S1-169036830	C 5 H Ingredients Inc	232 Hoot Owl Circle, Quinlan, TX	US
S1-345107626	Childress Translational LP	5600 S 3rd St, Louisville, KY	US
S1-748540962	Swastik Sun Investment Private Limited	H.No. B 1 Plot No. 8 1St Floor Extended Lal Dora Santnagar Parwati Anch, Al Burari, New Delhi, Central Delhi, Delhi	India
S1-277014552	Tech Consulting Private Limited	Pl No. 1, Fl No. 2, Priyanka Kunj Co-Op Hsg. Soc., Kothrud, Pune, Sr. No. 5, Pune, Maharashtra	India
S1-912273534	Davis & Lucia Inc	IL, 1240 Beacon Ridge, Troy	US
S1-456715439	Moses Corporation Center	6397 Murphy Drive, Victor, NY	US
S1-637465929	Healthcare Kay Consulting Limited	Office No. 307, W Mall, Pearls Corporate, Mangalam Palace Sec-3, Rohini, New Delhi, Delhi	India
S1-526349990	Peak Cloud Concepts	736 Ardmore Lane, Shelbyville, KY	US
S1-296323848	Modern Consulting Private Limited	Bangalore Rural, Bengaluru, Karnataka, 29/1 Ground Floor Hosur Main Road Old Chandapura Anekal Taluk	India
S1-547546143	Delhi It Private Limited	West Delhi, G-106, Nandram Park Uttam Nagar, Delhi	India
S1-80960427	Hari Ram Infrastructure Private Limited	No.29 Moore Street, Chennai, Tamil Nadu	India
S1-609323033	Batts Global	362 Ocean Parkway, Berlin, MD	US
S1-523354110	Alpha Sky Logistics Private Limited	9/192/A, Lakshmi Building, Poovambayi, Panangad, Koyilandi, Kozhikode, Kerala	India
S1-231416129	Midwest Association	Unit STE 101, TX, 1404 Clarewood Drive, San Marcos	US
S1-460133008	Lo Blackrock Inc	9950 N Shore Road, Waconia, MN	US
S1-676648395	Bhubaneswar India	Rev. Plot No. 1063, Duplex No. 40, Golden Arena, Balianta, Bhubaneswar, Khordha, Orissa	India
S1-972836911	First Rapid Xsolla Corp	104 Lanita Drive, Roland, OK	US
S1-292830915	Heritage Therapies Inc	2115 Pennsylvania Avenue, Baltimore, MD	US
S1-51101506	Krishna Media Pvt Ltd	House No. 8.64, Kva House Naduvattom - Karinkallthani Road Ayilakkad Po, Malappuram, Malappuram, Malapuram, Kerala	India
S1-509332273	Kolkata Animation Private Limited	Kolkata, B Block, 1St Floor, Suite-7, Kolkata, West Bengal, Howrah, 1 Chandney Chawk Street	India
S1-127222577	Shivam City Products Private Limited	Safa Building Airport Road, Ramanatkara, Calicut Dt, Kozhikode, Kerala	India
S1-589521969	Ranice Haw Star Mfa	TN, 200 Stewarts Chapel Road, Flintville	US
S1-208167915	Steel Welfare Society	Plot No K-4 1465 Kalinga Vihar, Bhuabneswar, Khordha, Orissa	India
S1-420226248	Rhea Karg Continental Technical LLC	Colerain, NC, 204 Dew Drop Road	US
S1-512080827	Komal Fusion Private Limited	H.No.12-2- 709/C/1, Flat No.2, 2Nd Floor, Sai Teja Apartments, Padmanabhanagar, Mehadipatnam, Hyderabad, Telangana	India
S1-151302070	Diamond Sterling Systems	1257 Spotswood Drive, Orange County, VA	US
S1-670025586	Inox Management Private Limited	14, Hamam Street, Fort, Mumbai, Maharashtra	India
S1-529148390	PG Contractors Private Limited	Sube Singh X3-4624 Rohtak, Haryana, Rohtak, Haryana	India
S1-12487330	Upkar Success Private Limited	Radhabhawan, Jatarprinters, Girjakundward Nearmahavirvyayayamshala, Seoni, Madhya Pradesh	India
S1-831133424	Metropolitan Trust	175 Amherst Mobile Homes, Amherst, OH	US
S1-671445253	Metro Care, LLC	MA, 500 Quincy Street, Abington, Unit 3-C1	US
S1-700600281	Smith and Martin LLC	4 Peter Scott Drive, Cornwall, NY	US
S1-857022301	Zepheus Barings LLC	1633 James Drive, Crawfordsville, IN	US
S1-64140802	Hailee Willsey Innovation LLC	1120 Cedar Street, Jourdanton, TX	US
S1-690449852	Jeannette White Anchor System P.C.	51 Howard Street, New York, NY	US
S1-391697975	Marketing Nalin Chemical Private Limited	Flt No- E 219, Walchand Co, Kashmira Rd Oppkamla Park, Thane, Maharashtra	India
S1-486510827	Creative Developers Private Limited	2, Floor-5, 72 Keshari Bhavan, Shaikh Memon Street, Zaveri Bazar, Kalbadevi, Mumbai, Mumbai City, Maharashtra	India
S1-516705356	Tele Future (India) Ltd	No127, Sriananthammalcompx Arcot Road, Virugambakkam, Chennai, Tamil Nadu	India
S1-275228042	Primary Care Specialists Inc.	807 Calvert Drive, Bismarck, ND	US
S1-612138552	Harini & Co	15/1-1, Malviya Nagar, New Delhi, Delhi	India
S1-571214733	Wooten Atlantic Bhav	Albuquerque, 2009 Pinonwood Avenue, NM	US
S1-906686327	Happy Cleaning Service, LLC	15 Pirates Cove, Hampton City, VA	US
S1-939880982	Montiq Treasury LLC	Columbus, IN, 735 Whitfield Drive	US
S1-60980827	Bhavishya International School	B-104, Second Floor, Okhla Industrial Area, Phase-1, Delhi, South Delhi, Delhi	India
S1-476385483	Urology Pioneer Associates LLC	1365 Western Avenue, Unit Apartment 15, Saint Paul, MN	US
S1-359497386	Shakti Global	2-40-314/C Ambedkar Nagar, Balamrai, Gymkhana, Hyderabad, Telangana	India
S1-791947968	Hem Educational Society	2, Gulmohar Soc., Mithbunder Road Thane East, Thane, Maharashtra	India
S1-2106291	Jai Producer Private Limited	Vishalaxmipur, Ashram More 24 Kakdweep Parganas South Wb, Kakdweep, Parganas South, West Bengal	India
S1-802762694	Mamie Dsouza Management Inc	416 Castle Street, Knoxville, TN	US
S1-763758768	Empire Travel	136 County Road 4002, Chilton, TX	US
S1-368557784	Bhagwati (India) (madras) Limited	F547 Ph8A, Indl Area Mohali, S.A.S.Nagar (Mohali), Rupnagar, Punjab	India
S1-801306682	Perfect Foundation	Chennai, No.388/8, 200 Feet Road, S.Kolathur, Tamil Nadu, Chennai	India
S1-910150597	Regional Aria, LLC	711 Vintage Hills Way, Unit 302, Knoxville, TN	US
S1-204397870	Advanced Food LLC	5877 Glennon Drive, Galloway, OH	US
S1-853669737	Jackson Wood Private Limited	Ground Floor, Office No12, Sunstar Tower Near Ioc Qtr., Panchayat Nagar, Rajkot, Gujarat	India
S1-170998977	Bridges and Baker	Ofallon, 2404 Meadow Pointe Drive, MO	US
S1-72369296	Enterprises Mittal Developers Private Limited	Haryana, Orchid Centre, Near, Iilm Institute, Sec 53, Tf, Dlf Qe, Gurgaon	India
S1-114279394	Stoddard Hickman House Clinic	NY, 285 5th Street, Smithtown	US
S1-558634684	Prime Food Private Limited	Plot No. 23, Zone-1 M.P. Nagar, Bhopal, Madhya Pradesh	India
S1-185338284	Aditya Sai Management Limited	Royal Space Bldg No, 154/20, 3Rd Flr, 5Th Main, Bangalore South, Bangalore, Karnataka	India
S1-352005417	Wildrick and Sands LLC	25481 151st Drive, Surprise, AZ	US
S1-870254921	Vm India Private Limited	Kanjirathani, Vattakkunnu, Kappur P.O, Ottappalam, Palakkad, Kerala	India
S1-574943722	Hayes Unified Regions LLC	12 School Square, Unit 2, Winchendon, MA	US
S1-829163315	Silver Barbershop PC	230 Chapman Drive Extension, Asheville, NC	US
S1-657654513	Rodriguez, Watson and Anderson LLC	740 Western Avenue, New Lenox, IL	US
S1-623261026	Orthopedic Care	827 Elmhurst Road, Des Plaines, IL	US
S1-393157555	Golden Ice Cream!	307 Belleville Street, Freeburg, IL	US
S1-528999441	Pacific Can	903 Main Street, Bourbon, IN	US
S1-445131173	Luque Prairie Evolution Clinic	8261 Henry Circle, Anchorage, AK	US
S1-906572599	Z & B Entergy	6801 35th Avenue, Fl 1, Lacey, WA	US
S1-720173062	Maurita's Crystal Wellness Inc	20198 Brookview Square, Loudoun County, VA	US
S1-779180246	Infratech Seva Samiti	Rzp-1/29, New Roshan Pura Nazafgarh, New Delhi, South West Delhi, Delhi	India
S1-812486340	Fortune Consultants Private Limited	House No. 6, Road No. 5, East Punjabi Bagh, New Delhi, West Delhi, Delhi	India
S1-585692765	Golden Construction Technologies LLC	AZ, Sierra Vista, 1381 Jasmin Drive	US
S1-358447941	6-Star	1304 105th Place, Unit 1004, Mesa, AZ	US
S1-206894799	Dynamic Exports Pvt Ltd	#56, Saint Thomos School Road, Industrial Suburb, Vishweshwara Nagar, Mysore, Karnataka	India
S1-27158214	Darby Thomas News LLC	125 Seward Street, Smyrna, TN	US
S1-196578854	Young Joint LLC	116-38 Merrick Boulevard, Jamaica, NY	US
S1-624045976	City Medical Centre	Andhra Pradesh, Revenue Ward 23, Vijaya Lakshmi Puram, Bapatla, Guntur, 14-5-26	India
S1-362520	Empire Dental Associates	765 400, UT, Spanish Fork	US
S1-463548524	Swastik Shyam Enterprises Private Limited	Flat No-501, B-Wing, Barcelona, Off Madh Road, Bhd Madh Church, Malad (W, Est), Mumbai, Mumbai City, Maharashtra	India
S1-897226407	Lv Industries Group Private Limited	A 19, Ground Floor, Fiee Complex, Suite 1247, New Delhi, South Delhi, Delhi	India
S1-645713459	Ellis, Chavis and Renfro Hyperliquid Partners	4759 Mayfield Road, South Euclid, OH	US
S1-229555888	Rapid Quality Made LP	6 Wildwood Lane, Goshen, MA	US
S1-68456921	Dynamic Hospitality Private Limited	2Nd Floor, Trivedi Bhawan, Pghpl Group Campus, Opp. Western Gate A.N. College, Boring R, Oad, Patna, Bihar	India
S1-992003464	Aashi & Co Corp	Row House 10Syno246/1Mani, Konda Chitrapuri Colony, Rangareddy, Telangana	India
S1-912947277	Biomedical Institute of Technology Pvt Ltd	Plot No10, Kila No69, 1St Floor, Hans Enclave, Sadar Bazar, Gurgaon, Haryana	India
S1-417264639	Melton Workshop PLLC	9326 Hemphill Drive, Fort Wayne, IN	US
S1-470845482	Sft Finance Private Limited	Paldi, National Design Business Incubator National Institute Of Design, Gujarat, Ahmedabad	India
S1-987779515	Landeros, Liza N., D.C.	3400 Country Club Road, Tucson, AZ	US
S1-509283665	Bay Pinnacle Horizon LP	2450 County Road 022, TX, Jasper	US
S1-619895264	Dudley Invesco	2807 7th Avenue, Birmingham, AL	US
S1-17339733	Pediatric Dentistry Care Associates Inc	Norwich, CT, 59 Grant Court	US
S1-647059934	ZJ Desert Plutonian	11602 Bannerstone Street, Marana, AZ	US
S1-161901150	Ia & Co	6 Flr, 603, B & C Wing, C 66, G Block One Bkc, Opp. Bank Of Baroda, Bandra (Ea, St), Mumbai, Mumbai City, Maharashtra	India
S1-241742700	Linderman Rapid Pennantpark Inc	Cedar Rapids, IA, Unit 3, 2134 N Towne Ct NE	US
S1-512634625	Ironclad Lending LLC	OH, Hamilton, 736 East Avenue	US
S1-37213524	Surgical Clinic Clinic	864 Country Road, Brookhaven, NY	US
S1-916773322	Integrated Myers Group	311 Glenn Avenue, Unit 33, Auburn, AL	US
S1-263724589	Gadaon	TX, 900 30, Garland	US
S1-734453985	Kriste Ross Elite Auto Glass LLC	9837 Peakview Avenue, Unit D03, Cherry Creek, CO	US
S1-722883348	Red Nails LLC	1319 Ety Pointe Drive, Lancaster, OH	US
S1-309101313	Uniglobe Properties Limited	C/O-Suryadev Kumar, Patel Colony, Patna Sadar, Sampatchak, Patna, Bihar	India
S1-266640251	Game Consultancy Private Limited	Delhi, South Delhi, Kh No-185, Lane No-3 U/G/Fr/S, Saidulajab, Delhi, B-39	India
S1-619068107	Reinecke Capital Inc	251 Polk Street, Gary, IN	US
S1-706856946	Safe Vanguard Properties LLC	488 Lakeside Drive, Latonia Ky, KY	US
S1-774836812	Weiler Blue Brokerage PLLC	132 Danforth Street, Portland, ME	US
S1-452691275	Dd Memorial Trust	Hotel Swati 21/6 Chhoti Gwal Toli Near Sarvate Bus Stand, Indore, Madhya Pradesh	India
S1-277375862	Human Rights Initiative Associates	1302 Fair Street, Unit D, Marion, IL	US
S1-110602510	Real Alpha Media Private Limited	House No C-262, Siddharth Nagar, Jaipur, Rajasthan	India
S1-770963722	Howard, Smith and Anderson, Inc	71 Hemlock Place, Middletown, CT	US
S1-341378122	Bumoex Corporation	Chagrin Falls, OH, 8850 Taylor May Road	US
S1-202909837	Sevue Family Office Inc	Baltimore, MD, 2102 Patapsco Avenue	US
S1-520992658	Value Retail Global Inc.	2518 Young, Colville, WA	US
S1-277391322	Dynamic Textile Networks LLC	18848 250 Road E, Danvers, IL	US
S1-638110492	Super Care Limited	Kalkaji, New Delhi, Delhi, J-86	India
S1-844896591	Modern Packaging Global PC	8935 Georgetown Pike, Fairfax County, VA	US
S1-245014023	Keva Trust LLC	11451 Cherry Hill Road, Unit 203, Beltsville, MD	US
S1-790771894	Nexnet Family Office LP	1330 Dale Avenue, Stephenville, TX	US
S1-437422427	Scholarship Fellowship	8 Jan Sebastian Way, Unit 6, Sandwich, MA	US
S1-870525516	Geo Brothers	Ernakulam, 36/1924 Sky Marks Chammani - Complx Judges Avenue Cross Rd (Sebastian Rd) Kochi, Ernakulam, Kerala	India
S1-382138150	Amrit Open Private Limited	Room No.6, Kashinath Patil Chawl, Opp Sapana Hotel, S V Road, Mumbai, Mumbai City, Maharashtra	India
S1-470699785	Krystyna's Energy Inc	NY, Unit Apartment 206, 183 Main Street, Fredonia	US
S1-696598587	Bell Controls LLC	136 Donegal Avenue, Thousand Oaks, CA	US
S1-960756168	Board of Public Works	13265 601, Midland, NC	US
S1-842881175	Mandie Cannon, DO	3315 Nelson Road, Town Of Algoma, WI	US
S1-42596820	Lakshmi Construction Private Limited	B-11/C-2, Malviya Nagar, Ind. Area, Jaipur, Rajasthan	India
S1-360871186	Naya Bas Eye LLP	290, Naya Bas, Alwar, Rajasthan	India
S1-868335410	Dorman Crest Group	5943 Otis Court, Columbine, CO	US
S1-780893579	Godbole City Corp	Building No. 61/245- B2, Zeia Arcade, Church Landing Road, Pallimukku, Kochi, Ernakulam, Kerala	India
S1-372897884	Brigit Brown Montreal	1890 Marble Ridge Drive, Rockingham County, VA	US
S1-582550646	U A & O Securities PLLC	514 Snow Mass Lane, Yakima, WA	US
S1-761888543	Jhk Industries Private Limited	P-3, New C.I.T.Road Second Floor, Kolkata, Kolkata, Howrah, West Bengal	India
S1-430842276	North Solutions Private Limited	Plot No. 18 Bhaisaura, Gomti Nagar Extension, Lucknow, Uttar Pradesh	India
S1-533701421	First Cartesian LLC	586 Country Way, Sanford, NC	US
S1-140574806	Agneta Allen Shore	216 Eagle Lane, Pittsylvania County, VA	US
S1-388312190	Esparza, Kwon & Omara Sciences LLC	226 Barefield Drive, NC, Millers Creek	US
S1-767371184	Khush Memorial Trust	House No 8-B Jr Coconest, Marasur, Anekal, Bangalore, Karnataka	India
S1-395950954	Aragon Biotech L.L.C.	8231 Rebecca Woods Drive, Bartlett, TN	US
S1-691555791	Kopf Labs	Spring, TX, 74 Slatestone Circle	US
S1-793019850	Rocky Trust, LLC	846 217, Claverack, NY	US
S1-975506716	Radharani (India) Green Private Limited	Door No:6-21, C.Kothapalli, Chapalamadugu Gram Pancha, Markapur, Prakasam, Andhra Pradesh	India
S1-495990882	Primary Care Choice Clinic LLC	10508 Farm To Market 1130, Orange, TX	US
S1-666435696	Apex Pinnacle Music Group	NC, Albemarle, 29569 Forrest Road	US
S1-129027978	Express Construction LLC	430 Haldimand Avenue, Hamilton, OH	US
S1-922994065	Amethi Finance Limited	Amethi, Uttar Pradesh, Sultanpur, C/O Narsingh Yadav Ramganj Ram Awadh Rampur Ramganj	India
S1-623350674	K 7 Classic Painting LLC	3615 Jefferson Street, Kansas City, MO	US
S1-753180274	Helios LLC	306 Wrights Lane, Bldg BRIAN GRIFFITH DENTISTRY, Prestonsburg, KY	US
S1-617270478	Aasara Brothers Private Limited	No:2 Shah Sultan Complex 17/1 Ali Asker Cross Road, Cunningham R, Oad, Bangalore, Karnataka	India
S1-334052695	Guru Constructions Private Limited	Plot No 13, Pushpak Nagar, Lokhande Mala, Nashik, Maharashtra	India
S1-102971431	Delhi Hospitality Private Limited	West Delhi, Delhi, 25/2-W-1 West Patel Nagar	India
S1-948624922	Smart Hall Inc.	935 Sycamore Avenue, Corvallis, OR	US
S1-638785454	Gs Hospitals Private Limited	H.No-30, Ward No-16, Near Ice Factory Near Hindalco Petrol Pump, Hindalco City, Renukoot, Sonbhadra, Uttar Pradesh	India
S1-455885431	Lyrial Aria	21406 Catalina Circle, Rehoboth Beach, DE	US
S1-312194988	Dios Hospital	Bardhaman, West Bengal, Bijon Kumar Dey, Bulchandrapur, P O-Painta, Burdwan, C/O	India
S1-745218864	Yodha Associates Private Limited	M.A. Sarani, Bisharpara, North 24 Paraganas, North 24 Parganas, West Bengal	India
S1-576426786	Jennings, Seaver & Powell Corp	7159 Sagert Street, Unit #106, Tualatin, OR	US
S1-298951977	Family Associates of New Hartford	20 Canterbury Road, New Hartford, NY	US
S1-380060263	Devashish Plaza Private Limited	B-3 Horning Stars T Road Mahim, Mumbai, Maharashtra	India
S1-603442937	Skill Agro Private Limited	3/101 Shree Krishan Avenyu Face, Limbodi, Indore, Madhya Pradesh	India
S1-795245610	Village Of Howard Regional Midwest Chiropractic	1844 Maplewood Avenue, Village Of Howard, WI	US
S1-873852360	Pune City General Private Limited	Cts No. 15, F.P. 17, Plot No. 2, Erandwane, Karve Road, Pune City, Pune, Maharashtra	India
S1-144718195	Golden Pizza	1101 22nd Avenue, Battle Ground, WA	US
S1-518394026	One Healthcare	E50, 3Rd Floor, Ihfd, Nagar, Pallavaram, Kanchipuram, Tamil Nadu	India
S1-703428973	WXP Commercial LP	Lavergne, 132 Vaughnwood Drive, TN	US
S1-478051664	Cruz Rare	8120 Holly Crest Drive, Chattanooga, TN	US
S1-95925372	Temple Presbyterian Church	11802 Hickory Drive, Fort Washington, MD	US
S1-436247714	U C Oliver Popular LLC	10222 Southwind Lane, Unit UNIT 1024, AZ, Scottsdale	US
S1-993604636	Nanak & Partners Pvt Ltd	288-B, Vivek Vihar, New Sanganer Road, Jaipur, Rajasthan	India
S1-515624637	Mireles Generation LLC	2114 S 3rd Street, Unit 5D, Shelbyville, IL	US
S1-295377582	Hotel Gujarat Management Private Limited	9Th Avenue Business Park, No. 3, Unit No. 503, 5Th Floor, K.P. Puttanna Chetty Road, 5Th Main Road, Bangalore South, Bangalore, Karnataka	India
S1-616628716	Apt Holdings	First & Second Floor, Shop No. 25, Malik Singh Complex, Sector-17, Kurukshetra, Haryana	India
S1-187058094	Ahmedabad Innovators Center	Indochem House 8 Sundarvansociety Opp Gujarat Vidyapith Ushmanpura Ashram Road, Gujarat, Ahmedabad	India
S1-557975484	Tathastu Traders Pvt. Ltd.	Plot No.84/C, Phase -I, I.D.A Jeedimetla Quthubullapur, Medchal- Malkajgiri Dist., Hyderabad, Rangareddy, Telangana	India
S1-487154804	Behavioral Health Medicine LLC	2770 163, Colorado City, TX	US
S1-536638885	Mega Advisors Limited	A-99, Karan Vihar Ph V, New Delhi, Delhi	India
S1-511863452	Pediatric Dentistry Prime Center Center	Grove City, OH, 4749 Barnwood Drive	US
S1-956446110	Dns Institute	Room No 18/498 B31 Bus Stand Shopping Complex, Koyilandy, Kozhikode, Kerala	India
S1-889448973	YRI Spices Private Limited	Unit No.903, Remi Commercio Bldg, Plot No. 14, 9Th Floor, Shah Industrial Estate, Andheri West, Mumbai, Mumbai City, Maharashtra	India
S1-925403791	12 30 Bhav	50 200, Unit OFFICE, Farmington, UT	US
S1-234200441	Packer Broadband LLC	535 Cox Lane, Minor Hill, TN	US
S1-354705482	Safe First Rockwool	323 Lake Elaine Road, Shelbyville, TN	US
S1-37630161	Schiller Interprivate Partners	34 Indian Summer Court, Deatsville, AL	US
S1-763611874	Reina's Summit Engineering	MD, 4637 Harwich Drive, Waldorf	US
S1-285739773	Gobind & Sons	C/O Gaurav Kumar, Chand Choura Morcha Gali, Gaya, Bihar	India
S1-119279828	Patterson Travel	12962 Black Hills Drive, MN, Burnsville	US
S1-432139268	Clark & Hebert Jpmorgan LLC	7815 Mirage Valley Drive, Dallas, TX	US
S1-580205927	Indo Projects Pvt Ltd	Sy No:710, Near Nuthankal Rice Mill Nuthankal, Medchal, Rangareddy, Telangana	India
S1-119171444	Fresh Equity Laboratories	17834 Parker Road, Homer Glen, IL	US
S1-584177675	Bangalore Vintrade Pvt Ltd	Ice Queens Amber No.006, 1St Cross, Omkar Nagar, Arekere Mico Layout Bannerghatta Road, Bangalore, Karnataka	India
S1-761930510	Summit Anchor Good Inc	1101 Fulton Street, Hempstead, NY	US
S1-197922151	Orbelle Quality Inc	6110 Trotting Place, Greensboro, NC	US
S1-256602729	Developers Inova Preservation Ltd	F/2, 1St Floor, Ashokraj Building, Off S. V. Road, Goregaon ( West), Mumbai, Mumbai City, Maharashtra	India
S1-274090278	Baba Marketing Private Limited	Hyderabad, H No 4-6-158/44 Plat No 44 Durga Nagar Nacharam, Hyderabad, Telangana	India
S1-312481466	C I Fisher Allstate	111 Liberty Street, Victoria, TX	US
S1-906079981	Radhakrishna Ship Private Limited	108 B, Devika Tower, New Delhi, South Delhi, Delhi	India
S1-193918319	Keiser Abrdn LLC	15013 93rd Street, Vancouver, WA	US
S1-928870866	Maddie Alexander Strategic Bitwise PLLC	821 Parkplace Ri, Princeton, TX	US
S1-613445780	Radhey Advisors	M-18 And M-19 Half Ground Floor, Connaught Circus, New Delhi, Central Delhi, Delhi	India
S1-461369552	Zemanek Lithium P.C.	1401 Union Street, Lincoln, IL	US
S1-38402575	White Marketing Private Limited	S. No 142/4, Cts No 5102, Fl No 1001, Bld No C, 10Th Floor, Aishwaryam Ventures, Pune City, Pune, Maharashtra	India
S1-37338275	Mjm Energy Private Limited	2104 Delmar Tower 2, Salunkhe Vihar Road, Near Reliance Mart, Pune, Maharashtra	India
S1-543127091	Painters Local 46	6446 Ranier Lane, Maple Grove, MN	US
S1-340996011	IWM Hotels Private Limited	House No 13Bank Enclave, Delhi, East Delhi, Delhi	India
S1-606725408	Green Consulting Pvt Ltd	M-171, Greater Kailash-Ii, New Delhi, Delhi	India
S1-945115789	Volt Traders LLP	S. No. 464, Gouri Kirana Store, Tukaram Nagar, Shivaji School Road, Talwade, Pune, Maharashtra	India
S1-639012333	Oncology Care	1809 Spencer Street, Greensboro, NC	US
S1-473235417	Bowling Tire Shop, Inc	415 Perfect Run, Mountain Rest, SC	US
S1-930984906	Shiv Blue Agro Limited	B-154, Basement Dayanand Colony, Lajpat Nagar Iv, Delhi, South Delhi, Delhi	India
S1-862093695	Loveron LLC	39 River Oaks Drive, Unit C, Greensboro, NC	US
S1-749000475	Anish Polytechnic Private Limited	F-12/1, Nimmco Tiles Compound, Kalawade Naka, Midc, Tarapur-Boisar, Thane, Maharashtra	India
S1-369632481	Grajales, Miller and Fuente PLLC	901 Yoakum Hollow Road, Jacksboro, TN	US
S1-430604402	Countryman Oxford Inc	12360 502, Unit Gw2h, Venus, TX	US
S1-538780979	Dwarka & Sons Private Limited	C/O Vithal Gangaram Damgude H No 134 At Asni Taluka Velha, Pune, Maharashtra	India
S1-416469670	North Ventures Limited	H No, Je-33 A, New -127-Old Kh-55 Khirki Extension, Delhi, South Delhi, Delhi	India
S1-351025388	Clyus Americas LLC	8913 Stowers Lane, Collinsville, IL	US
S1-960355473	Visionary & Sons Private Limited	Ground Floor, Incor Opulence Gunjur Palya Road, Gunjur Village, Varthur, Bangalore, Flat No.G05, Karnataka, Bangalore	India
S1-453223583	Varshika Services Private Limited	Bh. Ranibag Street, Amrut Sweet Vari Galima, Porbandar, Gujarat	India
S1-571115458	Highland Fund LLC	CT, 62 Lake Drive, Madison	US
S1-143265439	Drayex Armour	312 Derby Lane, Unit 202, Lexington, NC	US
S1-220020462	Red Pizza	15 Wells Avenue, East Hartford, CT	US
S1-803676246	Laxmi Perfect It Private Limited	Uttar Pradesh, Noida, 16Th Avenue, Gaur City 2, G.Noida West, Gautam Buddha Nagar, H-18057	India
S1-510772858	Life Agro Private Limited	35, 26/2A/2, Anand Nagar, Pathardi, Tal. Pathardi, Pathardi, Ahmed Nagar, Maharashtra	India
S1-549011344	Delta Tactical	2169 Stringtown Road, Grove City, OH	US
S1-350245409	Select Broadcast Networks	671 Main Street, Chartiers Township, PA	US
S1-373457471	Vadodara Finance Private Limited	Ark 04Th Floor Subplot No1 Of Plot No A/27, 28 & B/ 29-32 Part Shri Krishna Ind Estate Opp B, Idc Gorwa, Vadodara, Gujarat	India
S1-554902174	Arabela's Properties Inc.	4216 29, Crossville, AL	US
S1-966940882	Fine & Co	Bangalore, Karnataka, Prestige Falcon City, Kanakapura Main Road, Konanakunte Cross, Bangalore, Flat No. 51262	India
S1-241670741	Biriva L.L.C.	Unit 1156, AZ, Phoenix, 24250 23rd Avenue	US
S1-758075760	Bharat Investments	No 7, 3Rd Floor, N.W.A Club Road Market Sector Iv Market, West Punjabi Bagh, New Delhi, Delhi	India
S1-773320212	Marathon Infoway Private Limited	A-304, Pushpvan Apt. Nr. Ioc Pump Bodakdev, Ahmedabad, Gujarat	India
S1-881005414	Liberty Montessori School	217 Talahi Road, Vienna Town, VA	US
S1-100302483	Indrva Recycling Ltd	B/3, Axay Park Society, Nr Jakatnaka Gorwa, Vadodara, Gujarat	India
S1-692096873	Surgical Partners, L.L.C.	972 1285, Clinton, UT	US
S1-919267939	LX Electricalsprivate Private Limited	M- 59 Baludhyan Road Uttam Nagar, New Delhi, West Delhi, Delhi	India
S1-524979710	Platinum Aerospace Partners PC	114 Lindsay Court, Thomasville, NC	US
S1-886802071	Infrastructure Industries Pvt. Ltd.	F.No 504, Svp Residency, Pno162A, Addagutta Society, Tirumalagiri, Hyderabad, Telangana	India
S1-95264755	Krishna Memorial Trust	Parippallil House Tiruvalla Po, Paliakara, Pathanamthitta, Kerala	India
S1-558011533	Mumbai Infra Limited	B/103 Nirman Palacejijamatamarg Pump House Andheri East, Mumbai, Maharashtra	India
S1-874413333	Primary Care Classic Associates LLC	James City County, VA, 3005 London Company Way	US
S1-671129885	Mara M. Snell, DMD	15911 Bazelbriar Lane, Missouri City, TX	US
S1-803808238	Prairie Tidewater Inc	5414 Glover Park Drive, Upper Marlboro, MD	US
S1-620608935	Urban Bistro PLLC	8560 9, Lewis, NY	US
S1-951609532	Chemico Traders Private Limited	Site # 677, 1St Floor, 27Th Main Road, 13Th Cross Road, Hsr Layout, Sector 1, Bengaluru, K, Arnataka, Bengaluru, Bangalore, Karnataka	India
S1-568217118	Simms Osisko Inc	3113 Springdale Avenue, Glenview, IL	US
S1-946744214	Btm Hitech Private Limited	C-2, Sanjay Enclave, Main Rajapuri Road, New Delhi, West Delhi, Delhi	India
S1-596007326	Best Lakshmi Power Private Limited	A/203, Sunrise Plaza, Kasturi Garden, Ssm Road, Behind Maxus Mall, Bhayander W, Est, Bhayander, Thane, Maharashtra	India
S1-104226194	Global Lotus Construction Pvt Ltd	A-212, Malhotra Complex, Gali No. Â 01, Vikas Marg, Shakarpur, Laxmi Nagar, East Delhi, Delhi	India
S1-987152524	Preferred Education Global LLC	Columbus, OH, 1290 London Drive	US
S1-589253257	Future Management Private Limited	C/O Shalini Singh, Village-Rampur Post- Bacchawan, Varanasi, Uttar Pradesh	India
S1-445455950	Blue Bike Shop	807 Jackson Boulevard, Unit 1-3, Jonesborough, TN	US
S1-198728897	Luciana Williams Landscaping LLC	7165 Burke County Road, Hickory, NC	US
S1-279971988	Lee & Ginder, Inc.	460 Sunaire Terrace, Cincinnati, OH	US
S1-479239049	Palakkad Techno Private Limited	No.12/189, Kelath Parambil (H), Kondurkara P.O Karakkad, Kalladipatta (Via), Palakkad, Kerala	India
S1-108314429	Supreme Dream It	Office No F-39, First Floor Eternity Commercial Premises, Lbs Marg, Teen Hath Naka, Thane, Maharashtra	India
S1-700882543	Frontier Rent Inc	2785 14, Unit 1, Reidsville, NC	US
S1-805440050	Williams Automotive LLC	1157 Officers Row, WA, Vancouver	US
S1-710147242	ZM Gems Pvt Ltd	No. 257, Mezzanine Floor, 9Th A Main 3Rd Block, Jayanagar, Bangalore, Karnataka	India
S1-465082733	Sales Consultants Private Limited	137, Sarabhai Society, Vadodara, Gujarat	India
S1-402994011	Puhl Global, Inc	1411 Seneca Court, Granbury, TX	US
S1-236963798	RO Atlantic Galaxy Inc	2119 Tipton Street, Seymour, IN	US
S1-680585243	National Platinum Qdro Inc	MO, 105 Azalea Street, Duenweg	US
S1-392245358	Physical Therapy Crystal Center	17 Ave H, Markham, TX	US
S1-521730978	Real Ace Investment Private Limited	9-E Sunita Apartmentcumballa Hill 62 Pedder Road, Mumbai, Maharashtra	India
S1-103952189	Liex PC	9448 Lovat Road, Fulton, MD	US
S1-691021205	Narvaez Vanguard Solutions	1070 County Road 2269, Cleveland, TX	US
S1-532630246	PV Finance Pvt Ltd	S. No. 222/2, Kambagi, Bijapur, Bijapur(Kar), Karnataka	India
S1-63162461	Apex Wholesale Concepts LLC	160 Brook Farm Road, Boston, MA	US
S1-367965660	Poole, Goe and Voss, LLC	195 Myers Drive, Gurley, AL	US
S1-731133418	Lockport Arts Charities	542 4th Street, Lockport, IL	US
S1-885630742	Clyara Motors LLC	216 Lake Avenue, City Of Crandon, WI	US
S1-807555566	American Cardiology	555 Woodside Avenue, Park City (summit Co), UT	US
S1-401836525	Interstate Charities	170 Tiffany Nicole Lane, Lexington, TN	US
S1-796024407	Celinka Walters Ramaco LLC	2929 Dougherty Ferry Road, Unit APT 110, Saint Louis, MO	US
S1-149887453	International August Heights Public Limited	Plno.7, Srushti Bangalow, Srno.119/4, Opp.My World, Haveli, Pune, Maharashtra	India
S1-823731657	CLI Taxable LLC	13274 Highway 51, Unit 5, Atoka, TN	US
S1-578641214	Sbi Traders Private Limited	Maharashtra, Raigarh, Plot No-40, Krishna Heights, Sector-17, Ulwe Road, Flat No-1104, Ulwe	India
S1-549086594	Sun Marketing Private Limited	D- 8, Gf, Pandav Nagar, East Delhi, Delhi	India
S1-21590818	D J & I Lng	26363 Carondelette Drive, Orange Beach, AL	US
S1-555090350	Star Consultancy LLP	103 Raja Gardenring Road, New Delhi, North Delhi, Delhi	India
S1-557511474	Raut Sangh	Perecherla, Guntur, Andhra Pradesh	India
S1-576220090	Premia Gaushala Private Limited	C-126, Third Floor, Naraina Industrial Area, Phase-I, New Delhi, South West Delhi, Delhi	India
S1-299278979	Siri Industries Limited	H. No. 223 Korain, Fatehpur, Uttar Pradesh	India
S1-202490639	Future It Private Limited	Shop No. 2, Ground Floor, Baba Arcade, B-Wing, Plot No. 711 & 712, Sector 11, Vashi, Navi Mumbai, Maharashtra	India
S1-122618676	Rodgers Westin Inc	936 Emmer Street, Rolesville, NC	US
S1-144979450	Sanjay Seva Samiti Corporation	Ff-8, Devkrupa Flora, Opp. Astha Complex, Ahmedabad, Gujarat	India
S1-877733833	Torrens Preferred Nano	1895 Garretts Bend, Sod, WV	US
S1-51525259	Gsm Builders Private Limited	Lg5, Toral Apt, Station Road Navsari, Navsari, Gujarat	India
S1-945650918	Continental Family Office LP	135 Fred Drive, North East, MD	US
S1-947166860	Apoorva Works Private Limited	22/2791, Old Y Block, 6Th Street 12Th Main Road, Anna Nagar, Chennai, Tamil Nadu	India
S1-243140298	Kestrel PLLC	9308 Cherry Hill Road, Unit 523, College Park, MD	US
S1-694979060	Raj One Technology Pvt Ltd	C/O M/S Jindal Industries, Vill Alamgarh Abohar, Abohar, Firozpur, Punjab	India
S1-429112441	Alankar Webtech of Berhampur	Gajapati Nagar-1St Lane Berhampur, Berhampur, Ganjam, Orissa	India
S1-246462346	Empire American Vision Center LLC	8 Derry Park Drive, Unit 17, Middleborough, MA	US
S1-232082545	Pinnacle LLC	1656 Crooked Fork Road, Weston, WV	US
S1-186761262	Jodhpur Health Private Limited	B-35-36 Industry Estate, Jodhpur, Rajasthan, Jodhpur	India
S1-100146655	Bricklayers Local Union 428	4268 Davis Hill Road, Scio, NY	US
S1-341291980	Oncology Care LLC	8905 Penrith Drive, Spotsylvania County, VA	US
S1-572730139	Kraft, Jobina, CPA Care	512 Colvard Woods, NC, Durham	US
S1-594141325	Veterans Center LLC	1940 Mary Queen Road, City Of Green Bay, WI	US
S1-401761505	Moran Staffing LLC	1902 Shamrock Road, Dothan, AL	US
S1-820196196	Mohanlalganj Infra Private Limited	Beli Kalan, Gosainganj, Mohanlalganj, Lucknow, Uttar Pradesh	India
S1-81981566	American Oxley LLC	W197N4950 Hickory Street, Unit Apartment 303, Village Of Menomonee Falls, WI	US
S1-92690219	All Vanguard Pinnacle	15641 Regian Drive, Lindale, TX	US
S1-888167789	Eye Clinic Center	501 Harris Street, Madill, OK	US
S1-942011133	Modern Systems Private Limited	196-A Gujrat Societykanta Kunj Sion West, Mumbai, Maharashtra	India
S1-142288436	High Laxmi Investment	Faizabad, Uttar Pradesh, C/O Shri Amar Nath Shiv Nagar Colony, Faizabad, Pahar Ganj	India
S1-119783341	Sun Consulting Limited	Ix/6372, Ground Floor, Netaji Gali, Gandhi Nagar, East Delhi, Delhi	India
S1-328164935	Fiix LLC	4922 Port Royal Road, Unit A, Spring Hill, TN	US
S1-926243009	Linzy's Regional Pet Care LLC	Reynoldsburg, 6451 Old Church Way, OH	US
S1-376882708	Unified Aerospace Studios	1121 500, Unit 18, Salt Lake City, UT	US
S1-400092918	Metropolitan Supply Dynamics Inc	284 B Commercial Street, Unit 2, Provincetown, MA	US
S1-419235241	Zirain Eco Limited	T-Hub Foundation 1/C 83/1, Level 6 Raidurg, Panmakth, Shaikpet, Hyderabad, Telangana	India
S1-724315493	Cobalt LP	3300 204th Street, Unit ROOM 12, WA, Lynnwood	US
S1-336476210	Gonzalez Index of Englewood	607 Taywood Road, Englewood, OH	US
S1-977818366	Dental Allied Medicine	5262 Clematis Way, West Jordan City, UT	US
S1-347171620	Firefighters Local 584	3494 State Rt 41, Troy, OH	US
S1-346929118	Nectar & Associates of Phulwari	C/O Ratnesh Kumar, F.No-415B Lotus Apartment, Phulwari, Patna, Bihar	India
S1-561269090	Sirius	9102 Trickle Trace Trail, Round Rock, TX	US
S1-640578446	Physical Therapy Medicine of Methuen LLC	59 Ford Street, Unit D, Methuen, MA	US
S1-317610576	Fatehnagar Power Pvt Ltd	C/O Kamal Nayan Agarwal Kalyan Furniture, Main Market, Fatehnagar, Udaipur, Rajasthan	India
S1-398084502	Halcyon LLC	6600 Capitol Drive, Greenbelt, MD	US
S1-429137290	Xenon Products Limited	Block A-5, Mianwali Nagar, Paschim Vihar, West Delhi, Delhi, New Delhi, H.No. 10	India
S1-256480068	Kshatriya (India) Logistics LLP	H.No.24 A T Umbarni, Village Tal Kalyan Dist, Kalyan, Thane, Maharashtra	India
S1-375348297	United Foods LLC	4455 Hodge Road, Memphis, TN	US
S1-415042128	Ujala Public School	Thrissur, Room No.6/404 D1 Mary Land Complex, Thrissur, Kerala, Venginessery P O	India
S1-410228098	Caa Center	VA, Campbell County, 1310 Chapel Grove Road	US
S1-460033462	FYJ Apparels Private Limited	No.1 19Th Street K.K.Nagar, Chennai, Tamil Nadu	India
S1-317952287	High Food LLP	No 25/18, W H Hanumanthappa Road Gandhinagar, Bangalore, Karnataka	India
S1-615534064	Bidar Resources Private Limited	Houseno.40, Humnabad Road, Sidda Basava Colony, Bidar, Karnataka	India
S1-616272752	Continental Leapfrog	372 Round Pond Lane, Greece, NY	US
S1-441322	Evangeline Chase Invesco LLC	13809 43rd Avenue, Spokane, WA	US
S1-391141182	East Beyond	2950 Dothan Street, Memphis, TN	US
S1-950174003	HTP Technology Private Limited	Patparganj, 344, New Delhi, Sita Ram Appartments Plot No- 102, Ip Extention, Delhi	India
S1-175633133	Suyash Ventures Private Limited	D.No.9-47/36/3, Gf-103, Dtr, Mansion, Vaibhav Nagar, Visakhapatnam (Rural), Visakhapatnam, Vishakhapatnam, Andhra Pradesh	India
S1-644411036	Steele Express Bhav LLC	400 6th Street, Scotts Mills, OR	US
S1-762958682	Bharathi Pharmaceuticals LLP	H No. S No. 140 A/3/1, Green Park, Morewadi Road, Kolhapur, Maharashtra	India
S1-78424718	Lord Engineering Corporation	5/157, Madarwadi, Farrukh, Uttar Pradesh, Farrukhabad, Uttar Pradesh	India
S1-925057409	Portillo & Pierre Processing	Unit 2821, OK, 157 Stonebridge Boulevard, Edmond	US
S1-181609420	India Ssp Sea Limited	81, Western Gateway Road, M.P. Sharma Compound, Meerut, Delhi	India
S1-613244295	Mountain Cornerstone Constellation, LLC	3170 Farm Road 125, Springfield, MO	US
S1-441593499	Mathis Colonial Fitness Corp	305 Downing Glen Drive, Morrisville, NC	US
S1-506720235	Strategic Pioneer Priority Inc.	1216 Lakeside Drive, Harpers Ferry, WV	US
S1-735268637	Unified Tri-State Uranium	3669 Shoal Creek Road, Goodspring, TN	US
S1-67628861	Nsn Scientific (India) Private Limited	1St Flr, Kagalwala House, C Block, Metro Es 175, Cst Road, Kalina, Santacruz East, Mumbai, Mumbai City, Maharashtra	India
S1-951104915	Hancock and Cummings	4721 Emerald Avenue, Mesa, AZ	US
S1-867129763	Lopez International PLLC	6014 Merwin Chase Road, Brookfield, OH	US
S1-211026051	Gandhinagar Trading Private Limited	B 306 Swagat Rainforest 2, Koba - Kudasan Highway Opp. Swaminarayan Dham, Kudasan, Gandhinagar, Gandhinagar, Gandhi Nagar, Gujarat	India
S1-650106134	Testa Analytics	1777 Orlando Road, Columbus, OH	US
S1-110295930	PF Bread LLC	Jonesborough, TN, 492 Taylor Bridge Road	US
S1-954886409	Novial Hills LLC	OH, Columbus, 507 Evergreen Terrace	US
S1-911365600	Palacios Signature Ship Inc	18665 Rosman Highway, Sapphire, NC	US
S1-796183067	Gillett, Agyeman and Gagliardo Maywood LLC	7108 2nd Street, Fl 1, Scottsdale, AZ	US
S1-401074421	Chau Minerals LLC	1620 Belmont Street, Unit B, Washington, DC	US
S1-147057413	PK Premier Morgan LLC	4420 Beaver Vista Road, Rimrock, AZ	US
S1-397900824	FFB Construction Pvt Ltd	Delhi, Shop No 133, 1St Floor, Vardhman Premium Mall, North West Delhi	India
S1-241872490	Diaz, Winn and Gomez PC	Fuquay Varina, NC, 1204 Tobacco Barn Road	US
S1-571376605	Sunshine Health Private Limited	C-380, D.S.I.D.C. Narela Industrial Area, Narela, North Delhi, Delhi	India
S1-25587016	Beacon Highland Solar LLC	69 Brayton Avenue, Unit 3, Fall River, MA	US
S1-335752330	Ranna Brill Certified Vulcan Upper Allen Township	413 Reservoir Road, Upper Allen Township, PA	US
S1-339696594	Montex Mckinley	6655 Juniper Avenue, Twentynine Palms, CA	US
S1-277159753	Bayer Golden Pelican Inc	1715 Woodbrooke Drive, Salisbury, MD	US
S1-652651286	Mumbai Marine Pvt Ltd	Godown No-2A Sunderville, Mumbai, Maharashtra, Mumbai City, Co-Operative Society Ltd S.V.Road, Next To Vijay Sales, Santacruz, (West)	India
S1-931180841	Pegasus LLC	1115 Carroll Street, Brooklyn, NY	US
S1-943874235	Shakti Global LLP	B-19, 1St Floor, Commercial Complex Dr Mukherjee Nagar, Delhi, North West, Delhi	India
S1-909532705	Perea Liberty Bioscience, LLC	N4752 Christopher Road, Town Of Lowville, WI	US
S1-716346194	Enus Creative Peace Associates	754 Quinnipiac Lane, Unit Unit B, Stratford, CT	US
S1-920710760	Kalyankari Sangh Care	D-81-Old-D-422 Siddharth Nagar, Jaipur, Rajasthan	India
S1-735283511	Maa Surya Services Limited	Nagpur, Dhantoli, 8-Meera Appartment Opposite Yashwant Stadium, Maharashtra	India
S1-541962667	Prime Pinnacle Chs LP	8540 Robinia Street, Fontana, CA	US
S1-158306158	Beacon Property Brands Inc.	1061 Shannon Avenue, Barberton, OH	US
S1-330916229	Juliane's Painting PLLC	18935 Pasadena Avenue, Maricopa County, AZ	US
S1-124208550	Aurlie Barton Twelve Inc.	Kansas City, 3131 139th Street, KS	US
S1-476022166	Elite Environmental Worldwide	87 Conner Road, Campbell County, VA	US
S1-491232871	Marthena Mowrer, P.A.	AR, 2703 55th Street, Rogers, Unit Apt 203	US
S1-307045007	Sandoval First Pelican Inc.	485 Gettysburg Drive, Sylva, NC	US
S1-862715502	Skytech Vinimay Limited	House No. 18-P, Sector-45, Gurugram, Sector -45, Gurgaon, Haryana	India
S1-663284662	Krishna Infra Private Limited	24/1/1, Alipore Road, 3Rd Floor, Kolkata, Kolkata, Howrah, West Bengal	India
S1-435735212	Juniper	12831 6th Street, Unit Suite B, Lillian, AL	US
S1-368357600	Prakruti India Corporation	Icono One World Centre, #03, Plot No.21, Sector 24, Turbhe, Navi Mumbai, Thane, Maharashtra	India
S1-51590630	Cobalt Inc	936 Cascades Drive, Mckinney, TX	US
S1-51122580	Dhairya Industrial Private Limited	6/6 Viveknagar Jadavpur, Kolkata, South 24 Parganas, West Bengal	India
S1-730279779	Anallise Martinez Blue Fuse LLC	Jacksonville, NC, Unit 201N, 203 Valencia Drive	US
S1-357200984	Economic Development Center	658 Harmony Drive, Roseburg, OR	US
S1-533049965	Innovative Hospitality Private Limited	101/106 Anjani Complexparrera Hill Road Off Andheri Kurla Road Andheri East, Mumbai, Maharashtra	India
S1-178488255	Thattamala P.O Foundation Private Limited	Thattamala P.O, Kerala, Building No.Vp Ix/9B Nadayil Vadakkathil, Devi Nagar-09, Palathara, C/O Jayalal, Kollam	India
S1-223283080	Young Builders, Inc	1935 Apache Boulevard, Unit 3005, Tempe, AZ	US
S1-684205378	Primary Care Health	633 Main Street, Cairo, OH	US
S1-325106163	Premier Marketing Private Limited	956/34, Cherickal House, Cherickal Lane, Pallom, Kottayam, Kerala, Kottayam, Kerala	India
S1-973414824	Premier Minerals Inc	34815 Schwalm Road, Kenai Peninsula Borough, AK	US
S1-149302771	Dermatology Associates Inc	660 Forest Glen Drive, Valparaiso, IN	US
S1-950101048	Anand Services Private Limited	209 G.K.House, 187A Sant Nagar East Of Kailash, Newdelhi, Delhi	India
S1-809295456	Indrya (india) Pvt Ltd	1835C Ward Bhausingi Road, Kolhapur, Karvir, Kolhapur, Maharashtra	India
S1-23124190	Madyne L.L.C.	519 Solberg Drive, Kalispell, MT	US
S1-234439628	Solstice Clinic	337 Central Avenue, Unit Unit A, Lawrence, NY	US
S1-524765559	Anand Food Private Limited	Room No 201, Sai Malhar Sadan, Phoolpada Road Virar East, Mumbai, Mumbai City, Maharashtra	India
S1-796310218	Squitieri's Smart Pet Care LP	204 Cheryl Avenue, Bedford, TX	US
S1-719801396	Jarlova Uranium Inc	2340 Georgetown Avenue, Toledo, OH	US
S1-201376315	E/I World	VA, 117 Elliot Street, Augusta County	US
S1-289717548	Eustacia D. Ortiz, D.C., PC	1680 Hendersonville Road, Unit G6, Asheville, NC	US
S1-739118392	Silver Energy Private Limited	508, 5Th Floor, Paras Trinity, Sector-63, Gurgaon, Haryana	India
S1-996684915	Agrawal Solutions Pvt Ltd	51/B Embassey Apt 46 Nepean Sea Road, Bombay, Mumbai City, Maharashtra	India
S1-898355913	Maxy Freeman Pacific Odyssey P.C.	111 Boardman Street, Unit 1, Boston, MA	US
S1-563382731	Montgomery Preparatory Academy	El Paso County, TX, 444 Claiborne Street	US
S1-264272517	Primary Care Center Inc	18285 Crestline Drive, Lake Oswego, OR	US
S1-47921351	Sarasansh Polymers	5, Chandwar Gate, Firozabad, Uttar Pradesh	India
S1-961941107	Solanki Trust	No.4 (Kalabhyraveswara Temple Premises) Double Road 4Th Stage, Beml Layout, Rajarajeshwari N, Agar, Bangalore, Karnataka	India
S1-423126373	Purva Brothers Private Limited	C-101 Bhukant Vihar, Awho Lda Colony, Lucknow, Uttar Pradesh	India
S1-316932948	Dev Enterprises	Plot No -1.2.3 Annta Enclave Pol No-1/13, Bulandshahar, Up, Bulandshahar, Bulandshahr, Uttar Pradesh	India
S1-216179293	Johnson Exchange	8145 Ice House Canyon Road, Globe, AZ	US
S1-160840431	AI Stellar Co	1112 Lancaster Way, Sacramento, CA	US
S1-820630138	HZS Vii LLC	Charlotte, NC, 1421 Seneca Place	US
S1-878632015	Cresent Sweets Ltd	No.14, Avaiyar Street, Subramaniar Nagar Z1, Suramangalam, Krishnagiri, Salem, Tamil Nadu	India
S1-795631320	Smart Trading Private Limited	Flat No-1/22, Vijaya Enclave Nb, Bangalore South, Bangalore, Karnataka	India
S1-381177686	Software El Fruits Ltd	Shop No. G-14, Riddhi Siddhi Tower Sector 5, Vidhyadhar Nagar, Jaipur, Rajasthan	India
S1-354038358	Apeksha Technologies (India) Care	14 Shreya Nagar, Hubli, Dharwad, Dharwar, Karnataka	India
S1-337240153	Huff Allegro	7261 Mimosa Lane, Dallas, TX	US
S1-975769032	Barahona Metropolitan Public	338 Woodcrest Street, Rialto, CA	US
S1-891539767	Nabha Marketing Private Limited	2E/14, First Floor Jhandenwala Extension, New Delhi, Delhi	India
S1-212949733	Jhajjar Solutions Private Limited	V.P.O. Chaman Pura, Jhajjar, Haryana	India
S1-384388496	Big Builders Private Limited	S/O Bhairu Lal Joshi Shiv, Shankar Temple Ward 29, Bijainagar, Ajmer, Rajasthan	India
S1-212460801	Clyyn Pan PLLC	209 Simpson Road, Marlborough, MA	US
S1-722578559	1488 Center Place Holdings	1202 Dry Creek Road, Ellensburg, WA	US
S1-422936323	Ivenic Enterprises	101 Sessions Avenue, Enterprise, AL	US
S1-645147697	Wildlife Center	1020 43rd Street, Minot, ND	US
S1-25965321	Jayam Advisors Pvt Ltd	No.71, Ist Floor 3Rd Main, Prashanthanagar, Bangalore, Karnataka	India
S1-658336143	Bharat Projects Private Limited	Wz-1390/12B, Near Janakpuri D Block Pankha Road, Nagal Rai, New Delhi, West Delhi, Delhi	India
S1-251311978	Banks and Ratcliff Bread LLC	1504 2nd Avenue, Eugene, OR	US
S1-589634567	D 5 W James LP	232 Belt Boulevard, Richmond City, VA	US
S1-942301043	Qunaque Realty LLC	102 Spencer, Mesa, AZ	US
S1-392902135	Sampat Enterprises LLP	Plot No. 22, Harikrishna Enclave, Shivaji Nagar, Nagpur, Flat No. 601, Nagpur, Maharashtra	India
S1-745300796	Supreme Perimeter Inc.	159 Allen Road, Bldg POST OFFICE, Billerica, MA	US
S1-869118709	Southern Healthcare Private Limited	D-10 Empire Residency Nea, R Agarwal Public School, Indore, Madhya Pradesh	India
S1-219401270	Calodyne LLC	1729 Foxhall Drive, Rocky Mount, NC	US
S1-471497067	Bombay Media LLP	Fattepuria Niwas Old Cotton Market, Wardha, Maharashtra	India
S1-895337107	Belicia's Jewelers	2590 Twin Landing Cove, Fl 0, Annapolis, MD	US
S1-735713081	Mount Cathedral	4130 18, Unit Unit C, Edmeston, NY	US
S1-30166617	New Life Cathedral	Houston, TX, 5610 Truett Street	US
S1-351491429	Chhpyana Marketing Partners	Uttar Pradesh, Chhpyana, F-25 Khn No 273 Khatu Shy, Ghaziabad, Chipyana Buzurg	India
S1-749745623	Borst and Simmons	2 Cranford Drive, Clarkstown, NY	US
S1-64966742	Blue Travel LP	13108 Mulranny Drive, Homer Glen, IL	US
S1-279736597	Atlantic Coalition II LLC	210 Beech Street, Newport, KY	US
S1-344557977	Smart Industries Private Limited	D-32, New Ashok Nagar New Delhi, New Delhi, East Delhi, Delhi	India
S1-104662239	Highland Dynamic Sports	Newport News City, VA, 1354 24th Street	US
S1-307708702	Apple Vanijya (India) Corp	14F/1M Dum Dum Road, Kolkata, Howrah, West Bengal	India
S1-482286138	Dermatology Care Associates	35080 N Fork Road, Kenai Peninsula Borough, AK	US
S1-122637196	Classic Atlantic Prime LLC	48 Atlantic Drive, Split Pine, WV	US
S1-821523654	Bath County All Emerging	150 Old Germantown Road, Bath County, VA	US
S1-184201555	Y 4 Anchor Series	25870 Unity Lane, Unit 63, West Harrison, IN	US
S1-470841570	Cultural Institute	4065 Boulevard Place, Indianapolis, IN	US
S1-166332747	Orthopedic Cascade Clinic LLC	11203 Lynette Court, Spotsylvania County, VA	US
S1-791107630	Paschim Puri Pumps Private Limited	205, Capital Tower, Inder Enclave, Paschim Puri, New Delhi, Delhi	India
S1-354336647	Green Solutions LLP	C2Hiramanek Soc Nr Sharda, Petrol Pump Chandkheda, Ahmedabad, Gujarat	India
S1-360225492	Best Shivam Solutions Private Limited	Plot No: Idco Plot No. 19/A Ganeshwarpur, Januganj, Balasore, Orissa	India
S1-570676783	Samidha & Associates Private Limited	House No 115 Kargaina Pilibhit, Pilibhit, Uttar Pradesh	India
S1-109545202	Diamond Nutrition Technologies Inc.	801 Cannonside Dr, Louisville, KY	US
S1-728032080	Roopesh (india)	1014, 10Th Floor, B Wing Mittal Tower 6/47, Mg Road, Banglore., 6/47, Mg Road, Banglore., Karnataka	India
S1-985181624	Pulp Servicesprivate Private Limited	Plot No. 247, Industrial Area Nangla, Faridabad, Haryana	India
S1-407845038	Ballard, Gradilla and Mccarthy Inc	930 Clarice Street, Grand Prairie, TX	US
S1-549370199	Gonzales Holdings Group Inc	220 Ruthann Drive, Lucasville, OH	US
S1-476132624	Jamison, Zimmer and Juarez Inc	Unit APT F, 7783 Newport Way, IN, Indianapolis	US
S1-598823125	Vision Specialists of Willow Springs Inc	8623 Arizona Trail, Willow Springs, IL	US
S1-546751738	Holloway Medical	Everett, 121 Linden Street, Unit 2, MA	US
S1-564193651	First Textile Partners LLC	27081 Shirley Avenue, Euclid, OH	US
S1-882796400	Helpful General Private Limited	2803, Redwood, Runwal Greens, Mulund-Goregaon Link Road, Bhandup West, Mumbai, Mumbai City, Maharashtra	India
S1-387747643	Bonney Lake Veterans Guild	12404 208th Avenue, Bonney Lake, WA	US
S1-64915886	All Golden Trading	Madhya Pradesh, 91, Indore, Saket Nagar	India
S1-901695846	Lopez, Cortez and Custard LP	5 Industrial Loop Road, Hannibal, MO	US
S1-657278286	Katrine's Cascade Services	129 Wamel Way, Cedar Creek, TX	US
S1-863544866	Grand & Sons Private Limited	D-516, Site C Surajpur, Housing Greater Noida, Noida, Gautam Buddha Nagar, Uttar Pradesh	India
S1-355053030	Sb Advisors	142B Gali No.6 Vipin Garden Extention, New Delhi, West Delhi, Delhi	India
S1-943567301	Mary Murphy, O.D., P.C.	581 Noble Commons Circle, Supply, NC	US
S1-549730361	Velasco Financial, LLC	Mentor, OH, 8385 Munson Road	US
S1-596431100	Smart Education Systems	2007 Mechanic Court, Vacaville, CA	US
S1-521605108	Mayur & Co	S-1, Dda Local Shopping Compex, Mayur Vihar, Phase-1, Delhi, East Delhi, Delhi	India
S1-289853373	Dynamic Investment Pvt Ltd	Flat No.A 202, Swapnadeep Apartment Kacheri Road, Near Station, Karjat, Raigarh, Maharashtra	India
S1-474310615	Pytel, Clark & Deloach Regions LLC	33 Sausalito Drive, Amherst, NY	US
S1-988797326	Malad West Communications Private Limited	Mumbai, 2 Darnus Niwas Yashoda Smruti, Maharashtra, Malad West, Nadiadwala Chl No 2 S V Rd	India
S1-703703543	Cultural Charities Inc.	142 32nd Avenue, Eugene, OR	US
S1-280987053	Wang Housing LLC	5602 Grimes Avenue, Harlingen, TX	US
S1-126920508	Hotel Shiva Tech Private Limited	Bihar, Patna, 212, Ashiana Tower, Exhibition Road, Phulwari	India
S1-271585788	Tirupati Power	West Delhi, Wz-2D, New Delhi, Nangli Zalib B-1 Janak Puri, Delhi	India
S1-204931911	Vimoix Smart Wholesale	NC, 55 Garner Road, Selma	US
S1-178384024	Advait Spinners	12, House No.-24, Street No-12C, Sepco Township, Durgapur Mc, Bardhaman, West Bengal	India
S1-856667356	Laxmi Services Limited	W/O Balwinder Ram, Shop No. 5 Railway Road, Garhshankar, Hoshiarpur, Punjab	India
S1-732613749	Strategic Equity Enterprises	1128 Wooddale Church Road, Knoxville, TN	US
S1-380839864	Baptist Crystal Services	5284 6150, Hooper, UT	US
S1-486296456	Asset Building Fellowship	1510 Beaumont Street, Sheppard Afb, TX	US
S1-852026470	Arya Traders Company	Unit No.301 To 304, 3Rd Floor, Cresent Royale, Cts No 7201N3, Vill.Oshiwara, Taluka Andheri, Veer, A Desai Rd, Off New Link Rd Andheri West Mumbai, Mumbai City, Maharashtra	India
S1-895409233	Elysia's Therapy Corp	584 Christine Drive, Vacaville, CA	US
S1-797931932	Electronic Wellness Networks, Inc	11903 Oak Street, Jenks, OK	US
S1-584499457	Tucker Heritage Restaurant LLC	4777 Casey Lane, Phoenix, AZ	US
S1-298019640	Harding, Perrine L., MD	2844 Neely Store Road, Rock Hill, SC	US
S1-92668465	Garciamartinez & Schorr Holdings LLC	2204 Lea Crest Drive, Dallas, TX	US
S1-562441786	Appleby and Salgado Suma	11657 Breyman Avenue, Portland, OR	US
S1-560649724	Snyder Brookfield	775 Chatham Avenue, Elmhurst, IL	US
S1-834788095	Sanchez Crystal Royce	323 32nd Avenue, IA, Clinton	US
S1-589719894	Dulcinea Thomas Rmg P.C.	9488 Schmidt Road, West Sparta, NY	US
S1-772116613	Behavioral Health Silver Clinic Inc	13822 Northvalley Drive, Hagerstown, MD	US
S1-966027321	Probst & Duran Newhold LLC	Boston, 31 Floyd Street, MA	US
S1-577969980	North Arrow LLC	44 Seward Avenue, Port Jervis, NY	US
S1-673553033	Transnational Impex (India) Private Limited	112/340, Swaroop Nagar, Second Floor, Kesa Colony, Kanpur Nagar, Uttar Pradesh	India
S1-206477802	Rocky Institute	13 Ralph Boulevard, Unit Unit 214, Ramapo, NY	US
S1-298646564	Zar Academy Private Limited	Ram-Krishna, Co-Operative Society, Near Durga Chowk, No. 20, Gorewada, Maharashtra, Nagpur	India
S1-777555607	Digital Ventures Limited	New Delhi, Hari Nagar Extention Baderpur, South Delhi, 12-C, Delhi	India
S1-388246740	Krajewski Strategic Miluna	106 Potash Bay, Addison, VT	US
S1-379154805	Banuelos Resources	1640 Maiden Lane, Albemarle County, VA	US
S1-947431711	Halcium Fisheries	713 W First St, Madrid, IA	US
S1-737368602	Knobloch & Foster Inc	17142 58th Street, Bellevue, WA	US
S1-706591875	Congregation Lutheran Church	Unit 22, 7905 Crows Nest Court, Laurel, MD	US
S1-365672071	Hari Enterprises Private Limited	No. 29, K.H. Road, Bangalore South, Bangalore, Karnataka	India
S1-603318865	Shoshana Rude Express Limited LLC	21215 Cold Spring Lane, Cornelius, NC	US
S1-630839433	Chiropractic Associates Inc.	511 55th Street, Renton, WA	US
S1-721254668	Ss Estate Private Limited	1/1/1B Paikpara Row, Kolkata, Howrah, West Bengal	India
S1-676187388	Ajc Projects Private Limited	6-106, Srinivasa Nagar Colony Ghandamguda, Hyderabad, Telangana	India
S1-537121104	EM Beneficial Pvt. Ltd.	Ground Floor 1448, Sector-6, Karnal, Haryana	India
S1-299628100	GZO Tri-State Home Improvements LLC	729 Harry Shirley Road, Kearneysville, WV	US
S1-995742594	Jo Ann Avants Multimedia Inc	108 Sudbury Lane, Unit Apartment B, Amherst, NY	US
S1-392214139	Jk College	515, Palm Spring Centre, Link Road, Malad West, Mumbai, Maharashtra	India
S1-952136084	Golden Wellness International LLC	4871 Hannover Avenue, Fl 0, Saint Louis, MO	US
S1-582600323	Lingle & Hara Opportunity LLC	MT, Florence, 16210 Queen Anne Lane	US
S1-967514668	Chiropractic Center of Keller	3813 Drexmore Road, Keller, TX	US
S1-157183174	Vinny Fernandez Advisory Associates	142 W Grandiflora Drive, Wallace, NC	US
S1-836401682	Express Aerospace Associates Inc.	107 Beaver Creek Drive, Portland, TN	US
S1-412010600	Anc Trading Private Limited	Nashik, Shop No.1 Ganesh Nagar Tq Kalwan Dist Nashik, Nashik, Maharashtra	India
S1-552549808	Primary Care Physicians of Yelm	10049 Terra Court, Fl 1, Yelm, WA	US
S1-226564818	Literacy Fund LLC	414 B White Oak Street, High Point, NC	US
S1-473606105	Kinna Stewart Centurion LLC	34800 Lake Shore Boulevard, Unit 101~104, Eastlake, OH	US
S1-55790876	Darcy Hyperliquid Inc	62 Fountain Lane, Avondale, WV	US
S1-442205824	Orthopedic Specialists PC	Andover, VT, 2448 Hill Road	US
S1-567672228	Mains All Carlyle	2008 Th Jones Mill Way, Salado, TX	US
S1-858093716	Secure Nutrition Services	1405 Hearn Avenue, Bessemer, AL	US
S1-817125131	Element	6 Portland Avenue, Old Orchard Beach, ME	US
S1-168226168	Vista & Sons LLP	A/36 Pallaspali, Near Air Port, Bhubaneswar, Khordha, Orissa	India
S1-927776130	Golden Hypnosis	2194 Kevos Pond Drive, Poulsbo, WA	US
S1-597401517	Red Hypnosis	552 Mill Creek Road, Dongola, IL	US
S1-30151590	Juliette's Security Services	5507 194th Lane, Maricopa County, AZ	US
S1-175016539	Seneva LLC	2810 Golden Drive, Seattle, WA	US
S1-585509512	Urban Energy Private Limited	C-37 Surajmal Vihar, Delhi, East Delhi, Delhi	India
S1-898630961	Best Infra Limited	Naman Centre, C-31, Bandra Kurla Complex, G-Block, Opp Dena Bank, Mumbai, Maharashtra	India
S1-580432162	Stephens and Billington LLC	7530 Kane Court, Northfield, OH	US
S1-88817160	Natka Beagle Pinnacle Hologram	1040 Cleveland Street, City Of Wisconsin Rapids, WI	US
S1-227354877	Shanie Garrett, D.O.	40 William Street, Unit 409, MA, Wellesley	US
S1-553712807	Meon	2221 24th Street, Muskogee, OK	US
S1-388700492	Shakti Care Private Limited	Plot No.3 Survey No.90/4 &91/2Dam Road Villae Manor Taluka Palghar Dist.Thana 4, 01403, Thane, Maharashtra	India
S1-238511000	Miller, Cathers & Silverman	Woodburn, 4502 Center Street, IN	US
S1-626922669	Vineeta Hospital Pvt. Ltd.	5/504, Swami Samarth Darshan, Sant Sena Maharaj Marg, 2Nd Kumbharwada, Girgaon, Mumbai, Kolhapur, Maharashtra	India
S1-428709431	Mclaurin Dynamic LLC	2530 Main Street, Hurricane, WV	US
S1-299742816	Physical Therapy Green Specialists LLC	26600 Maryland Camp Road, Millsboro, DE	US
S1-383350674	Dental United Care LLC	Pattonville, 1429 County Road 14500, TX	US
S1-909955989	New Consultancy LLP	Shop No. 17, Gopal Arcade Poll No. Z-27Ext, Jabalpur, Madhya Pradesh	India
S1-216798062	Synlinor Partners LLC	446 West Court, Fl 0, Glen Burnie, MD	US
S1-772468356	Bajrang Shankar	Shop No. 120, Citadel, Palace Orchard Hsg. Soc., S. No. 09, Undri, Pune, Maharashtra	India
S1-908800416	Northern Hamilton Inc	146 12th Street, Unit A, New Philadelphia, OH	US
S1-27002930	Benton Wholesale	Sterling Ranch, 8445 Old Ski Run Circle, Unit 102, CO	US
S1-615389185	Dawson Investments Inc	123 3rd Street, Molalla, OR	US
S1-674323954	Patriot First Publishing Inc	132 Sugar Toms Lane, Oyster Bay, NY	US
S1-404818756	Green Complete Hair Studio Care	6918 Raceway Court, Mason, OH	US
S1-85210897	Life & Brothers Limited	C/O Santam Singh D Arora Cross Collage Road Opp Jakattithal Road, Valsad, Gujarat	India
S1-625041866	Super 44 Auto Body Clinic	387 Marguerite Avenue, South Floral Park, NY	US
S1-784078088	Silver Abrdn LLC	221 Parkway Drive, OK, Moore	US
S1-661173194	Zeal Transport Company	Madhya Pradesh, Jabalpur, H.No.136, Ravindra Nagar, Adhartal	India
S1-21376915	Jai Tirupati Services Private Limited	Plot No.7/2, Ground Floor, Amar Jyothi Colony, Tirumalagiri, Hyderabad, Telangana	India
S1-857915278	Chandravi Investment Ltd	Survey No.34/8, Mitcon College Balewadi, Baner, Pune, Maharashtra	India
S1-535787043	Summit Freight P.C.	6507 Western Avenue, Chicago, IL	US
S1-582702190	KKX State Inc	205 D M Court, AR, Pearcy	US
S1-72252837	Upper Strategic Navios Inc.	3915 Shane Court, Denison, TX	US
S1-557729317	Buor Holding Company LLC	139 Hampshire Road, Methuen, MA	US
S1-44450013	Hyacinth Teague, D.C., PC	7640 Casablanca Drive, Tucson, AZ	US
S1-244210172	Sky Producer Pvt Ltd	Own House, Koparkhairne Village, Nr.Hanuman Mandir Koparkhairne (West), Navi Mumbai, Raigarh, Maharashtra	India
S1-545839168	Merla Bagwell Complete Media, Inc	85 India Row, Unit 30-E, Boston, MA	US
S1-829420372	Dental Physicians LLC	245 Indian Lake Boulevard, Unit E308, Hendersonville, TN	US
S1-424170762	Martinez Advanced Miluna PLLC	314 Iroquois Road, Hillside, IL	US
S1-859740925	Rohini Gum Pvt Ltd	G-7, Shanti Apptt., Plot No. 7/1 Sec. - 13, Rohini, New Delhi, Delhi	India
S1-285660164	Sunrise Dynamic Trading Private Limited	38 Baroda Avenue, Garia, Kolkata, Parganas South, West Bengal	India
S1-722435697	Innovative Integrated Dome Inc	218 Railroad Avenue, Souderton Borough, PA	US
S1-28205922	Green Aerospace Company	Richmond, KY, 613 Beaumont Court	US
S1-829987371	Amber Sizzle Inc	2128 Elmwood Drive, Isle Of Wight County, VA	US
S1-385338713	Safe Pioneer Legato LLC	21107 Deodora Drive, Chesterfield County, VA	US
S1-271520763	Kota Technologies Sangareddy Private Limited	7-121 H.No 3-12/A Ameenpur Village Patancheru Mandal, Sangareddy, Medak, Telangana	India
S1-702535028	Leyla's Advertising	683 Bluebird Lane, Cincinnati, OH	US
S1-864658047	Radhekrishna & Co	958 Nana Peth Melani Park Flat No A 3, Pune, Maharashtra	India
S1-701003373	Sampson & Cunningham LLC	23560 259th Street, Mc Louth, KS	US
S1-924467624	Midwest Federation	6815 Hartwood Lane, Fairfax County, VA	US
S1-818679709	Naylor Pediatrics, Inc	1225 Hollywood Avenue, Dallas, TX	US
S1-106011786	Continental Printing Studios	7258 Highway 144, Philpot, KY	US
S1-546702803	Shaikpet (india) Private Limited	Tvr Mansion, Plot No.666, Rd No.34, Near Madhapur Metro Station, Shaikpet, Hyderabad, Telangana	India
S1-658439443	Central Products Private Limited	C/O Satendra Verma, 224, Nizampur Malhaur Nizampur, Lucknow, Uttar Pradesh	India
S1-608967311	Dimond & Sons Private Limited	73, 6 Th Cross, Ramachandrappa Layout, Bangalore, Karnataka	India
S1-680008372	Solar Solutions Private Limited	8124, Sector - C, Pocket - 8 Vasant Kunj, New Delhi, South West Delhi, Delhi	India
S1-621761582	Dynamic Properties Pvt Ltd	39-17-48/1, Main Road, Near 48 Busstop, Visakhapatnam (Urban), Visakhapatnam, Vishakhapatnam, Andhra Pradesh	India
S1-349458496	Clear Construction Holdings	3706 Nanz Ave, KY, Saint Matthews	US
S1-851769617	Ear Nose & Throat Group LLC	225 Mcalpine Drive, Fl 0, Saint Louis, MO	US
S1-156869488	Salim College Inc.	11115 Heartleaf Aster Way, Cypress, TX	US
S1-727634534	Pichardo, Meeker & Peterson LLC	1058 Linden Avenue, Wilmette, IL	US
S1-853993166	Education Clean Alliance Group	89 Meadowbrook Country Club Estate, Ballwin, MO	US
S1-882698520	Peoples & Mulligan Associates	TX, 8215 Canja Drive, Fort Worth	US
S1-893318925	Straight Edge Book Store LP	MD, 1333 Yorktown Road, Fl 0, Annapolis	US
S1-948768038	Happy Tattoo	17062 Rand Drive, Fountain Hills, AZ	US
S1-513693430	Tao International PLLC	149 Levi Lane, Corrales, NM	US
S1-90406410	White Care LLP	Ka14/391-393 Kannothumchal, P.O.Chovva, Kannur, Kerala	India
S1-545645075	Raabta & Sons	1547, Bahu, Jhajjar, Haryana	India
S1-468172551	Hill Delta Breeze LLC	1698 Highway 25-70, Newport, TN	US
S1-791155002	Body Trust	3Rd Floor-B Wing, Simple Co-Op.Hsg Soc, Ramwadi, Manpada Road, B-36, Thane, Dombivali (East), Maharashtra	India
S1-549242522	Global Apple Inc	1323 Sunset Boulevard, St George City, UT	US
S1-183760590	Precision Business Worldwide Corporation	1213 Clarinet Road, Elkhart, IN	US
S1-244809602	Services Samanvay Foods Private Limited	Plot No.48A, Door No.5/2, 2Nd Main Road, Bharathi Nagar, Old Perungalathur, Tambaram, Kanchipuram, Tamil Nadu	India
S1-340929942	Board of Environmental Protection	157 Winterbrook Court, Winston-salem, NC	US
S1-596555182	Creative Consultancy Pvt Ltd	20B, Sarat Bose Road, Kolkata, Howrah, West Bengal	India
S1-495878698	147 Broadway Court Apartments Inc.	3410 Beaver Avenue, Unit Unit 116, Des Moines, IA	US
S1-755546342	Behavioral Health Clean Group	4316 163rd Street, Cleveland, OH	US
S1-938792097	Shree Estate Private Limited	501, Shashi Niketan, Vindyavasini Street Gyan Ganga Ke Bagal Wali Gali, Kadamkuan, Patna, Bihar	India
S1-457922425	Greencity Developers Private Limited	Unit 3 Flr 4 Pinnacle Blk, Int. Tech Park, Csir Road, Chennai City Corporation, Chennai, Tamil Nadu	India
S1-181290919	Ear Nose & Throat Partners	WV, Ranson, 10203 Charles Town Road	US
S1-215396556	Atlantic College Clinic	1710 Muleshoe Road, Dallas, TX	US
S1-574668375	BD Dham Ltd	N-219 Greater Kailash Part-Ii, New Delhi, South Delhi, Delhi	India
S1-951623450	SQ Integrative Limited	Flat No.306, Midas Appt., Ganesh Nagar, Pimple Nilakh, Aundh Camp, Pune, Maharashtra	India
S1-921473285	Yamuansh Trims Ltd	3Rd And 4Th Floor, Plot No. Gen 34, Ttc, Midc Mahape Taluke, Thane, Thane, Maharashtra	India
S1-437415597	Sunderland and Vasile Charlton	1495 Minnow Lake Road, City Of Phillips, WI	US
S1-360909582	Coastal School of Medicine	3 Astor Ridge Drive, Unit Unit D, Amherst, NY	US
S1-154383438	Data Payroll Innovations Inc	228 Pleasant View Rd Road, Seymour, MO	US
S1-491337400	Ramey Heritage Property Inc	10107 Limewood Lane, Sugar Land, TX	US
S1-679660495	Bolin's Signs LLC	15313 Olympic View Road, Silverdale, WA	US
S1-746193689	Cardiology Clinic LLC	12726 Gladys Retreat Circle, Bowie, MD	US
S1-401850061	Tonia Goens, MD	608 Allison Avenue, Lewistown, MT	US
S1-8000604	Mahuva Care Private Limited	R.S.No.27/3/1/1, Mahuva Bhavnagar, Village Rohisa, Taluka Mahuva, Mahuva, Bhavnagar, Gujarat	India
S1-872302647	Lucky Pilates Inc	321 21st Street, Unit C, Newark, OH	US
S1-82192539	Federal Society	3562 Summerwood Road, KS, Topeka	US
S1-690582233	East Certified Bakery	1593 Fairmount Drive, Greenfield, IN	US
S1-311486232	Saraj Build of Nagpur	Nagpur, Maharashtra, Nagpur, Plot No 17, Central Avenue Old Bagadganj	India
S1-366279397	Lakshmi Systems Private Limited	Old No.4/222, New No.14/118, Gangai Amman Koil Street, Periya Koluthuv, Ancherri, Iyyappanthangal, Chennai, Tamil Nadu	India
S1-855700872	Devsons Consultants	Flat No-205, Plot No-189, Kvk Classic Homes, Venture-3, Kalyan Nagar, Hyderabad, Telangana	India
S1-320229740	Gulf Program	1100 Glen Annie Road, Goleta, CA	US
S1-826696794	H/H Artificial Inc	2076 Winslow Drive, Unit 9, Columbus, OH	US
S1-411563198	Ram & Co	206, Caxton House, 2E Jhandewalan Extention Near Videocon Tower, New Delhi, Delhi	India
S1-256282960	Randeep Advisors Private Limited	Ai-64, 3Rd Floor, Action Area 1, New Town, North 24 Parganas, West Bengal	India
S1-234585908	Goldie's American Signs	4664 Garfield Street, Washington, DC	US
S1-409413534	Digital Marketing	No. 62/38, 19Th Main, Padmanabhanagar, Bangalore, Karnataka	India
S1-633109512	Kritora Investment	Shop No. 26, Floor Ground, Dalit Nagar, Nana Phadnis Road, Mumbai, Maharashtra	India
S1-265007680	Mehsana Engineering (India)	Maharashtra, Pune, Market Yard Road, Amrai, Baramati, Mutha Classes	India
S1-262294930	Dejesus, Perez and Strickland PLLC	18 Milton Terrace, Randolph, MA	US
S1-410474103	Grade Innovative Pvt Ltd	2/3, Middle Street, Kodimangalam, Madurai, Tamil Nadu	India
S1-741813500	Beckley and Beard Vertical Inc	148 Vine Street, Lebanon, OR	US
S1-496346323	Family Ministries	124 Thompson Drive, Kings Mountain, NC	US
S1-569898026	Belchertown Dragon	296 Bardwell Street, Belchertown, MA	US
S1-497340561	Moore Food LLC	1008 Henry Street, IA, Mt Pleasant	US
S1-52451029	Karol Wood, M.D.	3521 Jackson Avenue, WI, Village Of Plover, Unit 5	US
S1-533445371	Vea LLC	Gig Harbor, WA, 5001 28th Street	US
S1-252832899	Midwest Alliance	506 Kentucky Street, Crawfordsville, IN	US
S1-194887455	Tim Cuellar Range	3136 Atrium Drive, Grand Prairie, TX	US
S1-520710871	Laxmi Constructions Pvt Ltd	Wz-9B, Ff, Near King&Queen, Meenakshi Garden, New Delhi, West Delhi, Delhi	India
S1-106671505	H+ Marketing	1764 Heritage Drive, Clarksville, TN	US
S1-375370928	Opttech Inc	8110 Mt Holly-huntersville Road, Unit B, Charlotte, NC	US
S1-607852072	H & J Gold LLC	67 Buckhorn Crossing, Hendersonville, NC	US
S1-817683544	Mhs Sangh	5Sl-07Vill-Barolanoidag.B.Nagar, Noida, Gautam Buddha Nagar, Uttar Pradesh	India
S1-552658307	Yamuora Agro Pvt. Ltd.	Gr Fl-Fr, Fl-13/ Higu, 13/2 Biren Roy Road(West), Kolkata, Kolkata, Howrah, West Bengal	India
S1-617760637	Melany Galloway Unified Gss	7210 Surreywood Way, Sacramento, CA	US
S1-941709619	Saraswati Producer Private Limited	9-1-18 3/1, Bhagath Nagar, Karimnagar Karim Nagar, Karimnagar, Karim Nagar, Telangana	India
S1-311090979	Brewster Rivernorth LLC	Charlotte, NC, 1307 Briar Creek Road	US
S1-854288036	Futch Atlantic Pebblebrook Inc	2833 Colfax Avenue, Minneapolis, MN	US
S1-930644837	Dynamic International Private Limited	H No 96/3-35-155-C, Near Raghavendra V Santosh Nagar, Kurnool, Andhra Pradesh	India
S1-481652414	Trinity Presbyterian Church	1013 3rd Avenue, Unit #5, Puyallup, WA	US
S1-691663442	Classic Data Digital LP	AZ, 15361 Virginia Avenue, Goodyear, Unit 2041	US
S1-451464552	Green Producer	H.No.12-2-725/10/3/4, Dilshad Nagar, 2Nd Floor Dressden Showroom, Rethi Bowli, Pillar No., 44, Mehdipatnam, Hyderabad, Telangana	India
S1-71265566	One International Private Limited	1-61/Smrvc/B1/908/B1-1 Miyapur, Serilingampally, Hyderabad, Telangana	India
S1-44019475	Calicut Broadcasting Corporation	17/28H, Manama Building Mavoor Road, Calicut, Kozhikode, Kerala	India
S1-504442535	Michal Clarke Fifth	765 Main Street, Piru, CA	US
S1-766866439	Mayura Hygienic Limited	305, 3Rd Floor, Satguru, Parinay, Pu3, Sch No. 54, Indore, Madhya Pradesh	India
S1-6728823	Nagva Chemical Limited	Radhe Krishna Appartment, Bhagwan Nagar Gola Road, Bailey Road, Danapur, Patna, Bihar	India
S1-499242108	Stepha Shahzad, DO	312 Pineview Drive, Kernersville, NC	US
S1-847883289	Shoemaker, Hattie N., MD	8807 Tyson Road, Springfield Township, PA	US
S1-639708214	Kent Future Inc	200 Sundance, Unit 0, Capron, IL	US
S1-914958503	New Ventures Private Limited	No. 46, First Floor, Kirupa Sankari Street, Chennai City Corporation, Chennai, Tamil Nadu	India
S1-677633780	First Rocky Creative LLC	318 Church Street, Peru, IL	US
S1-927838010	City Global Private Limited	6-6-427/3/4 Gandhi Nagar, Secunderabad, Hyderabad, Telangana	India
S1-328196988	Brandie Schaffner, DMD, M.D., P.C.	308 Cedar Street, Goodlettsville, TN	US
S1-936820081	Anand Foundation Private Limited	G107, Vidyasagar Oswal Garden, 210-212, Cochraine Basin Road, Korukkupet, Chennai, Tamil Nadu	India
S1-95503899	Unique Investment Limited	H.No. 1152, Kashiprayag Bumglow, Champa Nagari, Jail Road, Dasak Nasik Road, Nashik, Maharashtra	India
S1-557511339	Irene Maung United Scuti	2425 Under The Mountain Road, Londonderry, VT	US
S1-529563044	Industrial Property Systems Clinic	1914 Threshold Drive, Ankeny, IA	US
S1-27508378	Mariquilla Paul Classic Choice Inc	AL, Margaret, 450 Sterling Place	US
S1-456709533	Crystal Energy Networks LLC	Fayetteville, 3210 Friendly Road, NC	US
S1-186737681	Kemp, Celia, O.D.	1309 Thorntree Drive, Erlanger, KY	US
S1-425938131	Fortune Business Private Limited	Bricklin Road 127-A 127-A, Bricklin Road, 5Th Block, 16Th Floor, Tvh Ls Apts, Purasaiwakkam, Chennai, Tamil Nadu	India
S1-541300902	Interstate Veterinary Clinic LLC	1810 24th Avenue, Seattle, WA	US
S1-245736163	Eastern Products Private Limited	105 Sir Vithaldas Chamber, 16 Mumbai Samachar Marg Fort, Mumbai, Maharashtra	India
S1-279145576	Koerber and Payton, LLC	Unit 1151, Tempe, 6815 Mcclintock Drive, AZ	US
S1-609062608	Surya Investment	No. B-1803, 18Th Floor Ebony Block, Salarpuria Sattva Greenage, Bengaluru, Bangalore, Karnataka	India
S1-108284040	Hidalgo Mountain Studios, LLC	TX, 124 Jordan Court, Allen	US
S1-942110962	Allied Dental Associates	13305 319th Avenue, Arlington, AZ	US
S1-98442615	Adroit Chemicals Pvt Ltd	Flat No 115, Siri Jewel Apt, Engineers Enclave, Rtc Colony R, Madeenaguda, Hyderabad, Telangana	India
S1-48453378	TD Research, LLC	3704 Boxwood Court, Arlington, TX	US
S1-850758454	Great Studio Private Limited	3783 Netaji Subhash Margdaryaganj, New Delhi, Central Delhi, Delhi	India
S1-367793476	Tech Constructions Private Limited	The Capital, Executive Centre, 7 Th Floor, Plot C70, G Block, Bkc, Ba, Mumbai, Maharashtra	India
S1-435229220	Munoz Banc Co	10421 Larry Street, TX, Houston	US
S1-837510013	Nalin Realtors Private Limited	Flat No-23, Topaz K-Wing Near Hotel Jupiter, Anmol Nayantara Gold, Mumbai Agra Highway, Nashik, Maharashtra	India
S1-44244376	Behavioral Health Atlantic Group	208 West Street, IL, Olney	US
S1-304476315	Oil Public School Co	Flat No. 804, Tower No. 11, The Tarika Co-Op Group Housing Society Ltd., . Plot No. Gh-08, Sector-43, Sadar Bazar, Gurgaon, Haryana	India
S1-205103751	Fresh Classic Alussa Inc	150 Pinecone Lane, Springboro, OH	US
S1-778632723	Main Street Pilates!	4466 Park Drive, Sacramento, CA	US
S1-1727907	Sun Hospitality Pvt Ltd	8 Mamta Kutir Mahakali Road Andheri (East), Mumbai City, Mumbai, Maharashtra	India
S1-807405756	Bonilla Painting LLC	1340 Paxton Circle, Tuscaloosa, AL	US
S1-161210403	Hyderabad Ventures Pvt Ltd	Plot No: 26H To 26K, Tsiic Industrial Park Muppireddy Palli Village, Manoharabad Ma, Ndal, Hyderabad, Medak, Telangana	India
S1-5718747	Ideal People Private Limited	108, Akashdarshan Apartments Mayur Vihar Phase-I, Delhi	India
S1-91116287	Dhakoli Network	Atulit Realtech Llp, #617, E Block, New Generation Maple Apartments, Dhakoli, Mohali, Punjab	India
S1-538020889	Urban Impex Private Limited	11 781 A24, Moolayil Building, Near Hdfc Bank Tv Centre, Ernakulam, Kerala	India
S1-199433633	Emanuel, Archer & Scott Inc	301 Rumely, La Porte, IN	US
S1-571777559	Blue Power Private Limited	Plot No 78 Ajmer Road, Sukhadiya Nagar, Bhilwara, Bhilwara, Rajasthan	India
S1-159677035	Carlson Diagnostics	44 Berwyn Street, South Hadley, MA	US
S1-560811925	Convery, Phelps & Stubbs P.C.	657 Jefferson Street, La Grange, TX	US
S1-730644474	Sanchez's Tattoo	1310 Wilhelmina Drive, Vandalia, OH	US
S1-277346734	Ridge Detailing Inc	Rumford, 660 Penobscot Street, ME	US
S1-27455843	Raj Digital Care Private Limited	Flno B Sigma One S 124/3A/2 Pd Rd Kothrud Bh Mit College, Pune, Maharashtra	India
S1-721895642	Robinson Alliancebernstein	140 Medium Meadow Drive, TX, Lytle	US
S1-942584485	BKR Stifel	50 Grimm Road Spur, Meredith, NY	US
S1-823023497	Pediatric Physicians	1221 Spruce Drive, Zebulon, NC	US
S1-71296969	Walter's Horizon Seafood	IL, 473 Navajo Trail, Buffalo Grove	US
S1-235106542	Prime Software Pvt Ltd	V/167 Mattel Kottappuram Mulavana Po, Kundarakottappuram, Kollam, Kerala	India
S1-464529384	Sneh Tech LLP	H. No. 925/642, Ward No. 34 Street : Sona Mukhi, Post Kharagpur, Kharagpur, Midnapore, West Bengal	India
S1-953014080	Solitaire Edutech Private Limited	A-158/2 (F.F), Ganesh Nagar Near 24 Block School, Tilak Nagar, New Delhi, West Delhi, Delhi	India
S1-296996951	Kirstyn Muck Global Highview of Molalla	29153 213, Molalla, OR	US
S1-411592446	Star Services Private Limited	H.No.1-4-172, Plot No.20A, Lakeview Residency Colony, Sainikpuri, Secunderabad, Hyderabad, Telangana	India
S1-357556905	K & X Magna	1221 Hicks Road, Palatine, IL	US
S1-451116961	Satecex Painting LLC	7742 30th Avenue, Seattle, WA	US
S1-537740820	Raven Calisa	1720 Mustang Chase Drive, Carmel, IN	US
S1-36683808	Bourque & Stowell LLC	1221 Jackson Street, City Of La Crosse, WI	US
S1-218059706	Desai Systems Private Limited	Fernhill Gardens, Flat No.'Ga', Sector 6 Hsr Layout, Venkogi Rao Khane, Bangalore, Karnataka	India
S1-561721636	Dlf Qe Producer Private Limited	36 Block C, Sushant Lok, Phase 1, Sec 43, Grugram, Dlf Qe, Gurgaon, Haryana	India
S1-686329764	Heritage Trust	182 Jackson Street, Unit UNIT B, Rialto, CA	US
S1-488537245	Wealth Inn Private Limited	29, Maharashtra, Floor-Grd, Dharavi, Babasaheb Ambedkar Nagar, Mumbai	India
S1-160103007	Jarlara Legato LLC	13350 3rd Street, Splendora, TX	US
S1-701892935	Seia Inc.	9809 Doulton Court, Fairfax County, VA	US
S1-270609465	Continental Immersion	31 Morehouse Avenue, Milford, CT	US
S1-735419931	CZB Shreya-Bacliff	2501 Dove Cove Lane, Bacliff, TX	US
S1-21981800	Shel Tungate Precision Management Inc	1106 Adrift Court, Crosby, TX	US
S1-984312810	Oneal Corporation LLC	16710 Pearldale Avenue, Cleveland, OH	US
S1-539053304	Shakti It Limited	Maharashtra, Bhiwandi, Thane, H.No.1498/G-5, Gala 5, Gr Fl, Abdul Hakeem Villa, Avchit Pada, 4Th Nizampura	India
S1-900945148	Mcbride Nippon	2509 Admiral Court, Tulsa, OK	US
S1-830412925	Montyn Truist Inc	11053 Renfield Avenue, Mesa, AZ	US
S1-477773796	Ware Engineering	415 Chestnut Land Road, New Milford, CT	US
S1-142631764	Global Business Private Limited	C/O Mirtunjai Pandey, Ghoogapur, Balapur, Bara, Allahabad, Uttar Pradesh	India
S1-7040061	South Tech Private Limited	Sy No. 172, Plot No. 2-56, Anantharam Village, Gummadidala Mandal, Sangareddy, Medak, Telangana	India
S1-354301488	Dynamic Unified Strategy Inc	38 R Street, Washington, DC	US
S1-207587850	Blue Telecommunication	7970 Alexandra Lane, Newburgh, IN	US
S1-915479091	Better Axiom Inc	13803 Gullane Drive, Prince William County, VA	US
S1-73734420	Garner Ngl Inc	787 Haskins Road, Gallipolis, OH	US
S1-483434064	Indian Healthcare Private Limited	H. No.-21/2, Block-C1 Gupta Colony, Palam Vihar Gurgaon, Harya, Na, Gurgaon, Haryana	India
S1-407280565	Hoffman, Atkinson and Brooks Exchange Care	12826 Chenango Avenue, Dakota Ridge, CO	US
S1-557547015	Balaji College	C/O Om Prakash Shukla Dalav Dharai, Amethi, Sultanpur, Uttar Pradesh	India
S1-228678189	Innovative Investments Private Limited	Puthuppallil House, Koorali P O, Elamgulam, Kottayam, Kerala	India
S1-45414958	Royal Agro Limited	A-2 Devli Road, Khan Pur, South Delhi, Delhi	India
S1-959272256	Foot & Ankle Atlantic Health of Wills Point LLC	903 3809, Wills Point, TX	US
S1-928914408	Cerrone Express Sim Inc	930 Monticello Court, Vacaville, CA	US
S1-254753234	Interstate Products Inc	Houston, TX, 11923 Gatlinburg Drive	US
S1-137682774	Continental Custom Liquor Inc.	5015 Black Oak Lane, Fort Worth, TX	US
S1-476024246	Big Ventures Private Limited	Sir Mount, Near Vasupujya Bunglows, S.G. Road, Satelite, Ahmedabad, 5Th Fl. 501, Ahmedabad, Gujarat	India
S1-800226602	Global Telecom Works LLC	3892 Sherbourne Drive, Erlanger, KY	US
S1-334146653	Hart and Santana Inc	1567 Fairfield Drive, Elburn, IL	US
S1-459070718	Ashwini Institute Private Limited	Plot No 65, Vrundawan Colony Karol Road, Nagpur, Maharashtra	India
S1-997319680	Chiropractic Center LLC	11602 Redwood Road, Unit B204, Riverton, UT	US
S1-72785829	Baltazar & Barbosa Inc.	3623 Queen Avenue, Minneapolis, MN	US
S1-60550637	Mizner Creative Rocket	1 Squadron Boulevard, Unit Unit B-5, Clarkstown, NY	US
S1-106653705	Auric Partners Inc	7759 Everd Avenue, Fl 0, Pasadena, MD	US
S1-556845820	Monarch, Inc	8557 Cliffdale Road, Fayetteville, NC	US
S1-273979066	Ernakulam Services LLP	#540 A1, First Floor Hera Heights North Janatha Road, Mamangalam Po, Ernakulam, Kerala	India
S1-165673175	Tri-State Foundation	876 Hoover Hill Road, Unit 7, Asheboro, NC	US
S1-509723568	3339 Highland Plaza Holdings	Goshen, 1050 2202, AL	US
S1-91085118	Eastern Trading Private Limited	Flat No. 204, Building 47, Sector 54/56/58 Seawood, Thane, Maharashtra	India
S1-520290406	IHW Maywood LLC	913 Spartan Drive, Missoula, MT	US
S1-48201804	Nexsonex Diamond Home Care Slanesville	Slanesville, 125 Deer Spring Road, WV	US
S1-582307657	Halcus Lionheart	2019 New Sun Drive, Fl 2, Florissant, MO	US
S1-749675254	Great Advanced Airport LLC	3400 Skipping Rock Way, VA, Richmond City	US
S1-168182736	Peterson & Kennedy Co	1118 1375, Clearfield, UT	US
S1-715992753	Golden North Construction	Plot No. 10-15, Opp. Shanti Metal Jamnagar Rajkot Highway, Hapa, Jamnagar, Gujarat	India
S1-539879230	Novent Owl PLLC	Des Plaines, IL, 9308 Home Court	US
S1-739032625	Cardillo Tri-State Fashion, LLC	1632 California Avenue, Salt Lake City, UT	US
S1-94486532	Glyphic Glass	300 Morgan Street, Odell, IL	US
S1-761286259	Rio Rancho Urgent Care Silver Center Partners	521 Soothing Meadows Drive, Rio Rancho, NM	US
S1-140279129	Vasai Enterprises	A902 Palm Spring Building, Joyville Pallonji Virar, Vasai, Thane, Maharashtra	India
S1-501989527	4880 Fourth St Associates	CA, 2842 Horn Court, Simi Valley	US
S1-752489684	Simmons, Huskey & Quinones Tailwind	454 Boston Street, Syracuse, NY	US
S1-274310041	Trb System LLP	North Delhi, New Delhi, C-5/133 Ist Floorsultan Puri, Delhi	India
S1-506296494	Pinnacle Public	4400 Culver Road, Irondequoit, NY	US
S1-398602742	Behavioral Health Partners of Cary	72 Bright Oaks Circle, Cary, IL	US
S1-367749530	Meenaksh Industrial LLP	301, 3Rd Floor, Kanakshri Building Plot No. 8 Shobhagpura, Girwa, Udaipur, Rajasthan	India
S1-462035659	Borough Of	5906 Wasatch Drive, Morgan, UT	US
S1-581156957	8Th Main Vasanthnagar Housing Private Limited	15/1, 10Th Cross, 8Th Main Vasanthnagar, Bangalore, Karnataka	India
S1-760816941	Rishika & Co	S-553/554 School Block, Shakarpur, New Delhi, Delhi	India
S1-994039959	Gabriel Michaels Nasdaq	Bldg 28222, OH, Plain City, 8087 Brightside Drive	US
S1-650239343	Bharat Products Private Limited	4/287, 311 Valiyil House Kowkanapetty, P O Vadakkekad, Thrissur, Kerala	India
S1-552321484	Upper Sterling Inc	9 Owen Road, Grafton, NY	US
S1-455806760	KH Vine	120 Main Street, Pennington Gap Town, VA	US
S1-272502295	Hadria Rice Creative Industries LLC	47-25 170 Street, Fresh Meadows, NY	US
S1-399242844	Jindal (India) Kiran	Raikva 3A, Rammohan Mallick Garden Lane, P.O. Beliaghata, Kolkata, Howrah, West Bengal	India
S1-210055577	Arlette Schmidt Dpc	4744 Oak Knoll Road, Rolling Prairie, IN	US
S1-475934373	Pacific League	1230 32nd Street, Des Moines, IA	US
S1-41217356	Dental Valley Specialists LLC	4 Curtis Street, Peabody, MA	US
S1-336993358	Banning's Management	9716 198th Street, Graham, WA	US
S1-389234911	Coral Fund Pvt. Ltd.	#353, 2Nd Main Road, 4Th Stage, Beml Layout, Rajarajeshwari Nagar, Bangalore, Karnataka	India
S1-531436692	FEC Natural Pvt Ltd	Marwari Dharamshala Road, Naugachia, Bhagalpur, Bihar	India
S1-134717804	Guru Hospitality Private Limited	Karnataka, 7Th Cross, Msr Homes Naggappareddy Layout, B.Narayanapura, Bangaore, Bangalore, H.No 36	India
S1-887193507	Chandra Polytechnic	Sco 16, Phase-3B2, Mohali, Punjab	India
S1-796967309	Smit and Phillips LP	4044 Parkhill Court, Springfield, MO	US
S1-227546659	K & B Audio Installation	14 Arlington Avenue, Saint Paul, MN	US
S1-527408099	Arpit India (India) Private Limited	Fn No-101, 1St Floor, Sky, Homes Vill Sarfabadsec-73, Noida, Gautam Buddha Nagar, Uttar Pradesh	India
S1-832785535	R X & A Avalanche	1622 70th Street, Village Of Superior, WI	US
S1-279028557	Torres Oxley Corp	908 Market Street, Benson, NC	US
S1-200376709	Herminia Dickerson, D.D.S., M.D., P.C.	5439 Meadowbrook Drive, Fort Wayne, IN	US
S1-959671957	Prachi (India) Industries Private Limited	Flat Number 8, Plot Number 320/323 Diamond Appartment, Pune, Maharashtra	India
S1-528590391	Pranansh Ores Group	Hno236/2, Sainagarcolony, Chaitanyapuricolony, Hyderabad, Telangana	India
S1-63719584	Marissa N. Westbrook, Ph.D.	132 White Pine Lane, West Jefferson, NC	US
S1-292649689	Global Services Private Limited	2-Floor, 2/D Panditya Road, Kolkata, Kolkata, Howrah, West Bengal	India
S1-369859179	United & Brothers Center	C/O Malasiya Brothers, Temple Road, Rishabdeo, Udaipur., Udaipur, Rajasthan	India
S1-235913521	Boyle Signature Productions LLC	524 Sherwood Drive, Maryville, TN	US
S1-218685314	Ortem Future of Hyderabad Pvt. Ltd.	Pt No 394 Satavahana Nagar, Kukatpally, Hyderabad, Telangana	India
S1-915189817	Global Trust	Redlands, CO, 620 19 1/2 Road	US
S1-453939454	Pediatric Dentistry Care Associates LLC	154 Rapor Ridge Road, Wythe County, VA	US
S1-391322859	Cooperative Mortgage Digital Corp	6129 18 Street, Saint Cloud, MN	US
S1-62395269	Advanced Best LLC	106 Harwinton Avenue, Plymouth, CT	US
S1-761471261	Orthopedic Supreme Medicine Corp	2221 Sutton Green Lane, Houston, TX	US
S1-350018831	Hancock Ocean LLC	1314 Ferris Avenue, Waxahachie, TX	US
S1-553547335	Ted Bailey Fusion LLC	4475 Sandpiper Circle, Gunbarrel, CO	US
S1-402902918	Bright Trading Services, LLC	465 Westgate Parkway, AL, Dothan	US
S1-472663407	Divij Nirman	4/4, Surya Path, Near Urmila Park, Jaipur, Rajasthan	India
S1-908551239	Sun Solutions Private Limited	F No. 403, Sudha Nill Aptt, New P P Colony, Patliputra, Patna, Bihar	India
S1-709080642	Avis Marine Private Limited	35/1Cunningham Road Bangalore, Bangalore, Karnataka	India
S1-114380129	Cornerstone	1705 Pitt Street, Greenville, NC	US
S1-113606541	Bright Mobility	6025 28th Avenue, Gig Harbor, WA	US
S1-102881886	Saugerties, Township Of Inc.	3185 9W, Saugerties, NY	US
S1-609076271	Community Classic Church	4001 Harris Road, Arlington, TX	US
S1-339374417	YD Services Private Limited	22/957, Swasthi, Thanapadom Sariga Club Road, Thanapadom, Kakkanad, Ernakulam, Kerala	India
S1-744315333	Vision Associates LLC	660 Olive Avenue, Stratford, OK	US
S1-130377203	Womens Health Care	1811 Sandy Hollow Road, Rockford, IL	US
S1-238331147	Sree It Limited	Plot No 21, Office No.101-106, First Floor, Block-G, Vardhman Chamber-Ii, Community Centre, Vikaspuri, New Delhi, West Delhi, Delhi	India
S1-460833036	Fair Homeo Private Limited	Z-16 Office No.101 Akash Tower Mp Nagar Zone 1, Bhopal, Madhya Pradesh	India
S1-650704989	Bharat Management Pvt Ltd	503 B, Dheeraj Recidency, Chs Ltd, 5/F, Link Road, Goregaon West, Mumbai, Maharashtra	India
S1-995584103	Court Road Brokers	1-A, Court Road, New Delhi, Delhi	India
S1-956930131	Womens Health Partners, LLC	2100 Fairfield Drive, Joliet, IL	US
S1-976027745	Damiex Purpose	OK, 209 Moore Avenue, Colbert	US
S1-406771676	Helly India	Subham, 1, Rawdon Street, 4Th Floor, Kolkata, Howrah, West Bengal	India
S1-558129390	Barnett Sterling Tower Inc	55 Boston Hill Road, Fairhaven, MA	US
S1-558262132	Avatar Technology Private Limited	A/8, Madhav Baug, Jambli Galli Borivali (West), Mumbai, Bandra Suburban, Maharashtra	India
S1-771350895	Eastern Projects Limited	S-2, Kurinchi 66 New Avadi Road, Chennai, Tamil Nadu	India
S1-432478198	Olaneus Apollo	2500 Blanco Boulevard, Bloomfield, NM	US
S1-259948914	Eloisa G. Ball, O.D.	Bokoshe, 24879 Milton Road, OK	US
S1-980320825	Value Bond	1116 Anita Court, Mount Sterling, KY	US
S1-974370004	Smart Builders Private Limited	Faridabad, 122, Haryana, Navloo Colony, Gali No. 1, Near Ballabgarh Metro Station, Faridabad	India
S1-601242427	Housing Charities	KY, 701 Monroe Street, Unit APARTMENT B, Newport	US
S1-177380392	Laxmi Logistics Limited	C/402, Shantinagar, Dutta Mandir Road, Malad East, Mumbai, Mumbai City, Maharashtra	India
S1-98065022	Care Consultants	Survey No. 29, Plot No. 2, B/H Navjivan Way Bridge, Himatnagar, Sabarkantha, Gujarat	India
S1-375669649	Prairie Golden Towing	6344 Ramblewood Drive, Mentor, OH	US
S1-130813878	Paducah Physical Therapy Care Associates	3001 Jones Road, Paducah, KY	US
S1-388874339	Tovaia, L.L.C.	17 Walter Avenue, Norwalk, CT	US
S1-843616710	Super Productions Co	29/30, Rkr Residency, B2, 1St Cross, Munekolala, Bangalore North, Bangalore, Karnataka	India
S1-823546667	Sunrise Infrastructure Pvt Ltd	P No 42, 1St Floor, Devchand, U M Road, Surat City, Surat, Gujarat	India
S1-656987935	Salley Clear Chemical, LLC	27060 Petes Hill Trail, Elko New Market, MN	US
S1-998949892	Pam Mendez Alpha Inc	8755 16 Avenue, Brooklyn, NY	US
S1-858511549	Swastik Logistics Private Limited	Sy No. 33/1, D No. 2-54/4, Vanasthali Hills, Thattiannaram, Pedamberpet, Hayathnagar, Hyderabad, Telangana	India
S1-342712677	Granado Valley LLC	2805 Dunaway Avenue, Cincinnati, OH	US
S1-566822758	Virtue Charitable Trust	148 Lower Chitpur Rd1St Floor, Kolkata, South 24 Parganas, West Bengal	India
S1-801645099	Ramit (India) Engineers Pvt Ltd	Raut Ni 111 787 Karjat Road, Khumbhargali, Karjat, Ahmed Nagar, Maharashtra	India
S1-177844289	Krystal's Investments	Saratoga Springs, 2244 Hunter Drive, UT	US
S1-659932965	Flint Group	11 Wyngate, Simsbury, CT	US
S1-228393799	Premier Learning Associates Corp	712 Loomis Avenue, Unit Apartment 3, Peekskill, NY	US
S1-350053232	Eastern Media Private Limited	10A Ballygunge Circular Road, Kolkata, Calcutta, West Bengal	India
S1-568551826	Ramsey Highview Clinic	11 Doak's Lane, Marblehead, MA	US
S1-148428619	Shyam Steel LLP	54/1 B4, B-Block, Om Sai Residence, Bangalore North, Bangalore, Karnataka	India
S1-591365175	Heart Federation III	456 Sizemore Avenue, Liberty, NC	US
S1-585187511	Urgent Care Health	459 Electric Avenue, Unit UNIT I, Bigfork, MT	US
S1-477308019	Cardiology Center Group	930 600, Logan City, UT	US
S1-611838759	Kudos Foundation Private Limited	409, Gundecha Ind Complex Akurli Road Kandivali East, Mumbai, Mumbai City, Maharashtra	India
S1-943911835	Yadav & Sons	P1/7A Srs Pearl Floors, Sector-87, Kheri Kalan, Faridabad, Haryana	India
S1-487408870	Jones Smart Prudential Inc	2519 Wright Avenue, Benton, AR	US
S1-201577703	Selle Doherty, Ph.D.	2005 9th Street, Unit 11, Charleston, IL	US
S1-292393735	Corner Grill Inc	4416 3325, West Valley City, UT	US
S1-611106612	High Impex Private Limited	4-1-Ku0034, Kuravi Road, Bandam Road, Mahabubabad, Warangal Urban, Telangana	India
S1-949279814	Z+ Maintenance P.C.	3606 Cr 382, San Antonio, TX	US
S1-619314161	Real Investments Private Limited	8 Khasra No-914 Manas Nagar, Kanpur Road, Lucknow, Uttar Pradesh	India
S1-893609958	Sun Maa Hospitality Private Limited	Xxi/152, Panadans, Cochin, Universitypost, Kalamasery, Ernakulam, Kerala	India
S1-420365721	All Foods LLP	No. C75/2, 3Rd Stage, Peenya, Bangalore, Karnataka	India
S1-148958598	Behavioral Health Partners Inc	185 Locust View Way, Troy, OH	US
S1-163521308	Hass Signature Steers LLC	8153 Del Haven Road, Dundalk, MD	US
S1-459799143	Tandi Loy Keystone Goldman Inc	Du Bois, IL, 460 Keil Drive	US
S1-465376969	Black Builders Private Limited	Delhi, G-6 Triveni Dda Shoppingcomple Sheikh Sarai Phase, West Delhi, Delhi	India
S1-281523825	Monga Investments Private Limited	Cowork Spaces, 101, Pratap Nagar Mayur Vihar Phase 1, New Delhi, East Delhi, Delhi	India
S1-641579109	Unique Developers Private Limited	104/A, Block F, 32 Jnan Goswami Sarani, Kolkata, Kolkata, Howrah, West Bengal	India
S1-458605878	Opulent Express Private Limited	New.No 40, Old.No 29, Dr.R.K.Nagar Main Road Thiruvanmiyur, Chennai, Tamil Nadu	India
S1-17225841	Maven Traders Private Limited	Plot No. 40, 41 And 42, Survey No. 54, Kondapur, Hyderabad, Telangana	India
S1-263994317	Trusted Apex International LLC	12340 Walker Place, Waldorf, MD	US
S1-951451939	Maa Investments Private Limited	Villa No 68, Cyprus Palms, Serilingampally, K.V.Rangareddy, Telangana	India
S1-957630265	Hunger Institute IV Group	OH, 2064 Sylved Lane, Cincinnati	US
S1-172454778	Integrated Supply Concepts LLC	1412 Villa Street, WI, City Of Racine	US
S1-308240187	LB Xrp	3118 Soaring Pines Trail, Conroe, TX	US
S1-97737266	Perfect Properties Private Limited	G-11, Umbai, Maharashtra, Mumbai, Floor- Grd, Plot -399, 7C, Udyog Bhagoji Keer Marg, Nr Paradise Cinema, M	India
S1-323199760	Automation Constructions (India) Ltd	30Vasant Marg Vasant Vihar, New Delhi, South West, Delhi	India
S1-108027852	Empire Solid, LLC	10570 Vogel Avenue, Fl 1, Scottsdale, AZ	US
S1-42643591	Best Tech	689, Sh No G-6 A K Complex 2Nd Lane, Shahupuri, Kolhapur, Maharashtra	India
S1-349719765	Eye Medicine of Stow	5397 Diana Lynn Drive, Stow, OH	US
S1-863881054	Rnd (India) Enterprise Private Limited	Ahmedabad, Gujarat, 101, Ahmedabad, F.F Sumatinath Complex Opp- Kothawala Appartments, Paldi	India
S1-905824996	Pranav & Brothers Limited	825, Chaubachha Mohalla, Mathura, Uttar Pradesh	India
S1-310744384	Taluka Savli Global Limited	Plot No. 112, Manjusar Gidc Village: Alindra, Post - Lamdapura, Taluka Savli, Vadodara, Gujarat	India
S1-755416342	Chits Manufacturers Pvt Ltd	Plot No - 20, Rishi Colony, Gandhi Nagar Railway Station, Gate No. 2, Tonk Road, Jaipur, Rajasthan	India
S1-303791674	Shencottah-627 809 Shencottah-627 809 Rubber Public Limited	No.9, Tenkasi Road, Shencottah-627 809 Shencottah-627 809, Shencottah-627 809, Tamil Nadu	India
S1-82102704	North Superior Medicines LLC	4933 Woodstock Drive, Georgetown, TX	US
S1-42848680	Pune Organic Private Limited	10 Chaitanya 32 Snehnag Sane Guruji Road, Sadashiv Peth, Pune, Maharashtra	India
S1-62689130	Stauffer Printing LLC	1476 Roddy Springs Road, Coalmont, TN	US
S1-501073561	Shepard and Alvarez LLC	IL, Libertyville, 319 Carriage Hill Circle	US
S1-726860670	Oneil National Sprott, Inc	18 Morning Dew Drive, Asheville, NC	US
S1-979860618	Family Center	840 Norton Road, Berlin, CT	US
S1-203924219	Mesa Community Complete Church	2305 Main Street, Unit 135, Mesa, AZ	US
S1-802078075	Lamantia Molecular	4428 Montevallo Road, Birmingham, AL	US
S1-487019031	Margalo P. Bryan, P.A.	23824 Rolling Fork Way, Gaithersburg, MD	US
S1-996523584	Common Consultants Care	House No 2244 Sector-28, Faridabad, Haryana	India
S1-701406091	Smith's American Grading PC	61185 Larkwood Drive, Bend, OR	US
S1-327553650	Urban Ice Cream	322 Woodhills Boulevard, West Carrollton, OH	US
S1-42184977	Vigilant Trading Private Limited	House Plot No. 47, Blk-I, Kh. No. 105/16, Raja Puri, New Delhi, West Delhi, Delhi	India
S1-388617413	2335 Market Road Realty	Coolidge, AZ, 339 Kenworthy Road	US
S1-106766409	Ramesh Cartons Limited	No.3/2 Perumal Koil Streetmadurai Vedu Near Thiruvarkadu, Chennai-77, Chennai, Tamil Nadu	India
S1-709888578	Saroornagar Store Private Limited	K.V.Rangareddy, Saroornagar, Telangana, 7-2-7/Dg/136, 1St Floor, Road 6, Durganagar Colony	India
S1-202530197	Ferryx Internet LLC	8417 Cain River Drive, Frisco, TX	US
S1-462108517	Technologies Cosmic Productions Limited	166 Part-D, Baijal Bhawan, Civil Line, Meerut, Uttar Pradesh	India
S1-492381760	Second Controls Limited	Sector K, Plot No. 10 To 15 Parvati Co-Op Industrial Estate, Yadrav, Ichalkaranji, Kolhapur, Maharashtra	India
S1-194603851	South Family Practice	5185 Devon Drive, North Olmsted, OH	US
S1-487865990	Cothran and Higgins	Portage, IN, 5520 6	US
S1-896341705	First Cathedral Partners	4697 Carolina Avenue, Marion County, OR	US
S1-178961928	Rnd (India) Healthcare Private Limited	267A, C.R. Avenue, Kolkata, Kolkata, Howrah, West Bengal	India
S1-593436824	Bouchard, Faust & Bowser Corp	4484 Clifford Road, Brownsburg, IN	US
S1-70746778	Rajdarbar Business Private Limited	Khasra No. 16/1/4, Kundli, Sonepat, Haryana	India
S1-384152983	Womens Health Specialists PLLC	215 View Street, Oreana, IL	US
S1-540458030	Williams Sea	2201 Palmer Avenue, Unit Apartment 4E, New Rochelle, NY	US
S1-220334720	Western Medical Center LLC	20118 Baldwin Beach Express, Robertsdale, AL	US
S1-406655545	Indian Investment Pvt Ltd	C/O-Shri Changdev Trinbak Salave, 12637/ 12 Pushkraj Residency B Wing Basement, Sangli, Maharashtra	India
S1-13864555	Ear Nose & Throat Keystone Care LLC	5103 Raven Street, Gillette, WY	US
S1-216986373	Calderon Hancock LLC	Springfield, 633 Pleasant Street, OR	US
S1-434086049	Ravish Holding Private Limited	67/45 B Strand Road, Kolkata, Calcutta, West Bengal	India
S1-302643182	Dominic Servicesprivate (India) Private Limited	Srinarayan Campus, Myorepur, Sonbhadra, Mirzapur, Sonbhadra, Uttar Pradesh	India
S1-762326721	Pediatric Dental Trusted Care	Central City, 508 Harrison Avenue, KY	US
S1-682041645	Pune Builders Public Limited	Pune, Maharashtra, S.No.10/2B, Pune, Sapkal Wasti	India
S1-56629354	Classic Engineering Pvt Ltd	7-2-C-14, Industrial Estate, Sanath Nagar, Balanagar, Hyderabad, Telangana	India
S1-75631487	New Delhi Parts Private Limited	A-31, Iind Floor, F.I.E.E. Complex, Okhla Industrial Area, Phase-Ii, New Delhi, South Delhi, Delhi	India
S1-520361644	Clementine Brouwer, CPA	W1973 Vans Court, Town Of Freedom, WI	US
S1-390937720	Jalpaiguri Foundation Private Limited	Survey No 194/4 Paiki, Village-Piludra Ta- Pratij, Dist-Sabarkantha., Prantij, Sabarkantha, Gujarat	India
S1-104218993	Maharathi Televisions Pvt Ltd	21-B, Abhijit Chs Ltd, M.T.N.L.Road, Dadar, Mumbai, Maharashtra	India
S1-328105321	Saint Louis Ligand	Unit APT A, MO, 43 Joyce Ellen Lane, Saint Louis	US
S1-942449735	Construction Information (India) Pvt Ltd	Plot No - 86/132, Khata No - 206/143, At - Bijepur, Post -Khariar, Dist - Nuapada, Khariar, Kalahandi, Orissa	India
S1-716830359	Spicer Star Environmental Services LLC	Fl 0, MO, Saint Louis, 9327 Atwood Drive	US
S1-34916446	Anand Hospitality Private Limited	Shop No. 8. Dheeraj Heritage Residency - 1, Linking Road Extn., Santacruz (West), Mumbai, Mumbai City, Maharashtra	India
S1-585407266	A Certified Trust LLC	27 Lincoln Road, Wethersfield, CT	US
S1-458223959	Happy Cleaning Service	1338 Mordecai Overlook Circle, Raleigh, NC	US
S1-489817305	Choice Equity Advisors Company	4132 Iris Avenue, Fort Worth, TX	US
S1-642038314	Proum	2248 Nelson Drive, Niskayuna, NY	US
S1-566137077	Wilson & Lowery Systems	138054 Naugart Drive, Town Of Berlin, WI	US
S1-524463249	Zeex Worldwide Inc	3622 Davis Street, Conroe, TX	US
S1-641249328	Sacramento Veterans Highland Society	CA, Sacramento, 5741 55th Street	US
S1-738271924	Miis Advisors	10455 Sawyer Avenue, Chicago, IL	US
S1-40864644	Services Red Polytech Private Limited	153, Gopal Colony Ward No.16, Jhabua, Madhya Pradesh	India
S1-303700722	Safar Investment Private Limited	Plot No 500, 501, 505, 506, Sy No 300-303, 306 To 311, 313 To 315, Narsingi Village, Gandipet Mandal, Rangareddy, Telangana	India
S1-617253448	Mountz Colonial Hartford Inc	2630 Springdale Drive, Rockford, IL	US
S1-379692908	Adams Frontier Xflh Center	Sacramento, 5449 Sky Parkway, CA	US
S1-697294833	Shiva Media Private Limited	818B, The Camellias, Golf Course Road, Sector 42, Gurgaon, Haryana, Galleria Dlf-Iv	India
S1-140882270	Prairie Bumrungrad LLC	3736 Everett Street, Lincoln, NE	US
S1-199339248	Adams, Veda, D.D.S.	5023 Pimlico Road, MD, Baltimore	US
S1-723275887	Little & Co	Telangana, Hyderabad, H.No.32/5, Sardar Patel Nagar Kukutpally	India
S1-75627448	Dental Reliable Physicians	24 Topstone Drive, Bethel, CT	US
S1-169326669	Ashish Jyotish Company	West Bengal, C/O Dildar Hossain, Suti, Murshidabad	India
S1-981670420	WQ Centre Group	Kalpetta, Wayanad, Paraparambil House Pinangode Road, Kerala	India
S1-418423816	Barnes, Campbell & Hillman Guaranty Inc.	35 Madison Avenue, Unit Apartment 1C, Spring Valley, NY	US
S1-199429633	Rodgers Sunshine LLC	6363 Nash Road, Wheatfield, NY	US
S1-663286282	Reliable Heartland Development	413 Snyder Avenue, Salina, NY	US
S1-159514912	Rev It Up Tavern Inc	2490 Holt Town Road, Newport, TN	US
S1-736761428	Rodriguez, Guest & Brooks	450431 316 Drive, Afton, OK	US
S1-327370768	Solan & Co	Plot No. 2006/7, G.I.D.C. Estate, Anand, Gujarat	India
S1-553334532	United Coalition Inc.	2822 Bering Drive, Houston, TX	US
S1-917409598	Safe Property Advisors LLC	5207 Stratton Road, Richmond City, VA	US
S1-621488405	Him Consultancy Limited	8, Ramban Co. Op. Hsg. Soc., S. No. 252/2-3, Baner Opp. Aundh Telephone Exchange, Pune, Maharashtra	India
S1-685028795	HCC Capital Private Limited	Pethkar Projects Siyona, B2/702Sno47(P)48(P)50(P)7, Pune City, Pune, Maharashtra	India
S1-545790155	Corner Deli	410 Margaret Drive, Herrin, IL	US
S1-815441395	Marquez, Koogler and Jones LLC	6645 253, Twin, AL	US
S1-26906339	Herring, Johnson and Collins	2173 28-HEAD Of The Bay Road, Unit 2, Harwich, MA	US
S1-144913221	Vijay Food Limited	465/32 Hata Sitara, Begum, Lucknow, Uttar Pradesh	India
S1-17779586	Moses Vendome LLC	1404 Brighton Court, Southlake, TX	US
S1-397935071	Beacon Crystal Williams	431 Pickett Drive, Fort Wright, KY	US
S1-998207330	Raghunathapali Advisory Private Limited	Plot No 2286, At Brahmani Tarang, Po-Vedvyas, Ps-B. Tarang, Raghunathapali, Sundargarh, Orissa	India
S1-686749094	Reliable Software Solutions LLC	OR, Milwaukie, 12024 Beckman Avenue	US
S1-123331890	Birch Computing Inc	6941 Saddle Horse Way, Citrus Heights, CA	US
S1-579194394	Empire Best Airlines, LLC	9134 Creede Trail, Fort Worth, TX	US
S1-786620416	Modi Consultancy	143, Bidhu Bhuson Sen Gupta Road, Lp 52/42/4/5, Kolkata, Kolkata, Howrah, West Bengal	India
S1-350560084	Yukti (India) Fruits Private Limited	Pakkan House Keecheri, Pappinisseri P.O., Valiapatanam, Kannur, Kerala	India
S1-950265172	Nickelson, Ware and Gil LLC	13404 Rippling Brook Drive, Silver Spring, MD	US
S1-338830003	Doex LLC	5421 Lakeside Avenue, Crystal, MN	US
S1-418655393	Wright Solid PLLC	328 Union Place, City Of Manitowoc, WI	US
S1-429691516	Led Mail Pvt Ltd	Tamil Nadu, Kk Ngr, 187, Chennai, Sv Lingam Stkk Ngr, Chennai Kk Ngr, Chennai	India
S1-106410807	CJV Regional Principal of Town Of Oakland	Town Of Oakland, 29374 Long Hayden Lane, WI	US
S1-770749194	National United Oriental Company	328 Weaverville Road, Woodfin, NC	US
S1-404124513	Finance Advantech India Private Limited	460, Third Floor, Kohat Enclave Pitam Pura, New Delhi, North West, Delhi	India
S1-993662167	Kozhikode India Private Limited	Building No. 14/206 D, Kerala, Kozhikode, 1St Floor, Rifa Building Kerafed Junction, Mannakavu P.O, Naduvan, Noor, Kozhikode	India
S1-819933808	Alyss's Jewelers	901 4th Street, Stillwater, MN	US
S1-631152952	First Lutheran Church	595 Hicks Road, Unit E, Nashville, TN	US
S1-824919785	AL Transport Private Limited	Tamil Nadu, Manasarover Oyster Bay Anand Farms Muttukadu Village, Chingleput Taluk, Kancheepuram, House No.24	India
S1-739611320	Southern Northland LLC	101 N Sierra Woods Drive, Rockport, TX	US
S1-362007759	Swastik Trading Private Limited	G C Jaika Aptscivil Lines, Nagpur, Maharashtra	India
S1-91665845	Brooks, Hinkle & Young	10706 Pinedale Dr, Jeffersontown, KY	US
S1-208942438	Phillips & Christensen Storage Inc	UT, Vernal, 48 100	US
S1-376656562	Vijay Care Private Limited	1497/16, Eacharath H Mannuthy P.O., Thrissur, Kerala	India
S1-967173158	Sky Tech	H No A265 J K Road New Minal Rajhomes, Bhopal, Madhya Pradesh	India
S1-521250108	Tiff Clemons Secure Zeo LLC	119 Freeman Court, Houma, LA	US
S1-861123839	Safe Semiconductor International Inc	803 3rd Street Place, Conover, NC	US
S1-549612411	Loex Maritime PC	Philipsburg, Unit CARRIAGE HSE - APT C, 51 Rocking J Ranch Lane, MT	US
S1-783056748	Kelley Animal Hospital	Unit 204, NC, 1060 Watercourse Circle, Graham	US
S1-609653903	Global Committee	441 Evergreen Street, Fl 1, Chandler, AZ	US
S1-355649086	Sigma Brothers Pvt. Ltd.	Agasthi Apartment, P. No. 65 F.No.T-2, Dhighori, Nagpur, Maharashtra	India
S1-511355563	Hotel Technologies Private Limited	Pune, Flat No. A5 506, Genesis, Sr. No. 123/1/2 And 123/1/3, Maharashtra, Pune	India
S1-152556345	Global Lincoln LLC	2 Highland Avenue, Orchard Park, NY	US
S1-662196575	Atul Life Pvt Ltd	Haryana, Faridabad, Gf-132 Indraprastha Colony Sector 30-33	India
S1-167577766	Hansen White	6507 Clear Drop Way, Unit 302, Glen Burnie, MD	US
S1-131053132	All Industrial Innovations	2110 Knox School Road, Greene, NC	US
S1-892015074	New Food	Sy No 802, 806, 807, Beeramguda, Ramachandrapuram, Medak, Telangana	India
S1-246478198	Modern Marketing Private Limited	5-8-49/2/1/A, Gadwal Compound, Nampally, Hyderabad, Telangana	India
S1-908932165	Clean Mobility Global	916 Powell Valley Shores Circle, Speedwell, TN	US
S1-335478469	Audy Parker Blue Yield Corp	1064 Dwarf Lane, Bedford County, VA	US
S1-850983521	Certified Network Partners LLC	121 Summit Street, Baileyville, ME	US
S1-504285887	Swastik Foods Private Limited	House No.809-816 Flat 202, Sector 11, Juhugaon, Thane, Maharashtra	India
S1-392219093	Md Services Limited	5Th Floor Bhandari House91, Nehru Place, New Delhi, Delhi	India
S1-593999035	Vikalp Trading Private Limited	Hig 28, Balagi Nagar Kukatpally, Hyderabad, Telangana	India
S1-222806068	Maa Products Private Limited	No.89, 2Nd Floor, Jr Plaza Cmc Road, Senjai, Karaikudi, Sivaganga, Tamil Nadu	India
S1-856710782	Sunrise Technologies Limited	No.60, 7Th Cross, 8Th Main Bikasipura, Bangalore, Karnataka	India
S1-774387323	Trusty Homes Inc	130 Elm Lane, North Hempstead, NY	US
S1-665624518	Shree Food Private Limited	Shop -812, The Capital, Opp Hetarth Party Plot, Ahmedabad, Gujarat	India
S1-513223898	Black Logistics Private Limited	J-1985 F/F, C.R. Park New Delhi, Delhi, South Delhi, Delhi	India
S1-40341246	Adamya Gym Pvt Ltd	Shed No.117 Abhishree Industrial Park B/H Grand Vishala, S P Ring Road, Odhav, Ahmedabad, Gujarat	India
S1-84172548	Prime Food Private Limited	No. 14, 13Th Cross, Gante S Gopal Building Opposite To Kandhya Bhavan, Cubbonpet, Bangalore, Karnataka	India
S1-433213068	SOD Infoways Private Limited	No.15, Veeraragavalu Nagar Kathirvedu South West, Kathirvedu, Chennai, Tamil Nadu	India
S1-446613662	Carmelita Elliott Premier Biotechnologies	517 Charles Place, Munford, TN	US
S1-84838337	Little Hair Studio	20458 Crosslin Road, Earlsboro, OK	US
S1-833798119	Regional Spruce LLC	10 N1026, Eagar, AZ	US
S1-479915851	Wooldridge Managed	18009 Mondamon Road, Apple Valley, CA	US
S1-542211755	Rev It Up Seafood Inc	11903 Sunset Court, Plymouth, IN	US
S1-948549202	Divue LLC	8429 2nd Avenue, Birmingham, AL	US
S1-652564669	Tate Knight Ameren LLC	W1360 Home View Road, Town Of Concord, WI	US
S1-261133992	Good Power	Flat No.603/E2, Nr. Rutu Estate, Rutu, Towers, Patli Pada, Ghodbunder Road, Thane, Maharashtra	India
S1-277460033	Jackson, Cortez & Taylor Ltd	71 Norman Street, West Springfield, MA	US
S1-802494740	Hooks, Tener & Guenther Choice Corp	1212 Cross Street, Mountain Home, AR	US
S1-486185859	Midwest Coalition	411 21st Street, Newton, NC	US
S1-435143060	Yalonda Steiner Bce LLC	410 5th Avenue, Nome, AK	US
S1-917085859	Shivam Systems LLP	Palwal, 561, Housing Board Colony, Faridabad, Nakul Farm, Haryana, Hathin	India
S1-878053360	Optlaex Holdings Associates	509 Main Street, Lebanon, OH	US
S1-505090910	Main Street Deli	2538 Wah Avenue, Sacramento, CA	US
S1-148758725	Iconic Mist Limited	Kanpur, 94/42-A, Sanjay Gandhi Nagar Naubasta, Kanpur, Uttar Pradesh	India
S1-25879788	UKF Chesapeake, Inc.	141 Harold Street, MA, Boston	US
S1-234423373	Coretta's Occupational Therapy Inc	Sneads Ferry, 302 Sumac Court, NC	US
S1-460146213	Gujarat Business LLP	1-3-183/40/46/5, Gandhi Nagar Hyderabad., Andhra Pradesh, Telangana	India
S1-469535575	Mangal Construction Associates	Gautam Buddha Nagar, Noida, Ats Dolce, Gh-12A, Zeta-I, Flat No. - 5Gf1, Uttar Pradesh	India
S1-328996647	Noida Breeding Private Limited	Unit No 1, 7Th Floor, Bptp Capital City, Tower 1, Plot No 2B, Sector 94, Noida, Gautam Buddha Nagar, Uttar Pradesh	India
S1-298826786	Rapid Wholesale Consultants	1171 12, Town Of Warren, WI	US
S1-803590345	Horizon LLC	1109 Pea Ridge Road, Huntington, WV	US
S1-131673126	Anilva Finmart Private Limited	C/O Ganesh Vishwanath Birajdar Near Petrol Pump, A/ P. Lamjana, Tq Ausa, Latur, Maharashtra	India
S1-100899977	Eye Care Associates of Mount Pleasant Associates	135 Bowser Road, Mount Pleasant, AR	US
S1-197197167	Lucie Butler, P.A. LP	11348 114th Avenue, Town Of Tilden, WI	US
S1-691890832	Teamsters Union Local No 101 LLC	1877 Elmhurst Drive, Germantown, TN	US
S1-824076722	Al Enterprises Pvt Ltd	Office No-201, 2Nd Floor, Global Square, Cts No-1505, S.No-247, Yerwada, Pune City, Pune, Maharashtra	India
S1-590317213	Ruiz Frontier Lane Clinic	2157 Gilmer Lane, James City County, VA	US
S1-709074730	Superior Defense Industries Clinic	25400 Pink Hill Road, Independence, MO	US
S1-238106423	Steelworkers Local 22 Clinic	1709 Washougal River Road, Washougal, WA	US
S1-225330324	Merl's First Massage Co	IN, Indianapolis, 3531 Guilford Avenue	US
S1-154180077	OS Pinnacle Solutions Inc	45 Washington Street, Unit 79, Methuen, MA	US
S1-233296344	Brown Trading Pvt. Ltd.	8, Greenwood Apartment 22, Gokhle Marg, Lucknow, Uttar Pradesh	India
S1-567398746	Crystal First Transport LLC	12007 Sage Ridge Circle, Sandy City, UT	US
S1-278756630	Art Enterprises LLP	14 2Nd Floor Arjun Nagar, Safdarjung Enclave, New Delhi, Delhi	India
S1-747808656	Shotts Imperial LLC	118 Sparrow Ridge Road, Kent, NY	US
S1-316795088	Pioneer Express Allspring Care	100 Private Road 113, Rio Vista, TX	US
S1-801212938	Keystone Infrastructure Brands L.L.C.	1147 11th Alley, Eugene, OR	US
S1-5842529	E & Y Analytics	1703 Linden Street, Normal, IL	US
S1-897981396	Ziravi Trading Pvt Ltd	Shop No-303 Labh Chambar Station Road, Labh Chambar, Aurangabad, Maharashtra	India
S1-899464369	Best Dynamix Group	1315 Bethabara Pointe Circle, Winston-salem, NC	US
S1-502818456	HQJ Works	Bldg C- 4 S, Waswani Road, Block No 23, Pune City, Pune, Maharashtra	India
S1-99838517	Gibbs, Aguilar and Wilson Pizza	10930 Meadowglen Lane, Houston, TX	US
S1-945770627	Eicher Classic Private Limited	Survey No. 101 Near Dosti Bekary Neharunagar Pimpri, Pune, Maharashtra	India
S1-38579651	Mutual Network Networks P.C.	32 University Avenue, Buffalo, NY	US
S1-585298643	Meenan Implants Ltd	502, Earth Business Centre, Opp. Torrent S/S, Nicol Ring Road, Nicol, Ahmedabad, Gujarat	India
S1-327225619	Berman's Farms	5232 Main, Montpelier, IN	US
S1-657688281	Donna Ali Elite Bce Inc	1421 Sipsey Fork Road, Detroit, AL	US
S1-467198990	National Kensington	114 3rd Street, West Terre Haute, IN	US
S1-57859332	Cinder LLC	3985 Galloway Drive, Memphis, TN	US
S1-745839307	Innovative Agro Private Limited	No.1, Ground Floor, H I M Towers, 9Th Cross Kempegowd Layout Nageshwara Nagebahalli, Bangalore, Karnataka	India
S1-85024477	MIG Exports LLP	Shyam Kutir, 25/ 58 (Part, Lane 15, Vishwas Nagar, Shahdara, Delhi	India
S1-418477552	Big Care Private Limited	19/266, Gandhi Nagar, Aligrah, Uttar Pradesh	India
S1-905986016	Office of Parks and Recreation	18567 Split Rock Lane, Germantown, MD	US
S1-519482575	Eurasia Foods	Apsara Villa 17 D Crossindira Nagar Ii Stage, Bangalore, Karnataka, Bangalore	India
S1-461918961	Arney Holding Company	Granby, 40 Simsbury Road, CT	US
S1-224323971	Naperville Realty	1732 Chalmette Court, Naperville, IL	US
S1-23537063	Almond Education Private Limited	H.No. 5-4-22, Sri Nilayam, Gayathri Nagar Kukatpally, Tirumalagiri, Hyderabad, Telangana	India
S1-480390410	Arihant Black Services Private Limited	Sno.74Planet Millennium P, L Saudagar Bld.A/16 Fl-G, Pune City, Pune, Maharashtra	India
S1-767396971	Alba Boon Pvt. Ltd.	501 'A' Wing Vithal Apartmentnew Link Road Kandarpada Dahisar (W), Mumbai, Maharashtra, Mumbai	India
S1-402731785	Gyaan (India) Infosolutions Private Limited	3/464 Rangaswamy Nayakar 1St Street Karapakkam, Chennai, Kancheepuram, Tamil Nadu	India
S1-732503665	Automated Mobility Alliance	IA, Davenport, 1322 Spring St	US
S1-98910320	Teraor Greenfire Inc	204 High Meadow Drive, Mckinney, TX	US
S1-191451677	Ward Chiron LLC	186 Gobel Road, Thomasville, NC	US
S1-891130183	Bright Media Pvt Ltd	House-045, Baraipatti Baban Rai'S, Gopalganj, Bihar	India
S1-900882482	Vision Medicine	NY, 32 Carthage Drive, Unit Apartment 1, Rochester	US
S1-552065633	Kushinagar Multi Pvt Ltd	C/O Divya Sukla, Gyatrinagar Kasia Road Chawani, Padrauna, Kushinagar, Gorakhpur, Uttar Pradesh	India
S1-881848076	OZL (india)	Plot No - 155 Sahid Nagar, Bhubaneswar, Khordha, Orissa	India
S1-89160825	Delhi Servicesprivate LLP	38, Ajanta Appartment I P Extn., Delhi, East Delhi, Delhi	India
S1-874041790	Aggarsain Innovations Private Limited	Gf, Ward No-31, Aghoriya Bazar Chowk Po-Ramna, Ps-Kazimohammadpur, Muzaffarpur, Bihar	India
S1-13387750	Sln Hospital	Hyderabad, Navodaya Plaza, 2Nd Floor, Putli Bowli, Opp To Uco Bank, Koti, Telangana, Hyderabad, H No:5-1-911/3	India
S1-372253974	Norene G. Semaan, D.O.	43 Jupiter Lane, Enfield, NC	US
S1-244454509	Metro Institute	39688 Quintero Lane, Peoria, AZ	US
S1-550190717	Althea Patrick Works Inc	855 Foch Street, Fort Worth, TX	US
S1-813850270	Red Technologies Limited	Flat No 201 Aditya Elegance Road No 34 Jubilee Hills, Hyderabad, Telangana	India
S1-958740646	Happy Ice Cream	TX, Dublin, 425 Eagle Street	US
S1-20031068	Hayes Reliable Era, Inc.	62 Cora Avenue, Chicopee, MA	US
S1-154848511	Land & Hightower	2830 Bernower, Unit 8, Massillon, OH	US
S1-801027691	Sterling Media Alliance PC	Houston, TX, 13210 Aspen Bough Circle	US
S1-884821612	Jai Products	80/17, Jagat Singh Complex, Gurudwara Road Naka Hindola, Lucknow, Uttar Pradesh	India
S1-304099102	Creative Software Solutions Associates	13 Prospect Drive, Sidney, NY	US
S1-25750233	Valerie Amaya Rock Corporation	5901 Old Hickory Boulevard, Unit 405, Nashville, TN	US
S1-886116894	XY Infoserve Private Limited	Office No. 11, 1St Floor, Rainbow Complex, Near Under Bridge Paota C Road, Jodhpur, Rajasthan	India
S1-477162050	BZC Foundation Ltd	S Y No 33/3, Somwarpet, Kodagu, Karnataka	India
S1-340817900	Smart Hospitality Advisors, LLC	127 78th Street, Kansas City, MO	US
S1-563586539	Syracuse Family Beacon Services Inc	1573 2000, Unit D, Syracuse, UT	US
S1-163747087	Lotus Services Pvt Ltd	Floor-2Nd, 45/47, Silver Mansion, Dhanji Street, Zaveri Bazar Mumbadevi, Mandvi, Mumbai, Maharashtra, 17	India
S1-117094654	Modern Robotics Partners	800 Prospect Street, Southington, CT	US
S1-137026686	Cassy Gomez, DPM Care	508 Des Moines Street, Brooklyn, IA	US
S1-464518977	Onyx Alpine LLC	3212 59th Street, Seattle, WA	US
S1-299511557	Freeman, Whyte & Bradley	AL, Gulf Shores, 485 Shepard Street	US
S1-890634836	Farmington Value Short	810 Buena Vista Avenue, Farmington, NM	US
S1-262506206	Jeanine's Pizza LLC	452 Washington Avenue, Elkhart, IA	US
S1-47431587	AF Gas	811 3rd Street, Unit 2011, Phoenix, AZ	US
S1-284582618	Great Apogee Corporation	1510 Bradmore Drive, Toledo, OH	US
S1-729032305	Northampton Advisory	Unit 6A, Northampton, MA, 82 Bridge Street	US
S1-402164728	Cline Royce Corp	3158 Whirlaway Lane, Montgomery, IL	US
S1-57274805	Gangotri Institution Private Limited	2G, Neptune, Trinity World, Trinity World Road, Chittetukara, Kakkanad, Ernakulam, Kerala	India
S1-622241555	New Delhi India	Central Delhi, 37/8 E.V Charging, Delhi, Old Rajinder Nagar, New Delhi	India
S1-640830255	United Complete Construction	Phoenix, 6026 Encinas Lane, AZ	US
S1-96384267	Bharat Construction Private Limited	325, Mico Layout, N.S.Palya, Bangalore-34., Bangalore, Karnataka	India
S1-600079333	Environmental Project II Associates	1651 52nd Street, Sacramento, CA	US
S1-11408993	Upper Dome	Fl 1, 14578 Short Road, Sesser, IL	US
S1-213642432	Pramukh & Brothers Private Limited	No. 161-D, 3Rd Floor, Ag-1, Vikaspuri, New Delhi, Delhi	India
S1-999894380	Harbor School of Medicine	MA, Milton, 37 Pagoda Street	US
S1-12041665	Business Realtech Pvt Ltd	Mallapagaripalle, Chittoor, Chittoor, Andhra Pradesh, C/O Madhusudhanrao, Pakala	India
S1-115198057	Gonzalez Holding LLC	196 2225, Emory, TX	US
S1-518860674	Korth's Hair Studio	NC, Holly Springs, 369 Golf Vista Trail	US
S1-217514760	Rhianna Bailey Patriot Omega Co	4519 Nevada Street, Spokane, WA	US
S1-657091961	Blue Foundation LLC	1205 Concord Road, Clovis, NM	US
S1-502288504	Knott's Advanced Manufacturing	137 Main Street, Elk Park, NC	US
S1-766893478	Karuna House Private Limited	123 Vivekananda Road, Kolkata, Howrah, West Bengal	India
S1-285639517	Woods Health Center	1616 4th Street, Woodward, OK	US
S1-161638253	Sant Traders Private Limited	Flat No. 105, 4855 / 24, Ansari Road Darya Ganj, New Delhi, Delhi	India
S1-902552291	Varshita Food Pvt Ltd	F-501, Park View City-2 Sector 49, Sohna Road, Gurgaon, Haryana	India
S1-773968745	83/16 Banking	980 Barg Salt Run Road, Milford, OH	US
S1-716831720	Premier Logistics Private Limited	Tamil Nadu, Chennai, No.42/15, Malony Road T. Nagar, Chennai	India
S1-800528107	Derby & Partners	Vill- Sarfabad, Pradhan Market, Sector-73, Gautam Buddha Nagar, Uttar Pradesh	India
S1-981346708	Shiva Foods Private Limited	Villa No. 66, Kolla Luxurys, Masjid Banda, Serilingampally, Hyderabad, Telangana	India
S1-653120802	Saunders Global Allurion Inc	1429 Gilreath Street, Wilkesboro, NC	US
S1-303487417	Custom Digital Systems	600 Harmony Lane, Kill Devil Hills, NC	US
S1-515548222	Wegman Financial LLC	1028 Hickory Grove Road, Gastonia, NC	US
S1-325049602	Little Steps Public Limited	Plot No 03 Sr No 53 New, Tapovan Road Uttara Nagar, Nashik, Maharashtra	India
S1-881015038	Bharat Industries Private Limited	B-3/276, Chitrakoot Vaishali Nagar, Jaipur, Rajasthan	India
S1-333207746	Townsend Associates	9113 Sycamore Leaf Drive, Fort Worth, TX	US
S1-994904668	Heartland Committee Inc.	8808 189th Avenue Court, Bonney Lake, WA	US
S1-300116004	Shelton Graf Inc	812 Whipporwill Road, Conroe, TX	US
S1-9379136	Best Infrastructure Private Limited	Mumbai City, Flat No.904, Maharashtra, Panchvati-B Panchshristi Complex, Chandivali Road, A, Ndheri(E), Mumbai	India
S1-643953045	EV Services PLLC	816 Dekle Drive, Mobile, AL	US
S1-2092817	Hamilton Newtekone	210 Clark Street, Sweetwater, TN	US
S1-595315008	Greening Popular of Charlotte Co	15102 Terns Court, Charlotte, NC	US
S1-336067611	Scheele, Martita, Ph.D.	19210 Co Hwy 39, Underwood, MN	US
S1-590576171	Cora Ollie Medical LLC	72 Thurman Avenue, Columbus, OH	US
S1-590815515	Apsara & Co	Village & P.O. Fatepur, P.S Falta South 24 Parganas, South Parganas, Parganas South, West Bengal	India
S1-613642244	Almaraz and Medina LLC	5824 Big Valley Circle, Lipan, TX	US
S1-702336597	Physical Therapy Coastal Physicians LLC	4219 110th Street, Village Of Pleasant Prairie, WI	US
S1-391842573	#4 Presidio	216 Walker Road, Mcminnville, TN	US
S1-622939145	RL Pono	1270 Spinnaker Lane, Hanover Park, IL	US
S1-56835737	Eaton, Lucier & Fraser PC	300 7th Street, Chelsea, OK	US
S1-66358218	Marsh & Hicks Inc	1204 Nottingham Drive, Cary, NC	US
S1-449072502	Bihar Solutions Private Limited	No.80, Balaji Avenue, Govindasamy Layout, Coimbatore South, Coimbatore, Tamil Nadu	India
S1-419148679	Kamla Industries Group Co	Plot No.13734, C/O-Anath Barman Vill-Jagatber 3, Po-Bhogramguri, Cooch Behar, Koch Bihar, Coochbehar, West Bengal	India
S1-408130216	Tabbie Jacobs Healthcare LLC	17867 Cleary Trail, MN, Prior Lake	US
S1-960126068	Corner Ice Cream	1015 Country Club Drive, La Porte, TX	US
S1-492536604	Urban Properties Pvt Ltd	Sno.25/8, Pune, Navecha Road, Nr. Durga, Pimple Gurav, Maharashtra, Pune	India
S1-534520678	Fresh Wealth Union Inc	6403 12th Street, Unit #1906, Tacoma, WA	US
S1-439990641	Orient Foundation	15/901A, Mithra Nagar, Shivan Covil Jn, Nedumangad, Thiruvananthapuram, Trivandrum, Kerala	India
S1-300521665	Huerta and Minarik	710 Broadway Street, Truth Or Consequences, NM	US
S1-31462693	Buller Cardiology	810 Eureka Street, Gentry, AR	US
S1-560848017	Angel Foods Jalna Pvt. Ltd.	Maharashtra, Jalgaon Pheron, Jalna, C/O Sahebrao Vishwanath H No 276	India
S1-356820551	Stafford and Williamson LLC	500 Robert Street, Unit Unit 717, Saint Paul, MN	US
S1-346159233	Mumbai Oils Private Limited	C/O-Samarpana Salama, Pipalpali, Barapader, Manamunda, Boudh, Orissa	India
S1-816183362	Aggie's Metropolitan Digital	1839 Courtside Place Drive, Missouri City, TX	US
S1-650567133	Tildie Hernandez Aegon	9315 53rd Court, Oak Lawn, IL	US
S1-520813789	Sheetal (India) India Private Limited	Sdf Building, Block - 3 Infocity, Bhubaneswar, Khordha, Orissa	India
S1-734659223	D/Z Bancshares LLC	6738 Moscato Court, Fl 1, Hillsboro, OR	US
S1-635466493	Clyyx Sab Inc	1114 Swisher St, Iowa City, IA	US
S1-745775319	Techno (India) Infocom Private Limited	312 Meter Cabin A, Surya House, Cts No. 464/A, Village Kirol, Road No. 7, Rajawadi, Vidyavihar (E), Mumbai, Maharashtra	India
S1-93708993	Youth Safe Association Inc	AZ, Mesa, 2216 Mollera	US
S1-523999331	Smith Smart Archimedes LLC	2925 Cynthia Street, Lohman, MO	US
S1-778830470	Gulf Harbor House	3 Margate Lane, Dennis, MA	US
S1-207827400	Supreme Consulting LLP	C/O Vinod Kumar Sharma, Bhilora Nausar, Sader, Gorakhpur, Uttar Pradesh	India
S1-360352734	Torrez Vernal Inc	6012 Ronwood Drive, Des Moines, IA	US
S1-295624434	Stace F. Bausch, DO, DDS PC	81 Park Street, Mendon, MA	US
S1-521731996	Vd Plaza Private Limited	Flat No 501 5Th Floor Maa Nivas Dharmaredy Colony Phase-Ii Hydernagar, Hyderabad, Rangareddy, Telangana	India
S1-622874768	Urban Diner LLC	64 Lovering Avenue, Unit Apartment 2, Buffalo, NY	US
S1-790391714	Kraft Science LLC	118 Tyburn Court, Hampton City, VA	US
S1-617582034	Roberta Bissett All Illumination Center	Asheville, Unit T, NC, 27 Beri Drive	US
S1-612605958	Saenz and Horton Inc	1919 New Market Road, Henrico County, VA	US
S1-305783479	Shelton Dental Associates	3832 Valentine Street, Fort Worth, TX	US
S1-703201622	Tri-State Century Inc	142 Stillwater Trail, Hendersonville, TN	US
S1-170295653	Miley Integrated Citigroup P.C.	1507 Lyndhurst Drive, Chattanooga, TN	US
S1-642101524	Correna's Metropolitan Auto Body	209 Cherry Street, Unit 6, Kernersville, NC	US
S1-718013009	Inventive Commodities Pvt Ltd	Gc-10, Sanskriti Vihar Gaur City Greater Noida, Noida, Ghaziabad, Uttar Pradesh	India
S1-379512171	Moksh Fabrics Private Limited	73 G/F, Bunglow, Sector 46 Faridabad, Faridabad, Haryana	India
S1-317854633	The Dent Ice Cream	3254 Richardson Place Road, Unit APT 6, Arnold, MO	US
S1-6381641	Tirupati Technology LLP	Plot No.407, Sri Swamy Ayyappa Society, Co-Operative Society, Madhapur, Hyderabad, Telangana	India
S1-705987662	Jai Global Private Limited	Hn. 35.A Yadav Nagar Mandi Samiti Firozabad Road, Agra, Uttar Pradesh	India
S1-737171527	Solarium Healthcare Partners	Rajahmundry, East Godavari, H No. 1-65, Deverapalli Mandalam, West Godavari, Andhra Pradesh	India
S1-968656774	Gibbons Vernal Inc	14 Barbara Street, Topsham, ME	US
S1-892577020	Delta Project	Avon, IN, 562 Dylan Drive	US
S1-830790643	Global Technologies Private Limited	54-18-35 Flat No C, Vmc Revenue Ward 3, Vijayawada (Urban), Krishna, Andhra Pradesh	India
S1-86014575	Green Urban Food Pvt Ltd	R-59 Greater Kailash-I, New Delhi, South Delhi, Delhi	India
S1-107682341	Weaver Creative PLLC	113 Stanyon Park Drive, Speculator, NY	US
S1-464309352	Vector Nursing Home	41, Bipinbehariganguly Streetcentralplaza4Th Floor, Kolkata, Kolkata, Howrah, West Bengal	India
S1-879837384	Finetune Traders Private Limited	Sf-81 Shastri Nagar, Ghaziabad, Uttar Pradesh	India
S1-905507550	Chiropractic Medicine	2227 Baltimore Avenue, Muskogee, OK	US
S1-981091224	Physical Therapy Partners Care	2144 Madison Street, Chicago, IL	US
S1-298890713	Alton & Co	B-8, 3Rd Floor, Sahar Roy Appts. Chs Ltd, Sahar Road, Near Air Cargo Complex, Andh, Eri East, Mumbai, Mumbai City, Maharashtra	India
S1-627864371	Oncology Associates LLC	708 Timber Lane, Midwest City, OK	US
S1-767939959	Lambodar (india) Private Limited	Gonda, Uttar Pradesh, Gonda, Chhitnapur, Balpur, Gonda, Gonda	India
S1-754570857	Stanley Elite Newhold Inc	11705 Winter Park Terrace, Fl 0, Beaverton, OR	US
S1-382234885	Guinn Elite Royalty LLC	7922 Heim Road, Chandler, IN	US
S1-351358518	Lorita Steele Clear Best LLC	OR, Willamina, 22330 Willamina Creek Road	US
S1-627406325	Ivc Institute of Technology	Srno 56/4/1, Vision One Society, Shop No 105, Pune, Pune City, Pune, Maharashtra	India
S1-166125958	Dave, LLC	83 Acorn Circle, Unit Apartment 5, Brookhaven, NY	US
S1-570361411	Shyam Ventures Private Limited	#771, Sector 91 Sas Nagar, Mohali, Punjab	India
S1-418514604	Family Committee	3005 207, Flatwoods, KY	US
S1-298875156	Memorial Prairie League	163 Fain Road, Blountville, TN	US
S1-852845726	Ram Consulting Private Limited	40/1 Madan Biswas Lane Salkia Lp 172/2, Howrah, West Bengal	India
S1-722170008	Ziraendra Investments Private Limited	G - 76/A, First Floor, Road No - 13, Saheen Bagh Abul Fazal Enclave Part - Ii, Jamia Naga, R, New Delhi, Delhi	India
S1-411964161	Mccutcheon Element LLC	12716 Douglas Street, Yucaipa, CA	US
S1-211678907	Creative Systems Private Limited	Plot No - 12P1, Biada Industrial, Area Ward No - 4, Jhanjharpur, Madhubani, Bihar	India
S1-866481061	Indo Ventures Private Limited	Flat 1C, Block B, Chinar Heights 46/3 Chinar Park, Kolkata, Kolkata, Howrah, West Bengal	India
S1-235360444	Supreme Transit Advisors Corp	196 Firetree Lane, West End, NC	US
S1-746713383	Schoenberger Spire, Inc	241 Yant Street, Bolivar, OH	US
S1-183373288	Bridgman Graf Inc	250 Farm Street, Millis, MA	US
S1-585293112	Mcpheron Citizens LLC	740 Emmett Road, Maysville, NC	US
S1-493124566	Ebel & Rearick	1161 Purdue Avenue, Fl 0, Saint Louis, MO	US
S1-618570184	Advanced Barings	107 Margin Street, Orono, ME	US
S1-257281473	Kanpur Industries Private Limited	108/117 Gandhi Nagar, Kanpur, Uttar Pradesh	India
S1-130264484	Green Foundation Limited	875/31, Laxman Vihar Phase-I, Gurgaon, Haryana	India
S1-68626877	Fassbender & Hendricks LLC	9521 Lawrence Court, Unit GARDEN, Schiller Park, IL	US
S1-772324975	Eadie Richards Ace Signs Inc	8323 Fordson Road, Henrico County, VA	US
S1-745303317	Ahmadabad City Polytech Private Limited	1001, 10Th Floor, Aaryan Workspaces-2, Nr. Navkar Public School, Gulbai Tekra Road, Ahmadabad City, Ahmedabad, Gujarat	India
S1-234787807	T I Mccracken Xflh LLC	MD, Loch Raven, 603 Seminary Avenue	US
S1-932827505	Jk Technologies Private Limited	A-107, Sector-63, G B Nagar, Noida, Gautam Buddha Nagar, Uttar Pradesh	India
S1-238115724	Cogent & Associates	Office No 601, 6Th Floor, Business Centre, Nashik, Maharashtra	India
S1-952266463	Legacy Jaws Inc	1820 7th Street, Unit 419, Phoenix, AZ	US
S1-244476321	Global Broking Partners	Block No G-9, Midc, Kupwad, Sangli, Maharashtra	India
S1-761407497	Urology Supreme Center	TX, Richardson, 603 Palomar Lane	US
S1-844412430	Twisted Book Store LP	1125 Madison Street, Unit B3, Annapolis, MD	US
S1-878933360	Seabird Retailers Pvt. Ltd.	Villa No.229, Indu Fortune Fields, Phase-13, Kphb, Kukatpally, Hyderabad, Telangana	India
S1-432558180	Back Alley Pilates Inc	330 Creekside Drive, League City, TX	US
S1-746735853	Bangalore South Solar Private Limited	B 802 Tower 3 Adarsh, Palm Retreat Apartment, Bangalore South, Bangalore, Karnataka	India
S1-181306265	Continental Industrial Works Clinic	7703 Prairie View Road, Kansas City, MO	US
S1-682825529	Children's Society Partners	Unit 1071, Tempe, 701 Apache Boulevard, AZ	US
S1-114864723	Crittenden, Jones and Pope	10657 Golden Bear Way, Noblesville, IN	US
S1-745450749	Oki Therapy (India)	12 Thakurdas Banerjee Road, Kolkata, North 24 Parganas, West Bengal	India
S1-422772138	Real Enterprises Private Limited	Shop No G 10, Parksyde Business Avenue, Nashik, Maharashtra	India
S1-49535321	Primary Care First Physicians	IN, Milford, 6235 1100	US
S1-771609668	Renukadevi Infotech	6, Bishop Lefroy Road, 2Nd Floor, Suite No.15, Kolkata, Kolkata, Howrah, West Bengal	India
S1-942104958	Force Wealthtech Private Limited	Pune, 148, Maharashtra, Pune, Ganesh Nagar Colony No. 12 Pune	India
S1-599145787	Samagra Electronics Private Limited	11Th Main Road, Btm Layout, 1St Stage, Bangalore South, Bangalore, No 65, Karnataka	India
S1-426033453	Madurai- 14 Seeds Private Limited	12-5/73, Nethaji Iind Street, Viswanathapuram Madurai- 14, Madurai- 14, Madurai, Tamil Nadu	India
S1-840218727	Heritage Design Industries LLC	1111 Innsbrook Lane, Buffalo, MN	US
S1-775313117	Shir's Catering	185 Tickle Road, Westport, MA	US
S1-871302092	Cure Hypnosis!	2811 Monthaven Drive, Arlington, TX	US
S1-237670057	Jay Foods Private Limited	C/O Sirajuddin Ansari, Mohanmundera, Bodarwar, Hata, Kushinagar, Uttar Pradesh	India
S1-918001356	Bts Drilling Limited	Cheruparambil, Kaithavana, Sanathanapuram Po Mathoor, Ambalapuzha, Alappuzha, Kerala	India
S1-893733254	Om Industries Limited	502 Gupta Bhavan, Plot 64B Sant Tukdoji Maharaj Rd, Carnac Bunder, Ch, Inchbunder, Mumbai, Mumbai City, Maharashtra	India
S1-63655361	SJ Liberty Retail	6720 Kingston Pike, Knoxville, TN	US
S1-994258416	Johnson, Hoffman & Hicks Indigo LLC	IN, Bedford, 202 Hillcrest Way	US
S1-28410420	Total Wireless Technologies	578 Hyacinth Road, Gilmer, TX	US
S1-326888389	Dream Consulting Private Limited	Iskon Mall Office No-331, Nr Big Bazar 150 Ringroad, Rajkot, Gujarat	India
S1-308671803	RPL Ofs	235 Lexington Avenue, Unit Apartment 10D, White Plains, NY	US
S1-6504827	WOG Merger LLC	2196 Thornwood Lane, Memphis, TN	US
S1-998375147	Southern Pacific Group	3858 West Avenue, Unit B, Greensboro, NC	US
S1-218948566	Vision Global Solutions Private Limited	Pune, Midc, Industrial Estate Bhosari, W51, Pune, Maharashtra	India
S1-705139382	Thane Shrishti Pvt Ltd	H No 505, Vasai Road, Near Vithal Bhaskar Mhatre House, Kalwar, Bhiwandi, Thane, Maharashtra	India
S1-253185653	Red Agro Private Limited	305, 3Rd Floor, Krishna Complex Tilak Road, Abids, Hyderabad, Telangana	India
S1-196127879	Atlantic Diamond Social	4309 Feather Dalea Avenue, Albuquerque, NM	US
S1-800294363	Great Investments Private Limited	106, 8Th Main Road Malleswaram West, Bangalore, Karnataka	India
S1-673498458	Powell Capital Inc	2100 Vinton Street, Lafayette, IN	US
S1-774320076	Jeniece Siddique Glass Inc	Unit 229, Columbus, 2687 Livingston Avenue, OH	US
S1-943879014	Crj Traders of Mysore Private Limited	No. 36, 3Rd Stage, Hale Kesare, Rs Naidu Nagar, Mysore, Karnataka	India
S1-235258587	Tri-State Preferred Gsr	925 3rd Street, Burlington, IA	US
S1-182662840	Dental American Medicine PLLC	21299 Stacey Road, Queen Creek, AZ	US
S1-620179786	Washington and Dillon Precious	IL, 1589 Rochester Road, Pingree Grove	US
S1-177088763	Batten, Adella, CPA	90 Meadow Lane, Lawrence, NY	US
S1-698564395	Metropolitan Patriot Fitness	6020 Auburn Street, Wolcott, NY	US
S1-694921791	Senthur Constructions Limited	H. No. 39-A, Block-C, Near Solanki School Budh Vihar Phase-2, Village Pooth Kalan, Delhi, North West, Delhi	India
S1-864797403	Ecotech Commodities Private Limited	Flat No. 806, Pratima Paradise Maharanipeta, Beach Road, Visakhapatnam, Vishakhapatnam, Andhra Pradesh	India
S1-621246789	Choice Globa	1115 Brunswick Way, Anderson, IN	US
S1-967577604	Animal Welfare Council	451 Ethan Court, Newport News City, VA	US
S1-262975311	Global Trust LLC	Leominster, MA, Unit 4, 42 Main Street	US
S1-47869953	Prestige Servicesprivate Corporation	Near Choti Mazjid, Dhabali Vihir, Mangalwari Peth, Umred, Nagpur, Maharashtra	India
S1-420073336	Optimal Hospitality Holdings Care	10652 Sherman Drive, Eden Prairie, MN	US
S1-530687623	Dermatology Center	288 Mistletoe Lane, Vincent, AL	US
S1-705632806	Ideal Industries Group	Shop No.4 & 5, Kamala Nagar Chs Ltd M.G.Road, Near Bohara Colony, Kandivali West, Mumbai City, Maharashtra	India
S1-361627720	Prabhat Trading Private Limited	470, Bhagirath Pura, Indore, Madhya Pradesh	India
S1-52131287	Skin Traders Limited	Ward No-24, Fooj Ka Mohalla Near Chourasiya Mandir, Jhunjhunu, Jhunjhunun, Rajasthan	India
S1-301283839	Lakshmi Impex	76, Main Road, Phase-3, Jawahar Auto Nagar, Plot No 74, Vijayawada, Andhra Pradesh, Srikakulam	India
S1-270255759	AY Entertainment Group	5629 Galloway Road, Flemington, WV	US
S1-97577130	Howard Enterprises Partners	9928 Sawyer Avenue, Evergreen Park, IL	US
S1-592498716	Supreme Dave	6104 Gauley Turnpike, Heaters, WV	US
S1-811584019	National Interprivate Inc	128 Lenoxplace Circle, Garner, NC	US
S1-902150059	Star Equipments Private Limited	H No. 1071 Jafarabad Road, Gangapatti, Jaunpur, Uttar Pradesh	India
S1-946922673	Sar & Co	Siliguri, Darjeeling, City Centre Nh-31, Matigara, West Bengal, G-307	India
S1-17573606	Green Agro Private Limited	South Delhi, New Delhi, H-49/14Galib Aptt Iiird Floor Batla House Jaima Nagar Okhla, Delhi	India
S1-684545756	Technologies Mahendra Dyechem Limited	Shop No 5 7 6 A P M C Marketvasna Tolnaka Vasna, Ahmedabad, Gujarat	India
S1-910100521	Indo Business Pvt Ltd	504, Rivona - A, Hiranandani Heritage, Poisar Brigde, S.V. Road, Poisar, Kandivali (We, St), Mumbai, Mumbai City, Maharashtra	India
S1-820751255	Zeclarsoft, L.L.C.	789 349 Street, Eastlake, OH	US
S1-741817106	Rajkot Recording Corp	Opp. Astron Society, Amin Marg Trisha 2, Bunglows No-37, Rajkot, Gujarat	India
S1-877882228	Mendez Medical Center	Valparaiso, 267 475, IN	US
S1-616950184	Karina's Brokerage	8422 Care Drive, Garfield Heights, OH	US
S1-22901106	Sibel Nguyen Metropolitan Associates Inc	913 4th Street, Sinton, TX	US
S1-44634215	Dj Works Pvt Ltd	D-754, Jagdamba Nagar Heerapura, Ajmer Road, Jaipur, Rajasthan	India
S1-830300644	Miller, Santiago & Granquist LLC	1423 Edith Avenue, Louisville, OH	US
S1-572666706	Schofield's Occupational Therapy	2225 Oran Delphi Road, Pompey, NY	US
S1-669413769	First Investment Private Limited	57B, Purna Das Road, Kolkata, Howrah, West Bengal	India
S1-785336105	Gambhir Trust	8/496, Trichy Road, Coimbatore, Tamil Nadu	India
S1-974185394	Temple Synagogue	10932 Bells Ridge Drive, Potomac, MD	US
S1-169108778	Smart Industries Private Limited	Delhi, South Delhi, New Delhi, Omaxe, Square, Plot No.14, Jasola District Center, Unit No. Ff-48A	India
S1-796167853	Goodman, Danielson & Payton LLC	114 Lamme Street, Bozeman, MT	US
S1-945793047	Shrikrishna Footwear (India) Private Limited	Shed No C/42/1 Gidc Estate, Nr. Fire Station Opp. Ambicanagar, Odhav, Ahmedabad, Gujarat	India
S1-547971316	General Design International Inc	800 Brommer Street, Unit 27, Santa Cruz, CA	US
S1-235705784	Urban Pub! Center	15 Brilliante Circle, Hot Springs Village, AR	US
S1-438047370	Saidee Arora Bright Currencyshares Inc	3417 Oxford Street, Midlothian, TX	US
S1-164017572	Black and Council Idaho Inc	11855 Gross Drive, Parma, OH	US
S1-171471216	Aarvendra Amusement Pvt Ltd	No.288, Motappanapalya, Hal 2Nd Stage, Indiranagar, Bangalore, Karnataka	India
S1-777898303	Fifi Basinger World	2290 Spring Street, Lima, OH	US
S1-898279595	Star Enterprises Pvt Ltd	North Delhi, Delhi, 26, Prem Niwas Malkaganj Road, Delhi	India
S1-896330803	Wildlife Foundation IV LLC	1901 48th Avenue, Anchorage, AK	US
S1-202517222	Mcbride Preparatory Academy	2200 Kraft Drive, Unit STE 1325, Blacksburg Town, VA	US
S1-385823757	Suniti Services Private Limited	32 Ezrz Street 6Th Floor, Kolkata, Howrah, West Bengal	India
S1-677358632	Dutta Experience Private Limited	Shreenath, 96, Shiv Aradhna Society, Satyasai Hospital Road, Rajkot, Gujarat	India
S1-886002896	Saenz Empire Martin Corp	6522 Portlick Drive, Katy, TX	US
S1-226731020	Mi Brothers Private Limited	21B/1, Baishnabghata Lane, Ground Floor P.O. Garia, Kolkata, Kolkata, Howrah, West Bengal	India
S1-196390702	XBW Synthetics	Hotel Sai Sanjeevani, Opp. Saibaba Hospital, Behind Bsnl Building, Nagar Manmad Highw, Ay, Shirdi, Ahmednagar, Maharashtra	India
S1-846870843	Surgical Physicians LLC	75 Cottonwood Road, Wake Forest, NC	US
S1-652302768	Leone Security Services	2815 Candlers Mountain Road, VA, Lynchburg City	US
S1-189218186	Sujay Electrodes Private Limited	#221/2, Dhuri, Sangrur, Ward No. 10-A, Near Caplash Nursing Home, Punjab	India
S1-925911205	MYF Print	186, Ground Floor, Ganga Lane, Sector -5, Ghaziabad, Uttar Pradesh	India
S1-62329201	Urology Center Inc.	695 Empire Boulevard, Irondequoit, NY	US
S1-34717806	Lopez and Farmer Corporation	16 Gebung Road, Alfred, ME	US
S1-218518704	Ajay Welfare Society	Lg-27, F Block, Ground Floor Sushant Shopping Arcade, Sushant Lok-1, Gurgaon, Haryana	India
S1-548281154	Hoffman & Hardison Braemar Inc	8272 Brick Granary Road, DE, Lincoln	US
S1-376114110	Elite Systems Private Limited	Delhi, 306 & 307 Sewek Bhawan16/2 W E A, New Delhi, Arya Samaj Road Karolbagh	India
S1-521143416	Dreddy Lowe, CPA Clinic	930 Trout Street, Staunton City, VA	US
S1-410304151	Interstate Health Alliance Inc	1138 Main Street, Bldg ACUSHNET FIRE DEPARTMENT FIRE STATION #2, Acushnet, MA	US
S1-100516852	Ham and Schmidt LLC	23 Haywood Lane, North Greenbush, NY	US
S1-45964697	Tani Ealy Bright Prudential LLC	21 Pleasant Park, Millis, MA	US
S1-371671884	Floor & Partners	Barakhamba Road, New Delhi, Delhi, 305, Nilgiri Apartments, 9	India
S1-65296733	Fresh Book Store	Lancaster, NY, 323 Central Avenue, Unit Suite 2	US
S1-388325812	Slate Inc	1930 Fawn Drive, Cheltenham Township, PA	US
S1-184229550	High Hari Constructions Pvt Ltd	Office No. 325, Sector 17, Vardhaman Market, Thane, Maharashtra	India
S1-203667972	Taylor White Inc.	7519 55, Seven Springs, NC	US
S1-125472274	Eagle India of Nagpur	Flat No 35, Yashoda Nagar Stage-Ii, H.Road, Nagpur, Maharashtra	India
S1-834386502	Indo Builders Private Limited	768 Setellite Junction Kailod Hala, Indore, Madhya Pradesh	India
S1-942654297	Medicon Hospital	Hyderabad, First Floor, Opp. Kiran International School, Keshav Nagar, Boduppal, 9-35/3/4, Telangana, Rangareddy	India
S1-495565221	Patron Fund Private Limited	87, Arcot Road, Sathuvachari, Vellore-632 009, Vellore-632 009, Vellore, Tamil Nadu	India
S1-409097297	Sallyann Alvarez, DPM	711 Penn Drive, Friendswood, TX	US
S1-172667135	York Ingredients	537 Par Drive, Unit Apt 3, Marion, AR	US
S1-393746933	Mathis Colonial Fitness LLC	310 Merchant Street, Byron, IL	US
S1-650051667	Jaipur Health Pvt Ltd	C-1304, Anukampa Platina, Jaipur, Rajasthan	India
S1-399029451	Global Builders Private Limited	4805/24 Fourth Floor Pvt-2, 24.Bharat Ram Road Darya Ganj, Delhi, Central Delhi, Delhi	India
S1-206177417	Banyan Learning Pvt Ltd	Wz-142, South Delhi, First Floor, Naraina Ring Road, Naraina Village, Delhi, New Delhi	India
S1-282089477	Maestas Churchill Inc	113 Palmer Street, Arma, KS	US
S1-111273522	Main Street Diner Inc	605 Main Street, Elmore City, OK	US
S1-76214334	One Super Energy Private Limited	95 Shri Siddhivinayak Res, Khedapati Mandir Ab Road, Indore, Madhya Pradesh	India
S1-611979795	Basf (India) Marketing Private Limited	2Nd Floor, Site 6, No.42/2, Munnekolala Varthur Hobli, Bangalore, Karnataka	India
S1-829348020	All Management Limited	52-12-1 Rajendra Nagar, Rajahmundry, Guntur, Andhra Pradesh	India
S1-538674211	Southern Graphics LLC	50 Chinkapin Lane, Robbinsville, NC	US
S1-261360486	Dynasty & Co	A-108 Vasundhara, Apartment Dwarka Sector 6, New Delhi, South West Delhi, Delhi	India
S1-962416500	JY Electronics Limited	Shop No 12 Sabar Complex Opp Essar Petrol Pump Ambaji Highway Road, Khedbrahma, Sabar Kantha, Gujarat	India
S1-378245327	Dental Center	12814 175th Avenue, Monroe, WA	US
S1-414883860	Oneal Rain LLC	9477 Greenback Lane, Unit STE 407, Folsom, CA	US
S1-20679780	Red Power LLP	No.47, 86Th Street, Kanniappa Nagar Ashok Nagar, Chennai, Tamil Nadu	India
S1-191708568	Wood and Mercado LLC	95 Cherry Hill Road, Hamden, CT	US
S1-549398205	Raje Organics Private Limited	No.1/289, Saddiq Nagar, Near Avinashi Lingeswarar Kovil, Udumalaipettai, Coimbatore, Tamil Nadu	India
S1-988009600	Raj Software Private Limited	W/O Kumar Bharat, House No. 12, Kishore Bhawan, Justice Mandal Path, Patna, Bihar	India
