entity_id	business_name	business_address	country
S2-166376419	राम मार्केटिंग प्राइवेट लिमिटेड	KH NO. -570/13, NEW DELHI, WEST DELHI, Delhi	India
S2-764573417	-- Holloway Peak Inc Seafood	105 ELM ST, MORGANTON, NC	US
S2-639257739	आदित्य प्रॉपर्टीज एलएलपी	G-3/571, GULMOHAR COLONY, BHOPAL, Madhya Pradesh	India
S2-163963287	Summit Inc	GREENSBORO, NC, 19 1/2 STARDUST TRAIL	US
S2-49942811	Delta Tetlecommunication Inc	914 PIERPONT AVE, CLEVELAND, OH	US
S2-138046867	Lee and Lawson	1702 Pine Avenue, CITY OF MENOMONIE, WI	US
S2-584977605	SHIVSHAKTI VIDYALAYA VIDYALAYA OVERSEAS CORPORATION | www.shivshakti.com	H.NO 204 C ROAD HOSHIARPUR, PUNJAB, Punjab	India
S2-277444929	Shree Infracon Private Ltd	63/2275/7, ALHIND TOWER, FIRST FLOOR, JAFFERKHAN COLONY, KOZHIKODE, Kerala	India
S2-721031885	Chavira Platinum Chimera LLC	282 SAXONY DRIVE, FTT MITCHELL, KY	US
S2-508602797	FOUNDATION EXCEL AGENCY PRIVATE  LIMITED	HN 753 E-1, BHARAT NAGAR, 104/1/1 ERANDWANE, Maharashtra	India
S2-69394310	heassociates.com	599 PEASE HILL ROAD, HORICON, NY	US
S2-615967906	सन कंस्ट्रक्शंस प्राइवेट लिमिटेड	43 SUKH SAMRUDDHI, Maharashtra, PUNE REGION, PUNE, BUNGALOW NO. 5, S. NO. 5, VIDISHA SOCIETY, KARVE NAGAR	India
S2-684635925	Global Developers Medicals Private Limited	H.NO 008 GOVIND BUILDING OPP.HOTEL VRINDHAVAN AARAY ROAD GOREGAON (EAST), MUMBAI, Maharashtra	India
S2-868087865	ASSET BUILDING COALITION LLC	8219 17RD STREET, LAKE STEVENS, WA	US
S2-795141272	Olszewski Holding Company LLC LLC	218 SHOAL CREEK, WILLIAMSBURG, VA	US
S2-414418413	CANDY'S-SERVICES	313 FOXBOROUGH DRIVE, BRUNSWICK, OH	US
S2-566688803	रियल मॉडर्न फूड लिमिटेड	SHP NO. G-4, PLOT NO. 19, SECTOR 42, NERUL, THANE, NAVI MUMBAI, Maharashtra	India
S2-634015823	Crestline Crestline Clean LP	HIGHWAY 49, ASHLAND CITY, TN	US
S2-378707035	Nion	7100 BRIGHAM ROAD, HENRICO COUNTY, VA	US
S2-953098128	Keystone Odyssey Odyssey LLC	1418 MEADOWBROOK DR, JOHNSON CITY, TN	US
S2-526991413	Jones Royal  Bancshares	61573 FRIENDSHIP LN, CNROE, TX	US
S2-879667609	குளோபல் பிசினஸ் பிரைவேட் லிமிடெட்	#C-21 - S, AMBATTUR, CHENNAI, Tamil Nadu	India
S2-202057528	Altitude Retail	C7 419BONNY BUILDING KATTOOR P O, MALAPPURAM, Kerala	India
S2-763108962	Core Welfare Society LLP	PLOT NO Q-17 KH. NO. 48/19 GROUND FLOOR ONLY, FLOOR BLK-Q RAJEEV EXTN VILLAGE KARALA LANDMARK NEAR, DELHI, Delhi	India
S2-415733261	Sweet Barbershop (Co)	05131 COPPER MEADOW LN, WEST JORDAN CITY, UT	US
S2-294835210	COBALT  (LLC)	NC, CANLER, 110 MEADOWBROOK ACRES	US
S2-944853638	Piedmont Complete Chile  L.L.C.	259 1/2 CAVALIER WAY, BURLINGTON, NC	US
S2-235039028	Empire School of Medicine	0477 MELISSA COURT, GAHANNA, OH	US
S2-783158461	Animal Welfare Nétwork	260 CADILLAC DR, SACRAMENTO, CA	US
S2-669879950	Hail, Harris & Roberts Inc	8 WENTWORTH AVE, STOUGHTON, MA	US
S2-673704658	Behavioral Health Anchor Care	1715-1719 Orchard Blossom Drive, CITY OF APPLETON, WI	US
S2-133664209	Bay Bdc Co	DC, WASHINGTON, 2117 F STREET	US
S2-49714549	CLASSIC [TECHNOLOGIES]	Rajasthan, HN G-103 113, VRINDAVAN VIHAR, DCM, AJMER ROAD, JAIPUR	India
S2-401480583	Division of Sanitation	IN, 2178 WILLOW LANE, PERU	US
S2-54307441	LLC METRO COALTIMN	SAVORY LANE, FELTON, DE	US
S2-91305348	Swastik Impex Private Ltd	8-2-595/3/8A-8B, EDEN GARDENS, ROAD NO.10, KHAIRATABAD, Telangana	India
S2-73037424	Eye Valley Medicine Incorporated	39 MAIN STREET, SAVONA, NY	US
S2-332014708	Direct Acadia Inc	CURTIS STREET, TOLEDO, OH	US
S2-40574852	TATAA BEST AGRICULTURE	1225  GUMWOOD DRIVE, OH, PLEASANT TWP	US
S2-836840386	[INCORPORATED] PEAK TRADIN6 NETWORKS SOUTHSIDE	2062  SMITH HOLLOW RD, BLAINE, TN	US
S2-208005980	Solstice LLC	303 MCCORD ROAD, ROUNDUP, MT	US
S2-978126813	Private Ambernath Sólar Limited	PLOT NO B-78/1, ADDITIONAL MIDC ANAND NAGAR, AMBERNATH EAST, THANE, महाराष्ट्र	India
S2-257885603	Apex Preferred Strategy  Inc	2467 EDDINS ROAD, DOTHAN, AL	US
S2-428899461	Roopant Pvt Ltd Partners	HN 247 A/109, MINI MARKET CO-OP. HSG. SOCIETY LTD., FIRST FLOOR, B. P. ROAD, BHAYANDER (E), THANE, Maharashtra	India
S2-125007797	Doolittle, Hasvey and Hardy	2017 COBBLESTONE DRIVE, COLOGNE, MN	US
S2-647437327	G-P Starkey Motor	7336 MAITLAND LN, CHARLOTTE, NC	US
S2-838526909	Highland Arc Inc.	WA, FEDERAL WAY, ##2326 341ND PLACE	US
S2-912941112	JEN ELWOOD ART5 CENTER	145 CR 2729, MICO CCDP, TX	US
S2-511731036	Vantageavigild	067 PRODUCTION CT, NULL, INDEPENDENCE, KY	US
S2-653150968	prprivate.com	ROYAL ARCHID SECOND FLOR, GITGUJARI 4/8 CORNER, RAJKOT, Gujarat	India
S2-349287094	TAMANNA and  BROTHERS PRIVATE LIMITED	F NO. 22 GOLDEN PEAK CHSL, 6TH FLOOR, AMBEDKAR ROAD, MUMBAI, Maharashtra	India
S2-348280942	શક્તિ અર્બન પ્રોડક્ટ્સ પ્રાઇવેટ લિમિટેડ	SHOP NO.F107 AND F106, FIRST FLOOR SOHAM RESICOM, VADODARA, KALALI, Gujarat	India
S2-129228958	Autism Assistance Network Corp	TX, 1410 MAIN BLVD, BROWNWOOD	US
S2-187379771	Guerra And Krueger Table, LLC		US
S2-316755660	Beacon Realty Industries-Corp	2724 CANTON DR, FT WORTH, TX	US
S2-163588551	Radiant Marbles  Private	NO 23 GANESH PETH, OFF-NO 107, FLOOR -1, KAK, PUNE CITY, Maharashtra	India
S2-102309877	palani kripa private limited	NO. 04 , 10TH MAIN 4 E BLOCK, RAJAJINAGAR, BANGALORE, Karnataka	India
S2-423519674	agrosheronhotels.com	BENTA CHOWK, DARBHANGA, Bihar	India
S2-224839523	Great Estate Private Ltd	H.NO 13 C/O:MADAN MOHAN JHA, S/O:SH AKHILESH JHA 166-A, KALYAN NAGAR, HAJYAWALA SANGANEER, JAIPUR, राजस्थान	India
S2-223038034	SWAYAMBHU BROTHERS LLP	HOUSE NO 6-1-635/A, KHAIRTABAD, HYDERABAD, Telangana	India
S2-64510343	अल्फा अल टेक्नोलॉजीज प्राइवेट लिमिटेड	NO 990 C-2 GREATER KAILASH ENCLAVE PART-II, NEW DELHI, SOUTH DELHI, Delhi	India
S2-457500956	Pediatric Dentistry Crystal Care Incorporated	##6806 ROBIN DR, WY, GILLETTE CITY	US
S2-956811797	americancoalition.com	1805 WESTERN RESERVE ROAD, YOUNGSTOWN, OH	US
S2-631299191	ग्लोबल इन्वेस्टमेंट प्रा. लि.	PLOT NO. ##74, SECOND FLOOR ZONE-2, M.P. NAGAR, BHOPAL, मध्य प्रदेश	India
S2-867614780	FIRST COMMUNITY CHURCH CARE	3006 NORTHWEST HIGHWAY, DALLAS, TX	US
S2-982496654	THE SPICEWOOD-HOMES	22120 1/2 COYOTE CAVE TRL, null, SPICEWOOD, TX	US
S2-44100844	Sree  Ventures	#77-1-2 GANDHIPURAM-3 NEAR, PRIYANKA RESTAURANT, RAJAHMUNDRY (URBAN), Andhra Pradesh	India
S2-54720637	MT	25 PALMER SAINT, FALL RIVER, MA	US
S2-168770832	Dubey Media (Ltd)	701, VISHNU CHANDRA SKY, R A KIDWAI ROAD, WADALA WEST, MUMBAI, Maharashtra	India
S2-751730544	L E Pierce Cal [PC]		US
S2-298761341	Lewis, Fog1eman & Lambert LLP	57 THOMAS STREET, PORTLAND, ME	US
S2-829598251	Vishal & Sons Private	NO. 28 PSIXL-3RD FLOOR, NEWTOWN ROAD, UNIT NO. 305, PO RAJARHAT GOPALPUR, KOLKATA, KOLKATA, পশ্চিমবঙ্গ	India
S2-800014563	FO India Limited	6-4, CENTRAL ROAD, ANANDOLOKE SODEPUR, KOLKATA, পশ্চিমবঙ্গ	India
S2-67505679	Fortune Private Limited Center	West Bengal, NO 22 PRINCE ANWAR SHAH ROAD, MERLIN OXFORD, KOLKATA, KOLKATA	India
S2-586376607	FH Bleihroeder	1157-1161 HAMILTON RD, PARK HILLS, KY	US
S2-284019526	INCORPORATED 3-POINT	7920 EAST FREEWAY, HOUSTON, TX	US
S2-571714424	lochravengolden.com	15-A TREEWAY COURT, LOCH RAVEN, MD	US
S2-983938812	8-BROTHERS SERVICE	321 SHORE ROAD, GREAT NECK, NY	US
S2-705827573	Jeanette  Fisher Alliance LLC	4314  COBBLEWOOD CT, INDEPENDENCE, KY	US
S2-70709851	Luxmi Steel	D NO:52-1/9-8, FLAT NO 501, SRYA MANSION, NTR COLONY GUNADALA, VIJAYAWADA, Andhra Pradesh	India
S2-59544689	Muskan Netcomm  Private Limited	179 , SECTOR-7 IMT MANESAR, GURGAON, Haryana	India
S2-895116270	BELL BUILDERS CENTER LTD	LIG 3, B2 -004, SURYA NAGARA, CHANDAPURA ANEKAL TK, BANGALORE, Karnataka	India
S2-553620620	Star Chicago	05034 19TH AVENUE, WA, SEATTLE	US
S2-909528445	*** Country  Real	0169, MUMBAI, MUMBAI CITY, महाराष्ट्र	India
S2-28111444	Medf0rd Optimal Apple	MORRISTOWN, TN, 1907 LINKS BOULEVARD	US
S2-689674207	Mendoza and Brumbaugh Focus [Group]	4720 50TH AVENUE, PARKWAY, CA	US
S2-769808418	Villafana's Strategic	#654 MONROE ST, SHAKOPEE, MN	US
S2-635228641	Royal Pvt Ltd Center	PLOT 008, CHAITANYA IND AREA, GANGA FORGING GATE, KOTDA SANGHANI, ગુજરાત	India
S2-373515798	marquezt0ken.com	LUBBOCK, TX, 2433 23ND ST	US
S2-839616035	Nyssa Citizen Roman	1823 600, SPRINGVILLE, UT	US
S2-784868420	peakdynamicmetlife.com	8697 1980, W JORDN, UT	US
S2-906753214	फर्स्ट फूड प्राइवेट लिमिटेड	HN 210 F NO 5, NASHIK, महाराष्ट्र	India
S2-778736994	Sri SARK COMNSUTANRY INDUSTRIES	SY NO 26/1.16 HOSTEL RD, SHOP NO. 5, 2 VTB GARDEN, BANGALORE SOUTH, Karnataka	India
S2-162849450	Preferred Bay Montage Inc		US
S2-56744275	URGENT CARE STRATEGIC CENTRE (INC)	458 MILLS STREET, SANDUSKY, OH	US
S2-722166534	Jupiter-Advisors LLP	FLAT NO 702, 7TH F, B-PL3, TOWER ICONIC, SECTOR -45, Haryana	India
S2-265287731	Premier Focus Llc	#7811 CORNFLOWER COMMONS DR, MINT HILL, NC	US
S2-633236997	Surgical Cillgc Harbor	22 SADDLE RIDGE ROAD, BIG SKY, MT	US
S2-622773844	Colonial Centers Llc	8104 RITCHIE HIGHWAY, PASADENA, MD	US
S2-333785505	Cornerstone Cloud Labs  LLC	4233D LIBERTY HILL RD, CHILLICOTHE, OH	US
S2-469073813	Global Traders Enterprises Private	NO C-64 GAGAN KUMAR RAI, NIRALA, NAGAR, BEHIND ANAND RESIDE, DINAPUR-CUM-KHAGAUL, बिहार	India
S2-923049280	પ્રાઇમ બાલાજી ટ્રેડિંગ પ્રા. લિ.	B/A-5, MANINAGAR, AHMEDABAD MANINAGAR, ગુજરાત	India
S2-888440125	Peak Design Consultants, Group	80 WOODFIELD CROSSING, ROCKYY HILL, CT	US
S2-556543773	Great Egnivonmntal Services LLC	SOUTH STREET, DALTON, MA	US
S2-625831173	Paul Star Spale Group	18890 DEER RIDGE LANE, STILLWATER TOWSNHIP, OK	US
S2-91704178	Lique Valley Painting Center Co	RED HILL, PA, 101 MAIN ST	US
S2-164086509	AGUIRRE HILLS INC	KIMBALL PLAINS ROAD, PO BOX 3611, COTTONWOOD, CA	US
S2-152030787	Vargas Pharma Llc	21 A Ministerial Drive, CONCORD, MA	US
S2-254788212	Hyacinthe Cusack Services	DALLAS, 195 NOMAS ST, PO BOX 7491, TX	US
S2-623817123	creative mortgage global	##391 GRASSY HILL ROAD, WOODBURY, CT	US
S2-667620668	Gordon Superior Standard, LLC	MN, BAUDETTE, 1934 63RD ST	US
S2-938623294	Human Rights Society Holdings	214 MAIN ST, KERNERVSILLE, NC	US
S2-319516258	alonsobambiedc.com	6616 MORGANTOWN ST, RALEIGH, NC	US
S2-35158435	Custom  Platinum Launchpad	197- DORRENCE RD, GRANVILLE TWP, OH	US
S2-435778329	PRIVATE AHMEDABAD INFRATECH (LTD)	A-29 KARAMACHARINAGAR IGHATLODAIA, AHMEDABAD, GHATLODIYA, Gujarat	India
S2-322802571	होटल वेंचर्स लिमिटेड	LUCKNOW, C-121, MEENA BAKERY CHAURAHA NEAR DARIYAPUR, Uttar Pradesh	India
S2-952329168	GM (INDIA) FABRICS LTD	West Bengal, 38/1A, G.J. KHAN ROAD TILJALA, KOLKATA	India
S2-34975790	Fanny's Manufacturing	60TH STREET, NULL, ANDERSON TOWNHSIP, IN	US
S2-585890462	Donna Dvdis Tidewater Holdings	13413 21TH AVE, TACOMA, WA	US
S2-537858187	UROLOGY CLINIC GLOBAL	11432-11436 KRISTINA CIR, MONTGOMERY, TX	US
S2-190103142	Foods Gdo1aag Realcon  Private Limited	#44, KILATHOPE STREET, MADURAI MADURAI, MADURAI, தமிழ்நாடு	India
S2-474827065	almalindustries.com	F 4 1, NAREGAON ROAD, CHIKALTHANA MIDC, AURANGABAD, Maharashtra	India
S2-308442620	JP  MONTREAL	6535  PREMIER DR, NASHVLLE CDP, TN	US
S2-298914373	*** Sai Tech Private Limited	A-0342, GAUTAM BUDDHA NAGAR, NOIDA, Uttar Pradesh	India
S2-968244171	Conforti and Lopez Midtown L.L.C.	3989 FOREST EDGE DR, COLUMBUS, OH	US
S2-477675434	NATIONAL RETAIL TECHNOLOGEES CENTRAL	6010 HORSE TRAP DR, FORT WORTH, TX	US
S2-948280510	Shri Upasana Hospitalities [(Clinic)]	HN 996 A-201/202, DELPHI, HIRANANDANI BUSINESS PARK POWAI, MUMBAI, Maharashtra	India
S2-200464422	mirasolutions.com	H.NO 32 VA, 37/3567/A15, OFFICE NO. 6B, ASSET CORRIDOR, EDAPALLY NEAR LULU MALL, ERNAKULAM, Kerala	India
S2-857681318	Family Specialists	4733 LIBERTY RODA, SALEM, OR	US
S2-402816014	MADYNE ASSOCIATES	124 HILLSBORO PL, NASHVILLE, TN	US
S2-411562965	Kalie Cassidy, O.D.,	HOUSTON, TX, 3302D JACKSON SAINT	US
S2-628335210	ANNEX  MEMORlAL TRUST LIMITED	DOOR NO 683 21-22, NATIONAL CHAMBERS, NR. CITY GOLD CINEMA, ASHRAM ROAD, AHMEDABAD, Gujarat	India
S2-757169960	OX Innovation Private Límited	Delhi, B-2, NEHRU PLACE BETWEEN B BLOCK CHIRAG ENCLAVE, NEAR FLYOVER, NEW DELHI, DELHI	India
S2-465002151	chandraindiafund.com	262A, SODEPUR 1ST LANE, KOLKATA, KOLKATA, পশ্চিমবঙ্গ	India
S2-563158163	VJ Frontier Silver, Llc	9340- SNOWBIRD WAY, SACRAMENTO, CA	US
S2-940708406	Devam Rcm Public Límited	OLD POST OFFICE STREET GUNPUR, GUNPUR, Orissa	India
S2-102286733	Digital Foundation (Limited)	HN #242 E-20, SHOP NO.24/85, 11 NO. STPO, ARERA COLONY, HUZUR, Madhya Pradesh	India
S2-623164214	ANIMAL HIGHLAND CORP HOSPITAL	36280 SAWTELL RD, MOLALLA, OR	US
S2-142962200	Boone and Allen Corporation	508-510 LLOYD STREET, OCEAN VIEW, DE	US
S2-701477103	BHAWANI FURNISHINGS LLP	HIG-132, FLAT NO.402, PHASE-VI, KPHB COLONY, ABOVE HDFC BANK, TIRUMALAGIRI, Telangana	India
S2-109121051	concrete group of companies enterprises private limited	NO ##14 , SHREE SHIDRAM NILAYA, OPP KEC GANDHINAGAR, SANMARGA NAGAR, HUBLI, DHARWAD, ಕರ್ನಾಟಕ	India
S2-970843942	Square Welfare Society Industries	Andhra Pradesh, B3/6-3-456/26, PANJAGUTTA, HYDERABAD. ANDHRA PRADESH	India
S2-971491700	Xl SYSTEMS	DELHI, NORTH WEST, PLOT NO. D1, DR. MUKHERJEE NAGAR, COMMERCIAL COMPLEX, Delhi, OFFICE NO.: B##17	India
S2-6795460	Aura Enterprhses Pvt. Ltd.	R1/475/B/3., SAMARTH APARTMENT, GUNGUNE NAGAR, OLD AUSA ROAD, LATUR, Maharashtra	India
S2-468234939	Mcelhiney, Larosa and Gonzales Merger	308 MUSTANG DR, RUIDOSO, NM	US
S2-321432050	East Hovnanian, Holdings	55 CLEWLEY RD, MEDFORD, MA	US
S2-784592218	Bangalore Ltd Trading Pvt North	PLOT NO ##25 , FIRST FLOOR, NORTH WING I, JYOTHI NAGAR III CROSS, CB HALLI, MS PALYA, NEAR SAMBHARAM COLLEGE, BANGALORE NORTH, ಕರ್ನಾಟಕ	India
S2-871017791	Mayers's Inc Towing	00209 Gold Street, JUNEAU CDP, AK	US
S2-685689907	IVENARI TANKERS	AL, ASHFORD, OLE TAYLOR PL	US
S2-375938862	Konark Consulting	#278 , M K PUTTALINGIAH ROAD, PADMANABHANAGAR, BANGALORE, Karnataka	India
S2-944555126	Wilton Animal Welrfnre Grand Coalition	SECOND STREET, WILTON, IA	US
S2-585744040	Ke Security L.L.P.	Telangana, H.NO 39  II FLOOR NEAR JASMINE HIGH SCHOOL RAJEEV NAGAR, HYDERABAD	India
S2-541414076	UNIFIED TRADERS  PRVSTBAE LIMITED	PROP NO. 35/6, G/F, OLD RAJENDRA NAGAR, DELHI, Delhi	India
S2-891756213	Limited Ratnagiri Narang Partners	H NO 1/B/2 HALIYAL LAYOUT, DHARWAR, DHARWAD, Karnataka	India
S2-418551982	Cure Pilates!	5617 GROVE COVE DR, MCKINNEY, TX	US
S2-696635067	Limited Golconda Riddhi Private	MATHURA, Uttar Pradesh, #58YAMUNA NAGAR AZAMPURMATHURA, MATHURA	India
S2-467948188	BABA-PVT. LTD. CENTER	4-2-24, D B COLONY, REVENUE WARD NO. 4, HINDUPUR, Andhra Pradesh	India
S2-464291399	Cater Ínfrastructure of Henrico County Ínc	9387 HORSE CASTLE CT, GLEN ALLEN, VA	US
S2-472544795	Rich & Dávidson Inc	SENECA RD, WILMINGTON, DE	US
S2-275401270	MYA Software-Pvt Ltd.	#B3/933 C/O SEENU RAY, W/O SARDA NAND PD, PRASAD BIGHA, PAN PAR, NAWADA, बिहार	India
S2-511376005	Addison Coastl Solutions [Inc]	815 CHIPPEWA AVE, S. BENND, IN	US
S2-817411710	TCI	110 Center St, null, FLORENCE, KY	US
S2-773208378	Balaji Producer	PLOT 130 PLOT NO.PAP-J-111 TO 120 NEAR QUALITY ICE-CREAM SHOP, BHOSARI, PUNE, Maharashtra	India
S2-88437832	Asset  Building Network Ltd	008006 ROLLING OAKS DR, SPRING, TX	US
S2-735885703	जैन वेंचर्स प्राइवेट लिमिटेड	DOOR NO 149 SHOP F-1, FIRST FLOOR, PLOT NO. 4, SEC-12, PKT -5, MANISH METRO PLAZA-IV, D, WARKA, WEST DELHI, DELHI, दिल्ली	India
S2-669353485	लक्ष्मी डेवलपर्स प्राइवेट लिमिटेड	H.NO #1338, NESARI, TAL-GADHINGLAJ, KOLHAPUR, KOLHAPUR, Maharashtra	India
S2-971339247	Excelencia Private Limited Services	#402 PRAGATI TOWER26 RAJENDRA PLACE, NEW DELHI, Delhi	India
S2-439384858	Dupuis, Villalba and Reyes (Packaging)	2316 INDUSTRIAL DRIVE, COLUMBIA, MO	US
S2-985216261	18 Fifth Lane [Cómpany]	5445- HERMITAGE AVE, CHIAGO, IL	US
S2-827260882	QT Temp	S5/405 VATIKA LIFESTYLE HOMES SECTOR-83, GURGOAN, Haryana	India
S2-253120022	Cedar Holdings	7922 MAPLE AVE, VANCOUVER, WA	US
S2-996245861	Shiva International-Pigraate Limited | www.shivainte.com	#476 51, AZAD SOCIETY, OPP. SACHIVALAYA, AMBAWADI, ELLIS BRIDGE, AHMEDABAD, Gujarat	India
S2-967974285	WILLOW INC	2380A NELSON ROAD, BUTLER TWP, OH	US
S2-892923793	Shri Gold Infotech Motors Pdriet Limited	SHOP NO. #53 PLOT NO 5/6 SECTOR, 03 MANOSH COMPLEX CHS LTD GHANSOLI, RABALE, Maharashtra	India
S2-280702058	RICH OVERSEAS  PVT LTD CENTER	ROOM NO. 133, 2-A/3, S/F FONT SIDE, KUNDAN MANSION, ASAF ALI ROAD, NEW DELHI, Delhi	India
S2-284554147	DUNKELBERGER ÁND WEEDMAN FISHERIES (LLC)	4057 ELK RIDGE LANE, LENOIR, NC	US
S2-879392749	Direct Douglas Co	11129 NATIONAL PIKE, GRANTVILLE, MD	US
S2-5405243	Urgent Care Clinic Riverside	3229 ALANA CT, OPELIKA, AL	US
S2-308505251	Private Dronagiri College Overseas Limited	NO.501/C, NULL, BENGALURU, BANGALORE, ಕರ್ನಾಟಕ	India
S2-168987401	glyphifylaw.com	704 BARKAS DR, NEW CASTLE, IN	US
S2-946872072	HORIZON	00315 Mason Street, SPRINGFIELD, IL	US
S2-686350780	BROOKS APEX HCM [(PARTNERS)]	08226 Chesthunt Place Drive, CHARLOTTE, NC	US
S2-605633090	Tech Etate General LLP	90 N S RD, KOLKATA, West Bengal	India
S2-690151442	MOORE PRAIRIE HOLDING	COMMERCE DRIVE, GRAYSLAKE, IL	US
S2-663852317	Kadri Exports  Corporation	KADRI MATERNITY AND NURSINGHOME, KADRI MANGALORE-, HOME, KADRI, Karnataka	India
S2-983439720	Better Gladstone Ínc	4727 1/2 MATILDA AVENUE, BRONX, NY	US
S2-688657051	Shri Tranz  & Sons Private	DOOR NO 568 63, DOMLUR, II STAGE 1ST CROSS, 4TH MAIN, ಕರ್ನಾಟಕ	India
S2-488702552	LAVENA [CATTELL]	701 VINE SAINT, MT VERNON, OH	US
S2-610308265	Shelby Automotive	5 GLYNDON GATE WAY, REISTERSTOWN, PO BOX 4480, MD	US
S2-563357912	DIAM0ND BEACON DOUGLAS	708-712 DRIVER STREET, DURHAM, NC	US
S2-576250992	Total A ...	12472 BURNSIDE LN, HENRICO COUNTY, VA	US
S2-41847464	Donnelly's Buasl Manufacturing LLC	2092 Vista Bonita Drive, BEND, OR	US
S2-402816908	Crystal Worldwide Group Partners	5307 CONKLIN DRIVE, HILLIARD, OH	US
S2-630651352	Physical Therapy Care Inc.	OH, 12313 REXFORD AVE, CLEVELAND	US
S2-701787316	EPITOME VINCOM LIMITED PARTNERS	PLOT NO. 41 G-1, KTUSHI VIHAR, GANPATPURA A, MANSAROVAR, JAIPUR, राजस्थान	India
S2-616836723	DELONG STRATEGIC  READY		US
S2-901393558	Malappuram Malappuram Inftbech	4/367/C, GROUND FLOOR, THOTTIYIL ARCADE, TIRUR, MALAPPURAM, Kerala	India
S2-974399068	Borkowski Vance	9467 FM 1960 BYPASS, HUMBLE, TX	US
S2-475524221	Russ, Fowler & Corriveau Silver Central LLC	08968 BROOKVILLE RD, SILVER SPRING, MD	US
S2-374185954	Diamond Star Works L.L.C. - 7149969359	21100 CAMERON ROAD, COUPLAND, TX	US
S2-175566180	catarina's security services	2500 -3000 WREN STREET, BATON ROUGE CITY, LA	US
S2-191007167	मां इंफ्रा प्राइवेट लिमिटेड	DOOR NO 101, PAVANSUT-1, SALASAR PARK-A, TAKI ROAD, THANE, VASAI, Maharashtra	India
S2-736654053	Cardiology Clinic Metro Inc.	256  ROSELAND PLACE, ABERDEEN, NC	US
S2-652827281	E U Pioberce Furniture LLC	106  KENNEDY ROAD, LOUDOUN COUNTY, VA	US
S2-784715242	United Inc.  Defense	563 LAKELAND CIRCLE, ROSHARN CDP, TX	US
S2-709626608	Agile Brothers Industries Private Ltd	PLOT NO. E 3-56 SUDARSHAN PURA, JAIPUR, Rajasthan	India
S2-322211984	Perea Select Inc Center	190 MAHENRY AVE, CRYSTAL LAKE, IL	US
S2-748044572	Geo Management Co	9550 NORTHERN AVE, PEORIA, AZ	US
S2-728928259	Empire & Brothers  Group LLP	MANISH MARKET G-68  SENAPATIBAPAT MARG DADAR WEST, MUMBAI, महाराष्ट्र	India
S2-688907717	ಮಾಡರ್ನ್ ಕನ್ಸಲ್ಟೆಂಟ್ಸ್ ಪ್ರೈವೇಟ್ ಲಿಮಿಟೆಡ್	125, 7TH CROSS RD, OFF BANNERGHATTA ROAD, DOLLAR LAYOUT, BTM 2ND STAGE, BILEKAHALLI, BANGALORE, BANGALORE SOUTH, ಕರ್ನಾಟಕ	India
S2-394314645	TIQ Plaza Pvt Limited	Haryana, PLOT NO. 1245/21, PREM NAGAR, HAFED CHOWK, ROHTAK	India
S2-149356677	Brittan Ayuso Platinum Vulcan (LLC)	9675B INDEPENDENCE CIR, CHANHASSEN, MN	US
S2-822977276	ઓલ ઓલ હોસ્પિટાલિટી પ્રાઇવેટ લિમિટેડ	OFFICE NO U-G-9, DHANRAJNI COMPLEX, 20 JAGNATH PLOT CORNER, DR YAGNIK ROAD, RAJKOT, Gujarat	India
S2-539420714	Animal Welfare  Network-Nashville	300 BERKLEY DR, MADISNO, TN	US
S2-308510117	Jawala Aditya Private Ltd	DOOR NO 23/446B 1ST FLOOR WAZIR PURA, AGRA, Uttar Pradesh	India
S2-214924024	बेस्ट फाइनेंस टेक्नोलॉजीज प्राइवेट लिमिटेड	43 C/O SORAM BAI, INDORE, मध्य प्रदेश	India
S2-479331549	STRATEGIC STAFFING HOLDINGS DOWNTOWN - 5732296575	162  SOUTH AVENUE, WI, VILLAGE OF CLEAR LAKE	US
S2-783194949	Grand lnc Bynordic	2 HEDGES AVE, CORNWALL-ON-HUDSON, NY	US
S2-78644395	Auryn Studios-Inc.	2599 MAGNOLIA RD, HEMPSTEAD, NY	US
S2-269084113	Vanguard-Mortgage Group	2210 10 COOK STREET, IL, SPRINGFIELD	US
S2-9962270	Tes-Industries Group [Ltd]	F-13 KADAM CHAWL 1ST FLR 753RD BHOIWADA BHULESHWAR, MUMBAI, Maharashtra	India
S2-708389947	Sky Bank Private Ltd	R-185 GREATER KAILASH PART-1, NEW DELHI, दिल्ली	India
S2-430379962	Summit  Initiative II Inc	11641 BOX ELDER WAY, VANCE, AL	US
S2-943996696	Zamudio Wíntergreen LLC	118 LYNNBROOK DR, EUGENE, OR	US
S2-241291924	CHENG'S  CONSULTING ACE	601- ROCHELLE ROAD, IRVING, TX	US
S2-878003016	Federal Biomedical Láboratories, LLC	16559 BLACK PHOEBE ST, MARANA, AZ	US
S2-8982199	SUN PRIVATE  LIMITED CENTER	C-108/142 TALAB GANGNI, SHUKLA MODEL HOUSE, LUCKNOW, Uttar Pradesh	India
S2-479278257	Harrell, Romeo & Patrick (Inc)	2603 VAUGHN AVE, GILBERT, AZ	US
S2-100101893	Vasquez & Zepeda L.L.C.	20 SATUCKET AVENUE, MARSHFIELD, MA	US
S2-933278322	Bagalkot Agritec Private	63, G.T. ROAD (SOUTH), পশ্চিমবঙ্গ	India
S2-533197229	Continental Éndocrinology LLC	1215 OAKLAND AVENUE, INDIANAPOLIS, IN	US
S2-258702122	L.L.P. ADS & SONS	ROOM NO 1/4 GROUND FLOORAYYAPPANKAVU TEMPLE BUILDING VELLANIKKARA NADKKATHARA P O, THRISUR, MALAPPURAM, THRISSUR, Kerala	India
S2-988340451	Select Paltors Corp	WI, N53W21819 TAYLORS WOODS DRIVE, VILLAGE OF MENOMONEE FALLS	US
S2-73199232	Northumberland 8aptist	CASTLEWOOD DRIVE, SARATOGA SPRINGS, NY	US
S2-619844913	Apex Trading	704 CHADWICK DR, WATERTOWN, WI	US
S2-474934237	Glyphus Pacific	6434 ZIEGLER LANE, CHARLOTTE, NC	US
S2-39617527	Desert Vanguard ([Maintenance])		US
S2-131151726	GTG Hemp Private Limited	21/1, B.M.STREET, ARIADAHA P.S. BELGHORIA, KOLKATA, KOLKATA, West Bengal	India
S2-750426664	CHAKRA POWER PRIVATE LIMITED	FLAT NO C7-, SEA GATE APARTMENTS, BEHIND MANYAWAR, 4TH RAILWAY GATE, CALICUT, Kerala	India
S2-290146361	Biia Metropolitan Cánada Partners LP	DALLAS, 010214 BRIDGEGATE WAY, TX	US
S2-986801518	Wojciechowski Cleaning Ltd	5208 PALERMO DR, AUSTIN, TX	US
S2-789302288	CAWNPORE SONFGH LTD	5/108 2ND FLOOR, SUBHASH NAGAR, NEW DELHI, null, Delhi	India
S2-529867680	Pearl Consulting (India) Company	DOOR NO 0015 THIRD FLOOR, INTERNATIONAL MARKET, SILIGURI, DARJILING, পশ্চিমবঙ্গ	India
S2-960876413	গোল্ড প্রডিউসার স্টোর্স লিমিটেড	69, KOLKATA, HOWRAH, পশ্চিমবঙ্গ	India
S2-117672295	Aditya Párts Private Limited	DOOR NO 20. ISTM FLOOR, SBI OFFICERCOLONY, IST ST, ARUMBAKKAM, Tamil Nadu	India
S2-648129048	Atlas  Inc	ME, RAYMOND, 1269 Roosevelt Trail	US
S2-407011785	Devel0pment Seclarus Eastgate	16486 FM 149, MONTGOMERY, TX	US
S2-64137184	Meade, J0annes S., P.A. Care	8004 SPAFFORD RD, CLEVLAND CITY, OH	US
S2-402804051	Leonard's Brokerage LLC	8214 ABBEY LANE, CLEVES, OH	US
S2-612169234	DERMATOLOGY CAPITAL MEDICINE, HOLDINGS	8-12 BITTERSWEET LANE, WESTPORT, CT	US
S2-263623499	jgsreal.com	G-89MIDC AJANTA ROAD, JALGAON, Maharashtra	India
S2-450266205	Ciprian0, Thompson and Rea Center	OR, 5033 38TH PL, PORTLAND	US
S2-549881386	Dr Arihant Fínance Private Limited	2 JAWAHAR MARG SIYAGANJ PP RATHOR CHAMBER 2ED FLOOR SHOP NUMBER, 205, Madhya Pradesh	India
S2-491848437	Evitts Rbcoky Spade	15945 288TH STREET, PAOLA, KS	US
S2-785852339	CITY OF GREEN BAY CHIROPRACTIC EMPIRE PHYSICIANS	3397-B HAVEN PLACE, CITY OF GREEN BAY, WI	US
S2-20799819	Sk Services-Ltd	BUNGLOW 20, SHUBHLABH CO OP HOUSING SOCIETY LTD., NR SUN N STEP CLUB, SATTADHAR CROSS ROAD, THALTEJ, AHMADABAD CITY, Gujarat	India
S2-797821871	NEW DELHI HEALTHCARE PRIVATE LTD	HN 41 KRIPA/RITAMBHRA BUILDING (TRIBHUVAN COMPLEX) ISHWAR NAGAR (W) MATHURA ROAD, NEW DELHI, N/A, Delhi	India
S2-299258785	CONKLIN, BOWMAN AND MCLAUGHLIN ENGINEERING LLC	3724 180, HURICANE CITY, UT	US
S2-626445420	@DENTCOFFEE	6317 LOCOMOTIVE LN, CICERO, NY	US
S2-215182600	VISHWA GROUP PRIVATE-LIMITED CENTER	A-4 RANDHEER VIHARBRICK FACTORY COMPOUND BHANDUP WEST, MUMBAI, Maharashtra	India
S2-218208532	Holcomb Cornerstone Advisors Inc	1822 13TH STREET, MUNCIE, IN	US
S2-438182503	Dofloia Partners	1522 PARHAM ROAD, HENRICO, VA	US
S2-103317508	City Of Care  Co	##315 SUNSET DRIVE, BESSEMER CITY, NC	US
S2-489049291	Zeque LLC	226 FLAGSTONE DRIVE, EVANSVILLE CITY, IN	US
S2-255193301	ಅರಿಹಂತ್ ಕ್ರಿಯೇಟಿವ್ ಟೆಕ್ನಾಲಜಿ ಎಲೆಕ್ಟ್ರಾನಿಕ್ಸ್ ಪ್ರೈವೇಟ್ ಲಿಮಿಟೆಡ್	NO 00925 APARTMENT D-26, BANGALORE, Karnataka	India
S2-518011514	westcardiology.com	3301 7TH ST, TACOMA, WA	US
S2-735517191	EDGAR, ADDI SILVER FORTUNEX [INC.]	316 REID ST, THOMASVILLE, NC	US
S2-625682061	Fresh Bakery! Partners	4117  CORNELIUS AVE, PMB 5858, INDIANAPOLIS, IN	US
S2-236577190	Congregation Cathedral Inc	00934 SKYLINE DRIVE, VAN BUREN, AR	US
S2-528205184	Visage Nursing Limited Home	##464 , LANE NO. 11, GANDHI COLONY, MUZAFFARNAGAR, Uttar Pradesh	India
S2-897475107	Future Software Pvt	DOOR NO 16/139 F/F, ST NO. 5 JOSHI ROAD, KAROL BAGH, NEW DELHI, Delhi	India
S2-801373301	Syntech Northside Offshore Group	1513 TENNESSEE ST, CROSSTET, AR	US
S2-516126165	ROL KEEPING PRIVATE	A-8/2B/8/3, NAROL VILLAGE, B/H. GPOI TEXTILE, NAROL ISANPUR RD, NA, ROL, Gujarat	India
S2-440137459	Janel Flores Custom Property Solutions L.L.C.	24609-C 102RD PL, KENT, WA	US
S2-756454257	Feldman-& Ching Berkley LLC	104 JUMPING LAUREL STREET, SAN MARCOS, TX	US
S2-640284162	capital resources co	#3911 ITASCA STREET, CITY OF SUPERIOR, WI	US
S2-347017935	Regional Altisource Llc	4801 ORTEGA ST, SACRAMENTO, CA	US
S2-516249560	Pediatric Medicine Partners	#821 CARRIAGE HOUSE CIRCLE, EVNSVILLE, IN	US
S2-348398743	Valencia Regency Incorporated	386  DARDOUK DR, PMB 2802, WALHALLA, SC	US
S2-243813488	IGJ  Consulting LLP	G 203, 2ND FLOOR, RAILWAY STATION COMPLEX NERUL, MUMBAI, Maharashtra	India
S2-716687956	Pediatric Dental Group Inc. Center	3327 BEDFORD LANE, MONTGOMERY, AL	US
S2-607870664	A E 6 Myers	BOURNE, MA, 90 SANDWICH RD, N/A	US
S2-956608424	BETH CENTER	0156 BENTLEY PARC, GRAY, TN	US
S2-64301738	Enterprises Skanda Services	34, GIRNAR COLONY VAISHALI NAGAR, Rajasthan	India
S2-561420173	DREAM HTOPOTL PRIVATE LIMITED	NO 19/14 14TH MAIN CHIKADUGUDI NEW EXTENSION TAVERAKARE, BANGLORE, Karnataka	India
S2-859321758	Smt Classic Services Limited	4348/71, FIRST FLOOR PADAM SINGH ROAD, RRGAR PURA, KAROL BAGH, Delhi	India
S2-125134325	KASEYHEREDIATAILWIND.COM	680D MARTIN LUTHER KING DRIVE, GARY, IN	US
S2-989100620	Sapphire Noble Llc	10158 PEONY WAY, UT, SANDY	US
S2-681275696	NASHIK PÓWER	DOOR NO 21 , FLAT NO. 7 VASANTH SHOBHA ANASHIK, NASHIK, महाराष्ट्र	India
S2-663446783	Athey and Bronner Management Corp	PRINCE WILLIAM COUNTY, VA, 11261 LADY JANE LOIP	US
S2-938612654	Trusted Payment Systems Group	84053 OAKLEA DR, JUNCTION CITY, OR	US
S2-990119436	Smt Ace (India)  Horticulture Pvt. Ltd.	301, SHRI KRISHNA HEIGHTS, GAT NO. 34, PLOT NO. 2, JALGAON, Maharashtra	India
S2-836566896	KORNEX EXCHANGE EXCHANGE	14669-14671 DIXON LAKE TRL, PLYOUTH CITY, IN	US
S2-529238319	Troy Empire Ses Ltd.	134. COTTONSTONE LN, TROY, NC	US
S2-161047745	Green Telecom	1060 26- WENAS RD, SELAH, WA	US
S2-556803824	Garcia Modern Boa Llc	7694 PACIFIC SUMMIT, NOBLESVILLE, IN	US
S2-461563520	Physical Therapy Ltd Service	3533 EDWARD DR, CRETE, IL	US
S2-755671955	CAMPBELL HEARTLAND INC SERVICES	TX, FORT WORTH, 008138 MARYDEAN AVE	US
S2-754237423	P  V + N Acquisition	408 23rd Street, VANCOUVER, WA	US
S2-707472784	एपेक्स फाइनेंस एलएलपी	#593A, SOUTH, SOUTH DELHI, Delhi	India
S2-713920891	Empire Center	IL, 1228 BROPHY AVENUE, PARK RIDGE	US
S2-173632166	PALMIERI WEBSTER COASTAL INC	3041 ROME-ROCK CREEK RD, ROCK CREEK CITY, OH	US
S2-123409799	... White Safe Futurecorp LP	4901-4905 LATHROP ROAD, EVANSVILLE, WY	US
S2-37081703	Sri Micro Distributors (Ihndni)t Private Limited	NO 7-1-58 SUREKHA CHAMBER AMEERPET, HYDERABAD, Andhra Pradesh	India
S2-532353401	Kushnir Supreme Premier Harbor, L.L.C.	TACOMA, WA, 1105 148TH STREET COURT	US
S2-629499045	M G Richardson Gaef Group	431 1/2 RED BUD LANE, HOLLISTER, MO	US
S2-297926319	Om Products Private Ltd	SHOP NO.#1 , CTS NO.3358, 1A/1B/1C/1D, COLLEGE ROA,D BELGAUM, ಕರ್ನಾಟಕ	India
S2-850499815	raj & co	ROOM NO 9/105, FIRST FLOOR MEPARATH TOWER, AVINISSARY, Kerala	India
S2-326195146	Rdoesr Corporation	405 CHURCH STREET, NAPLOEON, OH	US
S2-321398182	Innovative Consultancy Psrivae Limited	602, DEEG GATE THANA MATHURA, Uttar Pradesh	India
S2-384219063	ADVANCED RAPID DEUTSCHE INC	2612 SOUTHVIEW COURT, <NULL>, BRAINERD, MN	US
S2-430367614	Clarke Interstate Printing	AL, 20 ALSTON ST, FOLEY	US
S2-591536531	Harris and Luis  Sachs	46 6400, GRANTSVILLE, UT	US
S2-554610011	M/s Pearl Bróthers Private	SR. NO. 197P1-, NR. AMARDHAM TEMPLE TAL. WANKANER, DIST. MORBI, MATEL, Gujarat	India
S2-777625208	Cornerstone Analftics Products	2632 TYRELL DR, SAINT LOUIS, MO	US
S2-528320338	Shree Trading Private	ఆంధ్రప్రదేశ్, DOOR NO.11/1/471, KRUPANANDA NAGAR, ANANTAPUR	India
S2-492879191	Ortis & Scheerg Ashford Partners	BENTONVILLE, 8008 NORTH FORK STREET, AR	US
S2-72944171	Onyx Best Best Corp	AR, HETH, 00148 ST FRANCIS 519 ROAD	US
S2-172058052	GSVISIONCOM	324 1/2 HARMONY MILLS LOFTS, COHOES, NY	US
S2-937703023	Symphony  Distributors Private Limited	H NO 1179, PANCHAKULA, HARYANA, हरियाणा	India
S2-679190243	CLZ Marketing Pvt Limited	H NO -70 PVT, A-39, 2ND FLOOR, RABA ROAD NAJAFGARH ROAD INDUSTRIAL AREA, NEWDELHI, दिल्ली	India
S2-549794568	Sullivan Wcrldre	4314 JASON DRIVE, PHOENIX, AZ	US
S2-552487507	Red & Brothers-Howrah Corp	34/1/1, RAJ BALLAV SAHA LANE GROUND FLOOR, HOWRAH, West Bengal	India
S2-114121811	Martinez Beacon Telephone, Inc.	UT, 1628 GARFIELD AVE, SALT LAKE CITY	US
S2-138478502	SHAFFER, LOVE + HALL LIGAND P.C. #98587	821 LAKE ST, OAK PARK CDP, IL	US
S2-1722538	LLC SECURE GREEN BITCOIN	2578 12TH AVE, SEATTLE, WA	US
S2-159004257	Kessler Cateigng	127 HOBART STREET, SOUTHINGTON, CT	US
S2-568026492	Hernandez Dogecoin L.L.C.	AK, ##3305 SHARATIN ROAD, KODIAK ISLAND BOROUGH	US
S2-159064454	Valley Holdings Seneca	OK, 18987 4185 Rd, CLAREMORE	US
S2-761989439	Ganpat (India) Consultants	B II/0029, MOHAN CO-OPERATIVE INDUSTRIAL AREA MATHURA ROAD, SOUTH, NEW DELHI, Delhi	India
S2-107888981	Monarrhc	1062 MAPLE STREET, OH, CLYDE	US
S2-924946907	Johnston P.C.  Couriers	VA, ROCKBRIDGE COUNTY, 4898 LEE HIGHWAY	US
S2-575166296	Ames, Taylor & Mckinney LLC	NY, 01080 87, CATSKILL	US
S2-826030024	Solutions Bangalore Processing (Ltd)	HN D/898 VI/42Q UMMER BUILDING, KONATHUKUNNU PO, Kerala	India
S2-715243543	Bia Horse-Ltd Star	001419 SKYWATER ROAD, GRAVOIS MILLS, MO	US
S2-895797947	apex international school company	A-204, KAILASH ESPLANDE, OPP. SHREYAS CINEMA, L.B.S. MARG, GHATKOPAR (WEST), Maharashtra	India
S2-175642159	Ashby Services	10 SHEPHERD ST, CORDOVA, AL	US
S2-921287883	Cancer Society Co	375 AMHERST BEND, BEAVERCREEK TWP, OH	US
S2-920169761	परफेक्ट कंस्ट्रक्शंस प्राइवेट लिमिटेड	PL. NO 69/170, 2ND FLOOR, MOKHA TOWERS RING ROAD, TRIMURTI NAGAR, NAGPUR, Maharashtra	India
S2-539779970	Daffodils Traodders Enterprises Pvt Ltd	SCO NO 31, FIRST FLOOR EKTA COMPLEX NEAR NEW BUS STAND, KURUKSHETRA, हरियाणा	India
S2-484700872	North 24 Parganas [Devi]	43 NATAGARH GHOSH PARA, PANIHATI(M), PANSILA, NORTH 24 PARGANAS, পশ্চিমবঙ্গ	India
S2-156874802	kathlingaddyhartford.com	1628 -311 OLD DONATION PKWY, VIRGINIA BEACH CITY, VA	US
S2-782971697	btprivate.com	301 305 3RD FLOOR SURBHI COMPLEX NEAR MUNICIPAL MARKET C G ROAD NAVRANGPU, RA, AHMEDABAD, Gujarat	India
S2-642855647	Vijay LLP-Center	216-, MODEL COLONY, NEAR RANA PARTAP PARK, JAGADHRI, Haryana	India
S2-260885692	Utsav Pali  Corp	EDEN RADIANCE, 1ST/5 FR, FL-1A, 1450 MADURDAHA, KOL, KOLKATA, KOLKATA, West Bengal	India
S2-698001157	Gangendra Co Financial	DOOR NO. 173/13, ATHANI, ERNAKULAM, Keralam	India
S2-582984116	Wildlife Sóciety		US
S2-331339262	Dr Kanakia Private Limited [Services]	2ND FLOOR, ABOVE ANAND BHANDAR, WHC ROAD, DHARAMPETH, NAGPUR, Maharashtra	India
S2-543930400	ಆಲ್ ಟೆಕ್	ASSET NO. 52204040, INDIRANAGARA AMRUTHUR HOBLI, KUNIGAL, TUMAKURU, Karnataka	India
S2-564916390	Nexiq Science,	FAIRFIELD, #1960 GRANDE CIRCLE, CA	US
S2-636839041	Annika Gift	NO 59 , UNIT VI, GANGA NAGAR, BHUBANESWAR, Orissa	India
S2-597159535	Little Grill Ltd	75 LAURELWOOD LANE, null, HIGHLANDS, NC	US
S2-762023797	Orellana Kensington		US
S2-63044075	Gennie Kendrick Biracilik	6858- CLARET DR, PRESCOTT, AZ	US
S2-389587679	गुरु फाइनेंस प्राइवेट लिमिटेड	PUNE, DOOR NO A-738 HARI GANA BLDNO-C2 FLNO- 403 SNO-129 HNO-1 YERWADA PUNE, Maharashtra	India
S2-160694137	RIYA &	SR. NO. 48/, MORE SHRAMIK VASAHAT PAUD ROAD, KOTHRUD, PUNE, महाराष्ट्र	India
S2-187514897	INDIA CASTINGS COLOUR PRIVATE LTD	NO 14TH FLOOR, FLAT NO. 1403, A WING DEVCHAYA, RAWAL PADA, SHIV VALLABH X ROAD, DAHISAR (EAST), MUMBAI, DAHISAR EAST, महाराष्ट्र	India
S2-946002985	... Foods Shaper Private Ltd	GOBICHETTIPALAYAM, A-360/1, ERODE, தமிழ்நாடு	India
S2-61330089	LLC Liberty Cgpoley	3427 Pachmann Rd, RIO RANCHO, NM	US
S2-281309190	Sai Energy Constructions Private Limited	2207, KISHAN COLONY FATEHPUR, PUNDRI, Haryana	India
S2-53273621	PINNACLE GREAT OXFORD PLLC	3015 RANCH GATE LN, ROSENBERG, TX	US
S2-86506536	Owners Sunset Avenue 3773 Corp.	16 WALDEN SQUARE ROAD, CAMBRIDGE, MA	US
S2-232594161	Carlye Mcadams Motor	3 ALEPH CT, BEAR, DE	US
S2-577969603	Bivyan Chit Private Limited	M-15, FIRST FLOOR, BLOCK M, GREEN PARK MAIN, NEW DELHI, Delhi	India
S2-26081285	CORNERSTONEPAMPA.COM	12380 4ND ST, YUCAIPA, CA	US
S2-637500424	Dr Sanjay Sangh Sangh Exports	55, 1 FL, NANGAMMA LAYOUT, 2ND CROSS MANORAYANAPALYA, BANGALORE NORTH, Karnataka	India
S2-589492301	family care of fairfax county	4535 WHITTEMORE PLABE, FAIRFAX COUNTY, VA	US
S2-790721694	Upper Macedisofn LLC	WILMINGTON, 601 BRENDA DR, NC	US
S2-449617627	Build Cae Private (Limited)	ROOM NO. 5 & 6, PLOT NO.15/B, ANAND VIHAAR SOCIETY NEAR ST. ELIAS SCHOOL, 20TH ROAD, KHAR -, WETS, MUMBAI, Maharashtra	India
S2-555846632	Michael Pétroleum	10601 VICKERS DRIVE, VIENNNA CITY, VA	US
S2-904673479	Clark, Darby & Grimes Partners	NULL, 18611 EACH ELM WAY, TX, HOSTON	US
S2-34449822	Mrigaya International School LLP	B60, SANGAMESHWAR KRUPA, DARGA JAIL ROAD SHAKTI NAGAR, BIJAPUR, ಕರ್ನಾಟಕ	India
S2-508784928	Gertrudis Miranda Reliable Reliable Open Partners	5123  Harpers Farm Rd, COLUMBIA, MD	US
S2-54240174	GATECH  HOLDING	#4875 WHIPSAW CIRCLE, PMB 2367, PRESCOTT VALLEY, AZ	US
S2-993723166	Sullivan Group Holdings	01 MCKINLEY ROAD, OTTAWA, IL	US
S2-873057303	BJ.COM	C-67, GOVINDPURI, THATIPUR, GIRD, GWALIOR, Madhya Pradesh	India
S2-682660453	rathi holdings		India
S2-745068457	castanospecialists.com	38 SHORE RD(OLD GWCH), GREENWICH, CT	US
S2-379148212	ALLEN (INDIA) HOTELS PRIVATE (LTD)	20/819, KOLUTHARA BUILDINGS, NEW BAZAAR ROAD, OPP FEDERAL BANK, MEENACHIL, Kerala	India
S2-884398242	નોર્થ એક્સપોર્ટ્સ પ્રાઇવેટ લિમિટેડ	506, ZION Z-ONE, NR. AVALON HOTEL, OFF. SINDHUBHAVAN ROAD, AHMADABAD CITY, AHMEDABAD, Gujarat	India
S2-792661362	VISION MIDWEST CARE CARE FOUNDATION	506 1/2 25ND AVE, HUTCHINSON, KS	US
S2-869995817	fellowshipst.com	##88 CUTTERMILL RD, GREAT NECK CITY, NY	US
S2-938256871	ডায়নামিক ইন্ডাস্ট্রিজ প্রাইভেট লিমিটেড	78/A, RAJA RAM MOHAN ROY SARANI, HOWRAH, KOLKATA, পশ্চিমবঙ্গ	India
S2-293759502	పర్‌ఫెక్ట్ యునైటెడ్ మీడియా ప్రైవేట్ లిమిటెడ్	BLOCK A-793 B-55/56, A P I E, BALANAGAR, HYDERABAD, ANDHRA PRADESH, ANDHRA PRADESH, HYDERABAD, Telangana	India
S2-153334775	Delta-Charter School Ltd	AR, LITTLE ROCK AIR FORCE BASE, 1993 ARNOLD DR	US
S2-769858942	Bharat Estate Stores Private	H.N. 04162, SECTOR D, PKT, VASANT KUNJ, SOUTH DELHI, Delhi	India
S2-556830291	Berger Gaming	1452 ELLSWORTH ROAD, MESA FOUR PEAKS, AZ	US
S2-625988543	సన్ బెస్ట్ సొల్యూషన్స్ ప్రైవేట్ లిమిటెడ్	PLOT NO 126 FLAT NO 102 RAJIV NAGAR, HYDERABAD, Telangana	India
S2-193995593	Dermatology Midwest Center LLC	130 7TH AVE, WAVERLY, IA	US
S2-532543036	Mlg Mills Private	H.NO 872 S.F NO.192/2, SIDCO VICHOOR, CHENNAI, Tamil Nadu	India
S2-752363850	Berry Saul		US
S2-679333576	Global-Pbc	189 UNION ST, PARAGON, IN	US
S2-726045392	LEO ON  (INDIA) PRIVATE	Madhya Pradesh, BLOCK C-299  C/O JIVAN SINGH S/O RANCHHOD, JAMONIYA TONKKHURD, DEWAS	India
S2-811863966	EYE ASSOCIATES LLC LLC	948 CARSWELL AEVNUE, ELK GROVE VILLAGE, IL	US
S2-918763928	Nguyen Studios L.L.C.	1119 KLICKITAT TER, OAK HARBOR, WA	US
S2-903418291	ívenexnevada.com	5351 OSAGE AVE, PORTAGE, IN	US
S2-785139940	Smt Rc Solutions LLP	FL NO 601 BLDG B CTS, 1231 TULSIBAUGWALECOLONY, PUNE CITY, Maharashtra	India
S2-248782105	Vanguard Fúnure P.C.	CHICAGO, #1521 62ND STREET, IL	US
S2-438678740	Borer LLC  Services	58 WINDSONG DRIVE, PLEASANT GROVE, UT	US
S2-824414038	and Phillips Mott, (Gates)	IL, 329- ELGIN AVE, DUNDEE	US
S2-211658593	হাইটেক ইনফ্রা প্রাইভেট লিমিটেড	WEBEL IT PARK, BARDHAMAN, West Bengal	India
S2-928122498	Automated Property Ssythms	1640 16TH AVENUE, AMARILLO, TX	US
S2-228779604	Physical Therapy	0010938 PETER ANDERSON RD, BURLINGTON, WA	US
S2-51363526	Dodson Vertical	34 RIVER EDGE DRIVE, POUGHKEEPSIE, NY	US
S2-150348786	... Ace Smart [Solutions]	FLAT NO.D/601, NASHIK, Maharashtra	India
S2-232105388	Service Liberty Inc	1199 SCHOOL STREET, ROCKFORD, IL	US
S2-930194769	M/s Mehta (India) Pvt. Ltd. Service	3050 VIBHAV KHAND GOMATI NAGAR, LUCKNOW, उत्तर प्रदेश	India
S2-253035404	VASU  FOUNDERS	B-1214/12F GAUR ATULYAM, GH-01A SECTOR-OMICRON-1, GAUTAM BUDH NAGAR, Uttar Pradesh	India
S2-49040855	COLOMBIERSUGAR.COM	4806-4808 PLANTATION COLONY DRIVE, SUGAR LAND, TX	US
S2-614260033	Ace National Treasury	13200 CHENAL PKWY, LITTLE ROK, AR	US
S2-646516046	2741 Union Boulevard Company LLC	05718 PLANK RD, CHARLOTTE, NC	US
S2-661443009	Rebekah Phillbisbs Supreme Choice Group Partners	318 CEDAR ST, NORTH LITTLE ROCK, AR	US
S2-840538759	Mbc Hospital Public Limited	West Bengal, #9 UNITY BUILDING, 2ND FLOOR, SEVOKE ROAD, SILIGURI	India
S2-828726837	BURDEN CONVERTIBLE LLC	4825 RIVERVALE DRIVE, SOQUEL, CA	US
S2-747145329	Blossom Advisors LLP	955 5, SAKSARIA BHAWAN, SIRAJUL HAQUE LANE, ASANSOL, West Bengal	India
S2-103972023	DALE GOLDAMN INC	2375 COUNTRY AIRE DRIVE, TOWN OF JACKSON, WI	US
S2-699134996	DANKO BRIDGE LAKESIDE INCORPORATED	11195 APALACHEE STREET, TUALATIN, OR	US
S2-878134898	Tarun & Company	DOOR NO 125 GH, VACHALA FALIA, AT/PO NANDARKHA TA. GANDEVI, NAVSARI, ગુજરાત	India
S2-105086356	General Network	74 Market Street, TACOOMA, WA	US
S2-898880623	Meenyi Oncology  Private Limited	S-2, PLOT NO. D-253 METRO PRIME TIRUPATI VIHAR-C, MANYAWAS, MANSAROVAR, JAIPUR, Rajasthan	India
S2-492826161	Bangalore Digital Limited Private	205, 1ST FLOOR, 3RD MAIN M S RAMAIAH CITY, J P NAGAR 8TH PHASE, BANGALORE, ಕರ್ನಾಟಕ	India
S2-891051005	TW Clear Galaxyedge  Corp	0104 TURNPIKE ROAD, null, CHELMSFORD, MA	US
S2-736787326	Axis Finishers Private Private Limited	ARAZI NO-423, BHANGR PANDA, PANDEYPUR, VARANASI, Uttar Pradesh	India
S2-719478517	आनंद वेंचर्स	NEW DELHI, Delhi, 00311	India
S2-14102665	Thrasher, Wanner 5tenson LLC Center		US
S2-660059542	Vanguard Infrastructure	SANGAMON ST, CHICAGO, IL	US
S2-382657775	DEVELOPERS MILIND ART PRIVATE	#20ARAJASUBEDH MULLICK SQUARE, KOLKATA, West Bengal	India
S2-561226892	Jo-Ann Millette Token [LLC]	BIG LAKE, 25412 167 1/2 ST, MN	US
S2-531458823	M/s SARVOTTAM GLOBAL	NO. 212, M BLOCK, KUVEMPUNAGAR, MYSORE, Karnataka	India
S2-681609924	Fanni Jradn Select Redwood LLC	NOBLESVILLE, 15769 EXPLORATION BLVD, IN	US
S2-962270896	Daher Empire Financial Downtown	3507 Rusk Ct, RICHMOND CITY, VA	US
S2-565630297	बेस्ट नॉर्थ पावर हार्डवेयर प्राइवेट लिमिटेड	Madhya Pradesh, HAMDIA ROAD BHOPAL, H.NO 36/17B SAKET NAGAR, BHOPAL	India
S2-539414515	Farah Realty Pvt Ltd.	NO 68 ANNEX BUILDING, FIRST FLOOR, NO 6, MAYOR V R RAMANATHAN ROAD, EGMORE NUNGAMBAKKAM, Tamil Nadu	India
S2-590774517	Private RVA Addibivse Limited	HINDI SAHIYA PARISHADBUILDING BULANDSAHAR, UTTAR PRADESH, ADAOLI, Uttar Pradesh	India
S2-934037681	Wittman Bridge of Hurricane City West L.L.C.	123 240, HURRICANE, UT	US
S2-108630610	hamann all electronic corp #69673	9545 WOOD CREST DRIVE, QUINCY, IL	US
S2-697958072	NOVEON MARKET	1720 JUNKER STREET, TX, ROSENBERG	US
S2-259858270	jacksonfirstshanghai.com	3 HOLLOW RD, SCHROON, NY	US
S2-287941364	ശക്തി ഇംപെക്സ് പ്രൈവറ്റ് ലിമിറ്റഡ്	9-557-4, VETTICKAL HOUSE, PALAKKAD, കേരളം	India
S2-323747399	Topete Brocker, and [Hicks]	10 PARKER HILL AVE, LYNN, MA	US
S2-945842043	Memorial Society  Clinic	500 OAK CREEK MEADOWS COURT, CHESTERFELD, MO	US
S2-331142396	Gmt Brcitrs Pvt. Ltd.	DOOR NO 883 , 14TH CROSS MAHALAKSHMI LAYOUT, BANGALORE, Karnataka	India
S2-169597264	रियल First ट्रेडिंग Limited	R-#45, ADVOCATE COLONY, PRATAP VIHAR SECTOR 12, GHAZIABAD, Uttar Pradesh	India
S2-772997011	Cecelia Watson Metro  Vision Center Inc.	1300 WILSON AVENUE, SAINT PAUL, MN	US
S2-251801751	WEST LTD (COURIERS) | www.westltd.com	17 BARTLETT DR, GEORGETOWN, MA	US
S2-560043342	L0TUS IT LTD	NO 91 E-57 CHITRANJAN MARG C-SCHEME, SAWAI MADHOPUR, JAIPUR, Rajasthan	India
S2-445568278	jai hands	A 406 GURUDEV VATIKA, SAMA SAVLI ROAD, VEMALI, VADODARA, ગુજરાત	India
S2-991457427	L.L.P. JALGAON COMMODITIES	POT NO. 16., GUT NO. 26, NIVRUTTI NAGAR, PIMRALA, JALGAON, महाराष्ट्र	India
S2-374779945	PO LLC Launchpad	1031 FLEET STREET, OAK HARBOR, WA	US
S2-27324542	Corporation Infrdssumciutre Royal	5006 SILVER LN, TN, COLLEGEDALE	US
S2-876721131	Urban Massage  Inc	1119 100, WASHINGTON, IN	US
S2-165930564	Infinity Techno Private		India
S2-781397767	Houghton, Nichols and Trosclair, LLC Service		US
S2-210903973	Sri Shah Height  (India)	OFFICE NO 38, G-17, ANSAL MAGASTIC TOWER VIKAS PURI, NEW DELHI, Delhi	India
S2-3256414	P.L.L.C. Bloomington Cultural Society	892 SHERWOOD HILLS DR, BLOOMINGTON, IN	US
S2-280726094	నార్త్ ఎస్టేట్ ప్రైవేట్ లిమిటెడ్	DOOR NO 12, HYDERABAD, VASANTH NAGAR KUKATPALLY, తెలంగాణ	India
S2-957143385	Alford Inc Rowe &	1222 LAVENDER DR, WI, KANSASVILLE	US
S2-651639632	विजय इंटरनेशनल प्राइवेट लिमिटेड	00979 D-1607/08 DSIDC NARELA INDUSTRIAL AREA, NEW DELHI, DELHI	India
S2-811707035	Private Sonali Mbamkftisng [Limited]	127, GROUND FLOOR SAHARA SHOPPING CENTRE, INDIRA NAGAR, LUCKNOW, Uttar Pradesh	India
S2-91404065	सन बिल्डर्स प्राइवेट लिमिटेड	B-108 & 113, EVEREST GRANDE, MAHAKALI CAVES ROAD, OPP. AHURA CENTRE, ANDHERI (EAST), MUMBAI, Maharashtra	India
S2-60818919	Shri Om Constructions  Corp	H.NO . B-0019, G/F JOHRI FARD, OKHLA, NEWDELHI, Delhi	India
S2-181154568	vareify vareify materials	420-A VINCENT ROAD, WILLOW GROVE CITY, PA	US
S2-327203402	ONDREA'S-TOWING ALLIED	GRENVILLE, TX, 1615 JOHNSON SAINT	US
S2-308734653	Horizon Australian Group	260 PASSIAC ST, PEACHLAND, NC	US
S2-915284751	JARLAY CONSOLIDATED CÓ	3170  EXACTA LANE, RALEIGH TOWNSHIP, NC	US
S2-867034949	MURIAL FULTON STÁR LIVING L.L.C.		US
S2-222745864	Jannel Tracy Allurion P.L.L.C.	DUKE CT, FREDERIICK, MD	US
S2-746717750	Kunde & Curry Co	001165 LAKE RD, WEBSTER, NY	US
S2-857071377	EASTERN SPA  MODERN LLC - 3276849040	52575 289ND AVE E, CWOETA, OK	US
S2-980846147	Nath College Private	061/1Z/35, TOPSIA ROAD, BEDIADANGA, West Bengal	India
S2-482353871	SELECT EXPRESS LLC GRAPHICS - 2808212719	TX, SAWMILL TRAIL, HOUSTN	US
S2-443406741	GRAND INTEGRATED WÍLLIAMS [METRO]	AZ, CHANDLER, N/A, 1608 SANTA ANNA CT	US
S2-764430935	Beacon Investment Group Metro	523 BENGSON COURT, ROUND LAKE CITY, IL	US
S2-867219610	ఆల్ స్టార్ ప్రాజెక్ట్స్ లిమిటెడ్	NO 8-3-898/20/2 NAGARJUNA NAGAR Y. R. GUDA, HYDERABAD, Telangana	India
S2-699301561	Chiropractic Medicine West LLC	1734 MARGARET LN, SALEM CITY, VA	US
S2-268932954	Nandesari Shoes Pvt	UNIT NO 108-111 #14 H M, GENEVA HOUSE, BANGALORE NORTH, Karnataka	India
S2-294114423	BERGERON  STUDIOS	WILDWOOD DRIVE, PRINCE GEORGE COUNTY, VA	US
S2-33267509	Caldova Advanced [LLC]	KY, BARBOURILLE CITY, #5004 HAMMONS FORK ROAD	US
S2-548542163	Vpg Skilldevelopment Ltd	Gujarat, #1253. MEHTA BHUWAN, LAVARNI POLE M.G. HAVELI ROAD, AHMEDABAD	India
S2-8299927	Thompson (Nlglá)	4050 Parkside Dr, KODIAK ISLAND BOROUGH, AK	US
S2-573471649	Sharyl Bufinton Krakacquisition	802 126RD AVE, AVONDALE GOODYEAR, AZ	US
S2-252321761	Red Properties Private	DOOR NO 104 HSR PRIDE APARTMENTS 4TH ROAD KTR COLONY NHZAMPET VILLAGE, HYDERBAD, Andhra Pradesh	India
S2-873164808	Housing Network Ii	5388 HIGHLAND DRIVE, SALT LAKE CITY, UT	US
S2-631451351	Vrm It Limited	15TH FLOOR 605, SHILP SATVED, BESIDE SINDHU BHAVAN, SINDHU BHAVAN ROAD, AHMADABAD CITY, ગુજરાત	India
S2-241726445	CHRISTOPHERSON, FRANCOIS  & CUMMINGS AUTOMOTIVE LLC	15822 WGLLOW DRIVE, FONTANA  TOWNSHIP, CA	US
S2-492786272	Plazma Brothers Ltd	FLAT N.D-4-901, MARVEL FRIA, WAGHOLI, TAL-HAVELI, HAVELI, Maharashtra	India
S2-613358495	Reyes Crypto Ínc	5624-5626 BROOKLYN AVENUE, SEATTLE, WA	US
S2-26324258	white investments private limited	PLOT NO 26, NEAR VISHVASH PLETINUM, SP RING ROAD, OGNAJ, CHANDLODIYA, AHMEDABAD, ગુજરાત	India
S2-131264573	Campbell, Kaufman and Lyman LLC Center	1712 MAIN STREET, PORTLAND, OR	US
S2-338288495	@hennessythomas	1764-C RACE DRIVE, DECATUR, IL	US
S2-162336156	Peak  Nexpoint Incorporated (ID: 30420)	TX, COLLINSVILLE OWNSHIP, DAWKINS RD	US
S2-519903945	Happy Deli Inc Center	228 1/2 NEW YORK AVE, NORTH HEMPSTEAD, NY	US
S2-200429808	ಫ್ಯೂಚರ್ ಟೆಕ್ನಾಲಜೀಸ್ ಜನರಲ್	#52/113BEERAPPA TEMPLE, STREET, KOLMI CHOWKI, NORTH KARNATAKA REGION, BELLARY, Karnataka	India
S2-325615566	Royal Retail Industries  Group	5591 EAGLE AVE SOUTHWEST, WASHINGTON TWP, IA	US
S2-61819749	Leloex Pents  Ltd	16 HANNAH ROAD, CLEVELAND, TN	US
S2-488984489	ग्लोबल कंसल्टिंग प्राइवेट लिमिटेड	DOOR NO 763 AMRAI GOUN, LUCKNOW, Uttar Pradesh	India
S2-79905632	STRAIGHT ÉDGE BISTRO LLC	25 SHATTARACK RD, STRATTON, VT	US
S2-444297111	*** Enlino Services	6381 ELECTRIC RAILWAY, CICERO, NY	US
S2-100598528	CASHEW BROTHERS PRIVATE PRIVATE LTD	H.NO 13 NO VI/858-M, SECOND FLOOR, VALAMKOTTIL TOWERS, JUDGEMUKKU, THRIKKAKARA P O, ERNAKULAM, Kerala	India
S2-716961117	Pediatric Dental Coastal Health Incorporated	#7528 BOONVILLE HWY, EVANSVILLE, IN	US
S2-319012131	Rider Elite Premier Partners	714 OAK HIIL AVE, KNOXVILLE, TN	US
S2-474346550	Internal Medicine  Cdcnic of Brooklyn Inc	2652 22 ST, PO BOX 6831, BROOKLYN, NY	US
S2-948826263	KANE, AMIE F., D.D.S., INC	259 48ND PLACE, MOUNT VERNON, WA	US
S2-103466554	Sorcha-Poe [Compass]	4361 NORTHGATE DRIVE, IRVING, TX	US
S2-927303907	LLC Hennessey Qdro	464085 960 RD, BUNCH, OK	US
S2-317560138	Veonoviveo	ALLEGHANY RD, DARIEN, NY	US
S2-614713174	STElNER & GRIMES LLC	2520 GLENMARY AVE, N/A, LOUISVILLE, KY	US
S2-200440168	Dynamics Data Strategic	NY, 3800 MONROE AVENUE, PITSTFORD	US
S2-727514766	AURORA EASTGATE MONTE	VALPARAISO, 2240-2244 YORKTOWNE DR, IN	US
S2-162977382	Chitturi &  Sons L.L.P.	VAIBHAV 4 LEE ROAD5TH FLOOR P S BHOWANIPORE, KOLKATA, KOLKATA, West Bengal	India
S2-734993182	Pediatric Dental Partners of Taylorville Inc.	929 1250 RD N, TAYLORVILLE, IL	US
S2-422648938	EADSVANHORNBHAVCOM	430 Waddell Road, MC DERMOTT, OH	US
S2-607666338	Systems Inoday-Communications Pvt Ltd.	SF NO.4-6, 7/1A, NANDHAVANA,M SEERANAMPALAYAM, IDUVAI POST, TIRUPUR, Tamil Nadu	India
S2-799199580	Gaynor Walton, DMD Inc.	45 CRESTVIEW RD, COLUMBUS, OH	US
S2-306085496	Mateja Holdings Service	7505 HUSKY WAY, OLYMPIA, WA	US
S2-662221399	Primary Care Associates Associates Center		US
S2-644264374	Heritage Fortune	219 1/2 BROADWAY AVENUE, MUSKOGEE, OK	US
S2-609334836	1046 Ocean Court Corp Service	#68 HIGHLAND GLEN DRIVE, RANDOLPH, MA	US
S2-365560637	SOSNOWSKI AND-MITYRE RESEARCH INC	Alisdale Drive, TOLEDO, OH	US
S2-902813527	Sindkhed Raja Fintech Private (Limited)	BLOCK A-257 C/O, AMRUTA VITHOBA SAVAD, ATKAR, AT MOHAKHED, MOHAKHD, SINDKHED RAJA, Maharashtra	India
S2-785378860	Nexeas Printing Llc	#1526 EIGHTH AVENUE, BIRMINGHAM, AL	US
S2-274109622	Shree Trust Industries Services	38 RAMACHACHANDRAROAD RS PURAM, COIMBATORE, Tamil Nadu	India
S2-437494471	Hosakote Power		India
S2-548863919	Crisfield Lafayette	MD, CRISFIELD, 26498 OLD STATE ROAD	US
S2-91953344	Dental Interstate Care Valley	905 Amy St, GADEN CITY, KS	US
S2-601262506	Smt Vasu Polytechnic Pvt Ltd	6-3-896 & 892, GROUND FLOOR, THE BELVEDERE RAJ BHAVAN ROAD, SOMAJIGUDA, తెలంగాణ	India
S2-178867720	PPX Infrastructure Holdings	2714 312, CORBIN, KY	US
S2-41514279	Regional Wellness  Associates	TWELFTH AVENUE, AMARILLO, TX	US
S2-600115417	Iriarc	H.NO 56, BANGALORE SOUTH, BANGALORE, Karnataka	India
S2-960361858	Complete Capital Income Ltd	4166 CAPRI AVE, MESA, AZ	US
S2-265951472	Apex Exports	T-3, 7TH FLOOR, SUNBEAM CHAMBERS, VITTHALDAS THACKARSEY MARG, NEW MARINES, LINES, MUMBAI, <NULL>, Maharashtra	India
S2-498477128	3448 Sixth Ave		US
S2-292552164	Dermatology Care Allied LLC	COUNTY ROAD 404 LOOP, DAVILLA, TX	US
S2-710971383	LLC Cifuentes Bay Ais	201-22 35 AVE, BAYSIDE, NY	US
S2-645024489	DUDEK INTEGRATED ROCKY  LLC	BATON ROUGE, 5940 CYRUS AVE, LA	US
S2-405135059	zzmaharashtra.com	TC 28/550, SAMSTHANA MANDIRAM, EZHUTHACHAN NAGAR, NEAR VADAKKE BUS STAN, D, THRISSUR, കേരളം	India
S2-387965728	ଭିଜନ୍ ଟେକ୍ନୋଲୋଜିସ୍ ପ୍ରାଇଭେଟ୍ ଲିମିଟେଡ୍	PLOT NO - 350/436, KHORDHA, Odisha	India
S2-222674377	M/s Forgings Devi Ltd	SURYANARAYAN VILLA, HATTALA ROAD, NEAR SBI ATM, KANKSA, West Bengal	India
S2-760590368	प्रीमियर एक्सपोर्ट्स एलएलपी	###109, MEERUT, Uttar Pradesh	India
S2-829251462	Sahil Brothers Enterprises Private	OFFICE NO. 15, KOMAL COMPLEX PLOT NO. 305, WARD - 12B, GANDHIDHAM, Gujarat	India
S2-47852966	HAN Clear Williams Llc	603 15TH ST, SUNNYSIDE TOWNSHIP, WA	US
S2-564915463	PREMIER MORTGAGE	2019 Elk Road, COFFEYVILLE, KS	US
S2-981256053	Mclaurin Royal Company Service	5843 DARROW RAOD, HUDSON, OH	US
S2-854959253	CHIROPRACTIC GULF CARE L.L.C.	12305 VILLA HERMOSA CT, SUN CITY WEST, AZ	US
S2-888017647	Ember Metro Inc	CLIFTON PARK TOWNSHPI, ##9 HAWTHORN COURT, NY	US
S2-649938200	Industrial Welfare Society [Ltd]	H.NO 8B RAJENDRA PARK, NEW DELHI, Delhi	India
S2-424537185	DESIGN CONSTRUCTIONS PVT LTD.		India
S2-611600991	சிவ் டிரேடிங் பிரைவேட் லிமிடெட்	16, CHENNAI, Tamil Nadu	India
S2-146516261	Interfaith Ministries	Juniper St, BATH, NY	US
S2-378820746	Consultancy Aesthetics Pviae Limited	TC/70/1060, ATTUKAL, MANACAUD, THIRUVANANTHAPURAM, THIRUVANANHAPURAM, Kerala	India
S2-663049678	Delhi-Limited Controls	FF-04 PEARLS OMAXE POWER, NETAJI SUBHASH PLACE, DELHI, Delhi	India
S2-277126355	GADRE  LLP CENTER	B-#36, BADA MOHALLA, KHANPUR, NEW DELHI, दिल्ली	India
S2-655804813	Omkara Ventures Ventures Prvibte Limited	D-142, BLOCK-D, SOUTH CITY-1, DLF QE, Haryana	India
S2-650540638	Wendie's Wendie's Security LLC	9510 45TH AVENUE, SOKANE, WA	US
S2-666899523	SUAREZ ÉNDOCRINOLOGY LLC	31 EUTAW ST, PMB 8669, LAWRENCE CITY, MA	US
S2-979119575	departmentbuildingscom	812 ENTERPRISE ROAD, FAIRFIELD, IL	US
S2-747478411	SHAKTI ENTERPRISES PVT LTD	B-108, BUILDING NO. 8, ASTAVINAYAK CHS LTD., ROAD NO. 7, MIDC, NR. AKRUTI TRADE CENTE, R, ANDHERI, Maharashtra	India
S2-643744129	ब्लू विजय इन्वेस्टमेंट्स जनरल प्राइवेट लिमिटेड	THANE, Maharashtra, 103, THANE	India
S2-527059989	Nova Corp Corp	4605 WHITEWELD TERRACE, WILMINGTON CITY, NC	US
S2-428308433	Annabel Heider Muzero Corp	1621 1/2 11TH STREET, ANACORTES, WA	US
S2-161476122	Shri Yashvardhan Educational Society		India
S2-574321972	Etf Inc | www.etfinc.com	2016 MEADOW SPRINGS DR, N/A, HASSLET CITY, TX	US
S2-466877271	Livingston Direct 5ummit Inc	201 208, ROBY, TX	US
S2-149284548	Mr metrocomponents.com	OFFICE NO. 1, AMI DRASTI, OPP MANAV KALYAN KENDRA, DAHISAR EAST, Maharashtra	India
S2-409220710	Smt Aum Tráders LLP	D.NO.40-6-29, HOTEL KHANDHARI LANE VENKATESWARA PURAM, VIJAYAWADA, ఆంధ్రప్రదేశ్	India
S2-813569572	F Y & Ú Taxable	NY, 164-32 88 ST, HOWARD BEACH, PMB 9494	US
S2-998885968	ONCOLOGY CARE ASSOCIATES LP	320 BLAIR RD, DRY RIDGE, KY	US
S2-605936287	lnc Best Gulf Real,	8349 E LAW ROAD, LIVERPOOL TOWNSHIP, OH	US
S2-162888799	Coriss's Massage	#6712 DOROTHY GILES COURT, ALEXANDRIA, VA	US
S2-485419143	Indraprastha (India) Builders Ventures Private	H.NO ##81 IMALIYAGANJ PAYAGPUR BAHRAICH, UP, BAHRAICH, Uttar Pradesh	India
S2-741490013	DOVAPYRA	360 VAN BRUNT ST, BROOOKLYN, NY	US
S2-569638765	Passalacqua & Evans Epr Midtown LLC	709 Church St, CAMBRIDGE, MD	US
S2-575271306	lakshmialltechnology.com	MIG1/222 YOJNA NO 3, ALLAHABAD, उत्तर प्रदेश	India
S2-475678806	nea total tge	4218-4222 PARDEE ST, PORTLAND, OR	US
S2-746406395	HOLISTIC & ASHICIDAES  INDUSTRIES	H.NO 428/9 PARADISE TOWERNAUPAD GOKHALE ROAD, THANE, Maharashtra	India
S2-781210535	(india) Nanjil Small Pvt	10, SIKKA COMPLEX, COMMUNITY CENTER, PREET VIHAR, EAST DELHI, Delhi	India
S2-613251572	GAUTHIER IMMERSION DOWNTOWN	OH, AKRON, 745 CLYDE ST	US
S2-48866343	Miner Sterling Steers Ltd	256 21ST ST, OH, NEWARK	US
S2-518424724	SIISHOLDINGS.COM	3738 1ST AVE, EDGEWATER, MD	US
S2-814881099	Megan Foundation Private Ltd	222 , 8-2-293/82/A/222 ROAD NO.17, JUBILEE HILLS, Telangana	India
S2-194307610	H0USMAN ARIA LLC	2454 BROAD STREET, FRANKFORT, NY	US
S2-525213039	panchamprivatesoftwares.com	West Bengal, DOOR NO 238B A J C BOSE ROAD4TH FLOOR, KOLKATA	India
S2-637536373	Cook Mountain  Charles Westgate LLC	WEST VALLEY CITY, NULL, UT, 873 MANDAN AVE	US
S2-520104827	Gravett Vanguard Gesher Westgate LLC	033 WILLETT WAY, PO BOX 4847, GREENSBORO, NC	US
S2-287126012	ইন্টারন্যাশনাল কনস্ট্রাকশনস এলএলপি	CALCUTTA, KOLKATA, পশ্চিমবঙ্গ, PODDAR COURT11TH FLOOR	India
S2-383822500	Advanced Avrit's LLC Wireless	3641 REAVIS BARRACKS ROAD, LEMAY, MO	US
S2-991699777	DIPASQUALE + DUARTE	LITTLE ROCK, SHAMROCK DR, AR	US
S2-672080705	Carroll and Mauch Co Services	3860- LYNWARD ROAD, COLUMBUS, OH	US
S2-82665539	Corrigan Medical Center Ltd	357 MAKR ROAD, REIDSVILLE CITY, NC	US
S2-222042072	THE DENT HAIR STUDIO	260, PAYYSON, AZ	US
S2-215156674	Sydel Palacios Elite Iron Works	90 AVALON CIR, NESCONSET, NY	US
S2-421035180	Lenna Palacios, ZDS	2731 POMME MEADOWS DIRVE, ARNOLD, MO	US
S2-98707133	Cary Clear Produce	LAUREL TWIST RD, CARY, NC	US
S2-714861139	रॉयल टेक प्रा. लि.	FLAT NO. G1 SHUBHAM HERITAGE, VASAI, THANE, महाराष्ट्र	India
S2-778927796	ఫార్చూన్ ఇన్ఫోటెక్ ప్రైవేట్ లిమిటెడ్	HN 470/2 1-66, MUDINEPALLI, DEVAPUDI, VIJAYAWADA REGION, KRISHNA, Andhra Pradesh	India
S2-676382349	LITTLE MASSAGE CENTER	CYPERSS CDP, #16002 SYCAMORE MAPLE LANE, TX	US
S2-546407954	AMERICAN ÁURORA LLC	INDIANAPOLIS, IN, 3712 HILLSIDE AVE	US
S2-583271471	Sasoft  Partners Ltd	1549 TEAL WING LN, MEMPHIS, TN, PO BOX 2049	US
S2-67760526	ಸ್ಕೈ ಟೆಕ್ನಾಲಜಿ	D/1200 B, 28TH MAIN, 35TH C, CROSS RD, 4TH T BLOCK, BANGALORE SOUTH, BANGALORE, ಕರ್ನಾಟಕ	India
S2-866481396	Pacific Better Hospitality P.L.L.C.	121 WALFORD WAY, BOSTON, MA	US
S2-426481260	Berti Phillips	100 LINDSEY AVE, METROPOLIS, IL	US
S2-824783934	thomasa roney, ph.d., pc care	21 INDIAN RIDGE RD, STTOW, MA	US
S2-868574975	SOLUTIONS GK LIMITED SERVICES	#81 GROUND FLOOR 1ST MAIN 4TH CROSS MUTTURAYANAGAR R V COLLEGE POST, BANGALORE, Karnataka	India
S2-446231905	ఏస్ డ్రీమ్ టెక్నాలజీస్ జనరల్ లిమిటెడ్	C/OSREELATHA KESHI NEW 4, KAMAREDDY TOWN II, NIZAMABAD, Telangana	India
S2-747396458	Kanishka Clarity Pcrgre Limited	G.A. 5-00 SAILASHREE VIHAR, BHUBANESWAR, Odisha	India
S2-299591716	SNOWDEN LEGATO, LLC		US
S2-628294685	Kosher Nursing Home  Co	NO.49, FIRST MAIN, THIRD PHASE, J.P. NAGAR, Karnataka	India
S2-656960149	KORORBI	3066-3070 NEBRASKA AVENUE, TOLEDO, OH	US
S2-48939070	TRAN'S TOTAL MOTORS	8909  SQUIRE CT, INDIANAPOLIS, IN	US
S2-987659709	CINDELYN FOSTER-ENBRIDGE LLC	882 DEFIANCE SAINT, OTTAWA, OH	US
S2-635511596	OY-ENGINEERING INC	795 LIVINGSTON AVE, NULL, ALANY, NY	US
S2-202081914	Troy Federation Youth		US
S2-448710587	Up Chemicals Public	75C, PARK STREET 4TH FLOOR, UNIT 4/4, KOLKATA, KOLKATA, West Bengal	India
S2-636666981	સુપર કેર પ્રાઇવેટ લિમિટેડ	031/A, SHRI SADGURU NITYANAND CO.OP.H.SO LAXMIKANT ASHRAM ROAD, KATARGAM, SYNO 280, /2, 282, 285, SURAT, ગુજરાત	India
S2-176116039	Bharathi Realty Pvt	C/O PREETI DHANUKA, TARUN ALO APARTMENT, BARRACKPORE, West Bengal	India
S2-655596796	NOEMI'S MORTGAGE  INC	884 HIGH MOUNTAIN DRIVE, CASHIERS, NC	US
S2-58406671	ಜಯ್ ಕನ್ಸಲ್ಟೆನ್ಸಿ ಪ್ರೈವೇಟ್ ಲಿಮಿಟೆಡ್	NO 375, BANGALORE NORTH, BANGALORE, Karnataka	India
S2-382973609	ऑल इन्वेस्टमेंट्स प्राइवेट लिमिटेड	HAVELI, Maharashtra, FLAT NO.D-401, NEO CITY, PH-1, GAT NO. 735, PUNE	India
S2-336509725	ओम केयर प्राइवेट लिमिटेड	2018 BLDG NO.3, ADINATH TOWER CTS NO. 374, BORIVALI WEST, MUMBAI, Maharashtra	India
S2-622300061	... Ray Preferred Partners Center	22053 SHORE DR, SEAFORD, DE	US
S2-132895527	Usa Inc	38 BENJAMIN ST, MERIDEN, CT	US
S2-852877291	ইন্ডিয়ান সার্ভিসেস প্রাইভেট লিমিটেড	JL NO 196, SUBPLOT 30, VILL BRAJNATHCHAK PO - HALDIA TOWNSHIP, HALDIA, <NULL>, West Bengal	India
S2-652381513	AMG MUKUND PRIVATE LTD	G-12-59 CHITRANJAN PARK, NEW DELHI, Delhi	India
S2-942493091	Hartzell Integrated Dóllár	5200 U STREET, FORT SMITH, AR	US
S2-893669875	Anchor Supply Dynamics Co	317 ELMHURST CIRCLE, SACRAMENTO, CA	US
S2-806324381	Finance Foreign (india) Holdings Company	S507, SCHOOL BLK, SHAKARPUR, MANOKAMNASIDHDURGA MANDIR, NEW DELHI, दिल्ली	India
S2-231688856	Tech Trading Private	F-0244 & 245, SECOND FLOOR, NEW RAJINDER NAGAR, दिल्ली	India
S2-885365561	Eye (Clinic)	AZ, YUMA, 009797 32RD STREET	US
S2-463617918	Beacon Crystal Block P.L.L.C.	40 HAZEN STREET, CHELMSFORD, MA	US
S2-369458829	Private New Investments Ltd	Kerala, KOZHIKODE, 17/581 V	India
S2-454272837	Urgent Care Specialists [Co]	CALABASH RD, CALABASH, NC	US
S2-426153797	Nevarez, Staley and Cunningham Máintenance LLC	27 LAKE FOREST CT, ST CHARLES, MO	US
S2-845463620	#hanumaneducational	Maharashtra, B/3-02, S. NO.221 TO 223, THE SPIRES, PUNE CITY	India
S2-739603930	Mr Bharat Technology Pvt Ltd	NO 12 B, LALA LAJPAT RAI SARANI, KOLKATA, KOLKATA, West Bengal	India
S2-326946504	Southern Global	3142 H194 DOUGLAS AVENUE, SPRINGFIELD, IL	US
S2-379795941	লাইফ ফাইন্যান্স এলএলপি	20 PARKSIDE ROAD, KOLKATA, HOWRAH, পশ্চিমবঙ্গ	India
S2-764329448	Brush, Jillene, M.D. Northside Corp	0016497 MARVINDALE ST, MINERVA, OH	US
S2-385546967	Select Preferred Home	154 ROXBURY RD, GARDEN CITY, NY	US
S2-216377044	pranrajsciences.com	H/O HASIBUR RAHMAN, VILL-BARIJAN POTHIMARI JAGIR WARD NO. 02, P.O. SONTHA, P.S. KOCHADHAM, IN, KISHANGANJ, Bihar	India
S2-405574649	BAUER GREAT	6138 CHERRY RIPE LANE, KATY TTOWNSHIP, TX	US
S2-743560610	EFYE Institutions Care	9800 GRAY LAKE RD, GILLETT, WI	US
S2-838493982	Private Seven Global Ltd	7-10, West Bengal, NADIA, CINEMA HOUSE LANE, KRISHNAGAR, WARD NO. 18, KOTWALI NADIA	India
S2-12796093	Private Bombay Klrihnna Systems Limited	POOVALAMBEDU DIST TIRUVALLUR, 15 OLD NO 8 MADHA CHURCH STREET ROYAPURAM, Tamil Nadu, CHENNAI	India
S2-955730734	Private Shaikpet Capital Ltd	G-2ND FLOOR, PLOT NO755, ROAD NO36, HYDERABAD, SHAIKPET, Telangana	India
S2-241868453	Smart Food Private-Ltd	DOOR NO 19 C/O ANIL KUMAR SINHA, KACHHI GHAT CITY MAROOFGANJ, PATNA, बिहार	India
S2-436621421	brad (india) nidhi pvt. ltd.	LNJ NAGAR MORDI, BANSWARA, Rajasthan	India
S2-824443353	PROEM MISDDEST MOTA	IN, WEST TERRE HAUTE, 113 8TH ST	US
S2-305427278	HILL  ARC	OH, TWINSBURG, 11238 FREDERICK LN	US
S2-625317694	U 9 A Braves	519 RAMUNNO DRIVE, MIDDLETOWN, DE	US
S2-570191750	privateparksquare.com	3RD FLOOR, RATNANJALI SQUARE, NEAR GLORIYA RESTAURANT, PRENATIRTH DERASAR ROAD, SATELLITE, AHMEDABAD, GANDHINAGAR, ગુજરાત, 316	India
S2-99445931	Norfolk City Keystone Co	7213. RALPH STREET, NORFOLK CITY, VA	US
S2-343318003	गोल्ड कृष्ण प्रॉपर्टीज प्रा. लि.	#93 212, 4206/45 SUJATA SAHKARI GRUH, NIRAMAN SANSTHA, NAGPUR, महाराष्ट्र	India
S2-596751909	CHIROPRACTIC GREAT	FRANKLIN, 58 CENTRAL STREET, MA	US
S2-239425365	Innovative Supply Enterprises Holdings	7339 1/2 BRIDE WATER BLVD, COLUMBUS, OH	US
S2-42670115	... Pa0ne  Core Inc	6024-A RUSSELL AVE, MINNEAPOLIS, MN	US
S2-520831059	பாலாஜி பிசினஸ் பிரைவேட் லிமிடெட்	NO 23A, DISTILLARY ROAD VADASERY, NAGERCOIL, KANYAKUMARI, Tamil Nadu	India
S2-982439832	सेवन हॉस्पिटैलिटी प्राइवेट लिमिटेड	5A/5 KAMAYANI HOUSING SOCIETY TRIVEDI NAGAR, THANE, BOISAR, Maharashtra	India
S2-944030245	Krishna Logistics Private Ltd	GR-FR; FL- SHOP, 50/90/1/6, PRINCE ANWAR SHAH ROAD, KOLKATA, KOLKATA, West Bengal	India
S2-491074769	Legacy Company Cénter	6721 JOHN DR, FT WORTH, TX	US
S2-777835859	Temple Chapel LLC	333 MIN SAINT, HUDSON FALLS, NY	US
S2-330756776	Shri Satyaraj Media Limited Center		India
S2-978253391	Ross One Group	2015 -1005 ATLANTIC AVE, VIRGINIA BEACH CITY, VA	US
S2-180999100	Global More Auto Private (Ltd)	95 , MOSQUE, P-1 GOLD SIGNATURE, FRAZER TOWN, BANGALORE, ಕರ್ನಾಟಕ	India
S2-921776853	... Castanon's Barmt Eye Care Partners	005355 HUDSON RD, GLWAY, NY	US
S2-466601080	Neal and Asae Figx	21758 TOVAR RD, HARLINGEN, TX	US
S2-960372483	LLC GOLDEN SACHS	4954 RODEO WALK DRIVE, CITY OF HOLLADAY, UT	US
S2-452973108	Keystone  Corp	2700 TRIMMIER ROAD, KILLEEN, TX	US
S2-613431408	Scholarship Coalition LLC	3260 HIGHWAY 70, JACKSON, TN	US
S2-244693640	Costilla Best Dogecoin-LLC	ANGEL STREET, KAYSVILLE, UT	US
S2-189892225	Private Landmark Interiors Límited	#433 GODOWN-4, GURGAON, Haryana	India
S2-193586650	aguilar supreme fusion inc	7205-C HIGHWAY 66, null, TIMBO, AR	US
S2-499421234	Technosys Ventures Corp	UNIT NO 7, 2ND FLOOR, 10F LOKENATH BOSE GARDEN, A. C LANE, KOLKATA, West Bengal	India
S2-737521149	Rice Equity Inc Partners	7509 MORGAN AVE, RICHFIELD, MN	US
S2-22257325	Valley Desert Top (LLC)	19139 114ND STREET, BIG LAKE, MN	US
S2-590829133	Dental Care Asoiatse Inc	332 LANAFIELD CIRCLE, BOONSBORO, MD	US
S2-132946102	4208 Main Street	13507 54TH AVENUE, SILVER FIRS, WA	US
S2-822123183	Purvis, Donna D., DMD	20620C 5TH AVE, SIERRA ADOBE, AZ	US
S2-637697607	Oncology Specialists Of Meriden Center	125 WILLOW STREET, MERIDEN, CT	US
S2-273475397	प्राइम भारत सर्विसेज	GREATER BOMBAY, EKTA MEDOWS, BLDG NO.1, KHATAU MILL, BORIVLAI EAST, Maharashtra, H.NO C-1902/03 DWING	India
S2-311402763	Apple-(lndia) Infraprojects Private Limited	106, LAJPAT RAI COLONY GOVINDPURA, BHOPAL, मध्य प्रदेश	India
S2-983169327	NEEDHAM  & PDWELL SKY LLC		US
S2-237726767	Lopes and Duff Partners	009113 TAVISTOCK DR, TX, HOUSTON	US
S2-242055718	Bríght-Tavern!	6722 SAYLES RD, JACKSONVILLE, AR	US
S2-614982030	PLANTERS BÁBA	NO 248 SOMANAHALLI VILLAGE UTTARAHALLI HOBLI KANAKAPURA MAIN ROAD, BANGALORE, Karnataka	India
S2-30000261	M/s LOTUS  INFOTECH PRIVATE LIMITED	H.NO. 18/- 106/31 VIP HOSTEL AMBAD, AMBAD, महाराष्ट्र	India
S2-495721928	FINANCESUITINGSSHATAKSHI.COM	BLOCK B-749 HOUSE NO-626-P, SECTOR-21, INDUSTRIAL COMPLEX DUNDAHERA, Haryana	India
S2-920706546	अर्बन डेवलपर्स प्राइवेट लिमिटेड	FLAT PO .- D/402 TOWER-2, AURIC SOCIETY, SECTOR 82, GREATER FARIDABAD, BALLABGARH, FARIDABAD, Haryana	India
S2-953005146	QN Global Dbdr Partners	3345 ROSEDALE AVE, UNIVERSITY PARK, TX	US
S2-889497510	Krishi &  Sons Private	30 / 581, MCD FLATS, AMBEDKAR YOJANA OLD NAME A4 T-HUT, SEC-20 EXTENSION, ROH, INI, DELHI, दिल्ली	India
S2-662032378	GO  ECO (INDIA) CORPORATION	1904, A WING, SANKALP 17, CHS LTD, NEW NAGPADA, MUMBAI, Maharashtra	India
S2-225197562	శ్రీ ఆగ్రో ప్రైవేట్ లిమిటెడ్	2-3-5-696, V WADI, TELUGU ACADEMY LANE, HIMAYATH NAGAR, HYDERABAD, HIMAYATHNAGAR, Andhra Pradesh	India
S2-421767648	Klock American Baings	9110. DEVLIN ROAD, VA, PRINCE WILLIAM COUNTY	US
S2-62301464	Steadfast-Institute - 4573793774	21/11B. 1ST MAIN, BYATARAYANAPURA, MYSORE ROAD BANGALORE, ಕರ್ನಾಟಕ	India
S2-373143276	Vetecex Group Group	NORTH TONAWANDA, 253 BRYANT STREET, NY	US
S2-620482053	Jarleus Chiron	14118 1/2 MILTON COURT, TIGARD, OR	US
S2-471521279	LLC MILLMAN AND SMITH RIVER	008209 BONNER DR, HOUSTON, TX	US
S2-94935137	Janis Entmrprise (Co)	COLONIAL BEACH TOWN, VA, 1414 LOSSING AVENUE	US
S2-21682473	ಆಲ್ ಮಾರ್ಕೆಟಿಂಗ್ ಲಿಮಿಟೆಡ್	ಕರ್ನಾಟಕ, 10TH CROSS, I STG, 6PHS MAHAGANAPATHI NAGAR, BENGALURU, BANGALORE NORTH, 449	India
S2-209019917	MARIAM'S OPTIMAL [CLEANING]	3 8TH AVENUE, PARKERSBUGR, WV	US
S2-790103191	INC TYLER ATLANTICUS	204 FORT AVE, BLACKSTONE TOWN, VA	US
S2-12434856	legacy learning consultants llc		US
S2-409549083	इंडो मैनेजमेंट प्रा. लि.	IN C/O RANJEET YADAV, AZAMGARH, Uttar Pradesh	India
S2-159175610	Cancer Trust	0450 BROWN ST, BETTENDORF, IA	US
S2-97857545	LLC RAMIREZ REALTY	MAPLETON, 1455 950, UT	US
S2-717577572	XKB (SPACE)	310 EZEKIEL AVE, ZION, IL	US
S2-133067225	Irving California  LLC	1711 OSPREY LANDING DR, HOCKLEY, TX	US
S2-212955583	APACE WBED PRIVATE LIMITED	S NO 48 /3 TF 304, ECM P S COLONYCHM, VPS, PENDURTHI, VISAKHAPATNAM, Andhra Pradesh	India
S2-193026221	EXCEL LINK PRIVATE LIMITED		India
S2-705276084	Lehmann, Joyan Select Brewing	SHORE DUCK LAKE RD, BABB, MT	US
S2-383539909	Grand Ínstitutions Inc	414 SHERWOOD DRIVE, null, RUSSELLVILLE, AR	US
S2-848946610	Upma Private India Limited	BANGLA NO 48 TAGORE MARG, NEEMUCH, मध्य प्रदेश	India
S2-323858830	Nashville-Community  Optimal Center Northside LLC	633 BELL RD, ANTIOCH, TN	US
S2-545724283	NEALE LSBS	536 LOS BARANCOS LN, KANAB, UT	US
S2-619193843	Berget Davenport,  0.D. Co	5255 FLORENCE AVE, DOWNERS GROVE, IL	US
S2-54521194	Nakajima'S Manufacturing LP	<NULL>, NE, OMAHA, 10333- BROADMOOR CT	US
S2-373988067	சதர்ன் இண்டஸ்ட்ரீஸ் பிரைவேட் லிமிடெட்	DOOR NO 4-10A, MADURAI MEENAKSHI MAIN STREET, RAJAJI AVENUE VALASARAVAKKAM, CHENNAI, Tamil Nadu	India
S2-75989170	శ్యామ్ టెక్నాలజీ హార్డ్‌వేర్ ప్రైవేట్ లిమిటెడ్	B7, 2ND FLOOR, KAPILCOMPLEX, KPHB 6TH PHASE, KUKATPALLY, HYDERABAD, HYDERABAD, Telangana, TIRUMALAGIRI, PLOT NO2-5/A	India
S2-26479505	பிரீமியர் கன்ஸ்ட்ரக்ஷன்ஸ்	141/14, VANNIAR STREET, CHOOLAIMEDU, CHENNAI, தமிழ்நாடு	India
S2-189775165	Novari Venmdo LLC	1835-B COLUMBINE DRIVE, BILLINGS, MT	US
S2-809775998	Dudek Integrated Rocky	6125 CYRUS AVE, BATON ROUGE CITY, LA	US
S2-470659069	Unique-It Private Limited	M-15, 7TH CROSS, PEENYA INDUSTRIAL ESTATE, BANGALORE, ಕರ್ನಾಟಕ	India
S2-698019235	SHOURYA SHOURYA RESIDENCY PRIVATE	SURVEY NO. 89/6/2/1. , RAU INDUSTRIAL AREA, NAI DUNIYA PRESS ROAD, MHOW, Madhya Pradesh	India
S2-968735721	Bay Group	SEDRO WOOLLEY, WA, ALDER DR	US
S2-707037561	Cinder Cable Partners	NULL, NC, MILLS RIVER, 126 BELLE VERNMN LN	US
S2-983287475	ಸಾಯಿ ಇನ್‌ಫ್ರಾಸ್ಟ್ರಕ್ಚರ್ ಪ್ರೈವೇಟ್ ಲಿಮಿಟೆಡ್	NO B3/46/B DATTA GALLI, 3RD CROSS VADAGAON, BELGAUM, Karnataka	India
S2-281482759	Co Lara'S Hair Studio	3716 SAINT ANDREWS PL, ELKHART, IN	US
S2-993107908	Incorporated Cascade Automobile	10652 1/2 DUMBARTON CIRCLE, DAKOTA RIDGE, CO	US
S2-567317756	जैन बिजनेस प्राइवेट लिमिटेड	C/O FL N 1/5 BAZARPETH BACK, SIDE OF KRUSHNA SANKUL, SANGAMNER, AHMED NAGAR, Maharashtra	India
S2-820931640	Mercer Harner LLC Partners	MD, COLLEGE PARK, 06009 SEMINOLE ST	US
S2-416300306	CHOICE REALTY-SOLUTIONS LLC	1887 12 3/4 AVE, CAMERON TOWNSHIP, WI	US
S2-199669656	pediatricdentalspecialists.com	8636 DEN BALK DRIVE, CHESTERFIELD COUNTY, VA	US
S2-733155673	>> Astro Handlooms	PLOT 350 C/O AVINASH KUMAR MAURYA KHURHATI RAEBARELI, U P, RAEBARELI, RAIBAREILLY, RAE BARELI, उत्तर प्रदेश	India
S2-911470484	Trading Intec [Center]	105 RUNWAL & OMKAR -ESQUARE, OPP SION CHUNABHATTI SIGNAL, OFF E E HIGHWAY, SION EAST, MUMBAI, महाराष्ट्र	India
S2-206775978	Clyiell Generating (LLC)	2546  CAMPBELL AVE, NORTHWEST ANNEX, AZ	US
S2-172829241	ಹೈ ಟೆಕ್ನಾಲಜಿ ಲಿಮಿಟೆಡ್	NATIONAL ARCADE, Karnataka, THIRTHAHALLI, SHIMOGA	India
S2-645242491	ലൈഫ് എൻജിനീയറിംഗ് പ്രൈവറ്റ് ലിമിറ്റഡ്	BLOCK F-302. 9/412- 4, KAKKANAD, ERNAKULAM, Kerala	India
S2-582629579	PRAIRIE CHOICE EATON	1411 HERMITAGE AVE, AL, HUNTSVILLE	US
S2-192696208	NIRVNA ART LTD	117, GROUND FLOOR, HABIBULAH ROAD, OPP TO IFF, CHENNAI, Tamil Nadu	India
S2-90324650	M/s SANJEEVANI PVT.-PACKERS LTD.	Bihar, C/O. SUDHIR SINGH, S/O. TARNI SINGH VILLAGE- HARIN SINGHA, PANCH-NAUADIH, BL, OCK-CHAKAI, JAMUI	India
S2-57616839	Services Ncaneet Nilayam Private Limited	MAY FOLWER FL, 210 HIRANANDANI MEDOWS, V/V THANE, THANE, null, महाराष्ट्र	India
S2-17298657	Laxmi  Foundation (ID: 10654)	PLOT NO. 16A. , SUBHASH NAGR NEAR HEERADAS BUS STAND, BHARATPUR, Rajasthan	India
S2-232788938	Everage-and Rice LLC	12700 CONSTITUTION AVENUE, ALBUQUERQUE, NM	US
S2-390971137	SOUTHERN  DIAMOND INC SERVICE	58 APPLE HILL DRIVE, VILLAGE OF BLUE MOUNDS, WI	US
S2-646192031	Superior Great Income Pastisrrs	IN, BLOOMINGDALE, VEACH RD	US
S2-448967653	CANCER PROJECT INC	611 CHARLESTON MILLS DRIVE, DOTHAN, AL	US
S2-219128254	इंडो सिस्टम्स प्राइवेट लिमिटेड	ORION BIOMOLECULES PRIVATE LIMITED, NAGPUR, Maharashtra	India
S2-815424973	Ganesh Brothers Industries Ltd	FNO G-134 S-1 13ND FLR RANI, ENCLAVE GOVARDHAN COLONY, JAIPUR, Rajasthan	India
S2-767109874	Aarika Delgado Green Galaxy (Corp)	#5112 DANDY COURT, VIRGINIA BEACH CITY, VA	US
S2-859393404	ALL INTERNATIONAL GLOBAL PVT LTD	B1/706, DWARKA SAI, S.NO.42/2/7 8, PUNE CITY, Maharashtra	India
S2-307599169	bhealthc0m	1646 ROCK CREEK CORNER, LAYTON, UT	US
S2-628378031	United Briaell, LLC	05303 LAFAYETTE RD, ELK RUN HEIGHTS, IA	US
S2-645024049	holdings blackshear, meta r., m.d.	1403  KERSHAW DR, RALEIGH, NC	US
S2-699404448	private js trading limited	H-NO. 5-22/4, PALAMANER, ఆంధ్రప్రదేశ్	India
S2-197514971	MINNIE GARDNER BRIGHT ASSOCIATES LLC	518 A DOBBS STREET, HERTFORD, NC	US
S2-484557188	Límited Om Natural Private	HN ##83 JOYCHANDITALA, KOLKATA, HOWRAH, West Bengal	India
S2-913216366	क्लासिक Management Private Limited	SPECTRUM EDUCATION D/7, PLEASANT PARK, ABOVE DR ELECTRICWALA HOSPITAL, OPP BIG BAZAR, WA, PUNE, CHAKATI  MH, महाराष्ट्र	India
S2-796310966	SHREYA TECHNOLOGY (INDIA) CO	A-35, AKSHATA SOCIETY, NEAR WATER TANK, VADODARA, ગુજરાત	India
S2-718979866	physical therapy specialists	3359  CAMPBELL DRIVE, BRONX, NY	US
S2-52172500	BRENNAN, HOBGOOD AND LAYFIELD INC	303 94 STREET, BROOKLYN, NY	US
S2-700966121	Boutwell, James Elliott Pineapple, LLC Services	4949 DESERT KNOLL AVENUE, TWENTYNINE PALMS, CA	US
S2-908777030	DRAYlQ CÓMMERCIAL INC	17825 114ND PL, RENTON, WA	US
S2-575536430	Orr Interfaith Ministries Services	MN, ORR, ECHO TRAIL	US
S2-649687413	Venu Senior Private Límited - 3421433094	FLAT NO : 205, YAGANTI EMERALD APARTMENT, 6TH LINE SYAMALA NAGAR, GUNTUR, Andhra Pradesh	India
S2-176968531	Pediatric Dental Group Inc	SEEKONK, #23 JUNIPER RD, MA	US
S2-510494370	ऑल सनराइज फाइनेंस प्राइवेट लिमिटेड	#2-6, RABALE, Maharashtra	India
S2-674589163	SYLVIASTAFFORD.COM	NY, ALBANY, 2- LINCOLN SQ	US
S2-827093547	Forge Corp	459 CENTRAL PARK, NEW YORK, NY	US
S2-132022202	SIMPLEX LIMITED  CENTER	PLOT NO WZ252/B FRONT RIGHT PORTION 1ST FLOOR OLD NO. 2/2, BLKWZ, NEW DELHI, Delhi	India
S2-145204119	Primary Care Cornerstone Physicians Ltd	308 WASHINGTON AVE, LANCASTER, OH	US
S2-450445631	Lucky Ice Crema PLLC	43 BISSELL PLACE, SEYMOUR, CT	US
S2-187498810	ORTHOPEDIC EXPRESS CARE Enterprises		US
S2-607423444	... Premier Technologies Electronics  Private	DOOR NO 381 318, SAMEDH, NR. AGRAWAL PLAZA, C.G. ROAD, ELLISBRIDGE, AHMEDABAD, Gujarat	India
S2-84982417	824firstavenue.com	1338 HOMESTEAD STREET, BALTIMORE, MD	US
S2-576312763	GHAZIABAD LÍMITED PRIVATE IMPEX	H.NO 517 A, KAREHARA, GHAZIABAD, Uttar Pradesh	India
S2-260686291	NAV HOSPITAL LIMITED		India
S2-21859479	Pvt. JSN Mangment Ltd.	E-42/4, OKHLA INDUSTRIAL AREA PHASE-II, NEW DELHI, SOUTH DELHI, दिल्ली	India
S2-321565255	South Fíve Inc	16410 Arrow Boulevard, FONTANA, CA	US
S2-873660516	South Trusted Gravity  LLC	1714-A WICKHAM WAY, CROFTON, MD	US
S2-848687795	BUREAU OF FINANCE LTD.	PERINTON, 19 BLACK WATCH TRL, NY	US
S2-620419239	ఇంటర్నేషనల్ సిస్టమ్స్ ప్రైవేట్ లిమిటెడ్	304, 4TH FLOOR, BHAGYA NAGAR, BALANAGAR, GANGADHARAPURAM, Telangana	India
S2-426660752	Ibhanan Partners Sangh Group	20/1713, MEDILIQ INDIA VERACHERIL BLDG, PALA, Kerala	India
S2-981022954	Continental Charter (School)	IN, WAYNE, 2908 WITCHWOOD DR	US
S2-427374357	Dee Solutions Corp	HN 313 823, 8TH FLOOR, THE IMPERIA, OPP. SASTRI MEDAN, SUBHASH ROAD, RAJKOT, ગુજરાત	India
S2-155086154	Blue Blue Highland Tanport Holdings	11007  COUNTRY CLUB RD, NEW MARKT, MD	US
S2-17360295	Industries Blue Private Limited Services	DOOR NO.W/#139 4TH STREET PARK ROAD, ANNA NAGAR, WEST EXTENSIO, Tamil Nadu	India
S2-147418558	Limited Good Supreme Private Service	HN 629 O NO.807/N NO 7, VELLORE, Tamil Nadu	India
S2-623626120	Trusted Peak Lincoln LLC	732- VINCEK WAY, CHESSAPEAKE, VA	US
S2-414011287	METROPROGRAM.COM	117 IRWIN ST, INDIANAPOLIS, IN	US
S2-315092910	जय टेक बेकरी प्रा. लि.	A-310/9 DERAWALA NAGAR, NEW DELHI, Delhi	India
S2-680125018	Pacific Program	1010 FRANKLIN ST, IL, POCAHONTAS	US
S2-79818405	Womens Health Group Center	GRUMMON STREET, PAW PAW, IL	US
S2-156054800	Modern Environmental-Ventures of City Center	110 MOUNTAIN AVE, ROANOKE CITY, VA	US
S2-923271726	1815 FOURTH LANE METRO CORP OWNERS	251 UPPER RIVER RD, PO BOX 7414, HERON, MT	US
S2-194980849	NIRMITI (INDIA) CONSTRUCTIONS  PRIVATE	CHANDRAMMAL COMPLEX, 1ST FLOOR ARASUR, T.V.NALLUR MAIN ROAD, VILLUPURAM, Tamil Nadu	India
S2-146095676	Teal  Modern	13048 SHADOW RIDGE RD, LINDALE, TX	US
S2-69869857	L.L.C. Pediatric Dentistry Strategic Health,	WEST FARGO, ND, 150. Beaton Drive	US
S2-459633919	Agro Vijay Bharat Pvt Limited	H.NO. 5/454, VIKAS NAGAR, LUCKNOW, उत्तर प्रदेश	India
S2-970824237	सन सिस्टम्स फूड्स प्राइवेट लिमिटेड	720, D-6, FRIENDS SOCIETY, SECTOR 7, BEHIND CHARKOP BUS DEPOT, KANDIVALI WEST, MUMBAI, KANDIVAL WEST, Maharashtra	India
S2-543811262	Standard Creative A1liance Eastgate	1719 RIVERDLE ST, W SPRINGFIEDL, MA	US
S2-973724667	Nylavio	302 SCHEER AVE, NC, DURHAM	US
S2-278217555	thconcord.com	93-22 245nd Street, FLORAL PARK, NY	US
S2-331922251	बॉम्बे एस्टेट प्राइवेट लिमिटेड	AKOLA, 2302, IEDGAO ROAD, SHIVNI, Maharashtra, C/O SHAIKH ASHIQ SHAIKH RASHID, AKOLA	India
S2-86720793	SATYAM TRAVELS LLP		India
S2-314146870	भारत इंजीनियरिंग प्राइवेट लिमिटेड	H - 11, ABUL FAZAL ENCLAVE, OKHLA, NEW DELHI, DELHI	India
S2-556747559	Aay Trading  Private	H. NO.-G-57 G/F, J J COLONY, BAKKARWALA, Delhi	India
S2-636634036	Luebke Pinnacle	784 E, TOWN OF ST JOSEPH, WI	US
S2-513250663	Madhav 5ervices LLP	B-144 GANGA JAMUNA COLONY, BEHIND BAKE BIHARI PARK, DADI KA PHATAK, JAIPUR, Rajasthan	India
S2-311868409	Advanced Berkley Llc	191 SAINT FRANCIS AVE, WICHITA, KS	US
S2-457978289	Zaragoza Empire Corporation		US
S2-830888138	COZY BARBEESHOP	##40 ARGO LN, SEVEN SPRINGS, NM	US
S2-685731157	ब्राइट फाइनेंस प्राइवेट लिमिटेड	C-5/28 VASANT KUNJ, NEW DELHI, NORTH DELHI, Delhi	India
S2-381127815	CORP IRONWORKERS UNION LOCAL NO 854	#196 ATKINSON RD, WALNUT DCP, IL	US
S2-228141367	अल कंसल्टिंग प्रा. लि.	9A PATEL SHOPPING CENTRALCHANDAVARKAR BORIVALI (W), MUMBAI, MUMBAI CITY, Maharashtra	India
S2-893692125	Quvue Partners	202 LEAKSVILLE CT, LURAY, VA	US
S2-997643677	सदर्न एसएस आईटी प्राइवेट लिमिटेड	बिहार, NEW ETWARPUR ADITYAPURI, KURTHAUL, PATNA	India
S2-220626529	रेड पावर फार्मेसी	C-A-51, FIRST FLOOR, SANJAY ENCLAVE, NEW DELHI, VASUNDHARA, दिल्ली	India
S2-119087459	Re Trading Corporation	Maharashtra, SHOP NO 129 MARKET YARD TQ LATUR DIST LATUR, LATUR	India
S2-261701530	Skas Plast Private Límited	3 , KRISHNA COLONY, KAVARAPALAYAM THIRUNINDRAVUR, Tamil Nadu	India
S2-321590098	RIDGE ROCKY DEEP	4827 GREENRIDGE CT, FAIRFIELD, CA	US
S2-373730786	Bertina's Excavation Horizon	100 SUNNYSIDE ROAD, QUEENSBURY, NY	US
S2-931322156	Bava Star Asa Holdings	MORGANTOWN, 8420 135, IN	US
S2-116895353	Cosmos Gifting (India) of-Hyderabad-Private Limited	##6-3-1090/A, FLAT NO 201, SUBANI SIRISAMPADA RAJBHAVAN ROAD, SOMAJIGUDA, HYDERABAD, Telangana	India
S2-366350374	Cygnus Associates Private		India
S2-620446219	Fresh  Nails!-Partners LLC	511  GRAYTON RD, LA PORTE, IN	US
S2-558752020	jeniece johnson, dds, pc	3215 MAYFAIR ROAD, GWYNN OAK, MD	US
S2-789983455	colson micro	2580 EL CAMINO AVE, SACRAMENTO, CA	US
S2-699499247	WFI Midcap (LLC)	1140 1/2 VILLAGE LN, COROLLAC ITY, NC	US
S2-675296997	Associates Therapy Fresh Care Physical	2222 QUINOY AVE, OGDE CITY, UT	US
S2-952324784	EASTERN AUSTRALIA AUSTRALIA	702B RAMSEY AVE, PMB 9214, OR, GRANTS PASS	US
S2-469698370	Castal Oyj	436 36RD STREET, CA, SAN BERNARDINO	US
S2-296830281	Shree ਫਿਊਚਰ Estate ਪ੍ਰਾ. ਲਿ.	#38, GOPAL NAGAR, GALI NO.2 MAJITHA ROAD, AMRITSAR, Punjab	India
S2-147317655	BM Industrial Ínc.	24 COY ST, CANANDAIGUA, NY	US
S2-483453128	ryder development	27642C MESABE DRIVE, MAGNOIA TOWNSHIP, TX	US
S2-164651728	Private Shiv Food Limited	NEW DELHI, NEW FRIENDS COLONY, A - 211, Delhi	India
S2-321590109	cappuccio rocky brookfield	2335 LONDON DR, OH, LIMA	US
S2-862378225	The-Marts and Mcgowan Inc	464-466 ROSEGOLD PLACE, FOLSOM, CA	US
S2-522792557	Fort Worth Telecommunication L.L.C. (ID: 49166)	FT WORTH, 2859 PARK MEADOW COURT, TX, null	US
S2-526876910	ST. COMMUNITY CHURCH	20203 RAY FALLS DR, TOMBALL, TX	US
S2-452180384	CUSTOMHORIZONPARTNERS.COM	VT, BRADFORD, 10 RAILROAD WAY	US
S2-780336323	Mr Vee Essentials  Pvt.	NO.C-2 , THIRUVENGADAPURAM CHOOLAIMEDU, CHENNAI, Tamil Nadu	India
S2-550763752	EAR  NOSE & THROAT	NE, OMAHA, 777 1/2 74rd Avenue	US
S2-843741773	Black Shyam Investment Public Limited	महाराष्ट्र, D/108, RUNWAL&OMKAR ESQUARE, EASTERN EXPRESS HIGHWAY, OPP. SION CHUNNABHATTI SIGNAL, SION(EAST), MUMBAI	India
S2-334354664	Vijay Unique Media Private [Limited]	7-5-22, 4TH FLOOR, ROOM NO 2, GOPUVARI LANE, VIJAYAWADA (URBAN), Andhra Pradesh	India
S2-580420578	Liberty Guild (Inc.)	CALLIE AVENUE, MORTON GROVE, IL	US
S2-874350854	गुड गैलेक्सी कंस्ट्रक्शन इलेक्ट्रॉनिक्स प्राइवेट लिमिटेड	MUMBAI, Maharashtra, OFF G-313 BWING GALLERIA SH, MUMBAI, NG MAL HIRANANDANI POWAI	India
S2-155636061	Sri Great Systems Private	DOOR NO 019 SEAT U, C-1, S/F, L- TYPE, BLOCK- C, SUBHASH PARK, UTTAM NAGAR, NEW DELHI, Delhi	India
S2-432337497	BODHGAYA PROCESSING PRIVATE LTD	NEW TARIDIH, THANA-BODHGAYA, BODHGAYA, Bihar	India
S2-348173686	Main Street Hair Studio	GRAYTON ROAD, BEREA, OH	US
S2-819911306	Rocky  America	2904 ARABIS CT, ANTELOPE, CA	US
S2-301634447	WEST-FORK JPMORGAN	20994 BUG SCUFFLE, WEST FORK, AR	US
S2-109081523	Dino Préferred Associates PC	SPIRO, OK, 23631 STEWART LOOP	US
S2-751652919	स्काई मैनेजमेंट लिमिटेड	ITARSI, Madhya Pradesh, PLOT #44 GURU NANAK COMPLEX BHARAT TALKIES ROAD, HOSHANGABAD	India
S2-915202445	Kolkata Services LLP	1-8, CAMAC STREET, KOLKATA, West Bengal	India
S2-539726746	PALMA INTEGRATED  MOBILITY HIGHLAND INC	39621 24RD AVENUE COURT, ROY, WA	US
S2-591821621	GRAPH & CO PSIVTAE (LIMITED)	010C, TUGALPUR, PHASE-III BESIDE GURAUDWARA, KP-III, GREATER NOIDA, GBNAGAR, उत्तर प्रदेश	India
S2-45732499	इंटरनेशनल फूड्स प्राइवेट लिमिटेड	NO 19 C/O AMAN KUMAR SAI UPVAN, VILLAGE YUSUFPUR, CHAK SHAHWARI, DADRI, LUCKNOW  HQ REGION, GAUTAM BUDDHA NAGAR, Uttar Pradesh	India
S2-997592409	Ff Clear Perfect Charlotte	04621 DELLFIELD WAY, CHARLOTTE, NC	US
S2-370665662	Seaking International School Ventures Private Ltd	NO 49, 30TH CROSS TILAK, NAGARA MAIN JAYANAGARA, BANGALORE SOUTH, Karnataka	India
S2-34956606	St. Synagogue	72 FOXWOOD RD, GUILFOORD CITY, CT	US
S2-23854429	Classic &-Associates	Karnataka, #30, 1ST FLOOR, NANDI SUNSHINE, 4TH CROSS, YAMALUR, BANGALORE NORTH	India
S2-958296449	VALUE ALLIED FITNESS,	THORNBURG PL, WADESVILLE, IN	US
S2-454450916	ROYAL WELLNESS COLLECTIVE  LLC	8801  SETTLERS ROAD, PMB 6297, CITY OF MADISON, WI	US
S2-176139646	LTD BXY BUILDERS	NO 446, KANNUR, Keralam	India
S2-802680238	RQ HBARR NGL	518 FREEMAN AVENUE, TALLASSEE, AL	US
S2-558659500	REEDSUPER.COM	482 ENCLAVE BLVD, COLUMBUS, OH	US
S2-882118036	ਸਕਾਈ ਈਸਟ ਇਸਟੇਟ ਲਿਮਟਿਡ	SCO-A67, FIRST FLOOR, HALF PORTION, CABIN A, NEW SUNNY ENCLAVE, SECTOR-125, KHARAR, MOHALI, Punjab	India
S2-305071473	TATIA SANGH  CLINIC		India
S2-984241859	Silver-Private Tech Limited	58-14-92/3, VUDA LAYOUT, MARRIPALEM, VISAKHAPATNAM, VISAKHAPATNAM, Andhra Pradesh	India
S2-148135037	Flaherty Cambridge,	75 RIVER RIDGE, WELLESLEY, MA	US
S2-255178941	noyes industrial	2405 CREEK VILLAS DR, BEDFORD, TX	US
S2-743482966	(india) Hps Hr Co.	HOUSE NO. 307/1/48, 2ND FLOOR, SHAHZADA BAGH, DELHI, Delhi	India
S2-559859533	Ratan (India) Labs Partners Limited	PLOT NO. C-481/4, M.I.D.C. LAND, TTC, PAWANA VILLAGE, THANE- BALAPUR ROAD, NAVI MUMBAI, Maharashtra	India
S2-637184698	Allied Anahrlu Partners	FAUQUIER COUNTY, 6343 BARN OWL CT, VA	US
S2-225037888	Colonial Southern Holdings	1074 KOONS RUN RD, FAIRMONT, WV	US
S2-861414287	tirupati energy private limited	504, PRIYA TOWER CHSL, 5TH FLOOR, PLOT NO 144, SECTOR 19, KHARGHAR, PANVEL, Maharashtra	India
S2-60794651	Meena Consultants Corporation	DOOR NO 109 MALVIYA NAGAR BHOPAL, BHOPAL, Madhya Pradesh	India
S2-481306942	BEHAVIORAL HEALTH SMART CENTER INC	2112 120RD STREET, BLUE ISLAND, IL	US
S2-399112375	Inc Prairie Advisors	2701 HAMFTON AVENUE, AR, BENTONVILLE	US
S2-448793585	canale management llc	1 FRYLING AVE, CONCORD CITY, NC	US
S2-51981016	ಗುಜರಾತ್ ಹಾಸ್ಪಿಟಾಲಿಟಿ ಆಟೋಮೊಬೈಲ್ಸ್ ಪ್ರೈವೇಟ್ ಲಿಮಿಟೆಡ್	SOPHIAS CHOICE UNIT NO.201 NO.7/20 ST.MARKS ROAD DIVISION NO.66 (OPP. BISHOP COTTONS GIRL, S SCHOOL), BANGALORE, null, Karnataka	India
S2-184993338	Andaman Foundation	H.NO ##15 , 4TH FLOOR, JAIHIND ENCLAVE, SHAIKPET, Telangana	India
S2-313026470	PQV INFRA OVERSEAS PRIVATE [LIMITED]	தமிழ்நாடு, 192N.S.K SALAI VADAPALANI, CHENNAI	India
S2-393592371	Dermato1ogy Physicians of Abington Township	1578-C RESERVOIR AVE, null, ABINGTON TOWNSHIP, PA	US
S2-549354680	Balakrishnan Adancnd Australia (P.C.)	MCKINLEY STREET, NULL, LORAIN, OH	US
S2-178384635	Kaveri (India) Ultimate Private	PLOT NO.-3-, KH. NO.-25/1, GROUND FLOOR, KHAIRA EXTN, NEW DELHI, Delhi	India
S2-623031574	-- VISION CLINIC HEARTLAND INC	922 BUCKHORN RD, PMB 5567, SYKESVILLE, MD	US
S2-299108910	Pease Cónstruction LLC	850 SANTA GERTRUDIS TRAIL, QUEEN CREEK, AZ	US
S2-927530305	ईस्ट फूड प्राइवेट लिमिटेड	AASHIWALO KI DHANI BHATTON KI GALI, JAHOTA AMER, JAIPUR, राजस्थान	India
S2-17933853	Dr Smart Constructions Solutions Pvt	#00108 BUILDING NO.A GANGA MELROSE S.NO. 60A/1/2/1B GHORPADI GAON SOPANBAUG, PUNE, Maharashtra	India
S2-290108980	Cedynix-Services	141 LYNHAVEN DRIVE, ALEXANDRIACITY, VA	US
S2-95507352	albert better aura	2614- EDGEWOOD DRIVE, EVANSVILLE, IN	US
S2-832217093	Islas's National Auto Body L.L.C.	Belfast Road, UPPER GWYNEDD TOWNSHIP, PA	US
S2-307626378	సిల్వర్ కన్సల్టెన్సీ ప్రైవేట్ లిమిటెడ్	GUNTUR, Andhra Pradesh, NARASARAOPET, H NO 8-121	India
S2-776409894	Black, Burke and Cyr L.L.C.	1009 POST AVENUE, ALAMOGORDO, NM	US
S2-570006860	Best Consulting Pharmacy	65 , THE PALSM APARTMENT, PLOT NO.13B, SECTOR-6, DWARKA, NEW DELHI, Delhi	India
S2-132543275	Bansgaon Agro Limited	उत्तर प्रदेश, HOUSE NO. 6, DHARAM PURA, BANSGAON	India
S2-35756508	Forsman West Center	49 WESTRIEW DR, WEST SENECA, NY	US
S2-170803924	Brewer Brewer Liberty Miluna LLC	5022 PORTLAND CV, STOOW, OH	US
S2-609292694	Smt India Industries Industries Private	H.NO 8-2-693/2/17MITHILA NAGAR, COLONY ROAD NO 12, KHAIRATABAD, Telangana	India
S2-994612767	ROXIE'S PINNACLE CREAM SERVICES	WV, PRINCETON, 7120 PISGAH RD	US
S2-696744966	Historical (Fellcwsihp)	32677 285TH AVE, ERHARD, MN	US
S2-872566864	Murill0 Pinnacle Pro [Co]	2017 Indian Ridge Rd, JOHNSON CITY, TN	US
S2-853275037	Heritage Chemical Cóncepts Ltd	229 14, GRANBY, NY	US
S2-296598302	Vision Cornerstone  Health Inc	#3200 Smeltzer Rd, MARION, OH	US
S2-256698067	Dennis (Quantumsphere)	4010 FUREY ST, DALLAS TOWNSHIP, TX	US
S2-963646032	Global Animal North Center	#4719 CLINTON AVE, CLEVELAND, OH	US
S2-503829652	Mumbai Swami Pirivte Limited	1ST FLOOR, CAMA BUILDING, 24/26, DALAL STREET, BOMBAY STOCK EXCHANGE, FORT, MUMBAI, Maharashtra	India
S2-861758392	Hn Properties Exports Private Limited	B105, SURBACON MAPLE, CHIKKANAYAKANAHALLI CHIKKANAYAKANAHALLI, CARMELARAM POST, Karnataka	India
S2-96508179	CHANTALLE MÉRCADO SPECIALISTS INC	328 TAYLOR ROAD, LOMBARD, IL	US
S2-474056246	Marti B. Madden, MD Ltd	WISE COUNTY, 221 ALTO STREET, VA	US
S2-604963200	5outhworth World PC	4411 MCCONNELL ROAD, MCLEANSVILLE, NC	US
S2-944065437	LOWREY SOLID  CO CENTER	1258 1/2 ST MADAR ST, AL, MOBILE	US
S2-916859477	Dermatology Ace Associates Co	24504 49, PMB 3807, MUSCADINE CITY, AL	US
S2-984164477	Sri SIDDHESWARI VIDYALAYA [PRIVATE]	H.NO 156 WARD 1, DOOR NO 29, POYYAMALA, CHUNGAKUNNU P O, KELAKAM, THALASSERY, Keralam	India
S2-503048625	Mehar Laboratories Pvt Ltd.	75 , SRI LAKSHMI NAGAR 4TH STREET, VALASARAVAKKAM, CHENNAI, N/A, தமிழ்நாடு	India
S2-707178891	Moses, Wise, Wise, Labrada and	IL, BELVIDERE, 1022- LINCOLN	US
S2-376460483	Inc Chu, Metcalf And Abbott Bitwise	5046 Filbert Avenue, FAIR OAKS, CA	US
S2-179053212	trivenivideo.com	474, 2ND MAIN ROAD, M M LAYOUT, KAVALBYRASANDRA, R. T. NAGAR, BANGALORE, ಕರ್ನಾಟಕ	India
S2-685027145	SECURE DESERT  LIFESCIENCES,	33 CRUCES LOOP, LOS LUNAS, NM	US
S2-954585201	4528mountainview.com	NULL, 17 THATCHER STREET, NY, BETHLEHEM	US
S2-376791375	White Aaebgor	H.NO. 1-98/5/2A/2 , SY NO 85, SERILINGAMPALLY, SERILINGAMPALLY, Telangana	India
S2-672381387	CO HEALTHCARE PRIVATE LTD	C-B3/1507, ONE NORTH, BEHIND SEASONS MALL, PUNE CITY, Maharashtra	India
S2-2670847	pc historical anchor coalition	205 4TH, BALLINGER, TX	US
S2-555440248	Dovakor	EVANSVILLE, IN, 6905-C DARMSTADT RD	US
S2-860399725	Mirna Baker Golden Tidewater	7211 SPRINGDALE STREET, HOUSTON, TX	US
S2-805435059	Zola Grteonn Gesher Inc	530 MMSON TUCKER DR, TN, SMYRNA	US
S2-169701381	Cho Cosmetics-Queensbury Corp	76A 149, LAKE GEORGE, NY	US
S2-31271558	MITECNET LLC	1593 1150 ROAD N, SHELBYVILLE CITY, IL	US
S2-546426576	Young & Snyder LP	15030 SCOTER STREET, CHARLOTTE, NC	US
S2-121759397	seed & co	67/1, KESHAV SMRITI VIVEKANANAD LAXMIPUR MR-4 ROAD BEHIEN, JABALPUR, मध्य प्रदेश	India
S2-314926539	Chenab Solutions Private	Maharashtra, 814  BLDG NO 3 86 CENTRAL, ANDHERI GHATKOPAR LINK RD, MUMBAI	India
S2-566194399	JASPER OCFAEB LTD	305- 5ND STREET, DAYTON, OR	US
S2-51424319	Eye Group Partners	7018 EARL AVENUE, WA, SEATTLE	US
S2-556334410	Neille-Reyes Idea Inc	10664  COTTON FLOWER DRIVE, MARANA, AZ	US
S2-943861343	Shields  Precision Associates	122 MAPLEWOOD ST ST, ROGERSVILLE, MO	US
S2-699501230	INC REGI0NAL SFHPEIOR ELECTRONICS	6220 NEWPORT AVE, CHICAGO, IL	US
S2-480851867	আলফা হসপিটালিটি প্রাইভেট লিমিটেড	West Bengal, #10, HOWRAH, DR. ABANI DUTTA ROAD, 1ST FLOOR, HOWRAH	India
S2-114971268	SHREE HÉALTH PRIVATE LIMITED	NO 1197/1 , (NEW NO.61/2), 8TH A MAIN, 5TH BLOCK, RAJAJINAGAR, ಕರ್ನಾಟಕ	India
S2-812894315	BANGALORE NORMH FARMS PRIVATE LIMITED	NO.4C-701, 4TH CROSS ROAD, 1ST BLOCK, HRBR LAYOUT, BANGALORE NORTH, Karnataka	India
S2-247565679	Christine Dailey,	3251 LUKE CROSSING DR, CHARLOTTE, NC	US
S2-519912199	HEARTLAND PRIME SPARTACUS INC	##103 CARRIC BEND COURT, CARY, NC	US
S2-744794854	PRIVATE GAGANDEEP MARBLES LIMITED	#108  H-BLOCK F NEW ALIPORE, CALCUTTA, KOLKATA, West Bengal	India
S2-586389069	Best Stáffing Advisors Inc.	IN, 669 800, ROCKPORT	US
S2-598588474	Vashu Institute Partners Corporation		India
S2-766251634	Naga Designs Private Limited	219, IIND FLOOR VIPUL TRADE CENTRE SOHNA ROAD SECTOR-48, हरियाणा	India
S2-383110508	4033jeffersoncourt.com	1779 RILLITO ST, TUCSON, AZ	US
S2-576774941	urgent care cascade partners llc	3800 CHARLOTTE AVE, NASHVILLE, TN	US
S2-139857118	Luu Colonial Realty Inc.	05940 PECK AVENUE, LA GRANGE, IL	US
S2-968737415	MOHANUR SERVICED PARTNERS	NO. 335, EB COLONY, SUBRAMANIYAPURAM, MOHANUR, Tamil Nadu	India
S2-700851619	भारत इंटरनेशनल प्राइवेट लिमिटेड	262 N 1 CIDCO, AURANGABAD, AURANGABAD (MAHARASHTRA), Maharashtra	India
S2-310613953	Pediatric Northside Better Physicians [Dental]	3037 IMPRESSIONS DR, LAKE IN THE HILLS, IL	US
S2-867358397	Global Sgn Online Associates Public Limited	ROOM NO: 11/523 C PEEVEES BUILDING, KOTTAPURAM, ANDIYURKUNNU PO, MALAPPURAM, കേരളം	India
S2-165396141	3104 MARKET WAY APARTMENTS CORP	4204 13th Pl, WASHINGTON, DC	US
S2-612859563	Cancer Truet LLC	FIREWOOD WAY, ANNA, TX	US
S2-688230388	DOUGHTY ROYAL ROYAL ENCORE	001446 ROCKINGHAM PL, INDIANAPOLIS, IN	US
S2-283874839	Sri *** Jadeja Services (India) Prívate Limited	ROOM NO. 21/A, NAHUR ROAD, SHUKLA BHAVAN SUBHASH NAGAR, MUMBAI, MUMBAI CITY, Maharashtra	India
S2-561880203	Seltgstfiec [Inc.]	1081  MACEDONIA LN, COLONIAL BEACH, VA	US
S2-68483150	Heritage Llague Center (Co)	1131 WARBURTON AVE, YONKERS, NY	US
S2-535260713	Laxmi Management Automobiles Private Limited	B2-63, FLAT NO.301, TULASI, RESI, MIG, HUDA COLONY, TIRUMALAGIRI, Telangana	India
S2-305376778	LINVILLE, PATEL & CUPP SUMMIT LLC	277-A CANE CREEK DRIVE, PELL CITY, AL	US
S2-661003790	FILINUM COPMANIES LTD	13430 99, EVERETT, WA	US
S2-476714949	F 5 LLC  GRADING BETTER	5901-5903 CARTER RD, KNOXVILLE, TN	US
S2-76349004	Kolk Secure Starlink L.L.C.		US
S2-110084330	Ryder Premier	1166 FIR GROVE LOOP, HILLSBORO, OR	US
S2-546413297	अरिहंत मैनेजमेंट एलएलपी	H.NO 88, SECTOR-18, EXTENSION, SARHAUL, GURGAON, Haryana	India
S2-526884631	Rubio & Huckins	4580 CR 6, NEW RIEGEL, OH	US
S2-537847103	YFQ Trinity Lakeside	418 OAKMONT LANE, SCHAUMBURG, IL	US
S2-403869292	The  Baptist Center PLLC	1439 NORMONT DRIVE, HOUSTON, TX	US
S2-354233452	southindiasoftech.com	20, MARUTI, SHIV VANDANA, WAGHAWADI ROAD, BHAVNAGAR, Gujarat	India
S2-235976983	Galaxy Ss Limited Private Properties		India
S2-281557469	WHITE PLATINUM NUFLEN INC	##225 MILAM DR, <NULL>, FREDERICK COUNTY, VA	US
S2-500304361	VILLANEDA MOUNTAIN QUARTZSEA QUARTZSEA	901 COUNTRY CLUB DR, MEAS, AZ	US
S2-560818510	Dublin Hsiills Partners Partners	5669-A ROTHESAY DR, DUBLIN, OH	US
S2-592650888	Nice Laxmi Public Limited	AL-129, 12TH MAIN ROAD, 2ND STREET SHANTHI COLONY, CHENNAI, தமிழ்நாடு	India
S2-765237014	SCHOLARSHIP SOCEIYT INC	555 PAULARINO AVENUE, COSTA MESA, CA	US
S2-590906273	Dotti Stewart Trusted Acres, Llc	N5748 SILVER BIRCH ROAD, ARKANSAW CDP, WI	US
S2-932096839	Commission on Transportation LLC	OFALLON, MO, 229 LANDING CIRCLE	US
S2-807474854	Vyapaar (India) Buildcon Private  Limited		India
S2-275404449	Indrtell Career  Pvt Ltd	B N 134, 1ST FLOOR, HUDA COMPLEX BHIWANI ROAD, SAFIDON, Haryana	India
S2-739448663	Shri @maalogistics	Karnataka, NO.2307, (OLD NO.44/6), GROUND FLOOR, SWANLINES, 12TH MAIN ROAD, 3RD BLOCK EAST, JAYANAGA, R, BANGALORE	India
S2-227749267	तिरुपति Urban आईटी प्राइवेट लिमिटेड	543/77, K-BLOCK KIDWAI NAGAR, KANPUR, Uttar Pradesh	India
S2-782006562	PEDERSEN SPÓRTS	GA, ATLANTA, 195 FAIRBURN RD	US
S2-698567775	Pinnacle Superior Alibaba, (Partners)	2558 IMBS STATION RD, MILLSTADT, IL	US
S2-143614907	Johnson Wright Inc Services	IN, HANOVER, 505 1/2 Hickory Dr	US
S2-43073112	PINNACLE INDUSTRIAL LABS [LLC]	2400 MCCAIN BLVD, NORTH LITTLE ROCK, AR	US
S2-857920251	Corly Lacasse Pioneer	8599 NEW ISLAND WAY, FLORIN, CA	US
S2-799238901	RELIABLE HOSPITALS OVERSEAS LTD.	ગુજરાત, BL 0098, PL 1, 2, NEAR MARUTI CENEMA NAVAPARA, MOTA BORSARA, SURAT	India
S2-764236252	Mumbai Enterprises Holdings	Maharashtra, DOOR NO 77 SUSHAMA TRADING P. LTD., 200, GUJRAT SOCIETY, MULJI DEVSHI HOUSE, 1ST FLOOR, SION (WES, T), MUMBAI	India
S2-473425954	First Clean [Imersgno]	MT, BIGFORK, 23 PONEDROSA LN	US
S2-405784926	Grill &-Dalton Inpoint	63085 317TH ST, WADENA, MN	US
S2-134950497	হরি ইম্পেক্স কনস্ট্রাকশনস	NO 18 BLOCK BB, PLOT-102, 51, SHANTI PALLY RAJDANGA SARAT PARK, P.O.E.K.T.P, P.S.KA, SBA, CALCUTTA, KOLKATA, পশ্চিমবঙ্গ	India
S2-355616973	Leigh Estate L1c	1904- RENDALL STREET, BURLINGTON, NC	US
S2-291892949	Cultural Coalition-III LLC	107 ARTHUR ASHE BLVD, RICHMOND, VA	US
S2-519056546	Constancy Oldaker, DD5, P.C. Corp	120 MAYS ST, ROUND ROCK, TX	US
S2-496850215	The Better Oneim North LLC	100 BIG BEND RIDGE, GALENA, MO	US
S2-986716530	C0rnerstone	CITATION WAY, MILTON, NY	US
S2-763379556	Coastal Program	1222 JOHN AVENUE, CITY OF SUPERIOR, WI	US
S2-581436607	Deis Co	4651 PARK AVENUE, MINNEAPOLIS, MN	US
S2-826516454	Unique  Industries Private Limited	19/1080, NEAR ANR COLLEGE, INDIRA NAGAR, GUDIVADA, Andhra Pradesh	India
S2-478830670	roopva technologies limited		India
S2-235398491	Srm Mleiacl Centre	T-22/1001, 10TH FLOOR, TOWER 22, CHD AVENUE, SECTOR 71, GURUGRAM, BADSHAHPUR, Haryana	India
S2-150814682	Colonial lnterstate Myers	BLESSING LN, MARTINSBURG, WV	US
S2-771555843	patriot galaxyedge coastal llc	1816 WICKHAM WAY, LYNDON, KY	US
S2-934922347	CAPITAL RÉXFORD [LLC]	3605 LONGFELLOW AVE, MINNEAPOLIS, MN	US
S2-738509117	Johnson National Tax	1488- 42ND AVE, ALEXANDRIA, MN	US
S2-803596169	Colonial Inc. Center	3540 OAK SPRING DR, HAMITLON CITY, OH	US
S2-374773640	XYL0TAVOQUO	#1243 Bristole Court, COLLINSVILL TOWNSHIP, IL	US
S2-329256726	INTERNATIONAL IMPEX  PHARMACY	C-204, CHANDRASEKHAR ENCLAVE UNIT-4, MADHUSUDAN NAGAR, BHUBANESWAR, Odisha	India
S2-387269711	NTX Ventures Private Limited Partners	FLAT NO.303, COMFORT OPAL APARTMENTS, RAMNAGAR, ANANATAPUR, Andhra Pradesh	India
S2-540216733	Willow	120 BROAD ST, MOBILE, AL	US
S2-815524559	MUMBAI MUMBAI FÍNVEST LTD	1ST FLOOR SUDHAM PLOT NO 235A 27TH ROAD OFF LINKING ROAD BANDRA WEST, MUMBAI, महाराष्ट्र	India
S2-158641226	Holdings Phillips, Goertz and Adams,	NAPERVILLE, 2253-2255 LISSON RD, IL	US
S2-734632823	IVIE JUAREZ PROPERTY SOLUTIONS LLC	ANGIER, NC, 95 MOLLY MAC LN	US
S2-937720083	BR GROWTH LTD	16-1-28/47/A/14 SARASWATHINAGAR, SAIDABAD, HYTERABAD, Telangana	India
S2-749642407	Family Ridge Chiropractic	CEDARBROOK ROAD, N/A, NAPERVILLE CITY, IL	US
S2-923748120	Lesli Gonzalez Ventures Inc	3523 31TH ST, FARGO, ND	US
S2-561625161	Smith Tri-State Crumrine	TX, 208  COUNTY ROAD 329, ROSEBUD	US
S2-908719488	Inc Heritage Comimttee	4126  101ST STREET COURT, GIG HARBOR, WA	US
S2-252220586	ଶ୍ୟାମ ଫୁଡ୍ସ୍ ଲିମିଟେଡ୍	PLOT NO-555/1454, PARADISE VILLAGE GOTHAPATNA, PO-MALIPADA, PS-CHANDAKA, KHORDHA, BHUBANESWAR, Odisha	India
S2-72591393	Gerson Ace Sports Harbor	8517 DEWBERRY WAY, PMB 7952, ELK GROVE, CA	US
S2-25663276	ક્રિએટિવ ટેક્નોલોજી પ્રા. લિ.	DOOR NO 144 P1 144 P2 PLOT NO.27 SHRADHA INDUSTRIAL EATATE, OPP. HOTEL LORDS JETPAR-PIPLI ROAD VILLAGE-PIPLI, MORVI, LALPAR, Gujarat	India
S2-76624148	Dovaxylo	2209 PURE STREET, ST PETERS, MO	US
S2-144757916	Laurella's Services	1582 MONROE FLOYD RD, DECHERD, TN	US
S2-294753168	Limited AIDL Ir Services	ROOM NO 208, B WING, AHILYA DUTT BUILDING, PANVEL, RAIGARH(MH), Maharashtra	India
S2-177471665	Smart Health Digital Co	1791 1/2 TANNER WAY, FLAGSTAFF, AZ	US
S2-446844245	liberty animal hospital	19543 ST RTE 664, LOGAN, OH	US
S2-232805709	Dental Cascade	20 FOSTER ST, MELROSE, MA	US
S2-972130692	Blanco Select	UT, 1068 GRIST MILL PL, MIDVALE CDP	US
S2-680975580	Group Etcfaootn Rosamund's	UT, CEDA CITY, 01570 N CEDAR BLVD	US
S2-477373580	Holliman  Capital	OTTAWA DRIVE, ELKHART, IN	US
S2-829419054	Marjie's Laboratories Llc	205 SCALLOP CORT, EMERLAD ISLE, NC	US
S2-576029625	NP Sofftwleaes Limited	HOUSE NO 4463- H NO 3345 VISHRAM NAGAR TRI NAGAR, DELHI, दिल्ली	India
S2-404232285	Riley Holdings Partners	3014 21ND ST, RACINE, WI	US
S2-414624479	Beniwal (india) Private  Ltd	CTS NO-11312/1, RAHAT, COLONY, RAVINDRA NAGAR, AURANGABAD, Maharashtra	India
S2-678609308	Kelly, Maribel Atlantic Defi Co	1823 GARRISON WAY, NULL, GARLAND, TX	US
S2-33780492	coffey, rexrode and connors llc	703 WILLOWBANK ST, SPRING TWP, PA	US
S2-799978429	Happy  Coffee Southside	24-28 CORDOVA LOOP, JARALES BOSQUE, NM	US
S2-411395943	Noni  Mreryr Enterprises LLC	623 BROADWAY AVE, MOORE, OK	US
S2-729058852	Gulf Council LLC	025 ROCK AVENUE, ROUSES POINT, NY	US
S2-875242013	-- Womens Health Clinic Inc.	12 HIDDEN CT, NORTH ANDOVER, MA	US
S2-77285093	INC. FEDERAL REGIONAL GRID EAST	236 EFNER STREET, BUFFALO, NY	US
S2-314356998	Perez's  Best	5959 WOODSIDE RD, PMB 8073, ALBANY, IN	US
S2-72802433	Ltd Credit Genomic Glnl	8A HIGH ROAD, INVER GROVE HEIGHTS, MN	US
S2-428241550	BOBBY [LEHR,]	433- 308 St, WILLOWICK, OH	US
S2-321785710	Rays Co Services	DOOR NO 3/1031 THERMADAM BUILDING PATTIKKAD P O, THRISSUR, Keralam	India
S2-140180889	PAN VIDYALAYA	A-101 JAI BHAWANI APPARTMENT, CABIN CROSS ROAD BHAYANDER EAST, Maharashtra	India
S2-908987230	Zabel, Romero and Porter Coastal Corp | www.zabelrom.com	747 CABIN CITY LOOP, SAINT REGIS, MT	US
S2-841917974	Ember Clinic Ltd	215 WINKLR DRIVE, HOUSTON, TX	US
S2-804516028	LINDSEY & TURNER LLC	3181 FLANDERS DR, WINSON-SALEM CITY, NC	US
S2-178043282	autism assistance association iii lakeside	6-8 LEDGEVIEW DR, WESTBROOK TOWNSHIP, ME	US
S2-423551185	SIIX FÁNNIE LLC	600 RAAB ST, UPPER MORELAND TOWNSHIP, PA	US
S2-311326755	ಎಸ್ಎಸ್ ಫೌಂಡೇಶನ್ ಪ್ರೈವೇಟ್ ಲಿಮಿಟೆಡ್	BENGALURU, NO.30 5TH CROSS SYNDICATE BANK COLONY BANASHANKARI 3RD STAGE, BANGALORE, Karnataka	India
S2-853755608	Yamuiyaer It Limited	DS-76, D2 BLOCK ITTIANA NEELA APPARTMENTS, NEAR GOLD COIN CLUB ANDAPURA VILLAGE E-C, ITY POST, ಕರ್ನಾಟಕ	India
S2-512060211	First Merger, PLLC	3741  WOODLAWN WAY, WEIRTON, WV	US
S2-300905402	Velvois Group	919 BAIER AVENUE, LOUISVILLE, OH	US
S2-123459391	Ltd Atlantic Ministries	8154 PADDNIGTON ROAD, WOODRIDGE, IL	US
S2-580529895	Coastal Legacy Restaurant Llc	448 TURNEY RD, CLEVELAND, OH	US
S2-988824861	BEACON-L.L.C.	5407 HIGHWAY 56, N/A, CHAUVIN, LA	US
S2-293011085	Phung National LP	##10308 MC NERNEY DR, FRANKLIN PARK, IL	US
S2-837615087	BACK ALLEY BIKE SHOP! UPTOWN LP	909 ROLLING HILLS DR, NULL, FAYETTEVILLE, AR	US
S2-645274799	बिग एग्रो लिमिटेड	Maharashtra, POONA, BLOCK C-814 S.NO 35/1 PLOT NO 56/C ABHANGNAGAR SOC GATHA MANDIR, PUNE	India
S2-682289441	Varun Advertising Pvt.	210 MAHAVIR INDUSTRIAL ESTATEKACHPADA RAMCHANDRA LANE EXTE MALAD (W), MUMBAI, Maharashtra	India
S2-196192413	பிளாக் இன்ஃப்ரா லிமிடெட்	NO 62 DOUBLE DRAGON INDUSTRIAL PARK KANNUR VILLAGE, THIRUVALLUR, Tamil Nadu	India
S2-158902765	Private Streamline Products Límited	H.NO 991 C/O SAKHARAM DEORAO TEKALE AT SAUTADA TAL PATODA DIST BEED SAUTADA, Maharashtra, BID, PATODA	India
S2-263273654	Physical Therapy	DE, WILMINGTON, 200 MARKET STREET	US
S2-93682954	Oncology Custom Medicine		US
S2-215365689	Hart, Fizer and Burns Uptown	#319 ORANGE AVENUE, LINCOLN, KS	US
S2-405681592	Deltakor Signature  Fund	14A LITTLE ST, FREDERICKSBUGR CDP, VA	US
S2-399052000	Gujarat Marketing LLP	Maharashtra, SHOP NO 14, BUILDING NO. H & I CHSL, MAHESHWARI NAGAR, ROAD NO 16, MIDC ANDHERI EAST MUMBAI, MUMBAI	India
S2-381426717	#TRISTATEFREIGHT	#351 RANCHO VISTA DR, GRANTS PASS, OR	US
S2-816989315	ANAND CONSULTANTS PRIVATE  LIMITED	6-54/A., 1 1 1 SANGAREDDY, ZAHFERABAD, Telangana	India
S2-667295957	UGK Efiineering Private Limited	BLOCK D-276 MANNAT HEIGHTS, # 5, 4TH MAIN ROAD, BALAJI LAYOUT, OPPOSITE DEE SPORTZ, BANGALORE SOTTH, Karnataka	India
S2-892880098	Shivam Private It Guru Limited	H.NO 1 OLD COURT HOUSE CORNER4T FL, KOLKATA, West Bengal	India
S2-371168439	Frontier LLC Service	701  ALTA STREET, OLYMPIA, WA	US
S2-970711089	Dr Argos-Producercompany Private	HOUSE NUMBER-SM0150103, SECOND FLOOR CHHOTA BARIYARPUR, PS-CHHATAUNI, MOTIHARI, Bihar	India
S2-524247699	HELENA CAREY PIEDMONT POWER INC	30815 BECKY LN, MGNOLIA, TX	US
S2-274640549	LLC INTERNAL MELEDICINE CARE ASSOCIATES	1001 6TH ST, LAFAYETTE, IN	US
S2-220948169	Johnson & Helton Inc	9933-9937 36th St, INDEPENDENCE CITY, MO	US
S2-972217648	Big 35-Grill	2516 Elson Green Ct, VIRGINIA BEACH CITY, VA	US
S2-848582954	Williams and Beauford Era		US
S2-92216230	Basai Road Overseas Limited Center	956, ASHOK VIHAR PHASE 1, GALI NO.4, BASAI ROAD, Haryana	India
S2-940106616	Shri HITECH IMPEX	FL N 1102, D, SWARNA CHSL, UNIQUE GARDEN BEVERLY PARK, KANAKIA, MIRA ROAD (EAST), THANE, Maharashtra	India
S2-75150479	Anchor Medical Systems Partners Corporation	858 BRUNSWICK ROAD, ESSEX, MD	US
S2-975266530	AURANCEYN CALISA,	2201  86ND COURT, MERRILLVILLE, IN	US
S2-5646683	Birch  Care	1108 FAIRWAY BOULEVARD, CA, BIG BEAR CITY	US
S2-699535842	Gomez, Ingunna, L.C.S.W. Inc	191 GRAFTON STREET, ROCHESTER, NY	US
S2-933093889	Co Aarone (India) Care	127 GROUND FLOOR, 3RD, ANNAPURNESHWARI LAYOUT, BANGALORE NORTH, BANGALORE, Karnataka	India
S2-339391894	JAIN  AND LECUYER	4500 ELVERTA RD, ANTELOPE, CA	US
S2-474535244	Dermatology Specialists Inc.	861 PENN OAK ROAD, AMBLER, PA	US
S2-290727820	Venus Exim Private [Limited]	SHANKAR SMRUTI, VILLAGE: VADODARA, VADODARA, Gujarat	India
S2-54659459	XD Prairie Thayer Group	967 4501, JACKSONVILLE, TX	US
S2-658037794	VT BEST-ALLURION DOWNTOWN	ALEXANDER, AR, 219 CRESTSIDE DRIVE	US
S2-156460390	LEO Foundation Pvt Ltd	A-616, EXPRESS ZON,E OFF. WESTERN EXPRESS HIGHWAY, MALAD EAST, MUMBAI, महाराष्ट्र	India
S2-598858367	Panchtatva Software Ltd	Tamil Nadu, 709 & 710, 7TH FLOOR, RAHEJA TOWERS, 177 ANNA SALAI, CHENNAI	India
S2-468242606	Trimurti Society Educational Enterprises	#1-119 / 8, PLOT NO. 14, ARUNODHAYA COLONY, SHAIKPET, తెలంగాణ	India
S2-656892137	SHRIRAM TECH (INDIA)  PVT	H.NO 507 KAMALALAYA CENTRE156A LENIN SARANI, KOLKATA, West Bengal	India
S2-726621584	NAMPALLY ENERGY LIMITED SERVICES	D.NO 6-3-672, FLAT NO 301, KURISHAD MANSION, BESIDE, NAMPALLY, Telangana	India
S2-757402261	CLASSIC PRAIRIE DOWNTOWN LLC [SERVICES]	1220 CIVIC COURT, LENOIR, NC	US
S2-85446560	Mumbai  Marketing Private	UNIT NO 10, A WING, VIRWANI INDUSTRIAL ESTATE, OFF WESTERN EXPRESS HIGH WAY, GOREGAON (E, AST), MUMBAI, महाराष्ट्र	India
S2-573307988	Allen  Dynamic Anadolu Ennis LLC	307 MONTANA WAY, ENNIS, MT	US
S2-806523322	Keystone Sachem	CRANDALL, 702 COLLEGE ST, TX	US
S2-857627805	EYE ASSOCIATES, GROUP	240-A 2300, UT, OGDEN	US
S2-803802032	अल्फा पावर लिमिटेड	H.NO B3/495/498 G NYAY KHAND-I, INDIRAPURAM, GHAZIABAD, INDIRAPURAM, GHAZIABAD, उत्तर प्रदेश	India
S2-780123305	LLC Capital Mobility	NY, FAR ROCKAWAY, 157-161 5 SAINT	US
S2-837096453	Saral & Co  Company	NO 98 BIDHAN COLONYGARIA, KOLKATA, পশ্চিমবঙ্গ	India
S2-470535992	Orellana Boral	37 Wamsutta Ave, WORCESTER, MA	US
S2-141789543	legacykeystonegas.com	00275 RANGELINE ROAD, IN, CARMEL	US
S2-578590880	historical program inc	16608 LONELY PINES DRIVE, CONROE, TX	US
S2-200472231	Haynie, Christiansen and Smith South LLC Services	OH, POWELL, 228-D STONEBEND DRIVE	US
S2-789377888	फ्यूचर इम्पेक्स प्राइवेट लिमिटेड	HN 4-71 28/12, LUCKNOW, Uttar Pradesh	India
S2-741566402	Christensen Safe Drilling LLC	636 OCEAN AVE, NEW LONDON, CT	US
S2-593260765	Bel's Deli	NORTH WILKESBORO, 260. GORDON RD, NC	US
S2-711763507	MURPHY CDASTAL OYSTER  INC	408 1/2 NOESHO STREET, BURLINGTON, KS	US
S2-802129140	Data Alliance Inc Center	4885 186TH AVE, PORTLAND, OR	US
S2-561796765	First Aalrde Financial Inc.	2973 329TH PL, RAVENSDALE, WA	US
S2-555593257	Bangalore North  Mahal Care	SB-57., 2ND CROSS, PEENYA INDUSTRIAL AREA, BANGALORE NORTH, Karnataka	India
S2-865862485	IH Kissan	FLAT ON 4RD FLOOR PROP NO B-344B BLOCK KH NO 1039/1 VASANT KUNJ ENCLAVE, NEWDELHI, Delhi	India
S2-22328438	शिव पावर गारमेंट्स प्राइवेट लिमिटेड	NO D/92 RANGSUTRA, VARANASI REGION, BHADOHI, Uttar Pradesh	India
S2-803740918	SERVICES AMELITA'S PIEDMONT LLC	008445 BRANDON DRIVE, AL, CITRONELLE	US
S2-876480978	Sri ADITYA INDUSTRIES LIMITED CENTER	297, FIRST FLOOR, NEAR SAPNA CINEMA, EAST OF KAILASH, NEW DELHI, Delhi	India
S2-798263394	सुप्रीम फूड्स फर्नीचर	GAUTAM BUDDHA NAGAR, H.NO 209SIDDHARTH CHAMBERS HAUZ KHAS, NEW DELHI, Delhi	India
S2-337172708	HINDUSTAN INSTITUTE OF TECHNOLOGY INFRATECH PRIVATE LIMITED	508-, TOWER 1, LODHA KOLSHET CROWN, THANE, Maharashtra	India
S2-413851460	LORRIE FREED GRAND INTERIORS [LLC]	CA, BENICIA, 50- CHELSEA HILLS DRIVE	US
S2-866264154	KFH  Mdeai	GIMPEX HOUSE 82 LINGHI CHETTY STREET, CHENNAI, Tamil Nadu	India
S2-565295384	Gebrior Patriot Line	6565 EXCHEQUER DRIVE, ST. GEORGE CITY, LA	US
S2-946589159	YS Marketing Prívate Ltd	Telangana, FLAT NO 608, SY NO 246/1, MANIKONDA JAGIR, GANDIPET, RANGAREDDY	India
S2-644543255	OLYMPE W. HANNON,	725 FATHOM PL, STURGEONN BAY, WI	US
S2-229217508	Blue Investments  of	DAYTON STREET, SPRINGFIELD, MA	US
S2-382707082	Foley Foley Armada	8633 CASCARA CT, PMB 1495, YELM, WA	US
S2-679717420	गैलेक्सी वेंचर्स प्राइवेट लिमिटेड	HN 216 404, FLOOR-4TH, PLOT-140/144, 140, ARIHANT TOWER, SWATANTRYA VEER SAVARKAR MARG, KAPAD BAZ, AR, MAHIM, MUMBAI, MUMBAI CITY, Maharashtra	India
S2-294901033	Mukherjee Pampa Pampa	2809-A 87TH ST, PMB 2378, LUBBOCK, TX	US
S2-414010221	વિજય કન્સ્ટ્રક્શન્સ	ADITYA PLAZA. NR. KARNAVATI APPARTMENTS., JODHPUR, SATELLITE, AHEMEDABAD, 310, ગુજરાત	India
S2-91908767	Consulting Om Private Limited	Delhi, H.NO 173/A PREM NAGAR Z BLOCK, SOUTH WEST, SOUTH WEST DELHI, PHASE 4 KASHMIRI COLONY	India
S2-316224656	Joice's Birhttg Auto Auto Body	VA, 15607 MOSS LIGHT PLACE, CHESTERFIELD COUNTY	US
S2-258676677	Colonial Fnesnius P.C.	2645 CROSSING ROAD, MARSHALL, AR	US
S2-947421213	Maggard Regional Cadenza  Corp		US
S2-101919056	Rainbow Hotels Private Ltd	505/ PANCHSHEEL-4/B, RAHEJA TOWNSHIP MALAD (EAST), MUMBAI, Maharashtra	India
S2-118711492	South Estate Private Ltd	Punjab, DOOR NO C-107 , TEG COLONY	India
S2-777642350	Sri EVENING TMRADERS PVT. LTD.	7/12, 6TH EAST STREET, KAMARAJ NAGAR, THIRUVANMEUR, CHENNAI, Tamil Nadu	India
S2-516030727	rnvbrothers.com	02 CRESCENT CHAMBERS 3RD FLR56 TAMARIND LANE FORT, MUMBAI, Maharashtra	India
S2-721241427	Ace Associates &	G-1, GULMOHAR COMPLEX, PHASE 3, NEAR DIVEKAR HOSPITAL VIVA COLLEGE ROAD, BOLINJ, VIRAR WEST TALUKA VASAI, महाराष्ट्र	India
S2-142142252	COASTAL MARSHALL LTD	40 PRADO VISTA, LA MADERA, NM	US
S2-779723055	Merrill, Pauline N., DO, M.D., P.C. Group	2543 CLOVER DEW DAIRY ROAD, PRIINCETON, WV	US
S2-312119982	Delinda Dvccs Air Air LP #72853	100 MONTEZUMA ST, LYONS, NY	US
S2-564812597	*** Shiv Impex Pvt	SHASTIR NGR, THANE, DELUXE PHASE RTO RD OFF J P R D ANDHERI (W), Maharashtra	India
S2-303327441	Bureau of Parks  and Recreation Partners	WI, OCONOMOWOC, 38031 VALLEY RD	US
S2-558443244	Blue Utility L.L.C.	30160 YUCCA DR, FLORENCE, AZ	US
S2-442689738	Rojo & Spencer	#6475 FOXBORO COURT, PADUCAH, KY	US
S2-72993599	ZW Díamond Partners Elm	19418 REMINGTON CROSS DRIVE, HOUSTON, TX	US
S2-37191173	Optimal Atlantic Real Partners	3013-A CUMBERLAND AVE, WICHITA FALLS, TX	US
S2-822978972	Little Patriot Municipals East	1628 RUE ROYALE, KOKOMO, IN	US
S2-446585847	Unified Strategic	1627 LONNA DR, ROANOKE CITY, VA	US
S2-138118490	Aglow Haaemt Limited	B -##106, ARJUN CENTRE, GOVANDI STATION ROAD, BSD MARG DEONAR, GOVANDI -EAST, MUMBAI, MUMBAI, महाराष्ट्र	India
S2-542224090	Limited Ventures Kv Servicesprivate	#528, MARAMS RP HOMES, INFORMATION COLONY, RANGAREDDY, HYDERABAD, తెలంగాణ	India
S2-791444540	Shivansh Hygiene Corporation	DOOR NO 4 , LOGANTHAN NAGAR 2ND STREET, CHOOLAIMEDU, தமிழ்நாடு	India
S2-829041129	DREXNYLA	04 KENMORE ROAD, NY, LITTLE NECK	US
S2-364595902	Barrera Atlantic Pbiappel LLC	5917 ADAIR DRIVE, PMB 4124, AUSTIN, TX	US
S2-126506454	NKU PRIVATE LIMITED CENTER	OFFICE NO. 111, 1ST FLOOR, MUKESH APPART NAVGHAR ROAD, BHAYANDAR EAST, Maharashtra	India
S2-937072190	Mumbai Techsystems  Private Limited	1-C/205 DHEERAJ DREAMS-1 CHS LTD LBS ROAD NR DREAM BHANDUP, MUMBAI, Maharashtra	India
S2-918074562	Shiv Investlmet Pvt Ltd	NO 96 , 3RD FLOOR, VELLALA STREET, MOGAPPAIR WEST, CHENNAI, Tamil Nadu	India
S2-455209026	INFOTECH SHIVAMVANI (INDIA) PRIVATE LIMITED	RAMAGUNDAM, Telangana, KARIM NAGAR, HOUSE NO. 1-1-234/1/A, BARATH NAGAR NEAR MEO	India
S2-550680273	Cooper All Wisekey (Co)	5191 273RD ST, PORUM, OK	US
S2-32597485	Mirabelozeph	65/2, BSR CARTHIK ENCLAVE, 4TH CROSS, SSI AREA, BANGALORE NORTH, BANGALORE, Karnataka	India
S2-371915761	SHRINATHJI SOLUTIONS (PRIVATE)	NO 0374 179, 1ST FLOOR, KHAN RESIDENCY 12TH A MAIN, BTM 1ST STAGE, BANGALORE, Karnataka	India
S2-779614645	Nagita Consultants Pvt. Limited	701, 7TH FLOOR, UNIVERSAL TRADE TOWER SECTOR 49, GURGAON, हरियाणा	India
S2-345172295	Swati Hotels  Private Limited	दिल्ली, B ##36 PUSA ROAD, NEW DELHI	India
S2-849819552	FIRST CHURCH BAPTIST BAPTIST	1160 1/2 CONSIDINE AVE, CINCINNATI TOWNSHIP, OH	US
S2-83042259	Matthews Inc Services	2042 49RD AVENUE, null, OMAHA, NE	US
S2-930033885	Sri Jagdamba Institute of Technology Limited	106, WALKESHWAR, 4/5, KAPADIA BUILDING, WALKESHWAR - ROAD, OPP. RAJBHAVAN GOVERNOR`S GATE B, US STOP, Maharashtra	India
S2-554364982	Ace Taiwan Associates Inc.	YONKERS, 1155 WARBURTON AVENUE, NY	US
S2-783345185	Hitech Foundation Prvimte (Limited)	#301-302 ATMA HOUSEOPP OLD RESERVE BANK OF INDIA ASHRAM ROAD, AHMEDABAD, ગુજરાત	India
S2-687655650	Gilddovabelo	0114 TEN OAKS DR, HENDERSONVILLE, TN	US
S2-699391872	INTERNAL MEDICINE PHYSICIANS LLC	400  L COLEMAN DRIVE, MILLSBORO, DE	US
S2-156580490	Addeo, Gaither and Paasch Riverside	1787 ESTATE DRIVE, FARMINGTON, NY	US
S2-391112651	kiahyamamotoprime.com	202 10TH ST, CITY OF LA CROSSE, WI	US
S2-121378391	SHAIKPET SERVICES PVT.		India
S2-221622332	Deltanex [Foundation]	7312 MLLER STREET, LITTLETON CIYT, CO	US
S2-99858135	Womens Health Atrcblnaic Associates	PLANO, 322  COVINGTON CT, TX	US
S2-822798491	Public Sunrise Aditya Foundation Limited	H. NO. IX/1339, ROOM NO. 101, GANDHI NAGAR, BAGICHI NANAD KISHORE, DELHI, EAST DELHI, Delhi	India
S2-386684455	o2ocom	156 TOWERING OAK COURT, BURLESON, TX	US
S2-903960790	स्टार स्टार फूड्स लिमिटेड	D-87, F/F BLOCK-D, EAST OF KAILASH, MCD PARK, SOUTH DELHI, DELHI, दिल्ली	India
S2-318023531	Beacon Grupo Cáre Inc	1929-1931 TWIST RD, FRANKLIN GROVE, IL	US
S2-709994826	ROCKY TRUSTED SKY GREATER LLC	7737 HARKINS ROAD, LANHAM, MD	US
S2-367358354	Sri ZENEX CHEM-CORP	613, M.S.ROAD, KRISHNANCOIL, KRISHNANCOIL, Tamil Nadu	India
S2-839523258	Cypress Uptown LLC	0543 WOODED FALLS RD, MIDDLETOWN, KY	US
S2-663041128	harrisarendslafayette.com	2814 30 STREET, BROOKLYN, NY	US
S2-343655850	Clean Freight	1050-1054 STAPLEY DR, MESA, AZ	US
S2-740009891	stewart, smith & sosa information llc	1822 Y AVENUE, HOMESTEAD, IA	US
S2-831064278	BRIGHT ICE CREAM LTD (SERVICES)	1387 98 ST, BROOKLYN, NY	US
S2-202436202	Best C0lombier	851 WENDOVER AVENUE, IN, WESTFIELD	US
S2-75100863	Hill, 6eorgena Pipeline	CARO COURT, HOUMA, LA	US
S2-219432880	Bona Pvt Ltd Partners	C/O MIHIR MUKHERJEE NISHCHINTAPUR, MOUZA RAMPURHAT, BIRBHUM, West Bengal	India
S2-348636731	ONGOLE ENTERPRISES LIMITED (CENTER)	DO. NO-5-82-1, AMBEDKAR COLONY EXTENSION, NEAR SOUTH BYPASS JUNCTION, PRAKASAM DISTRICT, ONGOLE, Andhra Pradesh	India
S2-171673064	Nicki Trentham, O.D.	OH, WILMINGTON, 496  VALLEY ST	US
S2-226658215	Foot & Ánkle Strategic Specialists LP	1101 BLAIR ROAD, TAYLORSVILLE, NC	US
S2-10587098	Unique Trável Infratech Limited	C-405, MARATHON INNOVA, OPP. PENINSULA CORPORATE P G.K. MARG, LOWER PAREL WEST, MUMBAI, Maharashtra	India
S2-604277262	గోల్డెన్ ప్రొడ్యూసర్ ప్రైవేట్ లిమిటెడ్	E BLOCK, HYDERABAD, తెలంగాణ	India
S2-437915677	Laitinen & Monroe Vision Center [L.L.C.]	2217  DEER SPRINGS TRL, BELLEVILLE, IL	US
S2-718331277	Value Fortress Corp Partners	1814 ELLINWOOD ROAD, ROSEDALE CITY, MD	US
S2-549110351	गुड हॉस्पिटैलिटी प्राइवेट लिमिटेड	UNIT / NO. 505, MUMBAI, MUMBAI CITY, Maharashtra	India
S2-62004357	Nola Harlan, Esq.,	2526 VAN DYKE AVE, ROTTERDAM, NY	US
S2-548328657	Mr Swathi Vídyalaya	A-40, N.SR.OAD, KOLKATA, West Bengal	India
S2-921467017	విజన్ సదర్న్ టెక్నాలజీస్ ప్రైవేట్ లిమిటెడ్	SHOP 9, SECUNDERABAD, HYDERABAD, Telangana	India
S2-377895888	Marline B. B. Mátos, D.C.	811 GORDON AVE, NORWALK, IA	US
S2-995857514	अल्फा इम्पेक्स लिमिटेड	###51 TANAY OFF SAIBABA NAGA, KANDIVLI WEST MUMBAI, KANDIVLAI WEST, MUMBAI, Maharashtra	India
S2-791849792	... AARTI CARITHBLE LLP	PALANPUR, ગુજરાત, BANASKANTHA, 58-61 GAYATRI NAGAR SOCIETY HANUMAN TEKRI ABU HIGHWAY	India
S2-297926954	PRECISION-DEFOESE COMPANY	2400 800, KEWANNA, IN	US
S2-454519384	Jenson and Obrien	82 FREEPORT AVE, HEMPSTEAD, NY	US
S2-160208970	Presto Frefs Holdings Ltd	102 96, KAILASH MARKET OPP. HIPA SECTOR 18, SARHAUL ROAD, GURGAON, Haryana	India
S2-829607842	LG Paper Enterprises  Public Ltd	CH-27, STELLAR JEEWAN GH-03, SEC-01, GREATER NOIDA, Uttar Pradesh	India
S2-105898926	Kolkata Technosoft Pvt. Ltd	32, JAWAHARLAL NEHRU ROAD, 7TH FLOOR ROOM, 705 & 706, KOLKATA, KOLKATA, West Bengal	India
S2-740446216	HAPPY-BKAELYR PARTNERS	##22730 SAGINAW POINT LN, NULL, KATY, TX	US
S2-960276783	St.  Church Inc	CHATHAM AVENUE, AUSTIN, TX	US
S2-153452187	Glyphay  Offshore	1869 TECUMSEH STREET, KEIZER, OR	US
S2-363634967	Izabel P. Escobar,	824 WEST STREET, KS, GARDEN PLAIN	US
S2-727314761	EAST SEA LLC	1126 PORT STREET, HOUSTON, TX	US
S2-262229158	Enormous-Multispeciality Private Limited		India
S2-908490642	CRUMPTON HORIZON AEGON	VALLEY STREAM, NY, 20 CENTRAL AVE	US
S2-234006471	जैन फाउंडेशन प्राइवेट लिमिटेड	VILLAGE- HATA MAIZAPUR (HALDHARMAU), GONDA, COLONEL GANJ, उत्तर प्रदेश	India
S2-287275758	Nexova Bright Co	3301 ACTON SCHOOL RD, GRANBURY, TX	US
S2-787757653	Creative Atlanticus, Partners	5576 BONNIE BROOK ROAD, CAMBRIDGE, MD	US
S2-567950393	Clear Wltmh Services Group	4636 TIMNAH LN, MONROE, NC	US
S2-803111569	Swayam C0nsultancy Holdings LLP	13ND FLOOR SONIGRACHAMBERS MARKET YARD, PUNE, महाराष्ट्र	India
S2-508901477	M/s Emotion Dynamics  (India) L.L.P.	FLAT NO.501, 5TH FLOOR, KARANAM KREST BUILDING, SERILINGAMPALLY, Telangana	India
S2-370328143	Líreque		US
S2-294062437	Primary Care Golden Clinic Llc	HALL AVENUE, MN, RICHMOND	US
S2-231158333	माय ग्लोबल प्राइवेट लिमिटेड	SOUTH DELHI, दिल्ली, B-17 KISHAN GANJ ENCLAVE, NEW DELHI	India
S2-364169649	RBC Toticl	##83 BROWN STREET, LEXINGTON, NY	US
S2-400230753	felisha's systems	704 GRAND CT, SILOAM SPRINGS, AR	US
S2-313502741	Simons Produce of Abflayn	ALBANY, 99 A SHAKER ROAD, NY	US
S2-695569717	ಅಪೆಕ್ಸ್ ವೆಂಚರ್ಸ್ ಪ್ರೈವೇಟ್ ಲಿಮಿಟೆಡ್	#D/17, PHASE-03, ROYAL SHELTER, NEAR GOLDEN GATES APARTMENTS, DEVARACHIKKANAHALLI, BANGALORE, Karnataka	India
S2-259053443	Cornerstone LLC Consulting	SIOUX  CITY, 1705 1/2 25TH STREET, IA	US
S2-950381919	JAIPUR RASAYAN PRIVATE	P.NO 154 , 301-302, GANGA HEIGHT, 3RD FLOOR, TONK ROAD, JAIPUR, Rajasthan	India
S2-734973716	Pvt Chamundeshwari Rrefmacioies Ltd	C/O AJAY KUMAR SINGH, HOUSE NO 01, VILL ASHANA, POST ASHAN, BALLIA, Uttar Pradesh	India
S2-785890760	Howell Crystal Cion Llc	07019 Forest Hill Avenue, RICHMOND, VA	US
S2-847335213	Phulwari Exports	NO 992 C/O RATNESH KUMAR, F.NO-415B LOTUS APARTMENT, PHULWARI, Bihar	India
S2-25973612	*** NOVOS  IMMUNOPHARMA	N335 BEAR TRAIL RD, <NULL>, POYNETTE, WI	US
S2-624804463	Guevara Guggenheim		US
S2-282390486	Regional Digital Networks Partners	671 LEGACY HERITAGE LN, WAKE FOREST, NC	US
S2-498472092	ONCOLOGY OF ZEBULON, LLC PARTNERS	613 HFPWOOD DR, ZEBULON, NC	US
S2-411547279	CREATIVE ENERGY	C/O VIJAY KUMAR GUPTABADDU MIYAN KIGALI LAL IMLI PO BEGUMPUR, PATNA CITY, Bihar	India
S2-377809075	Shilpi Management Private Private	FLAT NO.12, 8TH FLOOR, OM RATAN CHSL 70, SIR POCHKHANWALA ROAD, MUMBAI, Maharashtra	India
S2-272918438	Kestisa Triumph	3730 CENTENARY DRIVE, UNIVERSITY PARK, TX	US
S2-569860965	Shiva Consultants Private Limited	PLOT 11 KIDC DHEKU VILLAGETALUKA-KALAPUR DIST PANVEL, RAIGAD, Maharashtra	India
S2-49312012	DIAMOND SUN,	862 POMPEII ROAD, CLAY CITY, KY	US
S2-132808942	Jarlari Sound,	1408 LINHERE DRIVE, CARPINTERIA, CA	US
S2-382377359	Interstate Ridge Tsak0s L.L.C.	09 FIR LN, INCORPORATED, IL	US
S2-882915480	United Constructions Public Limited	DOOR NO 588 C/O MAHABIR HOUSE NO 2 VILLAGE KARIRA BLOCK 13, TEHSIL MAHENDERGARH, Haryana	India
S2-752508714	Granite LLC	297 SWAN STREET, POTSDAM, NY	US
S2-905684636	Vasundhara Colony Tonk Road Services Limited Service	HN 66/5 202, VASUNDHARA COLONY TONK ROAD, Rajasthan	India
S2-956957661	Moline  Precious	001292 MASON LAKE RD, MADISON COUNTY, KY	US
S2-774061303	Rhoden Partners Có	LAUREL, 24149-24153 STIPPS HILL ROAD, IN	US
S2-592359559	Heddie Chavez Integrated Physical Therapy	827 RAILROAD ST, CALDWELL, OH	US
S2-488789411	Management Rar Farmer Ltd	RS NO G-1030/1/1A 1031/2, PLOT NO A-76 MALAXMI NGR, KARIR, महाराष्ट्र	India
S2-257098293	BEACON  SGIENEC		US
S2-610038935	314 Place Park Apartments Group	#29 SOSEGADO LN, HOT SPRINGS VILLAGE, AR	US
S2-871774031	জৈন সফটওয়্যার টেক্সটাইলস প্রাইভেট লিমিটেড	NO #78 SATYAN BOSE ROAD, SILIGURI, West Bengal	India
S2-91150407	SAFE GENOMLC SERVICES	MD, PINE HEIGHTS AVENUE, BALTIMORE	US
S2-400132919	CARDIOLOGY CLAOE GROUP	4950 FULTON DR, FAIRFIELD, CA	US
S2-507704636	Rodriguez's Rodriguez's Jewelers Inc	52 CEDAR ST, KINGSTON, NY	US
S2-566309986	SHAIKPET SOLUTIONS PRIVATE  LIMITED	H.NO:1-98/628/ &50, SY-76/P, XENO SPACE, MADHAPUR, SHAIKPET, Telangana	India
S2-604893296	Vioiridelta	7839 OAK NARROWS RD, COOK, MN	US
S2-32144601	সিলভার বিজনেস প্রাইভেট লিমিটেড	COOPERS CAMP, WARD NO. 8 COOPERS CAMP, KOLKATA REGION, NADIA, পশ্চিমবঙ্গ	India
S2-773705845	Astor Impex Co	PLOT ##398 C/O PRADEEP KUMAR C, NALLALAM BAZAR, NEAR NEWS, KOZHIKODE, Kerala	India
S2-218771556	L.L.C. Pediatric Care Associates	1309 HUDSON AVE, DURHAM, NC	US
S2-844267085	Mumbai Buildcon Private	OFFICE NO. 100, BLDG NO.3, BHAGYODAYA SRA CHS, VEER JIJAMATA BHOSALE MARG, MANKHURD EAST, MUMBAI, Maharashtra	India
S2-646080124	CORNERSTONE CORPORATION	001150 LOUISIANA AVE, PERRYSBURG, OH	US
S2-578620577	-- Vision-Health	1769 TANGLEWOOD COURT, BURLINGTON, KY	US
S2-755159846	Jupiter Consulting (India) Private - 9635314554	#200 341/1, PHOOL BAGH COLONY, MEERUT, उत्तर प्रदेश	India
S2-174603489	कृष्णा कंसल्टिंग प्रोविजन लिमिटेड	A-C-19, BASANT COURT, SWAMI VALLABHDAS MARG, SADHANA VIDHYALAYA, SION, MUMBAI, N/A, Maharashtra	India
S2-557882604	... Clear Digital Worldwide-Inc	RIVER PLANTATION DRIVE, null, AUSTIN, TX	US
S2-173181959	Fredrickson Robotics Co	8223 BERRY AVENUE, SACRAMENTO, CA	US
S2-713235203	ईस्टर्न मीडिया प्राइवेट लिमिटेड	G-922, NEW DELHI, SOUTH DELHI, Delhi	India
S2-616876975	LNG OPTIMAL CONNECTION CORPORATION	9430 192nd Avenue, BONNEY LAKE, WA	US
S2-94339175	Susi Public School of Service	NO.4/221-2, MARAVAR COLONY, KUNUYOOR(PO), TIRUNELVELI, தமிழ்நாடு	India
S2-567089005	Crites Tax Group	OLNEY, 18132 TOWN CENTER DR, MD	US
S2-96362128	5hrinath Restaurant Private  Limited	SURAJ DHAM OPPOSITE VETERINARY HOSPIATL, JAIPUR, BAGRU, Rajasthan	India
S2-757677016	Fontes Continental Futurecorp,	109 ALMA STREET, PORT CLINTON, OH	US
S2-429779755	ईस्टर्न इन्वेस्टमेंट प्राइवेट लिमिटेड	GURGAON, ESPACE, NIRWANA COUNTRY SECTOR - 50, NR GOLF COURSE ROAD, GURGAON, हरियाणा, HN 32 H. NO. - 136	India
S2-131872909	Dermatology Medicine	317B LINCOLN HIGHWAY, DEKALB, IL	US
S2-328244888	sbrothers.com	PLTO NO - 55, NEAR ECO LAUNDRY, RAMTEKDI INDUSTRIAL ESTATE, PUNE CITY, PUNE, Maharashtra	India
S2-656749559	Devbhumi Investments	11/187 INDRA NAGAR, LUCKNOW, Uttar Pradesh	India
S2-15919698	Group Precision Wholesale Consultants	465 CHERRY AVENUE, <NULL>, WAYNESBORO, VA	US
S2-992673515	Metropolitan Council Inc	6810 16 AVENUE, BROOKLYN, NY	US
S2-130488242	BAUMGARTNER SUPERIOR HARBOR INC.	28625 127TH STREET, ZIMMERAN, MN	US
S2-352990076	C/E Bioach Group		US
S2-6599540	Aldrich Asoctaed	310 ROSECREEK ROAD, MURPHY, NC	US
S2-310050325	Dorris, Wright and Johnson of Covington Ltd	1 ROEBLING WAY, COVINGTON, KY	US
S2-642122157	Pinkst0n Medical Center Westgate LP #59784	42 MIAN ST, DELEVAN, NY	US
S2-641217477	Universal Limited Private (Trade)	L1/34, SHRI KRISHNA PURI BORING ROAD, PATNA, Bihar	India
S2-391886434	Southern International Private  Limited	C/O ASHOK MAHADEV PAWAR H.NO.12-26/1 A/P SHETPHALE TAL-ATPADI, DIST-SANGLI, SANGLI, महाराष्ट्र	India
S2-730243009	Citizen-Limited Center	323-A, A-BLOCK, 3RD FLOOR PACIFIC BUSINESS PARK, SAHIBABAD, Uttar Pradesh	India
S2-425859054	నార్త్ కన్సల్టెన్సీ ప్రైవేట్ లిమిటెడ్	DOOR NO 2-178B KALLUR, CUDDAPAH, ఆంధ్రప్రదేశ్, CUDDAPAH	India
S2-762096507	SOLUTIONS TOHSRET (INDIA) PRIVATE LIMITED	FLB3/102 GREENWOODS 1651 23STMAINROAD ANNANAGAR(W), CHENNAI, Tamil Nadu	India
S2-849565658	Chiropractic Inc		US
S2-234929684	Branch and Hayhurst	157 BAY 47 ST, BROOKLYN, NY	US
S2-548633980	Sterling L.L.C. First	200-202 UNIVERSAL RD, SOUTHERN PINES, NC	US
S2-282188517	CECIL SALISBURY VIKING LLC	10 SIGNAL STREET, PO BOX 650, SANFORD, ME	US
S2-479081815	Mereex Trust Co	1094 EWING AVENUE, <NULL>, CHICAGO, IL	US
S2-279679940	EYE OF ASSOCIATES ROWLETT SERVICES	7304 LINDSEY DRIVE, ROWLETT, TX	US
S2-598991538	Family Medicine (L.L.C.)	04775 WILLIAMS DR, GEORGETOWN, TX	US
S2-290655819	లోటస్ కేర్	B-##8, <NULL>, HYDERABAD, Telangana	India
S2-85853760	एपेक्स प्रोजेक्ट्स प्राइवेट लिमिटेड	PLOT 626 136, BARRISTER NATH PAL MARG NEAR RAY ROAD RAILWAY STATION, MAZGAON, MUMBAI, Maharashtra	India
S2-624751621	Ad & Brlcotmhefrs Exports Corp	060 WEST AVANI, MOOLA STREET, MADURAI SOUTH, தமிழ்நாடு	India
S2-949646028	Mardia lnfratech Phsvte Limited	TC ##55/2314/5, THEKKECHARUVIL, THIRUVANANTHAPURAM, THIRUVANANTHAPURAM, Keralam	India
S2-518185574	-- Coastal Committee	24 BEATTIE COURT, HUNTINGTON, NY	US
S2-575329360	Ram It [LLP]	Delhi, HOUSE NO. 1118 , COLONY KALKAKJI, DELHI	India
S2-819921403	Commission  on	121 BAUER AVE, LOUISVILLE, KY	US
S2-109447170	Om Translines	1-1204 , APARNA SAROVAR, NEAR CITIZEN HOSPITAL, NALLAGANDLA, GACHIBOWLI, HYDERABAD, తెలంగాణ	India
S2-362515452	LLC Foster Annuities	418 1/2 WATERWOOD LOOP, JEFFERSON, TX	US
S2-898211285	ஷ்யாம் மேனேஜ்மெண்ட்	NO.3/35 SUBHIKSHAM APARTMENTS KALYANAGANAPATHY KOIL STREET, NEW COLONY, PORUR, SRIPERUMBUDUR, TIRUVALLUR, தமிழ்நாடு	India
S2-424220142	GOBLE CRYSTAL KARBON CORPORATION	10744 BRAESHEATHER COUT, HIGHLANDS RANCH, CO	US
S2-500350498	Downtown Auto Body Corp	307  CLEVELAND ST, AGRA, OK	US
S2-784152114	OSU Cleaning	H. NO-2-111/4 RNDDY, COMPLEX HANUMAN TEMPLE, R.C.PURAM, Telangana	India
S2-626832027	Family Ministries III	81 MADERA CT, LOS BAONS, CA	US
S2-146369582	Eva My Private Límited	JC-9 , GROUND FLOOR KHIRKI EXTN., MALVIYA NAGAR, NEW DELHI, Delhi	India
S2-834353592	Raj Industries		India
S2-845577049	Interfaith Charities	5537 Denton Dr, RUSSELLVILLE, TN	US
S2-656157274	DF Ebtectronics Group	##793 REAFORD RD, WINSTON-SALEM, NC	US
S2-613069085	Godfrey Focus Westgate LLC	23-C YORKTOWN CT, CHICOPEE, MA	US
S2-832217974	Law  Capital		US
S2-814528835	Shri Panache F0undation	301, MAYURESH COSMOS, 3RD FLOOR, PLOT NO. 37 SECTOR-11, CBD BELAPUR, NAVI MUMBAI, Maharashtra	India
S2-423099834	Thomas Future LLC	00109 CLARK RD, GRIMESLAND, NC	US
S2-382440808	#mybig	KURNOOL, Andhra Pradesh, 4	India
S2-458053941	Mr SANSKRUT SERVICES	UNIT NO. #806, BLOCK CS6 CAPETOWN, SUPERTOWN LIMITED, GH -01/A, SE, CTOR 74, NOIDA, Uttar Pradesh	India
S2-585332164	Dinique Ventures Íncorporated	206 Kingwood Park, POUGHKEEPSIECDP, NY	US
S2-235886198	Belling Mtoiero Kongsberg Group	STAGECOACH STREET, TX, FORT WORTH	US
S2-352654049	ઈસ્ટર્ન કન્સલ્ટન્ટ્સ પ્રા. લિ.	DOOR NO 11, SURAT, Gujarat	India
S2-732609411	Southern Pioneer	DURHAM, 1012 LAKEWOOD AVE, NC	US
S2-176512196	Express Flaherty Center	1501 SUNRISE CSEST LN, POWELL, TN	US
S2-795809304	Heritage Agricultural  Alliance LLC	6024 TR 253, PO BOX 8978, OXFORD TWP, OH	US
S2-85642806	Crandall  Enterprises Inc		US
S2-623705967	Cascade Partners	#126 HUMMINGBIRD LANE, SOUTH BURLINGTON CITY, VT	US
S2-813862982	BELTON RAPID ONLINE CENTER LLC	51  CRESCENT PLACE, TUCKAHOE, NY	US
S2-233123309	DYNAMIC DIAMOND THAYER	289 240TH AVE, MINNESOTA LAKE, MN	US
S2-848878443	Ram  Technologies Private	902 , SHUSHANT, GOLF CITY, ANSAL API, LUCKNOW, Uttar Pradesh	India
S2-264940990	Better Logistics Dynamics	10600-B MOONLIGHT CT, ALBUQUERQUE, NM	US
S2-872823424	christensen peak intelligence llc	189-193 STRATTON RD, WILLIAMSTOWN, MA	US
S2-630655854	#SHANKSNEWHOLD	4710 STURGEON POINT ROAD, CHARLES CITY COUNTY, VA	US
S2-175456325	fresh digital innovations group	464 ALDEN AVE, COLUMBBUS, OH	US
S2-915284307	Dr ANUGRAH MEMORIAL TRUST CORPORATION | www.anugrahme.com	D.NO.802 MALAYADIPATTI, RAJAPALAYAM, Tamil Nadu	India
S2-92868774	Pediatric Dentistry Associates	NC, 881 SHORE DR, SOUTHPORT	US
S2-311071517	Hunter Holdings Group Inc.	1230 Mayfield Dr, AMES, IA	US
S2-741298163	Silver Bike Snnhp		US
S2-101535200	@serviceskvs	#33, 1ST MAIN, 6TH CROSS, JAYAMUNI NAGAR, BAGALUR, BANGALORE NORTH, ಕರ್ನಾಟಕ	India
S2-977033809	Happy Yoga Co	926 REYNOLDS AVENUE, PRINCETON, WV	US
S2-874310964	श्री सिस्टम्स प्रा. लि.	NO 52/68 L.G.F. POCKET - 52 CHITTARANJAN PARK, NEW DELHI, SOUTH DELHI, दिल्ली	India
S2-14241037	brightgreatsummit.com	460. WOODBRIDGE ST, MANCHESTER, CT	US
S2-926927744	Cabrera Charter  5chool Inc.	9212 BETHEL RAOD, FREDERICK, MD	US
S2-607073224	East Meuryr Co	416  TIGHFIELD DR, MEBANE, NC	US
S2-30769224	Behavioral Health Clinic Incorporated	MILTON, 556 ACTON LN, DE	US
S2-62630370	Eastern Líve	1014-C HILLCREST AVE, PMB 140, COLUMBIA, TN	US
S2-693296247	Private Indo Maa Solutions [Limited]	C/O PENNAPUREDDY VENKAT H NO 4-95/1/7 BAVANI NAGAR, BESIDE GRAMINA BANK ROAD, KODAD, SURYAPET, SURYAPET, HYDERABAD, Telangana	India
S2-863755882	Towle Mountain	BOWEN LAKE DR, NC, KERNERSVILLE	US
S2-988228866	Cardiology Bright Care Co	341  ALLUVIUM DR, LAUREL, MD	US
S2-707195845	Nai-Services Private Limited	H NO D-40A. F/F BLOCK-D OM, VIHAR PH-V UTTAM NAGAR, NEW DELHI, Delhi	India
S2-182260134	Rrk 5ervices  Private Limited	##707 1409, SAPTASHRINGI, SR.NO -19, GONDHALE NAGAR, HADAPSAR, PUNE, Maharashtra	India
S2-383775997	OTHA GAONA BEST CENTER PARTNERS	002954 44ND ST, KANSAS CITY, KS	US
S2-155681006	ANUSAYA BROTHERS PRIVATE LIMITED	CTS3342/45/47, FLAT701AWG, SAIARECADHA, SHIVAJICHOWK, KALYAN, Maharashtra	India
S2-489461707	ORTHOPEDIC CENTER INC	58 STATE STREET, BIDDEFORD, ME	US
S2-224495015	Aura Quarry Group	West Bengal, NO 60 C/O-RITA NASKAR, TARGET PLAZA, 2ND FLOOR ROOM NO-202, DELHI ROAD CHOWMATHA, DANKUNI	India
S2-968661299	ZIMMERMAN, STURGESS AND FREDRICKSON	##19828 FIFTH AVENUE, SHORELINE, WA	US
S2-916399099	Mallet, P. Vita Services	210 MAIN ST, SOUTH AMHERST, OH	US
S2-596035808	பாபா ஹாஸ்பிடாலிட்டி ஸ்டோர்ஸ் பிரைவேட் லிமிடெட்	597/1B12, VADAKKUTHOTTAM, L&T BYEPASS ROAD FACE, COIMBATORE, தமிழ்நாடு	India
S2-687374926	Ear Ncose &  Throat Specialists Inc.	1712 CROUCH ST, BENTONVILLE, AR	US
S2-740081940	([LLC]) 3841 Main Road Owners Corp	725 MICHIGAN AVENUE, MAUMEE, OH	US
S2-6693673	Ring Railway Empire	VA, 206 CENNING TER, PURCELLVILLE	US
S2-677969907	Ulrike Ibarra Innovative	1215 FSTER AVE, NASHVILLE, TN	US
S2-66915093	BENTLEY LLC PÁRTNERS	#31 WOODCUT DRIVE, MASTIC BEACH, NY	US
S2-595414933	CARDIOLOGY CARE ASSOCIATES OF SOMERSET	4028  Hopewell Twp Rd 40, OH, SOMERSET	US
S2-644844275	Continental Project Group Society	378 HILLCREST ROAD, MOBILE, AL	US
S2-806902783	Maple Énergy	C-#14 SF LEFT SIDE MAHENDRA PARK UTTAM NAGAR NEAR MANDIR, NEW DELHI, दिल्ली	India
S2-997781999	Dulcia Pfau Family Practice LLC	CANOE DR, PMB 4199, HARKER HEIHTS, TX	US
S2-251270580	Midwest LLC Endocrinology	717 63-721 WHITE MOUNTAIN DRIVE, RUIDOSO, NM	US
S2-399391347	Amar  Traders Private Ltd	Karnataka, NEW NO.164 (OLD NO.54/19), 4TH CROSS, LALBAH ROAD K.S.GARDEN	India
S2-985375674	PEAK BUSINESS GLOBAL-LLC	4859 SPOONBILL DRIVE, TUCSON, AZ	US
S2-871160922	LOUIS VETERINARY  CLINIC CORPORATION	10  FOXHOUND COURT, RANDALLSTOWN, MD	US
S2-182591175	Mcdougal & Medina P.L.L.C.	TX, HOUSTON TONSHIP, 2704 KOWIS STREET	US
S2-719685387	legacyantimony.com	69 KENT DRIVE, SEEKONK, MA	US
S2-52425118	Plymouth Envinentol Committee	110 ETNA ROAD, PLYMOUTH, ME	US
S2-481889816	Upper Sea [Partners]	1010 TERRCE RD, SAN BERNARDINO, CA	US
S2-449997657	Radico & Brothers Industries Pvt. ([Ltd.])	NO 10 C/O BIKASH HAZRA PO KASHIPUR, KENDUJHAR, Odisha	India
S2-836444455	ಬಾಲಾಜಿ ಬಿಸಿನೆಸ್ ಪ್ರೈವೇಟ್ ಲಿಮಿಟೆಡ್	7, PRABHU MANSION, APT G2 3RD CROSS, IST MAIN, BASAVESHWAR NAGAR, BENGALURU, BANGALORE, Karnataka	India
S2-831239310	ENTERPRISES STAR AERO	91/A, WEST BORING CANAL ROAD, PATNA., बिहार	India
S2-272930939	Virani Nano Ínc	TULSA, OK, ##7 8TH ST	US
S2-723550919	SCHWARTZ CARDIOLOGY  LLC	1249-1253 PERKIOMENVILLE ROAD, PERKIOMENVILLE, PA	US
S2-582932642	Midwest Índustries L.L.C.	36TH STREET, LINCOLN, NE	US
S2-680477816	-- VACLARIS SOUTH HOLDINGS	1805 DEFFER DRIVE, NIXA, MO	US
S2-866650875	Pediatric Dentistry Group Group Partners	12017 OBEE RD, HAVEN, KS	US
S2-284585076	FAMILY BLUE CLINIC	FESTUS, 35 SPRING VALLEY, MO	US
S2-859458159	મોડર્ન ટેક પ્રાઇવેટ લિમિટેડ	8, AHMEDABAD, BHAGAT ESTATE, NR. GALAXY CINEMA HIGWAY NARODA ROAD, Gujarat	India
S2-10371526	న్యూ కన్సల్టింగ్ ప్రైవేట్ లిమిటెడ్	NO 16-2-705/9/EMALAKEPT HYDERABAD., RANGAREDDI, ANDHRA PRADESH, Telangana	India
S2-872809565	Shilpa Consultancy LLP	BLDG NO. D-3, GALA NO.206, SECOND FLOOR, PRERANA COMPLEX, DAPODE ROAD, VAL VILLAGE, BHIWANDI, महाराष्ट्र	India
S2-101451801	Mr VISION  INFOTECH	3-54/1, HUNUAM NAGAR, CHAITDANAYAPUR, DILSSUKHNAGAR, HYDERARABAD- 500 060, Telangana	India
S2-471713609	High Investments Prsictsae Limited	Haryana, H. NO. 1153. , SECTOR 15 PART 2, GURGAON	India
S2-801254519	Miify Bank Southside	84 FACTORY STREET, SHINNSTON, WV	US
S2-38041426	Ectoevo	315 REID STREET, HOUSTON, TX	US
S2-822658217	Quantum Quantum & Brothers Corp	05 FLOOR 5-PLOT AMIT INDUSTRIAL ESTATE, DR. S S ROAD MAHATMA GANDHI HOSPITAL PAREL, MUMBAI, Maharashtra	India
S2-487524833	... Ear N0se & Throat Associates Co	43 FLORIDA SAINT, BUCKHANNON, WV	US
S2-153417256	gross, lissi, l.c.s.w.	2448 TANNERY TRAIL, WINSTON-SALEM, NC	US
S2-284919985	GULF HARBOR HOUSE	3  MARGATE LN, SOUTH DENNIS, MA	US
S2-985114164	Platinum Wholesale Inc Union	004410 ALTAY DRIVE, BILLINGS, MT	US
S2-212582677	Martines Networks	1202-D BRAEMAR HIGHLAND DR, ZEBULON, NC	US
S2-356986111	Rahul Ínstitute	#17 GURUNANAK PURA, NAGPUR, Maharashtra	India
S2-670524857	LLC QUOKOR PARTNERS	8 ACCESS RD, ALBANY, NY	US
S2-613033114	Womens Health LLC Physicians	122 DREXEL CIR, LEXINGTON, NC	US
S2-773750717	LUCI BRHNRAT [NEXT]	CHRISTIANSBURG, 80 ELLETT RD, VA	US
S2-518721601	Enterprises Brick Dhan Private	50, JITENDRA PARK, VIP ROAD, BEHIND, AYODHYA NAGAR, ગુજરાત	India
S2-908088236	Moonlink Textile Co	D-0065, (1094) MAIN ROAD, BUDH VIHAR TAJPUR HILLS, BADARPUR, Delhi	India
S2-62535217	श्री इम्पेक्स प्राइवेट लिमिटेड	Haryana, FARIDABAD, PALWAL, H NO D-169 WARD NO-26	India
S2-288287673	NELIA SMITH	1 PERRY ROAD, SARATOGA SPRINSG CITY, NY	US
S2-715851950	*** CASCADE PROGRAM LLC	11080 GLENBROOK ST, TX, BEAUMONT	US
S2-729251399	మోడర్న్ ఇండస్ట్రీస్ ప్రైవేట్ లిమిటెడ్	LIG BATHAKAMMAKUNTA, HYDERABAD, తెలంగాణ, MUSHEERABAD, PLOT NO A3	India
S2-569625167	H0rine  Platinum Broadband LLC	1080- 3300, SALT LAKE CITY, UT	US
S2-70247599	New Delhi Investments Ltd. - 8333712750	A-27VIVE VIHAR PHASE 7 IST FLOOR, NEW DELHI, <NULL>, Delhi	India
S2-665500858	Hickman Preferred Lending LLC	CA, 17428 RANDALL AVENUE, FONTANA	US
S2-473353207	Sarasavu Partnership Prilrete Limited	38 BESANT ROAD ROYAPETTAH, CHENNAI, Tamil Nadu	India
S2-823869687	White P0wer Limited Partners	T C 21VANHIYOOR/3, TRIVANDRUM, Kerala	India
S2-566676508	Aryavarta Aryavarta International (India) (Ltd)	SARIJAN BEWA, W/O SAMSER MIYA, NEAR RELIANCE TOWER, KALJANI, COOCH BEHAR, KOCH BIHAR, West Bengal	India
S2-8914613	Orthopedic  Specialists,	GATEWAY OAKS DR, SACRAMENTO, CA	US
S2-910112818	Eberhard and Matthews [Crumrine]	1184 ST PETERS CHURCH ROAD, GOLD HILL, NC	US
S2-149854075	Solutions Winstar Pvt. Ltd. Center	C/O-MRS NALIMA PRAKASH PATEL HOUSE NO 1636/A MAYA NAGAR LINE NO-1 IND, NAGPUR, Maharashtra	India
S2-441144872	Jones Múltimedia, Múltimedia, LLC	##1933 PROTEUS DRIVE, HASLET, TX	US
S2-965274658	Latham & Heifner		US
S2-889852631	Services Nhnss Enterprises Private Limited	4/366-2, GROUND FLOOR SREERAMULAPETA, TADIPATHRI, Andhra Pradesh	India
S2-105671746	LAMB CLASSIC MARKETING  INC	272-B PLANTATION DR, PLEASANT VIEW, TN	US
S2-528143818	Heritage Equity	1225D MITCHELL LN, BOLIVAR, TN	US
S2-66569650	indraprasth brothers	DOOR NO 4-15. DULLA VEEDI, KOTHAPALLE, KAMARAJU PETA, Andhra Pradesh	India
S2-232342145	I & A Midland Midland	2307-2311 COUNTRY CLUB ROAD, NY, UNION	US
S2-498279964	CORNER  GRILL	CA, 231 GREEN OAK CT, THOUSAND OAKS	US
S2-846681979	बालाजी इन्वेस्टमेंट्स रेस्टोरेंट	AURANGABAD, PLOT 937 C-102, MIDC AREA WALUJ, Maharashtra	India
S2-53012167	Draughn Gulf Networks Llc	376 ROEHRER AVE, BUFFALO, NY	US
S2-409555983	Hoshiarpur Trading-Kolkata Enterprises	West Bengal, H.NO 240 A.J C BOSE ROADCRESCENT TOWER 2ND FLOOR BHOWANIPUR UNIT 2G, KOLKATA	India
S2-777919211	Susy's Fisheries	6276 TAYLOR PIKE, BLANCHESTER, OH	US
S2-711267664	Blue (India) Healthcare  Borivali West	307 ORCHID PLAZA, NATAKWALA LANE, BORIVALI WECT, Maharashtra	India
S2-523031614	Education Fund  PC	6370 RICHMOND AVENUE, PMB 3352, HOUSTON, TX	US
S2-630890287	Roloo Desert	PRAIRIE DUNES CT, NOMRAN CITY, OK	US
S2-105423216	Kelley, Jnith C., L.C.S.W. Partners	115-C NEVADA AVE, DE, WILMINGTON	US
S2-216233158	बालाजी प्रोजेक्ट्स लिमिटेड	A-040, NEW DELHI, Delhi	India
S2-324372014	Mr INNOVATIVE  FOODS PRIVATE LIMITED	PLOT C-763 S. NO. 284, PLOT 8D, RAISONI INDUSTRIAL PARK, VILLAGE MAAN, TAL MULSHI HINJEWADI, PUNE, Maharashtra	India
S2-716241482	C+  GABELLI PC	9807 GARDEN RANGES, LAUREL, MD	US
S2-960129567	>> PRIME CONSTRUCTION CONSULTANTS P.C.	11776 WILLOW VIW CT, VIOLET TWP, OH	US
S2-761733049	#7 Vendome [Corp.]	OLDE TOWNE DR, IRVING, TX	US
S2-579566857	Vanguard Inc.	37- BRENDAN AVE, MASSAPEQUA PARK, NY	US
S2-866594419	इंडियन इन्वेस्टमेंट प्रा. लि.	C/O-SHRI CHANGDEV TRINBAK SALAVE, 12637/ 12 PUSHKRAJ RESIDENCY B WING BASEMENT, SANGLI, Maharashtra	India
S2-602353889	Arihant Developers Private	13TH FLOOR, ATMA RAM HOUSE, 1, TOLSTOY MARG, Delhi	India
S2-459018782	Midwest Global Inc.  Center	1519 LAKEVIEW BLVD, LORAIN, OH	US
S2-813396578	ANNELISE WU	26 LONG BOW, NY, WADING RIVER	US
S2-487282937	பிரைம் இன்ஃப்ராஸ்ட்ரக்சர் பிரைவேட் லிமிடெட்	BLOCK B-767 F.NO FO 22, NO 29 & 31 ARCOT STREET, T.NAGAR, CHENNAI, Tamil Nadu	India
S2-39079223	Pediatric-Care	66 MURRAY ST, PO BOX 5644, BINGHAMTON, NY	US
S2-421672451	Slater Clolege  Inc	IL, NAPERVILLE, NEW HOPE ROAD	US
S2-820761727	BROWN MONTESSORI SCHOOL	6125 64ND AVE, PMB 2815, RIVERDALE, MD	US
S2-683730928	Partners Frontier Atalntric Dbdr,	936 Trading Post Trl, ALBUQUERQUE, NM	US
S2-694466866	Direct Mobility Consultants Holdings	216 MAIN ST, FLEISCHMANNS, NY	US
S2-362555190	Urgent  Care Physicians Inc	5635 CHESSMOUNT DRIVE, OAKVILLE, MO	US
S2-958380385	NA5HVILLE TARGET  CORP	NASHVILLE, 601 SYLVAN ST, TN	US
S2-292068607	gwk.com	1201, MUMBAI, महाराष्ट्र	India
S2-793779186	FORGE  TRAVEL	22855 COUNTRY VISTA DR, LIBERTY LAKE, WA	US
S2-880076532	Tao Industries Holdings	20 1/2 WEST ST, NEWTOWN, CT	US
S2-77261485	SHAILESH FOCIDOD LIMITED	SADGURU CHAWL, SHIVAJI NAGAR6-1 MAROL PIPELINE, ANDHERI EAST, MUMBAI, महाराष्ट्र	India
S2-562696174	Ishaan  Hotels	E 9., F. NO. 002, ANSAL API, SECTOR 67, GURUGRAM, Haryana	India
S2-929868474	स्काई बिजनेस इंजीनियरिंग प्राइवेट लिमिटेड	H.NO 13 SHIVLOK TRIVENI NAGAR, LUCKNOW, Uttar Pradesh	India
S2-967923960	SUPREME PRODUCTS MEDIA	2960-C HEATH CREEK ROAD, PMB 4675, BARBOURSVILLE, WV	US
S2-77599239	Rabale  Infocom Industries	FLAT A 402 PLOT NO 18/24, PALM BEACH RD NAVI MUMBAI, RABALE, Maharashtra	India
S2-259904588	Venus Finsabnce Group Limited	00324 EVEREST APARTMENTJ P ROAD VERSOVA ANDHERI WEST, MUMBAI, Maharashtra	India
S2-92469603	Heritage Materials Associates  Westgate	SACRAMENTO TOWNSHIP, CA, 67 CEDRO CIRCLE	US
S2-416568090	indigomarketing.com	Delhi, 2 , 1ST FLOOR, DLF INDUSTRIAL, AREA, NAJAFGARH ROAD, MOTI NAGAR, NEW DELHI	India
S2-758502039	CASTELLANOS, VÁSSALLO & NEGRON GROUP	#9172 SKYWOOD LANE, CITY AND BOROUGH OF JUNEAU, AK	US
S2-661030345	C/H CÓHEN L.L.C.	4121 MCDOWELL RD, PHOENIX, AZ	US
S2-15514991	EL Resilience		US
S2-81664343	advent clinic ventures	H. NO-01604 SHOP NO-3, SEC-26A, NAVI MUMBAI, महाराष्ट्र	India
S2-557520173	American Assets Corp	GERMANTOWN, 2109  DONNINGTON COVE, TN	US
S2-976576895	SUMMIT VALLEY SCHOOL MONTESSORI	16114 GREEN BAY SAINT, PRINCE WILLIAM COUNTY, VA	US
S2-886247443	Valley Direct  Biotech	9225 CASCADE AVENUE, WEST DES MOINES, IA	US
S2-134341052	HOPKINS IMMERSION LTD	816 JACK PINE CT, <NULL>, SOMERSET, WI	US
S2-456180704	Davis and Rosas	SHADYBROOK DRIVE, AKRON, OH	US
S2-614810613	BETTER COMPANY (SERVICE)	295-297 COTTON BLOSSOM ROAD, MILLBROOK, AL	US
S2-394290175	ZAIX (CORPORATION)	289 B LN, LAKE ARROWHEAD, CA	US
S2-537095996	Hyline Salons Private	H.NO 8-A , FIRST FLOOR, MADHA CHURCH ROARD, MANDAVALLIPAKKAM, CHENNAI CITY CORPORATION, Tamil Nadu	India
S2-195768351	Brown, Reyes and and Kieffer Services	2990 GREYSTEEL CROSSING BLVD, COLUMBUS, OH	US
S2-453455590	Smith Ares Valley Inc	905B MARINE ST, MOBILE, AL	US
S2-498046006	Private Exports Eric Series Ltd	Maharashtra, PALM SPRING LK RD, NEAR D MART, MALAD (W, ), MUMBAI, PALM SPRING CENTER. 61 BLDG NO 3, MUMBAI CITY	India
S2-772533853	हाई कंस्ट्रक्शंस प्रा. लि.	SHOP NO 4 LOWER FLOWR DISH A SHILP TOWN CENTER CIDCO AT AURANGABAD, AURANGABAD, Maharashtra	India
S2-706360388	North Producer  Pvt Ltd	SHOP NO. 62, B.D.A COMPLEX MATA MANDIR, T.T. NAGAR, Madhya Pradesh	India
S2-540931339	Regional Ministries Partners	25 ISLADN LANE, CANANDAIGUA, NY	US
S2-301404229	Beacon Biomencal Dynamics  LLC	413-417 BROOK STREET, SILVERTON, OR	US
S2-910448815	KR STUDIOS PRIVATE LIMITED	##9/1206, PILKHAN TALA, SAHARANPUR, Uttar Pradesh	India
S2-630688873	Global Coalition	TX, 1707 WEBER ST, HOUSTON	US
S2-318348932	Maps Limited Private Private 8randing	D#2-155, SEC-11, ROHINI, दिल्ली	India
S2-51862156	Belmont  Priority Inc	19 WEATHERBEE ST, LUNENBURG, MA	US
S2-512947690	LLC Vandegrift Allstate,	2210 MICHIGAN AVENUE, PHOENIX, AZ	US
S2-921274499	Agro Graphic Products Private Limited	HN 386 KHASRA NO.-1189, FIRST FLOOR VILLAGE BHALASWA, DELHI, दिल्ली	India
S2-640420911	PRIVATE LAKSHMI INVESTMENTS LIMITED	V-##17, NEHRU ENCLAVE, LUCKNOW, Uttar Pradesh	India
S2-680155243	3235 Center Avenue Apartments Corp	1528 91ST ST, SCOTTSDALE, AZ	US
S2-791856232	United-Housing Private Limited	H.NO 41 PARK ENDVIKAS MARG, NEW DELHI, Delhi	India
S2-502689864	DEVIN PRIVATE LIMITED SERVICES	G-297/22, CIVIL LINES, BAREILLY, उत्तर प्रदेश	India
S2-463704151	Corp. Clyio Tailwind	CT, EAST LYME, 20- SOCIETY RD	US
S2-99260087	Happy Ice Cream	88 WADING BIRD RD, CAMDENTON, MO	US
S2-725343258	3-Corners	3626  SEVERN RD, CLEVELAND HEIGHTS, OH	US
S2-971355410	વિજય એન્જિનિયરિંગ પ્રાઇવેટ લિમિટેડ	Gujarat, AHMEDABAD, TIMES SQUARE ARCADE, OPP. RAMBAUG, NR. RAVIJA PLAZA, THALTEJ, DOOR NO 10TH FLOOR 1004, AHMEDABAD	India
S2-723818545	Sicher  Benefit Private Limited		India
S2-903979096	Tillman Schrock	5320 1/2 171RD ST, BIXBY, OK	US
S2-420409886	TARAIYA SHAPPNIRE LTD	569/286B , BARGAWAN, LDA COLONY, KANPUR ROAD, LUCKNOW, Uttar Pradesh	India
S2-466380342	Bright Care	NO. 452 OFFICE NO-418 4TH FLORR, ANSAL MAJESTIC TOWER, NEW DELHI, Delhi	India
S2-865878281	MITTALMERCANTILES.COM	PALI DARSHAN FLAT NO 1102 11 FLOOR 33 ROAD, OPPOSITE MINI PUNJAB RESTRAUNT, MUMBAI, महाराष्ट्र	India
S2-637304807	tele hire limited	OFFICE A10, FLOOR 1, MITTAL COMMERCIA PREMISES CO OP SOC, OFF MV ROAD NEAR MITTAL ESTATE AN, DHERI EAST, MUMBAI, Maharashtra	India
S2-983379660	UROLOGY GROUP	001360 JACOBSEN BLVD, BREMERTON, WA	US
S2-781274226	SHAWN GARCIA  DEFI	5500 Flat Rock Trl, TUCSON, AZ	US
S2-677112745	Ophelia Dagihmghn Franklin	111 MAIN STREET, VILLAGE OF LUCK, WI	US
S2-960771041	Diehl Blue Inc.	39-41 ROAD 3435, FLORA VISTA, NM	US
S2-601185190	MORROW'S PIONEER PHARMACEUTICALS	253 MADISON AVENUE, BRIDGEPORT, CT	US
S2-941264213	Maid Cleaning Service LP	9429 448, PALESTINE, TX	US
S2-506255087	Apfel  Assets	DOC BROWN RD, RAEFORD, NC	US
S2-543978816	KIOSK  ENNETRSISES PVT. LTD.	C 045 SECTOR 52, NOIDA, उत्तर प्रदेश	India
S2-877647740	ড্রিম বিজনেস টেকনোলজিস	MRINALINI APARTMENT FLAT NO. 11 1/9 B.N. GHOSAL ROAD, BELGHORIA, KOLKATA, PARGANAS NORTH, West Bengal	India
S2-924929045	MONTGOMERY'S-VIISON CENTER	9224 KNOLL CREST LOOP, AUSTIN, TX	US
S2-826607227	L.L.P. Best Agro	00261/2A, SRINIVASAPURAM, Tamil Nadu	India
S2-20143885	Sri Hem Services Private Limited	NO.33 LAWYER CHINNATHAMBI STREET KONDITHOPE, CHENNAI, தமிழ்நாடு	India
S2-203282369	Hoyt Partners Ltd Services	626-A Schooner Trl, TX, LEANDER	US
S2-223117200	Private White Infra Motors Limited	NO 39 NEW EXTENSION COLONY, FARIDABAD, PALWAL, Haryana	India
S2-492444908	Nano Trading Public Limited	NO. 24A, SRI SRI MANSION, FLAT NO. 208, H. S. R. LAYOUT, SECOND SECTOR, Karnataka	India
S2-646579063	XF  Payments LLC	171 CLINTONVILLE RD, NORTH HAVEN, CT	US
S2-902193564	ब्लू डेवलपर्स	BLOCK E-402 SHIVANJALI HEIGHT, 2ND FLOOR, FLAT NO. 201, S. NO. 13/1/2/3, HAVELI, NARHE, PUNE, PUNE, PUNE CITY, Maharashtra	India
S2-890896148	URGENT CARE SPECIALISTS CORP	SMYTH COUNTY, 215 FALCON LN, VA	US
S2-153359899	CLEAN XCEL LLC	303 TARRAGON DR, CASHIERS, NC	US
S2-806329868	Roeder, Howell  and Smith LLC	AL, 110 OKALAND SPRINGS, MADISON TOWNSHIP	US
S2-793548079	V/T Pingl,c LLC	1823 GRAY HAWK DR, MISSOURI CITY CDP, TX	US
S2-590158229	Nellie Anderson Asa West LLC	879 BELTON DRIVE, NASHVILLE, TN	US
S2-282800901	Hubert Tráilblazer	CEDAR TRL, HUBERT, NC	US
S2-69903054	SIOUX CITY HERITAGE PRIME-ALLIANCE (LLC)	2310 5TH STREET, SIOUX CITY, IA	US
S2-300552236	Custom Education Labs	##21203 58RD AVE, MOUNTLAKE TERRACE, WA	US
S2-642367103	Ace Life Hospitality Public Limited	NO. 793 FLAT NO B-503, HIMACHAL APARTMENTS SECTOR 5, PLOT NO 21 DWARKA, Delhi	India
S2-996679134	Wright Corporate Co	91 ASHLAND LANE, ARUORA, OH	US
S2-34732391	Sag LLC	211 DISCOVERY RD, MARTINSBURG, WV	US
S2-285659000	Anand Red Pówer Pvt Ltd	C/O LEEJA K, THIRUVAMCOTTU PUTHENVEEDU THRIPPILAZHIKOM PO, KOLLAM, Kerala	India
S2-496777850	AMBER COMPANIES	342 TRASKWOOD CIR, CINCINNATI, OH	US
S2-648755299	Shri Stone Oil Private Ltd	PL 16, H NO. 7236, NEAR R. K. MEMORIAL, OZAR OZAR, NASHIK, Maharashtra	India
S2-59076666	Sri Concorde Property  Corporation	VILL - JOTH BHIM, PO - HATHGACHA K.L.C., KOLKATA, KOLKATA, West Bengal	India
S2-668014567	Saversoft	W6530 PATHFINDER DRIVE, NULL, APPELTON, WI	US
S2-804872908	Main Street Pub Co	DIXON, 505 F STREET, CA	US
S2-84094385	Sushil Holdings Pvt Ltd	26, KRISHNA COLONY PURANA RAMGARH MODE, JAIPUR, Rajasthan	India
S2-888560146	Fisher Bítwise Inc	10048 GOWANDA STATE RD, N COLLINS, NY	US
S2-431904537	Dailey Impact	5991- CR 5455, RALSTON, OK	US
S2-816686119	manleycustomrare.com	#109 Vance St, CLINTON, NC	US
S2-340786070	Arihant Products Private  Limited	C/O SUBHASH THAKRE, JALGAON JAMOD KURANGAD, JALGAON (JAMOD), Maharashtra	India
S2-976795148	humble brítish associates	1405D FLAGSTONE DRIVE, DYER, IN	US
S2-874254040	Best-Cascade Acp LLC	OR, PORTLAND, 01735 WARWICK AVENUE	US
S2-285859028	Beacon Colonial Biotech L.L.C.		US
S2-429661233	Melaify  LLC Services	4225 GLEN SPRINGS DRIVE, ARLINGTON, TX	US
S2-425397364	BELLAMY STONEBRIDGE, LLC	120 ROGERS DRIVE, AUBURN, KY	US
S2-454082161	Smith Soren	1975 SOUTH CAMP RD, <NULL>, CONRAD, MT	US
S2-225403671	Mahbubnagar Ventures Industries Pvt Ltd.	H.NO 1-131 , GINGURTHY VILLAGE, TANDUR MANDAL, MAHBUBNAGAR, Andhra Pradesh	India
S2-2048071	Southern Southern Advisors Inc	6297 WALTERS RD, HAGERSTOWN, IN	US
S2-831625227	INTERNATIONAL ECOMMERCE  PRIVATE LIMITED	25/1368, NANDADEEP CHS, KHERNAGAR, BANDRA (EAST), MUMBAI, Maharashtra	India
S2-936893839	HARBOR INDUSTRIES EAST INC.	1402 VIRGINIA AVE, MONROE, NC	US
S2-213138164	Woods & Bíanchi Lightwave Inc	1212 SPENE AVE, TEMPE, AZ	US
S2-555724821	DRAYARY CONNECTICUT INC.	255 HAYS RD, BEAN STATION, TN	US
S2-835613264	AGRO ALPS PRECISION	B-118 JALVAYU VIHAR PHASE-II SECTOR -P MANSAROVAR YOJNA KANPUR ROAD, LUCKNOW, उत्तर प्रदेश	India
S2-469774927	Mcwhirter Intelligence Corporation	PIMLICO ROAD, BALTIMORE, MD	US
S2-806659005	स्काई कंसल्टेंसी प्राइवेट लिमिटेड	H/O- JAY MANGAL SAH WARD NO- 08, NEAR OVER BRIDGE MARIPUR, MUZAFFARPUR, GANGIA, Bihar	India
S2-43889792	Zepheon Nano	VA, 108 MIMOSA COURT, SMITHFIELD TOWN	US
S2-791429680	COLONIAL [LEAGUE]	1909 55RD PL, FT. SMITH, AR	US
S2-331797662	BANGALORE CARE INFRATECH LIMITED	NO. 873 H NO: 324/141, BYADARAHALLI, MAGADI, NEAR BUS STOP, BANGALORE, Karnataka	India
S2-179095524	Campbell Sterling Doubleline (Corp)	SAINT PAUL, 173 1/2 LARPENTEUR AVENUE, N/A, MN	US
S2-45507615	BED BED PARTNERS	SEATTLE, WA, 5427 TWENTIETH AVENUE	US
S2-317485843	Traex Cahre Corp	2038 Elderberry Court, NASHVILLE, NC	US
S2-907307129	Kolkata Ecommerce Private Limited	H.NO #96 MUZAFFAR, AHMED STREET, KOLKATA, KOLKATA, West Bengal	India
S2-125254201	Gulf Pearl Co	WA, 3418 FOX COURT, GIG HARBOR	US
S2-872690777	Kestus Inc Restaurant,	1663 56TH ST, SCOTTSDALE AIRPARK, AZ	US
S2-870854431	MARTINEK ENTERPRISES-CLINIC EAST	NULL, 2333 SEVEN PINES DR, SAINT LOUIS, MO	US
S2-200288263	GULF INITIATIVE HOLDINGS	2263 GRACE AVENUE, SPRINGFIELD, MO	US
S2-890218607	Trading Robot Swadeshi	H NO -1288, SECTOR -45, Haryana	India
S2-44843332	Nityadhara (India) Traders Private Ltd		India
S2-768946792	Ridge Premium Group	TN, NASHVILLE, 009 ETHAN LANE	US
S2-569534268	Central Hospitality	666 VI-LILLY CIR, GROVE CITY, OH	US
S2-276826990	Addie Rádabaugh Brighthouse Downtown LLC	917. CLOVERLEAF CT, MARTINSVILLE, IN	US
S2-250788994	Tatum Classic Rseacrant LLC	79 CENTER ST, AHSTABULA, OH	US
S2-647664606	S0uthern Advanced  Suma LLC	24 HAYNES STREET, SOUTHWOOD ACRES, CT	US
S2-327008381	Miller, Nike Galaxy Corp Service	34 COOPER STREET, BROOKLYN, NY	US
S2-173612995	ઇનોવેટિવ રોયલ ઇન્ફોટેક પ્રાઇવેટ લિમિટેડ	61, MIRAMBIKA SOCIETY, NEA, PUNAGAM, CHORYASI, SURAT, Gujarat	India
S2-817896368	TIVA CENTRAL LLC	107 BELAIR STREET, BROCKTON, MA	US
S2-303833141	क्लासिक कंस्ट्रक्शन प्राइवेट लिमिटेड	SR. NO. 173/74, PUNE, महाराष्ट्र	India
S2-956132872	Great Limited (Private-Global)	DOOR NO 623 WARD NO., TEOSA AMRAVATI SHENDURJAN, TIOSA, Maharashtra	India
S2-751058119	Behavioral Health Center of Saint Louis Louis Park Corporation	3900- JOPPA AVENUE, SAINT LOUIS PARK, MN	US
S2-6875363	UTSAV VIDYALAYA	B-37/77, BIRDOPUR, Uttar Pradesh	India
S2-874162453	BT India Private Límited	15, DIWANPARA OPP CHAMPAKNIWAS PNO 1-3, RAJKOT, Gujarat	India
S2-292607667	QUANTENT FORTUNEX,	1262 NICHOLS PL, ASHLAND, KY	US
S2-475793028	Nagpur Minerals Private #37143	PLOT NO. W-12/12, MIDC AREA, NAGPUR, Maharashtra	India
S2-70367717	Eye Unified	WELLSVILLE, NY, 53 KING STREET	US
S2-890276366	ARBORCLEARGARDNER.COM	1 THORNWOOD MALL, UNIVERSITY PARK, IL	US
S2-137062485	Legal Traders (Ltd)	കേരളം, KP I 431, KATTAPANA	India
S2-40530909	Sd Sales  Overseas Pvt Ltd	PLOT 923 P.N. 74-75/F-4, TEEJA NAAGR VISTAR, JAIPUR, Rajasthan	India
S2-593940594	Cancer (Center)	849 1/2 ROUTE 59, BARTLETT, IL	US
S2-821982484	Mr Real Engineering Limited	C/O. LUCAS IGENTIOUS TUSCANO MATRU CHAYA, TORBHAT, NANADKHAL, PO. AGA, SHI, VIRAR W, Maharashtra	India
S2-771685137	PALM  (INDIA) TEXTILES PRIVATE LIMITED	C-##505, C- WING, MITTAL PARK, 44 J. R. MHATRE MARG, JUHU, MUMBAI, Maharashtra	India
S2-115895061	Gks Services  Limited	##36. THIRUMALA STREETAYANAVARAM CHENNAI-23, CHENNAI-23, Tamil Nadu	India
S2-232709023	CORTES HOME IMPROVEMENTS LLC	454D LAKE STREET, ELMHURST, IL	US
S2-609859392	Pankey Best Horizon Southside	41914 SPRING AIR DRIVE, LOUDOUN COUNTY, VA	US
S2-121185264	ZM Aomeslts Pvt Ltd	DOOR NO 44/7/1 K B SARANI, KOLKATA, West Bengal	India
S2-147321898	M/s Sanjeevini (India) Stone Public Ltd	M-D/156 GREATER KAILASH-2, DELHI, दिल्ली	India
S2-957204310	The Tique Permian		US
S2-881342723	Henke Integrated Line	018050 SH 288B, ANGLETON, TX	US
S2-560300733	Kanupriya Hospitality Overseas Private Limited Center	007/27, RAJASTHAN HOUSING BOARD, BHIWADI, राजस्थान	India
S2-790425886	Star Labs	S.NO. 2-1/4/6 NR. RAVIRAJ, TERRACE PUNE, PUNE CITY, Maharashtra	India
S2-537831921	Quintana Cadenza Llc	OH, 6804 SENECA PARK WAY, MAINEVILLE	US
S2-33383115	Twisted Coffee PLLC Center	2016 MOONLIGHT TRL, FORNEY, TX	US
S2-902261581	COMPLETE CONSUMER INNOVATIONS	148 JOYCE TER, WHITMAN, MA	US
S2-328900052	Pioneer-Financial, LLC	4249 HCIKORY RD, CHESTERFIELD COUNTY, VA	US
S2-31855479	ROBINSON'S MODERN MARKETING INC	1349 BAKER ROAD, HUNTINGDON, TN	US
S2-906609960	Barnes Parker & Hargis Blackrock Inc		US
S2-469595862	Ríliex	2518 Plymouth Rd, JOHNSON CITY, TN	US
S2-841418687	Inc. Vavue	324 Worth St, CLEVELAND, TN	US
S2-982495206	సిల్వర్ భారత్ టెక్ ప్రైవేట్ లిమిటెడ్	F. NO. 302, HYDERABAD, QUTUBULLAPUR, Telangana	India
S2-148435905	Bangalore South Shalgin | www.bangalore.com	DOOR NO 1ST FLOOR, NO. 7, 15TH CROSS, 100FT ROAD, J P NAGAR 4TH PHASE, BANGALORE, BANGALORE SOUTH, ಕರ್ನಾಟಕ	India
S2-194885385	JASPER BOND SUMMIT	WI, MENOMONEE FALLS, ##W220N8683 TOWN LINE RD	US
S2-849580158	OFFICE OF ENVIRONMENTAL PRDOTECTIN	02001 HAVEN SPRINGS LN, RICHMOND, TX	US
S2-830783927	Bay School Service	04124 STARBOARD COURT, RALEIGH, NC	US
S2-658347451	Rodriguez Acadia Valley LLC	MO, SPRINGFIELD, 2838 WASHITA STREET	US
S2-912812990	UK  Sciences	10770 HIGHLAND AVE, MARYVALE, AZ	US
S2-667917730	Perfect Infra (Private)	NO 37 DARPAN, 1411, LALEPLOT, MADHAVNAGARROAD, SANGLI, महाराष्ट्र	India
S2-613102013	Tejraj Consultants Ltd	AJNALA ROAD, VILLAGE KAMBOJ MEERANKOT, AMRITSAR, Punjab	India
S2-526345166	T/G Music (Inc)	25317 YELLOWBELLS PLACE, MONTGOMERY, TX	US
S2-622481215	UNITED COALITION	2208 WEXFORD WAY, NULL, STATESVILLE, NC	US
S2-596517091	Thrissur Servicesprivate	30/592  A, AIDEN COMPLEX, TRAMWAY ROAD, CHALAKUDY, THRISSUR, Kerala	India
S2-980907518	Ladd Áuto - 5744183203	10702 SKILLINGS RIDGE DR, PMB 5908, HOUSTON, TX	US
S2-514200750	Projects Rgm Education Pvt (Ltd)	NO.B3/208 , 1ST C CROSS, 2ND MAIN KASTURINAGAR, EAST OF NGEF, BANGALORE, Karnataka	India
S2-37960046	Moreen's Family Practice  Inc.	0611 SUFFIELD SAINT, AGAWAM, MA	US
S2-910920599	Nexiq Argentina	##13104 38, NOBLESVILLE, IN	US
S2-569401409	Catie Major G1obal Audio Installation Group	#334 EAST STREET, SUFFIELD, CT	US
S2-246534162	International Nexa Sécure	C/O SHAJAN GEORGE 247/1- VADAKKAN HOUSE KAVEED P.O. KOTTAPPADY VIA, THRISSUR, കേരളം	India
S2-660445841	GLAZE DATA  PVT LTD	PLT ##40A/95/SN/175 SHANTI, NAGAR GOVANDI BAIGANWADI, MUMBAI, Maharashtra	India
S2-111192912	Mumbai Vintrade Límited		India
S2-158571758	ಭಾರತ್ ಕನ್ಸಲ್ಟೆಂಟ್ಸ್ ಪ್ರೈವೇಟ್ ಲಿಮಿಟೆಡ್	BLOCK C, PLOT NO. 1, 2ND PHASE INDUSTRIAL AREA SECTOR 1, SHANAMANGALA VILLAGE, BIDADI H, OBLI, BENGALURU, BANGALORE RURAL, ಕರ್ನಾಟಕ	India
S2-640747746	साईं अल केयर प्राइवेट लिमिटेड	PLOT 781- FLAT NO A 15, MUMBAI CITY, THANE, Maharashtra	India
S2-339680178	SUPERIOR MÉDICAL CENTRE CORPORATION	Karnataka, H.NO 291/A , KIADB HEBBAL IND, USTRIALAREA, BEHIND LANDT, MYSORE	India
S2-500943015	Andreoli & Jones Inc	1236 29TH STREET, FORT DODGE CITY, IA	US
S2-510526842	Vaayuendra Global Care [LLP]	Gujarat, LS NO 178 2 GODOWN NO 3 AND 4, CHUDVA, GANDHIDHAM	India
S2-525338352	Holdings Davis and Stoddard,	59 GREYLAND DR, GRAY, TN	US
S2-968691770	departmentmotorvehicles.com	1806 GOLF ROAD, SCHAUMBURG, IL	US
S2-92854944	Ear Nose & Throat Grand Care Llc	3304 750, SHELBYVILLE, IN	US
S2-168008728	Jena's-Harbor Occupational Therapy LLC	8  COVES END, NEW FAIRFIELD, CT	US
S2-52629227	ONYXAVI	241 THEODORE FREMD AVE, RYE, NY	US
S2-254422036	TAYLORSVILLEDENTALLIBERTY.COM	148 NC 16 HWY, TAYLORSVILLE, NC	US
S2-894313135	Empire Midcap	6565- PRAIRIE, GARDEN PRAIRIE, IL	US
S2-935426120	Marbles Cóurt Enterprises Pvt Ltd	22A, DEFENCE COLONY, GANESH STREET MADIPAKKAM, CHENNAI, Tamil Nadu	India
S2-303889402	Ichalkaranji Solutions Ventures Private Ltd	C.S.NO.16595 NEAR MAN HOTEL, ICHALKARANJI, null, Maharashtra	India
S2-326621295	ATUL  TRADING PVT	SHRI BRAJESH PADAMLAL DAHARWAL, SUBHAMANGALAM PLAZA, SHOP NO. G 5 4, BUTIBORI / SUBHAM, ANGALAM, NAGPUR, Maharashtra	India
S2-857250441	ఇండో ఇన్‌ఫ్రా ప్రైవేట్ లిమిటెడ్	59-8-2/1, TF-404, BLOCK NO 8 TRENDSET HARMANY, VIJAYAWADA, KRISHNA, Andhra Pradesh	India
S2-202910951	M/s Greenfield Group of Industries Service	NO C-16 C/O -LATE NIZAMUDDIN, MANIKCHAK, BRAHIMOTTAR, MURSHIDABAD, West Bengal	India
S2-102699008	League Dvee1poebmnt Economic	114- LODGE DRIVE, ROCHESTER, NY	US
S2-706238826	TECHNOLOGIES CHAKRA ROBIN PRIVATE LIMITED	A-40, KRISHNA NAGAR - II, LAL KOTHI TONK ROAD, Rajasthan	India
S2-276431458	HEFFERNAN, BURKHART AND WILLIAMS LLC SERVICES	10802 TIMBERUN ROAD, VA, CHESTERFIELD	US
S2-595446667	ভারত পারফেক্ট ফাউন্ডেশন এলএলপি	DOOR NO 2ND FLOOR, DC TOWER, LIC MORE, G.T. ROAD, ASANSOL, BARABANI, BARDHAMAN, West Bengal	India
S2-163212711	BACK ALLEY  PUB	00925 19TH ST, PO BOX 7243, BILLINGS, MT	US
S2-191045664	TECH CARE PVT	CB-202, IIND FLOOR(PVT. NO.FLAT NO.-202) RING ROAD, NARAINA, NEAR PETROL PUMP, NEW DELHI, Delhi	India
S2-484559177	Trendy Memorial Trust Co	MAYURHOUSE, B-218, GIDC, SECTOR-25, GANDHINAGAR, GANDHINAGAR, Gujarat	India
S2-677006217	Dedava Co	2804 MARTHA ST, SIOUX CITY, IA	US
S2-494710355	Reggie Firr Advanced Internet	718 MAIN STREET, HAYS, KS	US
S2-165395178	Ziravi Services Private [Limited]	BLOCK G-G-980 NO.CC-31/133 A, CONVENT ROAD, PONNURUNNI P.O., Keralam	India
S2-289100479	CHILAKALURIPET  CHIT	HNO 3-9/12 5TH LANE PANDARIPURAM, CHILAKALURIPET, ఆంధ్రప్రదేశ్	India
S2-9826042	Group Holidays Pártners Enterprises	Rajasthan, 28 C/O SHYAM KUMAR VAISHNAV, HOUSE NO.01, TEL FACTORY, GADIYA COLONY, WARD NO. 6, BARAN	India
S2-258613807	ಫಾರ್ಚೂನ್ ಫ್ಯೂಚರ್ ಇಂಟರ್‌ನ್ಯಾಷನಲ್ ಪ್ರೈವೇಟ್ ಲಿಮಿಟೆಡ್	# 72, Karnataka, BANGALORE, LEVEL 2, NITESH LEXINGTON AVENUE BRIGADE ROAD, BANGALORE	India
S2-469964803	County Of	2315 188, GLOBE, AZ	US
S2-296812548	குளோபல் சன் இன்ஃப்ரா பிரைவேட் லிமிடெட்	I STREET, I FLOOR, SOUTH CANALBANK ROAD MANDAVELIPAKKAM, MADRAS-28, CHENNAI, Tamil Nadu	India
S2-895531443	Metropolitan Estate [LP]	17171 RED SHALE HILL RD, PEKIN, IL	US
S2-233965830	Serampur Uttarpara Pvt Travel Ltd	West Bengal, FLAT NO. 376, NANDLAL APARTMENT, NEAR STATION ROAD, HIND MOTOR, SERAMPUR UTTARPARA	India
S2-886131666	INTEGRATED LLC-BLUEROCK, DIRECT	2403 VAN DYKE AVE, RALEIGH, NC	US
S2-715327535	ENTERPRISES EXPERTO TRADERS PRIVATE LIMITED		India
S2-872319713	Green Engineering Private [(Limited)]	NO 411. S/O NARENDER SINGH PLOT NO-22, WZ-5-A LIFT NA VISHNU GARDEN, NEW DELHI, Delhi	India
S2-530400446	James Cornerstone Prime-LLC	1187 LIVORNO DRIEE, ROCKWALL, TX	US
S2-574943143	PADILLA & INC SCHREIBER	#N1864 Z, TOWN OF EAU GALLE, WI	US
S2-903626837	CEMCON FLOODS GROUP  PRIVATE LIMITED	H.NO ##76 C/O NANAKRAM KAKWANI, BEH.ARYA SAMAJ SCHOOL, HUZUR, Madhya Pradesh	India
S2-729049632	प्राइम फूड प्राइवेट लिमिटेड	HN 160/9 708, 709, 710, B WING, 7TH FLOOR, BSEL TECH PARK, 30A, VASHI, THANE, Maharashtra	India
S2-65623277	Big Solutions Pivahte Límited	D.NO.14/1, 2ND MAIN ROAD, JAYA NAGAR, SANATORIUM, TAMBARAM, தமிழ்நாடு	India
S2-270211292	Tucker Asrrst LLC	17. CLARK STREET, MALONE CITY, NY	US
S2-331117949	గెలాక్సీ టెక్నాలజీస్ ప్రైవేట్ లిమిటెడ్	BLOCK NO 1, PLOT NO 2/WARD NO 4, SY NO122/A, CHINCHOLI ROAD, TANDUR, VIKARABAD, RANGAREDDY, Telangana	India
S2-683692604	Commission on Health LLC	9615 DILLARD ROAD, WILON CITY, CA	US
S2-263966863	Soto Coastal Maywood Harbor Inc.	89 LORDS HILL ROAD, EAST NASSAU, NY	US
S2-154616044	M+ Húb	2702 WATTS AVE, PORTSMOUTH, VA, <NULL>	US
S2-456020855	Superior Robotics Véntures	IL, ELIZABETH, #11465 GOOD HOPE ROAD	US
S2-342864438	233 UNION (ID: 67194)	610D ROBIN DRIVE, CUSHING, OK	US
S2-92959536	Prism  Institute		India
S2-76243565	Behavioral Health Center  Corp	TX, CRESSON TOWNSHIP, 3015 RIO GRANDE CIR	US
S2-172207378	Singleton Safe  Perimeter LLC	GERRARDS CROSS DR, PMB 1007, HOUSTON, TX	US
S2-222540081	Industries Pi Technologies Private	UGCS-21 ANSAL PLAZA MALL SECTOR 1 VAISHALI, GHAZIABAD, Uttar Pradesh	India
S2-97937368	Pacific Genomic [Services]	20 SOUTH ST, MAYFIELD, KY	US
S2-431286952	Alibag LLP Life	SHOP NO. 5, RUDRAKSH RESIDENCY, ALIBAG, Maharashtra	India
S2-784070798	KCY-PRECISION LIMITED	6 RAWDON STREET, KOLKATA, পশ্চিমবঙ্গ	India
S2-957597561	United Unified Stock	510 NORTH SAINT, WAPAKONETA, OH	US
S2-873808082	Vijeta 5torage (India) Private	H.NO 34/C-8 SECTOR-8, ROHINI, NEW DELHI, NULL, दिल्ली	India
S2-869901829	Back Alley Pizza! (Corp)	32 SHORE ROAD, LONG BEACH, NY	US
S2-351253529	Myrtie Inc Metro Mercator Midtown King	714 ARIZONA AVENUE, LOS BANOS, CA	US
S2-279664505	Aspen, lncorporated		US
S2-931263231	FELTON & MCCARTHY PC	1211 CHOCTAW ROAD, REPUBLIC, MO	US
S2-9416718	Vanguard  Ferrrnoot	TX, 101 SAN SABA AVE, WORTHAM	US
S2-338373453	INC 8L BLUE,	106 MALLARD DRIVE, PONTOON BEACH, IL	US
S2-484427273	metroholdingsgroup.com	Cason Ln, MURFREESBORO, TN	US
S2-501229096	STEWART AND BOOTH SKY CO	110- SYCAMORE ST, LA CYGNE, KS	US
S2-479770402	VERTEX	4004 CALLE GRANDE, HOBBS, NM	US
S2-981916482	HAPPY [YAO]	905 REYNOLDS AVE, PRINCETON, WV	US
S2-682814350	Producer Equipments Processors Pvt Ltd	NO 62 , WHEELERS ROAD FRAZER TOWN, BANGALORE, ಕರ್ನಾಟಕ	India
S2-665940290	Bhiwandi Limited Consulting	NO 37 /1, HOTEL DILLI DARBAR, NR KASHMIRA DHABA, GORSAI SAWANDE, BHIWANDI, महाराष्ट्र	India
S2-935126066	யுனிக் சாஃப்ட்வேர் பிரைவேட் லிமிடெட்	THOOTHUKUDI, Tamil Nadu, 92/S-3; DEVAR PURAM ROAD SRI SUBRAMANISAMY MAHAMAI BUILDING (1ST, THOOTHUKUDI	India
S2-815783446	Regional Steers Corp.	3291 GREEN ALLEN SPRINGS RD, HUNTNGDON CDP, TN	US
S2-221108126	Overseas 5angh Amar	SASARAM, NO B3/25 C/O SRI SAGAR SONKAR, Bihar, ROHTAS, GHASI TOLA ALAMGANJ	India
S2-371437571	Sms + Sons Private  Ltd	NO 4TH. FLOOR, THE HUB@RAJ SERENITY, NO.10, YELANAHALLI, BEGUR KOPPA ROAD, BANGALORE SOUTH, Karnataka	India
S2-466147229	Dermatology Keystone L.L.C. Service	1009 252, BERTRAM, TX	US
S2-227857777	Skinner  & Dean Dpc Inc	2537 AUDREY NIXON BOULEVRD, NORTH CHICAGO, IL	US
S2-179213874	Empire [Flbsnrg]	972 NILES DRIVE, PAINESVILLE, OH	US
S2-762632812	literacy fellowship	1306-1310 CYPRESS TRAIL LN, PO BOX 7412, FETON, MO	US
S2-290977286	Wright Sílver Angel Inc	829 35TH STREET, S END, IN	US
S2-402023314	Evangelista ánd Garner Co	148. 250, MOROCCO, IN	US
S2-413822422	cornerstoneridgestone.com	4505 GARFIELD STREET, HYATTSVILLE, MD	US
S2-607679396	Amritsar-Ventures-Private (Limited)	DOOR NO 4TH FLOOR, BUILDING NO.86, DISTRICT SHOPPING CENTRE, RANJIT AVENUE, AMRITSAR, N/A, Punjab	India
S2-328308841	Hernandez Clear LP Service	BUCKEYE, AZ, 22547 DESERT BLOOM ST	US
S2-950705478	Connelly Beverage Cemnter	51 FOX RIDGE DR, COLCHESTER, CT	US
S2-10289494	Donahoe  Acquisitions	150-54B 58 AVENUE, FLUSHING, NY	US
S2-569931245	BAY KÍMCO	2201. WISCONSIN AVENUE, WASIHNGTON, DC	US
S2-904896788	Ryals Realty	13844 BRADDOCK SPRINGS RD, CENTEVILLE CITY, VA	US
S2-717160791	... Pacific School of-Medicine	##7117 WINCHESTER DRIVE, SAINT LOUIS, MO	US
S2-186614082	Surgical Partners	1414D FM 2854, CONROE, TX	US
S2-495638973	ब्राइट इंफ्रास्ट्रक्चर लिमिटेड	#502 SHOP NO. C-11, KISAN BAZAR, APNA BAZAR, LUCKNOW, Uttar Pradesh	India
S2-116895038	Auris Red Inc	5453  SEASON LN, VIRGINIA BEACH CITY, VA	US
S2-71161222	exportsmeliorateinfrastructure.com	58 MAHARSTRA BHAVAN 4 TH FLBORA MASJID STREET FORT, MUMABI, महाराष्ट्र	India
S2-386366146	RELIABLE WHOLESALE SYSTEMS (HOLDINGS)	1008B BANDON DUNES DR, BURLESON, TX	US
S2-353392698	IO Specialties Private [Limited]	61, MUKUT NAGAR, SOKHDA MANJUSAR ROAD AT. & PO. MANJUSAR, Gujarat	India
S2-648770543	Ramirez Institute of Technology Uptown	8290 3500, MAGNA CITY, UT	US
S2-212009392	M/s directindiaagro.com	94DEFENCE COLONY FLY OVER MARKET, NEW DELHI, Delhi	India
S2-265959271	DDT Álpex Inc	4110-B MAGOUN AVENUE, EAST CHICAGO, IN	US
S2-653287190	Joelie Stewart-Advertising LLC	5661 FARMINGTON RD, GAS CITY, IN	US
S2-800098684	Holdings W 5 Integrated Virtus	63 LEWIS ST, LATTY, OH	US
S2-624679320	Kamalalaya Siagh Infratech	NO. #2314 SAPTAGHIRI PADMI, 15TH CROSS 2ND CROSS HAL, BANGALORE NORTH, ಕರ್ನಾಟಕ	India
S2-112367897	Smythe and Ting Internet (Inc.)	403 CENTER ST, INMAN, KS	US
S2-972799572	Kirthi Infratech Ltd.	77/4, SOUTH CIVIL LINES, JABALPUR, Madhya Pradesh	India
S2-647040826	Ear Nose & Throat Rocky Associates Llc	310 BITFORD WAY, MONTGOMERY, AL	US
S2-969055454	NAMS (INDIA) CONSUMER PRIVATE	PLOT NO. B3/6 , FLAT NO. S-1, SECOND FLOOR GEORGE RATHINAM ST, GOLDEN GEORGE NAGAR, NERKUNDRAM, Tamil Nadu	India
S2-521121876	Detmal Group	799 100, PO BOX 1175, HURRICANE, UT	US
S2-244340971	Parker  Special	344 GEORGE ORR RD, CITY OF EL PASO, TX	US
S2-787992018	SVR Post LLC	HUNTSVILLE, AL, 3254 DUG HILL ROAD, N/A	US
S2-117325459	Mullen-Pacific Strategy LLC	4285 A EAGLE CIRCLE, PINETOP, AZ	US
S2-27148087	Christ Presbyerini Church Partners	1641 ALTA AVE, WICHITA, KS	US
S2-81154512	Oncology Cehnstre Corp	01720 MERRIMAC CIRCLE, SENECA, SC	US
S2-213113754	Chennai Idia LLP	NEW NO 5 II FLOOR PALAT SANKARAN ROAD MAHALINGAPURAM, CHENNAI, தமிழ்நாடு	India
S2-903479853	equinox strategic llc	NULL, CITY OF MARKESAN, 50 JAMES ST, WI	US
S2-173774743	zionnewlife.com	WOODBURN, OR, 311-315 EVERGREEN RD	US
S2-125243201	शिव प्रोड्यूसर प्राइवेट लिमिटेड	FLAT NO.803, LODHA AQUA, Maharashtra, THANE, PACIFIS A	India
S2-877559598	Lee Medina Silver Córporation	219 FRYER STREET, IA, RUSSELL	US
S2-38917398	Pediatric Clinic Star	13203 MESA VERDE DR, SUN CITY WEST, AZ	US
S2-295254551	Domeniga's Pharmaceuticals Group	OK, TULSA, 2252 DELAWARE AVE	US
S2-965217175	Flower Overseas	B-2/176 FIRST FLOORSAFDARJANG ENCLAVE, NEW DELHI, Delhi	India
S2-676624824	BETTER CREATMLE PARTNERS LTD	93- SANWOOD DRIVE, HARRISVILLE, RI	US
S2-602297798	T & Z Energy	710 THICKET LANE, BILLINGS, MT	US
S2-199635728	Shakti Exports Foods Private Limited	FL-#4, SKYLINE DEVELOPER, PLOT 62B&62C, SECTTION 4, PANVEL, महाराष्ट्र	India
S2-460821959	LLC LH DYNAMIC COMPANIA	5466 EXPRESSWAY DEIVE, HOLTSVILLE OTWNSHIP, NY	US
S2-183491219	Smt PATLIPUTRAHOLDINGS.COM	H.NO 898  DOOR NO NEW 18, (OLD) 50, MUSA STREET, T. NAGAR, CHENNAI, தமிழ்நாடு	India
S2-910842372	Rodriguez, Jefferson and Dominguez LLC Center	2324 VIRGINIA AVENUE, HYATTSVILLE, MD	US
S2-615464322	Mr Aanvi  (isdia)private Limited	SNO-1-48/2/1, PIMPLE GURAV, PUNE, Maharashtra	India
S2-640759708	OASIS FASHION OVERSEAS PRIVATE LÍMITED	NO 30 DARABSHAW HOUSE, N.M.MARG, BALLARD ESTATE, महाराष्ट्र	India
S2-278254185	>> William, Jackson & Weikle LLC	117 DYLAN COURT, MERCED, CA	US
S2-983084003	సెవెన్ ప్రాజెక్ట్స్ ప్రైవేట్ లిమిటెడ్	D.NO. 12-1754, <NULL>, TADEPALLI, GUNTUR, Andhra Pradesh	India
S2-514714174	Regiona1 League	150  BROWN ST, <NULL>, APPOMATTOX TOWN, VA	US
S2-792519590	I 4	7704-B BARNSTABLE PL, DERWOOD, MD	US
S2-847120229	Hitech Investment Traders Pvt-Ltd	NO 685 PLOT NO F5 SUSHANT LOK II, SECTOR 57, DLF QE, Haryana	India
S2-122744511	B/H-NEW CIVIL HOSPITAL INDIA PRIVATE LTD	18, HANSPRATAP SOCIETY, AHMEDABAD, B/H NEW CIVIL HOSPITAL, Gujarat	India
S2-157735411	Perfect Products Limited	282, SECOND FLOOR, SECTOR- ZETA 1 NEAR AVJ HEIGHT, GREATER NOIDA, उत्तर प्रदेश	India
S2-584306503	EF Poultries Limited Private	PLOT 50 G-71-A, F/F, SHAHEEN BAGH, A.F. ENCLAVE PART 2 OKHLA, NEW DELHI, दिल्ली	India
S2-529125623	PV Hair Studio	##222 CHEROKEE CIRCLE, MOUNT WASHINGTON, KY	US
S2-928003558	VISION PARTNERS INC (CENTER)	2414 TEA COURT, FAIRFIELD, CA	US
S2-579939713	VISION CONTINENTAL MMDBICBINN, LLC	TOOLEDO, 609 SANDRALEE DRIVE, OH	US
S2-455298695	asthabased.com	#B3/265 , 266 & 277 GHATAL INDUSTRIAL AREA, PHOOL BAGH, BHIWADI, Rajasthan	India
S2-260584116	Huckabee Capital Starlink North	N12547 N DUPONT RD, TOWN OF OMA, WI	US
S2-592124942	PLATINUM ENEVRONMENTAL CORPORATION GROUP	38 EAGLE ST, ALBANY ITY, NY	US
S2-768439560	Doughty, Báutista & Melnick Búlkers Ltd	14542 CORRIDON AVE, MAPLE HEIGHTS, OH	US
S2-392990451	Carena's Center	#14602 OLD HUMBLE RD, HUMBLE, TX	US
S2-268504009	AIRVOICE TRADERS  PRIVATE LTD	133, KANCHAN BAGH COLONY, INDORE, Madhya Pradesh	India
S2-201039176	Spencer Mitsui		US
S2-230946285	beacon education works	HILLSIDE AVE, SCHENECTADY, NY	US
S2-700323495	40 ROUTE PUB	METHUEEN CITY, MA, 31 HAMPSTEAD SAINT	US
S2-476751021	@INFRASTRUCTUREEXPORTS	04-41, S/O. MOHANA RAO, HANUMAN TEMPLE BESIDE, AKUNURU, Andhra Pradesh	India
S2-419789553	Slate Downtown Inc.	541 DANVILLE RD, WALDRON, AR	US
S2-110091506	ಡೈನಾಮಿಕ್ ವಿಜಯ್ ಗ್ಲೋಬಲ್ ಪ್ರೈವೇಟ್ ಲಿಮಿಟೆಡ್	NO. 044, 2ND CROSS, VINAYAKA LAYOUT RMV 2ND STAGE, BHOOPASANDRA, BANGALORE, ಕರ್ನಾಟಕ	India
S2-609911019	Mr Sahara Overseas Sons & LLP	PLOT 978 SITE NO.2567, 20TH MAIN ROAD, AECS LAYOUT, A BLOCK, BANGALORE SOUTH, Karnataka	India
S2-237942217	NORRI'S PACIFIC INDUSTRIES	SEVIERVILLE, 1023 CENTER VIEW RD, TN	US
S2-623862587	క్లాసిక్ బిల్డర్స్ ప్రైవేట్ లిమిటెడ్	EAST GODAVARI, Andhra Pradesh, 15-7A-12, KAKINADA	India
S2-143084362	islip youth safe association holdings	1343 PENATAQUIT AVE, PMB 3409, ISLIP, NY	US
S2-200183326	સિટી એક્સપોર્ટ્સ કન્સ્ટ્રક્શન્સ પ્રાઇવેટ લિમિટેડ	D-3-1 FLOOR, 00 BHAGYODAY SOCIETY NR.MOBIN COLONY, STATION ROAD, ANKLESHWAR, NARMADA, BHARUCH, ગુજરાત	India
S2-191186951	MULLER AND VALDIVIA PLLC	402 SILVER FOX DR, ALBUQUERQUE, NM	US
S2-379973959	MACIEJEWSKI LP COMPANY RIVERSIDE HOLDING	003624 IRON SIGHT COURT, RALEIGH, NC	US
S2-126896976	Dr Rakhi Industries (India) Ventures Pvt. Ltd	P NO 36, KALPATARU NGAR WADALA, NASHIK, Maharashtra	India
S2-48120065	IBV Regiona1 Boa	605 GINKGO CIR, IRVING, TX	US
S2-937454805	HX  Regional Guaranty Inc		US
S2-91468451	mcadams cartesian	4700 OAK HILL BLVD, LORAIN, OH	US
S2-181962832	Vision Clinic of Greene Corp	038 HIGH SCHOOL BLVD, GREENE, IA	US
S2-38259941	Czarnecki Legacy Fe Inc	Corbett Ave, PORTLND, OR	US
S2-845849286	Urology Pcmléer Associates P.C.	LANHAM, MD, 6816 WOODSTREAM CIRCLE	US
S2-674667779	The Jan's Supreme Boutique LLC	14551 Misty Meadow Ln, HOUSTON, TX	US
S2-224586426	Chelsy Araen Platinum Mission	5312 JAMIE CIR, WAMEGO, KS	US
S2-981104251	Broadcast International Industries	10002 LOCUST ST, BERNAD, IA	US
S2-564306170	ALAM HARBOR PRIVATE CO.	JACKSONS GAP, 143 TWIN PINE DRIVE, AL	US
S2-164646602	SERVICESLATESTINTERNATIONAL.COM	ROOM NO.8, 73, ABBAS BUILDING, SHRIKANT PALEKAR MARG, OPP. BMC C-WARD OFFICE, MARINELINE, S (E), Maharashtra	India
S2-259305279	ZO Strategic Ship Corp	765 WHITESAIL DR, SCHAUMBURG, IL	US
S2-229886583	Pacific Inetative	DEER HILLS COURT, NORTH OAKS, MN	US
S2-165228168	The Camel Miller, DO, M.D., P.C.	CA, THOUSAND OAKS, PMB 5352, 295 TOYON CT	US
S2-198938800	Private Laxmi Foundation [Limited]	H.NO C-114, THIRUNEERMALAI MAIN ROAD NAGALKENI, CHROMPET, CHENNAI, Tamil Nadu	India
S2-901660546	Puja Motels Private Límited	NO 3. C/O MUKESH MAHABIR SINGH, H. NO. 1068/6, X-12 GR FL, BHIWANDI, महाराष्ट्र	India
S2-540745651	KUS Anchor Technologies Partners	4431 BODWEN AVENUE, VIRGINIA BECH CITY, VA	US
S2-528329037	ஸ்வஸ்திக் ஃபைனான்ஸ் பிரைவேட் லிமிடெட்	MADURAI NORTH, MADURAI, தமிழ்நாடு, PLT NO 5-3-34	India
S2-564502430	Bison Charlton LLC	OH, NEW LEXINGTON, 209 ORCHARD STREET	US
S2-779405377	Crystal Liberty Lithium Corp	2626 SOUTHERN AVE, TEMPE, AZ	US
S2-663756489	SARP AGR0 PRIVATE (LTD)	NO ##990 2, SHYAM VIHAR BUNGLOWS, SHILAJ ROAD, DASKROI, ગુજરાત	India
S2-317079908	Jeanty Japan Asosiates	12353 PHILADELPHIA RD, KINGSVILLE, MD	US
S2-941130626	Abhay Industries Group Ventures Company	TH FL CASA MARIACYRIL RD BANDRA WEST, MUMBAI, महाराष्ट्र	India
S2-544760485	UPPER ALCCPIINE ALCCPIINE LLC	2029 LIBERTY LOOP, FREDERICKSBURG, VA	US
S2-889904221	Vertex Inc Center	BRONX RIVER RD, YONKERS, NY	US
S2-926524693	BEACON ENERGY CONSULTANTS	TX, HOUSTON, 4926 D WEEPING WILLOW ROAD	US
S2-158606915	Thane  Pressure	#9 , SATARA PLAZA PREMISES, PLOT NO 19, SECTOR 19D, PALM BEACH ROAD, NAVI MUMBAI, THANE, Maharashtra	India
S2-715698913	Jagannath Petroleum  (India)	WZ-40A, S/F, OM VIHAR, PH-II UTTAM NAGAR, DELHI, Delhi	India
S2-846842010	Aguilar Héritage Range PLLC	MOORHEA TOWNSHIP, MN, 38 32ND ST	US
S2-118970010	Zephyr  Valley Inc	#238 JOHNS BRANCH ROAD, WV, WAR	US
S2-891690438	सूर्य इंफोटेक लिमिटेड	A-4 M I D C AREA HINGANA ROAD NAGPUR, NAGPUR, Maharashtra	India
S2-49107732	Select Heritage Intermediate Center Coastal	5084-5086 TEBBE DRIVE, HAMILTON, OH	US
S2-192178144	2413 COMMERCE COURT CO	273 UNION ST, FRANKLIN, MA	US
S2-877617898	lawsonrockwoolcom	12409 MOUNTAINSIDE WAY, ALBUQQUERQUE, PMB 1639, NM	US
S2-93711546	Star Canary Ltd	714 PRESTON AVENUE, CITY OF REEDSBURG, WI	US
S2-478416988	Beex Psy		US
S2-787330891	Vriddhi Kant Private	#14/10A/3 DR. PANNALAL ROAD, ALLAHABAD, उत्तर प्रदेश	India
S2-747334800	>> dentistryhealth.com	ROANOKE, 1716  MICHAEL STREET, VA, null	US
S2-293065883	Dilip Consulting-Private Limited	C/O-PANAJ KUMAR, POST OFFICE GALI, SHASTRI, PHULWARI, बिहार	India
S2-501546135	Jacqueline Rush, MD Inc	222 WHITE RD, WILMINTON, NC	US
S2-651292790	Patna Hospitality Private Limited	SUDHARMA, OPP A.N. COLLEGE BORING ROAD, PATNA, Bihar	India
S2-117064852	Philbrick's Eelidte Digital	14483 NIXON LANE, CANAAN, IN	US
S2-344621502	ON TRADING  LTD	OTA NO. G-15, NEAR SHANKAR MANDIR, PURGRAHASTA HASAHAT JANWADI, PUNE CITY, Maharashtra	India
S2-793479348	Legacy Fresh Joint South LLC	7863  BERGAMOT CIR, MAGNOLIA, TX	US
S2-680816356	Noller Cote  Corp Service	13080 HARNOSE DRIVE, EL PASO COUNTY, TX	US
S2-745714890	Schmidt (Endocrinology) (ID: 96843)	ISLAND VIEW LANE, ROCKWOOD, TN	US
S2-384137942	ANUGRAHA FACTORY	A-47, HERAMB BUNGLOW, KASTURBA WADI, CHS, PUNE CITY, Maharashtra	India
S2-444302931	పర్‌ఫెక్ట్ ఫౌండేషన్	D NO 5-54-3-120, HARIJANA COLONY, QUTHBULLAPUR, HYDERABAD, RANGAREDDY, Telangana	India
S2-494634369	Riddle Array Coastal	11836 Peppervine Dr, CLARKSBURG, MD	US
S2-874488020	(Services) Solutions Best Corp	ROOM NO: 3/339 E, BATTEN COMPLEX WEST NADAKKAVU, KOZHIKODE, Kerala	India
S2-55287070	Dendy-& Sexton	754 CENTER HILL, PHILIPPI, WV	US
S2-697586803	The  NG Ace Truist, LLC	VALLEY VIEW PKWY, INDEPENDENCE, MO	US
S2-418380949	Physical Therapy Inc	##176 MOHAWK AVENUE, CANTON, OH	US
S2-858691756	Shaffer  Quality Fuel	001622 HUMBLE ST, BAYTOWN, TX	US
S2-335647296	CARLSON, PETTY AND SHÉARER FARGO	11657 BEECHWOOD STREET, PRINCESS ANNE, MD	US
S2-873425470	Dovaarc	DOOR NO 456 VILLA NO.48, PLOT NO.48, SY 310, JIVIKA AT RAJESHWARA, HYD, HYDERABAD, Telangana	India
S2-325919567	Guinyard's Interstate Consultants Partners	64 DTAR RD, PA, DOUGLASS TOWNSHIP	US
S2-466667272	M/s Vensar Trading Center Corporation	DWARAKA, KUTTIKKATTIL PARAMBA, FAROOK COLLEGE, P O RAMANATTUKARA, KOZHIKODE, KOZHIKODE, കേരളം	India
S2-481240106	Beacon Usa-LLC	1546 COOMBR COURT, FAIRFAX COUNTY, VA	US
S2-633401848	Mata Clínic		India
S2-177752621	>> QUO INC.	05430 DOSCHDALE CT, PORTLAND, OR	US
S2-558588522	#montgomeryoneim	10711  VARNON SCHOOL RD, HALLSVILLE, MO	US
S2-563644814	Complete Cleaning  Service PC	800 WESTCHESTER AVE, PORT CHESTER, NY	US
S2-784849034	Metro Frontier Machine	SUGARLOAF DR, NASHVILLE, TN	US
S2-44102931	PUDUKKOTTAI  PRIVATE LIMITED PARTNERS	Tamil Nadu, T.S.NO. 1366/2 NORTH MAIN STREET, PUDUKKOTTAI, PUDUKKOTTAI	India
S2-8864337	Fiva LLC	WA, HANSVILLE, <NULL>, 37080A HANSVILLE ROAD	US
S2-187572852	Illa's Strategic [Networks]	13720 88TH AVE, PEORIA, AZ	US
S2-863719075	Denet Co	145, MIDVALE, UT	US
S2-892882538	Ear Nose  &	7715 CARLTON PL, MC  LEAN, VA	US
S2-70053123	FANTASYDHAM.COM	NOCCI BUSINESS PARK, BAMPADA, BALASORE, BALASORE, ଓଡ଼ିଶା	India
S2-190462665	Abby T. Morgan, D.O.,	4602 BRIXEY DR, DALAS, TX	US
S2-214835079	Maple India Exports Private Ltd	NO 7 , THIRD FLOOR, VIPIN GARDEN, UTTAM NAGAR, NEW DELHI, दिल्ली	India
S2-255978536	PNTGCN TEA LIMITED	B-1479, NARAYAN ARCADE, SAWANTWADI, SINDHUDURG, SINDHUDURG, SAWANTWADI, Maharashtra	India
S2-293441687	Abh Welfare Society Limited	#0111 HETMAPUR MARG RICHLI MANDRE ANDAURA, SURATGANJ, BARABANKI, UTTAR PRADESH- 225, 304, BARABANKI, Uttar Pradesh	India
S2-876313973	Mr Life Hóspital	NO 0010 , KINGSTON TOWER, OPP VIVA COLLEGE VIRAR(W), VASAI, Maharashtra	India
S2-505987024	Institute Ludhiana Ltd	B B CHATTERJEE ROAD KOLKATA, KOLKATA, HOWRAH, পশ্চিমবঙ্গ	India
S2-608750139	Gilligan Matos,	1298- GROVEWOOD DR, COLUMBUS, OH	US
S2-177192517	Jay Inftmittionl Private Limited #98453	DOOR NO 167 , BHARATHIYAR 2ND STREET PERIYAKULATHUPALAYAM, VENGAMEDU (P.O), KARUR, Tamil Nadu	India
S2-543208464	Aligarh Lics	GADHI, NAGLA SHYAMRAM KEEPLUR, KHAIR ALIGARH, ALIGARH, Uttar Pradesh	India
S2-717374654	Red Hypnosis Services	137 DAVIDSON PARK ROAD, COLT, AR	US
S2-1240778	LLC All Agricultural Wórldwide	8218  9, NY, LEWIS	US
S2-980246492	Family Specialists of Town Of Matteson	TOWN OF MATTESON, N10958D PEARL FLATS LN, WI	US
S2-990866183	lharmony.com	861-863 DELLA ROAD, OREGON, WI	US
S2-914961766	Justice  Royal Music	727 150TH ST, SEATTLLE CDP, WA	US
S2-585151080	egmorenungambakkacredit.com	NO. 711, 7TH FLOOR, A BLOCK, 8/115 (201), EGMORE NUNGAMBAKKA, Tamil Nadu	India
S2-7495917	Kozhikode Próperties Pvt. Ltd.	DOOR NO 942 MARIYAS, IRINGATH P.O PAYYOLI, KOZHIKODE, Keralam	India
S2-965341745	YKB Infra  Private Limited	SR. NO. 2, HOUSE NO. 5/239, SHANTI ASHRAM DATTAMANDIR RD, WADGAON SHERI, PUNE, महाराष्ट्र	India
S2-227520813	VEIFY PARTNERS [LP]	2859 CLEVELAND BLVD, LORAIN, OH	US
S2-926062346	सेवन ट्रेडिंग प्रा. लि.	B-703 PARADIGM TWINSTAR LTD, THANE, Maharashtra	India
S2-484063105	Stoltzfus Grading Coastal LLC	BETHANY BEACH, 39686-A ROUND ROBIN WAY, DE	US
S2-634180182	Hop Group of Companies Holdings	18A, SHAHDANA COLONY, Uttar Pradesh	India
S2-436973961	lecrawfordhicks.com	32 MEADOWVIEW DR, TORRINGTON, CT	US
S2-179461226	Canet LLC	##132 RAPTOR BEAK WAY, CEDAR CREEK, TX	US
S2-359341681	Franklin Advantage of Dilworth Corp	222 CENTER AVE, DIWLORTH, MN	US
S2-964142099	palakkad house holdings limited	Kerala, H.NO 11 SAYOOJAYAM, MYTHRI NAGAR, KALAMANI KAVASSERI-I, KAZHANI, KERALA, PALAKKAD	India
S2-645292488	Legacy Défense	1672 YOUNG POINTE BLVD, MONTGOMERY, AL	US
S2-185405451	Chiropractic Center	HIGH POINT, 106 ROCKSPRING RD, NC	US
S2-344354613	Sri Meghna Foods Public Limited	Odisha, PLOT NO. EA-3-64 BADAGADA BRIT COLONY, INFRONT OF JAGANNA, TH TEMPLE, BHUBANESWAR	India
S2-209410163	ONLINE TRAININGINSTITUTE CO	H.NO 18 B WING, ROOM NO. 2, 12TH FLOOR, MATRU ASHISH CO-OP HSG SOC LTD, NEPEANSE, A ROAD, महाराष्ट्र	India
S2-534898658	US  Thebgn LLC	JAMES COURT, MN, NULL, PRIOR LAKE	US
S2-651190084	Krishna Builders Límited	21/23 , VEER NIRMAN ROAD, null, Maharashtra	India
S2-429393647	CN-Radha Limited	AGGARWAL COLONY, NEAR BAL BHARTI SCHOOL, PLOT 129 226, FATEHABAD, हरियाणा, FATEHABAD	India
S2-427111019	Tri-State  Group	10 SPECTACLE LANE, RIDGEFIELD, CT	US
S2-139574427	এইস সলিউশনস প্রাইভেট লিমিটেড	RGC ROAD, MILAN PALLY BARASAT, PARGANAS NORTH, West Bengal	India
S2-35086639	Mountain Society Holdings	1044 COX ROAD, NC, WESTFIELD	US
S2-446402466	EK Teh  Limited	DOOR NO 262 B 1 / 125, MAJHOLI KOTHI ASSI VARANA, VARANASI, उत्तर प्रदेश	India
S2-356775340	Electronic Consumer	2944 FISHTRAP RD, OLYMPIA, WA	US
S2-997447520	Deltafluxdova	F NO.506, 5TH FLOOR, MARIGOLD BLOCK, ARK HOMES BOLARUM, HYDERABAD, SECUNDERABAD, Telangana	India
S2-885496247	Bowser Trust Ltd	76- SPRING ROAD, RIO RANCHO, NM	US
S2-76561277	P.C., Emmaline Imaging Bancroft	1708 SHADY CREEK DR, CLOVER, SC	US
S2-120369605	स्मार्ट एक्सपोर्ट्स प्राइवेट लिमिटेड	10-59, GF GALI NO. 15, NAIWALA KAROL BAGH, NEW DELHI, CENTRAL DELHI, दिल्ली	India
S2-959693129	Parry,  Ayala + Hamilton Altenergy LLC	63 MARRS ST, AMARILLO, TX	US
S2-449392076	*** Fong Petroleum Ínc	16890 500, SEYMOUR, IN	US
S2-883044184	The Gulf Royalties Group	5618 CAMDUS DR, VIRGINIA BEACH CITY, VA	US
S2-608023861	INC ATLANTE P., DO, NUNEZ,	AZ, 1876 RENAISSANCE AVE, APACHE JUNCTION	US
S2-69214320	Dayaram Naturo Limited	UNIT NO-37, FIRST FLOOR, SECTOR-22, HAF POCKET-B, NEW DELHI, दिल्ली	India
S2-620110385	KESAR  (INDIA) INDIA	Gujarat, RAMDEV NAGAR, BANGLOWS NO-14-J-0, MUNDRA	India
S2-325489877	லோட்டஸ் பில்டர்ஸ் பிரைவேட் லிமிடெட்	NO.9, SRIPERUMBUDUR, KANCHIPURAM, Tamil Nadu	India
S2-900048364	Smt Abc Nursing Home Industries Limited	NO 179 1ST FLOORMANGALWARI COMMERCIAL COMPLEX SADAR, NAGPUR, महाराष्ट्र	India
S2-420385975	INC MEERS AND ALLEN	15885-15887 60RD CIR, FAIRMOUNT, CO	US
S2-680198089	Opulence International School Private Ltd	U-95, PLOT 6 SF VIKAS, MARG, SHAKARPUR, BOB, EAST DELHI, Delhi	India
S2-597331429	Helios Partners	25, STOCKPORT, NY	US
S2-608615424	Trivedi  Association	508, FIFTH FLOOR, A.J CHAMBER, GALI NO.- 4 PYARELAL ROAD, NAIWALA, KAROL BAGH, Delhi	India
S2-674565629	alvarez, m. chandra o.d.	#400 ARBOR DRIVE, LEXINGTON, NC	US
S2-447892968	EXPRESSMITSUBISHI.COM	FIR LN, VILLAGE OF MARSHALL, WI	US
S2-745144089	Summit Recruiting	101 PARSONAGE LANE, SAGAPONACK, NY	US
S2-383956381	Lego Superior Manufacturing	020 SEVENTH ST N, SALINA, NY	US
S2-113550967	Buia LLC	1284 19st St, PHILOMATH, OR	US
S2-726732611	GUJARAT PRÓPERTIES PVT LTD	J 602, F/F, LANE W 23A, WESTERN AVENUE, SAINIK FARM, NEW DELHI, Delhi	India
S2-426839110	Pranora Academy Corporation	Karnataka, PRESTIGE PINEWOOD APARTMENT # 1091, 6TH CROSS ROAD, 1ST BLOCK, KORAMANGALA, S. T, BED EXTN., BANGALORE	India
S2-389998118	Jmn Advertising Public Limited	RZ -102, B BLOCK, 2ND FOOR, NARSINGH GARDEN, KHYALA, NEW DELHI, Delhi	India
S2-434742723	Sibel Becraft Réturn Inc	1263 BUREY ROAD, GREENEVILLE, TN	US
S2-967508286	Hari  Consulting	DOR NO 10 FIRST FLOOR MATADAHALLI FUTURE EXTENSION, (NEW NO.34) 80 FEET, R.T.NAGAR MAIN ROAD, ಕರ್ನಾಟಕ	India
S2-334192680	Royal-Best Music Incorporated	214 MARKET ST, HERTFORD, NC	US
S2-309819640	narayanitrading.com	OFFICE NO. B3/21, 2ND FL, S. NO. 82/7A/7B, BLDG B-1 GURUGANESH NAGAR, KOTHRUD, PUNE, Maharashtra	India
S2-935425652	Laser Broking Exports Private Ltd Ltd	UNIT 431, PRABHADEVI UNIQUE INDUSTRIAL PREMISES CSL OFF V.S.MARG, BOMBAY DYEING COMPOUND, PR, ABHADEVI, MUMBAI, Maharashtra	India
S2-731943701	Regional Initiative of Evansville VI, Incorporated	700 RESERVE BLVD, EVANSVILLE, IN	US
S2-678788003	GREEN ENERGY PRIVATE LTD	#323 & 324, 3RD FLOOR, BROADWAY EMPIRE, NEAR AKSHAR PAVILLION, PRIYA CINEMA ROAD, GOTRI, VADODARA, Gujarat	India
S2-232488330	Anna-Maria Lugo,	0397 PEPPERWOOD LANE, GLENDALE HEIGHTS, IL	US
S2-491131260	ଗୁଜରାଟ ପ୍ରୋଡ୍ୟୁସର୍ ଫାର୍ମାସି	PLTO NO A/423, BHUBANESWAR, KHORDHA, ଓଡ଼ିଶା	India
S2-685992084	24HR Partners	WI, CITY OF BELOIT, 1226-B WISCONSIN AVENUE	US
S2-820843834	BEATRIX'S CAPITAL ENTERTAINMENT PC	1401 AGENCY ROAD, WEST BURLINGTON, IA	US
S2-93943992	T E Kelly Maritime Llc	11740 BEGONIA RD, ADELANTO, CA	US
S2-584188304	MUMBAI FILD LTD	महाराष्ट्र, 601, THE BUREAU, 6TH FLOOR, NEAR CHEMBUR HIGH SCHOOL R. C. MARG, CHEMBUR NAKA, CHEMBUR EAST, MUMBAI	India
S2-229605009	GYPSY AJEFI-MOLECULAR LLC	1122 ADAMS ST, LYNDON, KS	US
S2-645865683	Cascade Ventures Holdings	3330 1/2 KRISTAL WAY, PHOENIX, AZ	US
S2-28956606	VIBRANT  CENTER	FLAT NO-1002, 10TH FLOOR, PLOT NO-16, RAJKAMAL PARK CO-OP HOUSING SOCIETY LTD, SANEWADI, HAVELI, Maharashtra	India
S2-956102275	श्याम कंस्ट्रक्शंस प्राइवेट लिमिटेड	SOUTH WEST DELHI, SECTOR 13 DWARKA, Delhi, NEW DELHI, BASEMENT FLOOR PLOT NO #54	India
S2-455325987	Perryman Canrda	VA, LOUDOUN COUNTY, 42599- GRAPHITE LANE	US
S2-28134581	Federal Sceiyt	411 TERRACE AVENUE, VA, PETERSBURG	US
S2-459107455	Diem Inc.	KING, 00125 KREEGER CT, NC	US
S2-57019358	યુનિક ઇન્ડસ્ટ્રીઝ લિમિટેડ	TOWER A/ FF-02  & FF-03, AATMIYA HEIGHTS. NR. MANEJA CROSSING, MAKARPURA, VADODARA, ગુજરાત	India
S2-637675946	Y X Adams Islands Llc	44 COUNTY ROAD 271, GONZALES, TX	US
S2-196587307	RS SOLUTIONS PRIVATE LTD	87, CENTRAL AVENUE SAINIK FARMS, KHANPUR, Delhi	India
S2-272004093	Colonial Tbk	TX, POTER, LOOP 494, PO BOX 4222	US
S2-130736404	-- PHELPS AND GARCIA STAFFING LLC	119 GODEN DR, GRANTS, NM	US
S2-54045892	South Meshflow	HOUSTON, 2602 ALTOONA ST, TX	US
S2-937987341	Orbanke Finance	28722 210TH AVENUE, KENT, WA	US
S2-969392100	Llc Signature Equity	66 CARPENTERS CHAPEL ROAD, MOSHEIM, TN	US
S2-992974200	LIBERTY HERITAGE SYNCHRONY	179 EDGERTON STREET, PO BOX 7753, ROCHESTER, NY	US
S2-132147493	Novelia Rodriguez Tungsten	1920 FULTON AVE, EVANSVILLE, IN	US
S2-917557484	Royal हॉस्पिटैलिटी Private Limited	H.NO 761 FIRST FLOOR, SHOPLET NO. 12, N-8, K-SECTOR CIDCO, AURANGABAD, Maharashtra	India
S2-285274066	Cade and  Fountain	1 MAIN ST, HOMER, NY	US
S2-253315499	Foot and Group Services	7027 OAK WALK DRIVE, HUMBLE, TX	US
S2-294305745	Dr JINDAL  LIMITED SERVICES	NO.130 1ST FLOOR 9TH MAIN ROAD 7TH CROSS, KRISHNAIAH LAYOUT POORNA PRAJNA LYT, BANGALORE SOUTH, Karnataka	India
S2-105463326	Oncology Pacific Medicine	4149 PLATTE AVENUE, SEDALIA, CO	US
S2-513954426	Wig Bakers Privlgrcte Limited	NO.117/C, 9TH A CROSS GANAPATHINAGAR PEENYA 3RD STAGE, BANGALORE, Karnataka	India
S2-384330461	Womens Health Premier	2 POTOMAC AVE, PETERSBURG, WV	US
S2-231195947	Unique Blue Consultants Private Ltd	BLOCK D-534 1049, THIPPASANDRA, HAL 3RD STAGE, BANGALORE, Karnataka	India
S2-772269040	internal medicine clinic group	765 OLD LICK CREEK ROAD, LOUISA, KY	US
S2-529023041	Anet R. Gagnon, MD Partners [Corporation]	5527-5529 WAR ADMIRAL ROAD, VIRGINIA BEACH CITY, VA	US
S2-536369487	PAIR PVT LTD (SERVICES)	CTS. NO. 342 B/1A, SHIVANAND NAGAR, DHARWAD, DHARWAD, Karnataka	India
S2-660017999	Bastion Proem [LLC]	RUTH DR, NULL, NEW CANEY, TX	US
S2-519513908	M/K LLC  ISHARES	672 JET SKI DRIVE, SUNRISE BEACH, MO	US
S2-230457131	LZG Technologies Enterprises - 8675296358	71-31-695, GANDHIGRAM, KRANTHI NAGAR, PEDAGANTYADA, VISAKHAPATNAM, N/A, Andhra Pradesh	India
S2-487988118	Millenium  Foundation	H.NO 17 , JAIDURGA HO SOC. GARKHEDA, AURANGABAD, Maharashtra	India
S2-374809649	Soderstrom and Aguilar	21799 Mccleskey Road, NEW CANEY, TX	US
S2-670323606	जय फूड्स प्राइवेट लिमिटेड	601, NEAR MERCEDES SHOWROOM, MUMBAI CITY, Maharashtra	India
S2-51768850	Fertile Resorts Private	Maharashtra, #43 VASCON PARADISEBANER ROAD, PUNE	India
S2-720782740	Youth Inc Service	3715 17TH AVE, PORTAND, OR	US
S2-321975134	Viegas Óctáve	10023 1/2 DAWSON HILL LANE, HOUSTON, TX	US
S2-692022593	Mpm Traders Limited Center		India
S2-630829551	TATHASTUBUILDCON.COM	RAMGUMPHA APARTMENTS, LOHAR ALI, NEAR RAILWAY STATION, Maharashtra	India
S2-426259815	Blue Companies Partners Inc.	##409 FRY BOULEVARD, SIERRA VISTA, AZ	US
S2-602695064	Platinum Metro First Inc	014372 AVALON DRIVE, GOODYEAR, AZ	US
S2-957978733	Village College Ltd	THE ONE WORLD OFFICE, A-915, NR AYODHYA CIRCLE, RAJKOT, Gujarat	India
S2-566293411	M/s North Private Limited Services	5 RAHUL VIHAR, GATE NO. 2, SHAMSHABAD ROAD, AGRA, उत्तर प्रदेश	India
S2-95443971	VASUNDHARA TRADING	C-27-6-84, SRI KRISHNA ESTATES, 3RD FLOOR PRAKASAM ROAD, GOVERNORPET, VIJAYAWADA, ఆంధ్రప్రదేశ్	India
S2-895798537	Roar (India)	E 0055INDUSTRIAL AREA JALANDHAR CITY, PUNJAB, Punjab	India
S2-558654912	HERNANDEZ, SALYER AND NUTT LLC	2589 BUTTERMILK PIKE, VILLA HILLS, KY	US
S2-25787219	Blue Partners	POLK ST, RALEIGH, NC	US
S2-977215798	CODEE'S LIBERTY ROOFING CORP	11248 852, GILMER, TX	US
S2-826868298	LLC Helios Pakcaging	1439 GROVE MEADOW CT, GERMANTOWN, TN	US
S2-258904656	Ziraraj Limited Private Advisors	NORTH S.K.PURI RAM KRISHNA PATH, BORING ROAD, PATNA, Bihar	India
S2-364022164	ALMERIA CORNETT ÍNVESTMENTS LLC		US
S2-903769892	The Cage, Peacock & Drew For (LLC)	7981 MICHIGAN RD, INDIANAPOLIS, IN	US
S2-723642257	ZH  Pbc LLC	WI, 1304 71ST DRIVE, VILLAGE OF UNION GROVE	US
S2-120350789	Reed-Montessori	00645 BRIGHT AVENUE, VANDALIA, OH	US
S2-643308876	KD Global Flexible	3280 SYKESVILLE RD, WESTMINSTER, MD	US
S2-554378599	Shri City Estate Llp	NO 202 , 2ND FLOOR, SLV COMPLEX, ABOVE GRAND, BANGALORE SOUTH, ಕರ್ನಾಟಕ	India
S2-438753836	Physical Therapy Care	5280 Crookshank Road, CINCINNATI, OH	US
S2-65665271	FU SAFETY L.L.P.	B 4103, LODHA ALLURA, PANDURANG BUDKAR MARG, WORLD TOWER, WORLI, MUMBAI, Maharashtra	India
S2-792034672	Bernelle N. Holbrook, D.D.S.,	#120 Wonderland Drive, KINGSPORT ITY, TN	US
S2-725412413	UROLOGY CENTER	509 SOUTH ST, LYNN  CENTER, IL	US
S2-681384833	cardiologypartners.com	628 SUN VALLEY DR, ANDERSON, IN	US
S2-389080778	Amedee-Highview (Corp) #70304	421-425 CLOUDY STREET, KENT, WA	US
S2-278562250	MARKHAM & SHEAFFER GROUP	22860 LANTERN HILLS DR, KINGWOOD, TX	US
S2-473305544	Big Bistro Group	53723 NS 256 RD, FAIRVIEW, OK	US
S2-836755446	Greene Royal-Entertainment PLLC	2761 SORREL AVENUE, BATON ROUGE CITY, LA	US
S2-452717352	MALOY &-SMOBRERVILLE INC	01231 VENICE AVENUE, TUCSON, AZ	US
S2-905208523	kushwahfinvest.com	H.NO 296 43, FLOOR-1ST, PLOT-211, KESHAV BHAVAN LADY JAMSHEDJI ROAD, MAHIM, MUMBAI, <NULL>, महाराष्ट्र	India
S2-849078694	STERLING (OIL)	27202 COTTON VIEW LANE, KATY, TX	US
S2-946825174	DTX  Cotton Pvt Ltd	17/9, NEW STAR INDUSTRIAL ESTATE, MAHAKALI MANDIR RD NEAR GOVERNMENT 'A' COLONY, DUDHESHWAR, Gujarat	India
S2-567837097	Tri-State Gréen Aberdeen P.C. | www.tristate.com	2301 UNIVERSITY DR, BIMARCK, ND	US
S2-29238569	Total (Jewelers)	6503 WORSHAM CT, FREDERIICK, MD	US
S2-745995930	Total Supply Works	306B CHERRY ST, YADKINVILLE, NC	US
S2-582679076	KELLEN, KEMPF & RICHARD  ENVIRONMENTAL RIVERSIDE LLC	1739 300TH STREET, SHERRARD, IL	US
S2-354091917	Snyder and  Williams Center Corp	924 FOREST LAKE COURT, NEWPORT NEWS CITY, VA	US
S2-416107889	Ng Strategic Dogecoin Llc	8440 JACKLIN AVE, HAZELWOOD, MO	US
S2-586684751	West Cnetnnrn		US
S2-731097037	Taffy's Midwest Cosmetics	197 FIFTH AVE, BEREA, OH	US
S2-572531501	Secure (Duration)	#4312 CROMER RD, ROCKINGHAM COUNTY, VA	US
S2-215162995	SELECTHOUSEBABCOCK.COM	41588 CAPE HORN DR, CONCRETE, WA	US
S2-937327246	ANDREWS SÚPERIOR STARWOOD	324 MARIE CT, HARRISON, OH	US
S2-911982345	Daniel Delta Earth Ltd	4 HICKORY LANE, AUBURN, MA	US
S2-93531460	Subtle Discount Limited Private	PLOT NO.14, 2ND FLOOR, 1ST CROSS STREET, KALAIMAGAL NAGAR, EKKATTUTHANGAL, CHENNAI, Tamil Nadu	India
S2-277557813	@consolidatedenvironmental	TAN-TAR-A RD, STILLWATER, OK	US
S2-384951393	M/s Jyotsana Law Chambers Group	TF-352, SIDDHARTH MAGNUM PLUS, TARSALI DANTESHWAR RING ROAD, VADODARA, ગુજરાત	India
S2-777367118	Shri *** Thinking Brothers (India)	NO 7 WARD NO SEVEN PR, ROBERTSGANJ, SONBHADRA, Uttar Pradesh	India
S2-780872035	Gulf Continental Charlton	12873. PYXIS PL, TUCSON, AZ	US
S2-174609481	Behavioral Health	2440-2444 LONG RIDGE RD, STAMFORD, CT	US
S2-150305750	Doo	725 ASHBORO ST, FAYETTEVILLE, NC	US
S2-693342443	बेस्ट इंफ्रास्ट्रक्चर प्रा. लि.	23 POORVI MARG 3RD FLOOR, VASANT VIHAR NEW DELHI, SOUTH WEST, दिल्ली	India
S2-814876053	Llc Bristow & Comer Invesco	333- WASHINGTON ST, BOSTON, MA	US
S2-90995360	COZY MASSAGE  LP	CONESTOGA STREET, MOSOCW CITY, ID	US
S2-423030845	General  Electronics Industries Inc	5890 Central Ave, FRIDLEY, MN	US
S2-869788374	Benet	922-D NORTH BLVD, OAK PARK, IL	US
S2-571874807	क्लासिक इंफ्रा फूड्स प्राइवेट लिमिटेड	#1910, G/F, RIGHT POSEON UDAY CHAND MARG, KOTLA MUBARAKPUR, AO SOUTH AND EAST DELHI, NEW DELHI, दिल्ली	India
S2-382118226	Temple and Mndocza LLC	TX, 4019 TOPAZ DR, MESQUITE, PMB 1980	US
S2-399449669	Pediatric Déntistry Associates of Salisbury, LLC | www.pediatric.com	4175 MT HOPE CHURCH RD, <NULL>, SALISBURY, NC	US
S2-574914445	Pediatric Dentistry Rocky Specialists Inc	4102 NAVARRO, GALVESTON, TX	US
S2-395489902	TRI-STATE GREENFIRE-INC PARTNERS	51 95ST DRIVE, LAKE STEVENS, WA	US
S2-727570982	Prime Pvt Ltd Center	H. NO. 172 VILL SAIDULAJAB, DELHI, Delhi	India
S2-368478519	Pranaksh Private Glóbalprivate Limited	A-92, INDUSTRIAL ESTATE M.I.D.C., Maharashtra	India
S2-921362349	Bay Ltd Project	520 PARKVIEW DRIVE, OFALLON, IL	US
S2-892909897	At Traders	#768 C/O SADRUL ISLAM, MIDNAPORE(E), KALYANPUR TENTULMURI, West Bengal	India
S2-218115706	Devlin Beacon Corp Emerging	013623 24ND LN, SHAW BUTTE, AZ	US
S2-370596269	Ashly Wolff, M.D. Partners	1216 1219 MARY STREET, EVANSVILLE, IN	US
S2-155159431	Maharudra  Traders		India
S2-889017900	SHIV SERVICES	5-26, 4TH FLOOR, PATEL AVENUE NEAR GURUDWARA, THALTEJ, AHMEDABAD, ગુજરાત	India
S2-112726369	Isaacs, Graham & Clegelngd Holding Inc	2930 69RD LANE, BROOKLYN CENTER, MN	US
S2-414895830	Veterinary Mark Clinic	1100 SOUTH GABRIEL DRIVE, LEANDER, TX	US
S2-222024725	Capital Cardiology	2545 NEWBURG ST, HALEYVILLE CITY, AL	US
S2-426439815	Internal LLC Associates Medicine	1123 LEWIS JONES BOULEVARD, TN, GALLATIN	US
S2-274227325	Sar Polytechnic Private	#25-13 , ROAD NO.4, KAKATIYA NAGAR RAMACHANDRAPURAM, BHEL, తెలంగాణ	India
S2-939074826	Pvt Lakshmi Style Ltd	DOOR NO 5/6 NEAR BREATHE HYGIENIC PRODUCTS, AT LAKHAPAR, RAJKOT, ગુજરાત	India
S2-612684324	Kaycee J. D.O.-Rogers, Group	1853-1855 ZACHARY LN, N/A, INDIANAPOLIS, IN	US
S2-833201275	SCS Solutions Corp	46 SHELLEY CT, MIDDLETOOWN CDP, NY	US
S2-910212980	ANCHOR WEALTH SYSTEMS	TX, 821 2581, WINDTHORST	US
S2-508328321	ગુડ એસ્ટેટ Private Limited	#53, 1ST FLOOR, AKSHAY BUILDING, SHRIMALI SOCIETY, NAVRANGPURA, AHMADABAD CITY, AHMEDABAD, Gujarat	India
S2-431240566	एस प्रोड्यूसर जनरल प्राइवेट लिमिटेड	NO 51 W/O MD SAUD ALAM, POST SIMRIBAKHTIYARPUR, SAHARSA, SIMRI BAKHTIARPUR, बिहार	India
S2-89371166	dineshindiaagency.com	HOUSE OF ANITYA KUMAR MOHANTY, MOUZA ANGARGADIA, KHATA NO-1757/391/53, BALESHWAR SADAR, Orissa	India
S2-749044417	Sri Aroma Csonualtncy Private Limited	Tamil Nadu, PLOT NO N6, S.NO 818/3BTHE SIVAKASI CO.OP INDUL ESTATE LTD, SIVAKASI (WEST)	India
S2-850418435	Lissa's Diagnostics [Services]	11901. CREEK VALLEY RD, POUND, VA	US
S2-539943184	BHARAT SOLUTION LIMITED	2/108, 2ND FLOOR, SUNDER VIHAR NEW DELHI, NEW DELHI, Delhi	India
S2-456896539	Miller + Joseph Harbor Incorporated	389 COUBTY ROAD 4581, OZONE, AR	US
S2-240905908	Beify Ventures Southside	1813  Presbury St, BALTIMORE, MD	US
S2-471977441	Enlight Traders Privte Limited	SPACE NO. VII, 19TH FLR, TOWER 1, PS SRIJAN CORPORATE PARK BLOCK GP PLOT G2 SECTOR V, KOLKATA, West Bengal	India
S2-967569498	Hrishi Institute Private	PLOT 469 37/284, NEAR GOVT AYURVEDA HOSPITAL, TALIPARAMBA, കേരളം	India
S2-873624335	LLC Lee Madison	1856 CLIFFORD AVENUE, ROCHESTER, NY	US
S2-915345864	Irving Irving Hall LLC		US
S2-916238268	Smith Transport Corporation	2417 CECIL ROAD, MUNCIE, IN	US
S2-614957356	Mohnish Finvest Limited Partners	BLOCK B-9-296 GROUND FLOOR, #55/2, OCR COMPLEX OPP SAKRA WORLD HOSPITAL, DEVARABESANAHALLI, BELLANDUR POST, OUTER RING, BANGALORE SOUTH, Karnataka	India
S2-13574353	Transtech Extraction  Ltd	50, SHARP BHAWAN AZADPUR COMMERCIAL COMPLEX, DELHI, Delhi	India
S2-417849143	Tavue Parnfrs, Inc	#1410 31ST AVENUE, ROCK ISLAND, IL	US
S2-627360379	east total manufacturing inc	01897 JASMINE COURT, ELDERSBURG, MD	US
S2-193389855	Safal Foods Public	G-604/C, M.T.H. ROAD, MANNURPET, CHENNAI, தமிழ்நாடு	India
S2-137335733	Future International Public Limited	C 314 ALTIUS III, SUB PLOT 119+121, SUR.503, DASKROI, Gujarat	India
S2-915617973	Lfsc  Group	499 BOSTON ROAD, BILLERICA, MA	US
S2-35410781	Mueller & Barcia Productions, Ínc	7418 1/2 CANYON COURT, BLOMOINGTON, IN	US
S2-539393537	Colonial Clear	##15421 Fawn Meadow Drive, NOBLESVILLE, IN	US
S2-599195929	KOLKATA  FOODS		India
S2-648420391	Eye  Health	VT, #1 NORTHGATE ROAD, BURLINGTON CITY	US
S2-560140043	investmentstrategic.com	2626 SPAULDING AVE, CHICAGO, IL	US
S2-408865400	VISION CENTER (LP)	#169 TRENCHARD STREET, NY, YONKERS	US
S2-78831902	યુનિવર્સલ એન્ટરપ્રાઇઝિસ લિમિટેડ	OFIFCE NO. 805, 8 TH FLOOR, SYNERGY TOWER PLOT NO. 88/1 & 88/2, VEJALPUR, AHMEDABAD, Gujarat	India
S2-629880378	High Impex  Private	FP 33, SUR 354, TPS NIKOL 1, OPP. SHYAM VILLA 2, HARIDARSHAN CROSS ROAD, NIKOL, AHMADABAD CITY, Gujarat	India
S2-372202978	@interstatecoalition	#N3983 BADEN STREET, COLUMBUS, WI	US
S2-150097313	THAMARASSERY TRADING PRIVATE LTD	FLAT NO-380-GH-13 PASCHIM VIHAR, NEW DELHI, Delhi	India
S2-888873504	BACK ALLEY NAILS CARE		US
S2-388148756	Schulz  Next	26511D DUPEE LN, WA, POULSBO	US
S2-891950002	Rogers, Eveland and	900 PLYMOUTH ROAD, DALLAS, TX	US
S2-439070878	cacciatore realty p.c.	310 KNIPE AVENUE, PERKINS, OK	US
S2-157856390	ETHICS LIMITED (INDIA) TECHNOLABS		India
S2-734058456	Response Welfare Limited Center	ROOM NO 1, BUILDING -SH. LUXMI BEOPAR CO SHIKSHA SAMITI, RAM NAGAR, JHAKHOLI ADDA, KAITHAL, Haryana	India
S2-64494419	Star Ameren L.L.C.	505 TIMBERVIEW LANE, NULL, ARLINGTON, TX	US
S2-234262247	Ninnette Tobms Better Integrated Inc	01703 HESTER AVENUE, <NULL>, WAMAC, IL	US
S2-225100350	Dental Physicians Inc	7-C SUNRISE STREET, ME, STANDISH	US
S2-938395802	Reed-Daila Co	3677 APPALACHIAN HIGHWAY, ROCK VIW, WV	US
S2-885790584	Waters Newbridge	92 COTUIT RD, SANDWICH, MA	US
S2-535079495	आदित्य आईटी प्राइवेट लिमिटेड	215 VEENA BEENA SHOPPING CENTRE, MUMBAI, MUMBAI CITY, Maharashtra	India
S2-858423651	thomastechnologies.com	FORNEY, TX, 12258 MUSTANG CIRCLE	US
S2-95209143	Private Sampriti By Limited	SHOP NO-73, NORTH WEST, Delhi	India
S2-868444077	SPURLIN'S-ANCHOR  BISTRO LLC	17208  45rd Pl, TULSA, OK	US
S2-497486406	Sangli Infracon Private  Limited		India
S2-578489698	Lessard  LLC Center	007637 TARSUS DRIVE, <NULL>, ANCHORAGE, AK	US
S2-958183207	arhamgenerators.com	BLOCK E-134 S. NO. 119/8/3, SUYOG AURA WING D, FL NO. 902, WARJE HAVELI, PNE, महाराष्ट्र	India
S2-816119025	Priti Systems (India) Pngitme Limited	1/553, MADATHIL BUILDING, NH 544, KADAMKODE, PALAKKAD, Kerala	India
S2-494828371	MASTER SOLUTIONS PRIVATE LTD	NO.5/3 SOLOMEN STREET, TAMBARAM, தமிழ்நாடு	India
S2-358856946	Redwood Ltd	1326  WESTVIEW CIR, LYNDEN, WA	US
S2-814955870	Green Trading Public Limited	A/8, SIDDHIVINAYAK SOCIETY, L N MANDIR MARG, MOHILI VILLAGE, SAKINAKA, MUMBAI, MUMBAI, महाराष्ट्र	India
S2-170995935	HOLISTIC IN PARTNERS (LTD)	K-16 AGREEN PARK, NEW DELHI, Delhi	India
S2-820381218	ലക്ഷ്മി ഫിനാൻസ് സൊല്യൂഷൻസ് പ്രൈവറ്റ് ലിമിറ്റഡ്	#0046 MANOOLAHP.OANCHAMPEEDIKA, KANNUR, Kerala	India
S2-331692143	Patriot Motors,	IN, NASHVILLE, ##833 MAIL POUCH LN	US
S2-929614987	Flip Solutions Pirvate Limited		India
S2-361329158	#beaconsmith	5601 1/2 FARMER BRANCH RD, OZARK, MO	US
S2-924143713	Cure Massage Trading		US
S2-565543920	Shivam Software Electronics Private Limited	NO 56 SHIVALAY, VINAY SOCIETYB/H.P.D.M.COLLEGE, AMBAJIKADVAMAINR, OAD, RAJKOT, Gujarat	India
S2-391718145	Caldwell Great Architecture	1675  WASHINGTON STREET, BOSTON, MA	US
S2-237375796	rev it up diner co	821 1/2 MEMORIAL DRIVE, CAMBRIDGE, MA	US
S2-305873353	Pitambara Brothers Public Limited	KHATA 98, MEAN ROAD, BANK OF INDIA OBRA, OBRA, Bihar	India
S2-539626107	Genevra A. Hill, D.D.S. Corp	19408 WESTWOOD DR, ALVNI, TX	US
S2-774600043	Smt Resources Agro Limited	DOOR NO 0732 , VARCHI WADI POKHARAN, MH, POKHARAN, Maharashtra	India
S2-368772488	Bricklayers Union Local No Highland Center	4001 FRESNO ST, FORT SMITH, AR	US
S2-447184042	Sheppard Holdings Group Partners	13816 ASHENTREE WAY, NULL, HOUSTON, TX	US
S2-137876921	Shri kbjindiafinance.com	H.NO 81/76 , PERUNDURAI ROAD, SARAVANA COMPLEX, ERODE, தமிழ்நாடு	India
S2-522067207	Beard Earth LLC	244  CLIFFORD AVENUE, ROCHESTER, NY	US
S2-466263961	Dzire Brothers Private (Limited)	509, RAHEJA PLAZA, OFF VEERA DESAI ROAD, ANDHERI (WEST), MUMBAI, Maharashtra	India
S2-908965487	Synfluxsol	HEARTH HOLLOW ROAD, PO BOX 1146, COLUMBIA, TN	US
S2-777730349	VU Private  Limited Center	H.NO B3/404 K.D.R, ROYAL SHENDE NAGAR, KAMTHI, Maharashtra	India
S2-865681369	Siya Productions Private	KH NO. 61/25 MUNDKA, DELHI, दिल्ली	India
S2-681634213	Shri Satakshi Development Private	2-7-136/7 BUS STAND ROAD, JANGAON, Telangana	India
S2-964623878	FULLERGRANDALTENERGY.COM	2489 UPPER ELK CREEK DR, BUCHANAN COUNTY, VA	US
S2-955718772	Berg Lake Inc.	31984 JEFFERSON BOULEVARD, PENGILLY, MN	US
S2-634239099	ഈസ്റ്റേൺ എന്റർപ്രൈസസ് പ്രൈവറ്റ് ലിമിറ്റഡ്	H.NO 82 SREEMANGALAM, MENAMKULAM, KAZHAKUTTOM P.O., THIRUVANANTHAPURAM, Kerala	India
S2-964680461	श्री बिल्डर्स स्टोर्स प्राइवेट लिमिटेड	JHAJJAR, ISLAMGARH, MANDIR WALI GALI, JHAJJAR, H. NO. 299/9, Haryana	India
S2-925511054	Physical  Therapy (Group)	1220 MAIN ST, ASHLAND, OH	US
S2-964240180	Valley Center Partners Corporation	3304 WASHINGTON ST, TEXARKANA, AR	US
S2-17915799	Sri Wm Holdings-Laxminagar Limited	Delhi, NO 660 A GURU RAM DASS NAGAR, LAXMINAGAR	India
S2-630317647	Bakliwal Systems-Private Limited	531/959(634) PANCHAWATI, COLONY, RAHIM NAGAR, LUCKNOW, Uttar Pradesh	India
S2-964581929	Raghav Institute Group	#887 506, SHANTI VIHAR BLDG-17 CHS LTD. SHANTI VIHAR COMPLEX, MIRA ROAD EAST, THANE, महाराष्ट्र	India
S2-510916447	LEOINE MOSIER MOSIER ANCHOR RATE INC	224 8TH STREET, MN, MINNEAPOLIS	US
S2-620463310	Best Technologies Lakeside  LLC Services	24103 875 ROAD, CUSTER COUNTY, OK	US
S2-510383940	Cedar Partners	734. 16TH ST, SACAMENTO CITY, CA	US
S2-160993289	Kenyon,  Jimenez & Claxton	103 BLUE BONNET DRIVE, KENEDY, TX	US
S2-696686166	Wentz Network Uptown	527 CHEROKEE SAINT, JAY, OK	US
S2-801515500	Dexterous (Suppliers)	47, VASANI CHAMBERS, SIR VITHALDAS THAKERSAY MARG, Maharashtra	India
S2-470376661	3667 FOURTH-BOULEVARD HOLDINGS	PARKERSBURG, 909- ASHBY RIDGE RD, WV	US
S2-617594647	East Yorkville PC	7121 SPRING HOLLOW COURT, MOUNT AIRY, MD	US
S2-715096064	HALCYON  HOLDINGS	1428-B CLARKE AVE, ROANOKE CITY, VA	US
S2-725764342	యునైటెడ్ వైట్ లాజిస్టిక్స్ ప్రైవేట్ లిమిటెడ్	D.NO. C-13-1-172/1, FLAT NO. 203 NEAR SAI BABA TEMPLE, SNEHAPURI COLONY, MOTINAGAR, HYDERABAD, Telangana	India
S2-628011193	Silver Construction Netornoks Ltd	1026 Sussex Trail, PEARLAND, TX	US
S2-394565864	Private Lavender Traders Limited	1/1A VANSITTRAT ROW, CALCUTTA, NO BLOCK, West Bengal	India
S2-93729553	Supreme Electronics Consultants ((Inc))	10246 ROSS LANE, HAVANA, AR	US
S2-273999815	Prime Anchor Bittaibse Inc	##19 MORGAN AVENUE, ONEONT ATOWNSHIP, NY	US
S2-85163295	LFA Hmos Company	450/10 , HUDA, AMBALA CITY, हरियाणा	India
S2-841394108	Maharana Dealers Private	NO.23-74  , ANTONY STREET, RAJAKRISHNAPURAM RAJAKRISHNAPURAM POST, TIRUNELVELI, Tamil Nadu	India
S2-696676120	Ambattur Spring Private	Tamil Nadu, H.NO. 28- , G2, 2ND STREET, TEACHERS GUILD COLONY, AMBATTUR	India
S2-796933103	Housing Cóalition | www.housingc.com	148 RASCOB ROAD, SANFORD CDP, NC	US
S2-642110210	Cevue Holdings East	2401 LITTLE RACER DRIVE, RALEIGH, NC	US
S2-99879738	ગોલ્ડન પ્રોડ્યુસર એલએલપી	406, AHMEDABAD, Gujarat	India
S2-23933178	Sweet City Private Limited		India
S2-18419358	Lacefield Patriot Suisse Corp	1104 GSHEN ST, OXFORD, NC	US
S2-557505234	திருப்பதி டெக் லிமிடெட்	89/1, PADMAVATHIPURAM, AVINASHI ROAD, TIRUPPUR, COIMBATORE, Tamil Nadu	India
S2-368206306	SECURE MEDIA LABORATORIES INC	##313 SABINAL STREET, BOLING, TX	US
S2-581946988	Kalindi Baker	25400. 4178 ROAD, CLAREMORE, OK	US
S2-424464370	Bsr Seva	UNIT NO. C-9, MARWAHS COMPLEX, 4, MARWAH ESTATE, KRISHANLAL MARWAH MARG, ANDHERI (EAST), MUMBAI, Maharashtra	India
S2-221008320	Software-Private Sunrise Sunrise All [Limited]	H.NO.G-8-3-945/N/102, FLAT NO 102, FIRST FLOOR, SREE NILAYA ENCLAVE, AMEERPET, HYDERABAD, KHAIRATABAD, తెలంగాణ	India
S2-772792384	Veekay Brothers Infratech Private	PL.NO.936, SY.NO.156, D.NO.8-7-13/935, SAI COLONY, MADHUBAN COLONY, RAJENDRANAGAR, KATEDAN, HYDERABAD, Andhra Pradesh	India
S2-170119635	Tavern Dent The Highland	25 DEVONSHIRE DR, CHESHIRE, N/A, MA	US
S2-516871248	Valley Desert Manufacturing Partners Partners	318 Sugar Loaf Mountain Rd, CHESTER, NY	US
S2-735910191	Guru-Public School	DOOR NO #51 SHOP NO- 8, BABA COMPLEX, NEAR CITY POLICE STATION, ABU ROAD, Rajasthan	India
S2-588597341	Gee Petroleum Pvt	J-1/62, KHIRKI EXTENTION MALVIYA NAGAR, Delhi	India
S2-751138699	Josefa Walley Investors LLC	OR, BEND, 65189 94TH STREET	US
S2-26670373	Twisted  Deli South LLC	2829 WILLIAMS GRANT STREET, SUGAR LAND, TX	US
S2-840004711	సెవెన్ గ్లోబల్ ప్రైవేట్ లిమిటెడ్	FT NO.8-3-237/A/3, L.N NAGAR YOUSUFGUDA, HYDERABAD, Telangana	India
S2-15235408	certifiedrare.com	IN, WAYNE, 544 1/2 FOURTH ST	US
S2-414623921	Autism Assistance Holdings Federation	520. GAYLORD MOUNTAIN RD, HAMDEN, CT	US
S2-762459339	dunphyanimalhospital.com	56 FRANCIS AVENUE, CAMBRIDGE, MA	US
S2-487436030	Pinedo, Berny, Partners	7056 BUSTIN DUTCH TRAIL, SHOW LOW, AZ	US
S2-733025108	Harihar Constructions Pvt  Limited	87/2, MATHESWARAN KOIL STREET, VAIKKAL THOTTAM, GOBICHETTIPALAYAM, Tamil Nadu	India
S2-984417999	Premier Investment P.C. Laboratories	7485  AMBOY ROAD, STATENI SLAND, NY	US
S2-837288466	Braun Rbi		US
S2-146892719	DEPARTMENT CENTER VETERANS OF	765 TWIN OAKS DR, MOUNT WASHINGTON, KY	US
S2-650621734	ANUJ EDUCATIONAL SOCIETY GROUP	FLAT NO. 65, HEWO APARTMENTS, SECTOR-16A, Haryana	India
S2-142031060	Bhagwat Trip Limited	A-128, 8-8-350, ROAD NO.3, GREEN PARK COLONY, KARMANGHAT, HYDERABAD, null, Telangana	India
S2-440948241	OG Minerals	Main St, AGAWAM, MA	US
S2-960892569	Dawson Catering	Maharashtra, JOGANI INDL.ESATATE BLDG., NO.5-5, UNIT NO.314, V N PURAV MARG, CHUNABHATTI	India
S2-389034100	Sopan Nirman Private Límited	205 B, 2ND FLOOR, METROPOLIS OFFICE PARK PLOT NO.128-P2. EPIP, WHITEFIELD, BANGALORE, Karnataka	India
S2-570843710	Wilkie Heartland-Seafood	32051 ROBIN HOODS LOOP, MILLSBORO, DE	US
S2-885486981	L.L.C. Best Safe Keystone Valley	439 58ST ST, WESTMONT, IL	US
S2-764306412	Hyline Consultancy  Private Limited	C-G-64 F/F SHIVALIK COLONY, NEAR D.E.R.C OFFICE, NEW DELHI, Delhi	India
S2-450093756	Patri0t Féderation	#5150 99TH AVENUE, PHOENIX, AZ	US
S2-104641729	Ontime International School Ltd	VIDYARTHI SHETKARI KALYANKARI, PT NO. 08, J SECTOR, N-2, NEAR MUKUNDWADI POLICE S, TATION, AURANGABAD, महाराष्ट्र	India
S2-279477360	Shri Mg Oil	DOOR NO 400 L MODEL TOWN, REWARI, Haryana	India
S2-354541531	SURPRISE SCHOLARSHIP	25909 171ST DR, SURPRISE, AZ	US
S2-673341944	Sri Aren Mill Care LLP	FLAT NO.-D-#703, D-BLK, PLOT NO. 8, HIMACHALI CGHS, NEW DELHI, Delhi	India
S2-953675570	Sim Block (Inc)	#515 CENTRAL AVE, BLUFFTO CITY, IN	US
S2-534318812	Smt GOLD  INDUSTRIES PRIVATE	#73, CHOKKASANDRA, 1STCROSS, MARUTHILAYOUT, GROUNDFLOOR, BANGALORE NORTH, Karnataka	India
S2-658688492	Center Bateman Corp	530 KINGWOOD RD, UPPER MERION TOWNSHIP, PA	US
S2-785769450	-- SOLUS  PROEM	345  SPRING DR, HAYSVILLE, KS	US
S2-214313720	Billups  Empire	111-12 133 ST, SOUTH OZONE PARK, NY	US
S2-52429330	TRIPURARI PRODUCER PNRCVASE LIMITED	दिल्ली, #679 , KHASRA NO. 103 AND PLOT NO. 188, KHASRA NO. 115, 3RD FLOOR, CHATTARPUR, SOUTH WEST DELHI	India
S2-766550527	फॉर्च्यून डेवलपर्स प्राइवेट लिमिटेड	C-19, 2ND FLOOR, SECTOR-4, NOIDA, GAUTAM BUDDHA NAGAR, Uttar Pradesh	India
S2-921111723	Physical Therapy Care of Syracuse West	2403 ALLISON WAY, SYRACSUE, UT	US
S2-260594677	Mr AB TRMDRS	H. NO. A-6-48/1 , SURVEY NO. 643, ROAD NO. 3, BHAVANI PURAM, RAMACHANDRAPURAM, Telangana	India
S2-905966783	Verreus Freqguecny Inc	TYLER, 3814 BRIGHTON CREEK CIR, TX	US
S2-937734462	Tri-5tate Fund	40. AMORY ST, BOSTON, MA	US
S2-588551697	Gajanand Resources Infratech L.L.P.	NO 47 CO MUKESH SINGLA AGGARWAL, GALI, OPP SBI GOHANA ROAD, PANIPAT, Haryana	India
S2-93981671	BRANDAIS'S STRATEGIC SÍGNS	1329D GOLDMEADOW WAY, EDGEWOOD, MD	US
S2-585316294	Sky Consultancy Limited Center	B-#93, KARIMABAD COLONY, CHIRAGH ALI LAEE, ABIDS, HYDERABAD, తెలంగాణ	India
S2-449440448	Dhansakti Ctrol Private Limited	NO 431 15/ BH2 KENDRIYA VIHAR SECTOR 11 KHARGHAR, NAVI MUMBAI, NAVI MUMBAI, Maharashtra	India
S2-106174634	Angelica Infusion Private	#6, LYONS RANGE, ROOM NO. - 13, GROUND FLOOR, KOLKATA, West Bengal	India
S2-793087697	राज केयर प्रा. लि.	9-B - 5 SAROJ PARELKAR ROADOFF VEER SAWARKAR MARG DADAR, MUMBAI, महाराष्ट्र	India
S2-176316491	Stanfield Select House, L.L.C.	613 Second Ave, GASTNIA CITY, NC	US
S2-295564788	Seastar Shree LLP	261F, SCEOND FLOOR, SANT NAGAR, EAST OF KAILASH, DEW DELHI, Delhi	India
S2-249179392	Onyxonyx Association	27737 EGGLESTON SAINT, SELIGMAN, MO	US
S2-970730978	Valley Prógram V	IN, 60 675, HAYDEEN TOWNSHIP	US
S2-500449742	Vad0dara Construction LLP	T.F - 307 ONE WEST, NR. PRIYA CINEMA, SEVASI BHAYLI ROAD, VADODARA, Gujarat	India
S2-394915298	Holdings Nunez and Rojas,	1032 12TH ST, VINCENNES, IN	US
S2-351773656	Kolkata Tech Group Psbiotate Limited	D/2 PANIHATI MUNICIPAL MARKET COMPLEX PO SODPUR, PS KHARDAH, KOLKATA, West Bengal	India
S2-907018183	Foremost Foods Private Límited	Delhi, SHOP NO 10 B G. F, PLOT, 51, RAJINDRA ARIHANT TWR, NEW DELHI	India
S2-684531221	Price's Empire Excavation Corp	16 FAIRGROUNDS RD, MORRIONVILLE, NY	US
S2-847408459	SHREE CRAFT PRIVATE LTD	PLOT 703 66/1, INFANTRY ROAD, ಕರ್ನಾಟಕ	India
S2-126113089	Good Investments Private	S-224 ADARSH INDUSTRIAL ESTATE, SAHAR ROAD, ANDHERI (E), MUMBAI, Maharashtra	India
S2-988430985	Metro  Canada LLC		US
S2-291868119	Indo Management Solutions Private Limited	30/36-A, GAIL NO G/F 9 VISHWAS NAGAR, SHAHDARA, NEW DELHI, Delhi	India
S2-900515245	Heritage Initiative	2717 SANDY HOOK RD, GOOCHLAND, VA	US
S2-689917284	Dr ERODE SHINE	801/A, 8TH FLOOR, PARSHWANATH ESQUARE, PRAHALADNAGAR CORPORATE ROAD, AHMEDABAD, ગુજરાત	India
S2-575990209	FRY AND WYNN CORPORATION	FRENCH CREEK RD, AVON, OH	US
S2-158828409	WANG AMERICAN ATLANTIC  INC	4228  BENNING ROAD, WASHINGTON, DC	US
S2-16075678	Allied Fellowship PLLC	224  HOWARD AVE, BROOKLYN, NY	US
S2-9614101	VV Pvt Ltd Partners	NO 842 PLOT NO A4, A5, A6 APPAREL PARK IND. AREA AREHALLI GUDDADAHALLI, KASABA HOBLI, DODDABALLAPURA, Karnataka	India
S2-176849787	GANGADHAR TOYS (INDI)A	HARIHARPUR TOLE MALPATTI ANCHAL- SINGHWADA, DARBHANGA, Bihar	India
S2-411476341	GANGESH ENGINEERING PFHVAITE [LIMITED]	E-3/1(A) BORANADA INDUSTRIAL AREA, JODHPUR, Rajasthan	India
S2-598884836	Paradise Holdings	G-12/499I, ZAAHIL TOWER, ERNAD, MALAPPURAM, Keralam	India
S2-657092756	Simoes Keystone Homecare	3138 L R GIRDON TRL, GORDON, TX	US
S2-360633734	KESTAN PATTANA (INC)	CHARLOTTE, NC, 8333. PARK VISTA CIR	US
S2-97346546	CARDIOLOGY PARTNERS	550 FLEETWOOD DRIVE, HOT SPRINGS NATIONAL PARK, AR	US
S2-68699929	సదర్న్ బిజినెస్	NIZAMABAD, HARITHA PRIYA RESTAURANT, NIZAMABAD, Telangana, NEAR PONDURTHI X ROAD, NARASANNAPALLY MANDAL, KAMAREDDY DISTRICT	India
S2-697040637	8OARD OF CONSUMER  AFFAIRS	04 RABBIT HILL ROAD, MARION TWP, PA	US
S2-772414409	ஹைடெக் மேனேஜ்மெண்ட் பிரைவேட் லிமிடெட்	D.0021, TNHB FLATS RAMAKRISHNANAGAR, CHENNAI, Tamil Nadu	India
S2-625556810	Uphoff and Hambrick Hambrick Inc Center	9115 PRESTON ROAD, DALLAS, TX	US
S2-356220463	Anallise S. Michaels, DDS	##2519 BEVERLY RD, PHOENIX, AZ	US
S2-850724027	RBE Roofing  Private Limited	PLT-5&6, B-C -F-4, MULLAI, NAGAR, SANKARAPURAM, TAMBARAM, தமிழ்நாடு	India
S2-138967824	Inc. Eldridge and Rerlods Eureka	01141 NICOLE WAY, BURLESON, TX	US
S2-488141050	ATTRACTIVE TRADERS PRIVATE LTD		India
S2-72897582	Asian Farmers Private  Ltd	F-370, NAKUL PATH LAL KOTHI SCHEME, JAIPUR, Rajasthan	India
S2-43963109	russellrodriguezsullivan.com	141 1/2 ILLINOIS ST, MOMENCE, IL	US
S2-628783277	ઈસ્ટ કન્સ્ટ્રક્શન પ્રાઇવેટ લિમિટેડ	8, AHMEDABAD, Gujarat	India
S2-424398885	MISSION (INDIA) LEATHER-PRIVATE (LIMITED)	FL B 901, EMPRESS, B WING, GREENS SOCIETY, OPP PUDUMJI PAPER MILLS, THERGAON, PUNE, महाराष्ट्र	India
S2-463968821	HK CENTRE-PRIVATE LIMITED	BHARAJ BUILDING, FIRST FLOOR 1711/15 A, ST.NO-3, SHIMLA PURI, Punjab	India
S2-439888025	Encinias  Technical East	CORVALLIS, OR, 4252 DUNIWAY DR	US
S2-238446563	DASKROI-CHEM PRIVATE	ગુજરાત, 1503, WESTPORT, SINDHU BHAVAN ROAD, NR. S P RING ROAD, DASKROI	India
S2-964249489	GQN Global Aurora Group	251 HIDDEN SPRINGS LN, WORDEN, IL	US
S2-902205396	Cornerstone Materials Consultants	STONE RIVER BEND, MONTGOMERY, TX	US
S2-938561651	WW Total Biologics Córp	111 CHESTNUT STREET, NEW CARLISLE, IN	US
S2-67703868	Jasper East Inc	2636 IDLEWILD BOULEVARD, ROANOKE, VA	US
S2-916812240	PATRIOT GRAND PRODUCTIONS-NORTH EAST LLC	84 SHEKOMEKO LANE, PINE PLAINS, NY	US
S2-506145204	Management Nj 5teels Limited	DOOR NO:452/C KULAVAIKADU, ALAVAYAL POST ALAVAYAL, TIRUMAYAM, PUDUKKOTTAI, Tamil Nadu	India
S2-831449937	BB Mahadev Pvt  Ltd	H.NO ##3 SNEHAM APTS, 4TH FLR, C BLOCK 14 PARK ROAD, AMBATTUR, Tamil Nadu	India
S2-236012541	windia.com	11-25-41/2 VFSAVI COLONY, WARANGAL URBAN, WARANGAL, Telangana	India
S2-675348100	Tirumala Électronics Private Limited	1/12B, PLOT NO 355, KAILAS PLAZA NEAR ODEON SHOPPING CENTRE, GHATKOPAR (E, AST), MUMBAI, Maharashtra	India
S2-17860697	Dental  Physicians Partners	2595 MAHOGANY LN, HICKORY, NC	US
S2-564829794	UPTOWN BIKE	006949 SHAMROCK GLEN CIR, TOWN OF SPRINGFIELD, WI	US
S2-142441358	Agro Jay Indhdtties Private Limited	SROBAL NILANA, MALLAYA'S COMPUND, NULLIPPADY, KASARGOD, P.O., KASARGOD, Kerala	India
S2-231042988	Cal College	C/O RANA CHAANU ODEDARA, KABRASTAN ROAD GAYATRI NAGAR BND VILLAGE BHANVAD(M), BHANVAD, Gujarat	India
S2-337971131	Rooney Chóice Biologics Inc	9150 LABRADOR TRL, THEODORE, AL	US
S2-704269513	MOUNT &  BROTHER PRIVATE LIMITED	<NULL>, H.NO.20, DHARMDAS PUR, JAGATPUR BENI KAMA, RAEBARELI, RAE BARELI, Uttar Pradesh	India
S2-743481583	সানরাইজ লজিস্টিকস প্রাইভেট লিমিটেড	5, HOWRAH, পশ্চিমবঙ্গ, KOLKATA WEST	India
S2-835256551	... Advanced Highland	1052B 264TH ST, DES MOINES, WA	US
S2-775484419	SIDHI ARTIFICIAL PRIVATE LIMITED	FF/2 , CIVLI TOWNSHIP, ROURKELA, Orissa	India
S2-687939123	De1ta Program (V)	7218 Airlie Rd, FAUQUIER COUNTY, VA	US
S2-763813514	CAPlTAL GREEN NORTHERN LLC	CT, 110 YALE AVE, MIDDLEBURY	US
S2-91690570	sorianostores.com	006 BEACON ST, BOSTON, MA	US
S2-27503468	ENSO RETAIL PRIVATE LIMITED	H.NO. 33, NYADAR GANJ, DADRI, GAUTAM BUDDHA NAGAR, उत्तर प्रदेश	India
S2-15280146	Thomasina P. Barnett, L.C.S.W., [PC]	409 6ST AVE, MANSFIELD, OH	US
S2-256451765	Pipal International Limited	NO. 00522 HOUSE NO.66, 2ND FLOOR, BLOCK-A, DSIDC NARELA, DELHI, DELHI, Delhi	India
S2-889476846	ईस्टर्न ट्रेडिंग प्राइवेट लिमिटेड	बिहार, TOLA - LAWHARCHAK, H.NO 26 VILLAGE - RAMDIRI, BEGUSARAI, P. O. - LAWHARCHAK	India
S2-246869552	Valley Calderon Pmv Pmv	19 Slater St, WEBSTER, MA	US
S2-632851303	Department of Finance Corporation	1003 58 ST, BROOKLYN, NY	US
S2-613204180	Quality Aerospace-Dynamics	1109 1ND STREET, YAKIMA, WA	US
S2-773297745	betheaholdingsgroup.com	1218C 3150, SYRACUSE, UT	US
S2-71788805	Noelani Lowe-Publishing LLC	#8103 ROSEBUD DRIVE, BILLINGS, MT	US
S2-685908264	Mym Jewelleiy Group - 7374685672	Karnataka, NO60 , BHCS, 1ST MAIN, 1ST CROSS, BTM 2ND STAGE, BANGALORE	India
S2-934412775	WALLACE NASDAQ,	2109 PROSPECT AVE, PERU, IL	US
S2-960553036	SECURE INTELLIGENCE DIGITAL EAST	11338 SQUALL HILL DR, HASLET, TX	US
S2-168143357	adarshseeds.com	A-1681/29/2, F FLOOR MANGAL MARKET, BHAGIRATH PLACE, DELHI, NULL, दिल्ली	India
S2-368840229	-- riede1americanpony.com	NORTON AVE, KANSAS CITY CITY, MO	US
S2-837187320	MEMORIAL CENTER LLC	021 HOWARD STREET, SPOKANE, WA	US
S2-339029624	surgicaltristatecare.com	0205 POTOMAC AVENUE, TERRE HAUTE, IN	US
S2-919385476	Webb Ci0n  L.L.C.	120 LEWIS PLACE, TULSA, OK	US
S2-520587790	Straight Edge lce Cream	170 BURNETT LN, ONEIDA, TN	US
S2-538399908	ગોલ્ડન ઇમ્પેક્સ પ્રાઇવેટ લિમિટેડ	25, NEW GIDC ESTATE KABILPOR, NAVSARI, Gujarat	India
S2-882907234	Leopo1d Safe Consulting LLC	0744 CARLISLE AVE, OH, DAYTON	US
S2-849276951	behavioralhealthpartners.com	003629 TANGLEWOOD CIR, FARMERS BRANCH, TX	US
S2-912252732	Mody Irenic	7606 ARTONDALE DRGVE, GIG HARBOR, WA	US
S2-544612526	Regional Infrastructure Networks Holdings	1333 ALEXWOOD DR, HOPE MILLS, NC	US
S2-417090507	WILLIAMS HARBOR CENTURION INC.	19320- 1ND PL, CATOOSA, OK	US
S2-549320589	THE BRIGHTIQ RAIN LLC	5806 WEST PAGES LN, PMB 7380, LOUISVILLE, KY	US
S2-914673196	Silver Pilates! Partners Corp	979 AUSTIN DRIVE, RADCLIFF, KY	US
S2-930098957	Gildjaxaria	KANKARBAGH, Bihar, BLOCK - 62, DEFENCE COLONY KANKARBAGH, H.NO 357 FLAT 246, SAMPATCHAK	India
S2-221999414	Chen Mountain Paloma Uptown	2951 KATHY JO LANE, ORCHARD MESA, CO	US
S2-230184729	Preethi Héalthcare Pvt Ltd	H/O HARE RAM SAH, NEAR BACHPAN SCHOOL PURNENDU NAGAR, PHULWARI SHARIF, PATNA, Bihar	India
S2-533648755	नॉर्थ कंसल्टेंट्स एंटरप्राइजेज प्राइवेट लिमिटेड	S NO - 1-88/1/43, PUNE, BHOSARI, महाराष्ट्र	India
S2-436840512	बालाजी एंटरप्राइजेज प्राइवेट लिमिटेड	DIOR NO 3-91 G-7, SECTOR-63, NOIDA, GAUTAM BUDDHA NAGAR, Uttar Pradesh	India
S2-219374527	Behavioral Health Specialists Inc	719 JACKSON ST, PITTSBURG, KS	US
S2-814233140	Pvt. Gearup & Sóns Enterprises Ltd.	NO 2-12-182, WARANGAL URBAN, HANAMKONDA, తెలంగాణ	India
S2-331264637	ஆனந்த் இம்பெக்ஸ் பிரைவேட் லிமிடெட்	தமிழ்நாடு, 288, INDUSTRIAL ESTATE, ELLAPPAN STREET, COIMBATORE SOUTH, COIMBATORE	India
S2-873232185	Select Defense Innovations Northside Llc	1264 HILLWOOD DR, CLARKSVILLE, TN	US
S2-942417082	Smt SHYAM TECHNOLOGY HARDWARE PRIVATE LIMITED	HN ##78 E/45 KHAPRA MOHAL, CANTT, KHAPRA MOHAL, उत्तर प्रदेश	India
S2-430193699	MORTIMER JOY DO M.D. P.C. CENTER	##28 KINGS DRIVE, WARREN CITY, OH	US
S2-584696844	Salinas Avalanche Inc	7968 HONEYGO BLVD, NOTTINGHAM, MD	US
S2-890423795	Indo Prime Exports Private Limited	H.NO 017/2 LATICE BRIDGE ROAD, ADAYAR CHENNAI. 600 020., Tamil Nadu	India
S2-791639335	प्रीमियर Star इन्वेस्टमेंट्स प्राइवेट लिमिटेड	H.NO 838 C 32A BLK C STREET NO. 3 MAHENDRU ENC G T KARNAL ROAD, DELHI	India
S2-11817249	Ward,  Mcdaniel and Peralta Praetorian	MN, 3609 THIRTEENTH AVE, SAINT CLOUD	US
S2-854546683	The-Diamond Health Corporation	001 MENOWA DR, DAEVILLE, AL	US
S2-623163178	Incorporated Olanyn Oceanhawk	262 CASCADE ROAD, JERUSALEM, AR	US
S2-885731246	Realtech Instrument-Private Limited	DOOR NO 814/2 SPACE NO.403, BLOCK D & E, CHANDIGARH CITI CENTRE, VIP ROAD, RAJPURA, Punjab	India
S2-609126175	Vasquez Inc. Couture,	21914 OIA ISRAND DR, HOCKLEY, TX	US
S2-436663188	C1assic  Construction	FOURTH FLOOR, MEDI-MAX HOUSE OPP. KARNAVATI HOSPITAL, ELLISBRIDGE, AHMEDABAD, null, Gujarat	India
S2-109034922	Crosier Exchange Southside	218 MELROSE CIR, DENISO NCITY, TX	US
S2-954124079	Ellsworth Peak Acp of Greenfield Corporation	1925 DOWNEY LN, GREENFIELD, IN	US
S2-877745187	Dr Mata Tlch Pvt. Ltd.	THIRED FLOOR 7/145, GEETA COLONY, DELHI, EAST DELHI, N/A, Delhi	India
S2-852115447	Kedyndyne Integrated Trinity [Inc.]	15-A KAPOR RD, BRIDGER CITY, MT	US
S2-438969319	LTD PHENIX PVT CENTER	P NO. 1998, GROUND FLOOR, AT GALI NO. 56, MOLARBAND EXTN., BADARPUR, NEW DELHI, SOUTH DELHI, Delhi	India
S2-812772307	Zetaavi	BANGALORE, BANGALORE NORTH, Karnataka, 215, 14TH FLOOR 14TH CROSS 4TH MAIN, KAVERIPURA, KAMAKSHIPALYA	India
S2-145624152	Ab It Limited	महाराष्ट्र, 32, JOLLY MAKER II, CUFFEE PARADE	India
S2-916020939	(LLC) Smith John	2845 ROSEMARY LANE, FAIRFAX COUNTY, VA	US
S2-583111097	Johnson Corporation	2545 CUATRO MILPAS DR, PO BOX 5622, ALBUQUERQUE, NM	US
S2-459116621	zeosolutions.com | [www.zeosolutio.com]	B 4 AND 5, 4TH SAINIK NAGAR, MANSA RAM PARK, NAJAFGARH ROAD, UTTAM NAGAR, NEW DELHI, Delhi	India
S2-760507152	Inc. Walker, Key and Salazar	140 AMY AVENUE, BOWLING GREN, KY	US
S2-333030681	Holdings Arts Council,	413- HIGHWAY 177, CARNEY, OK	US
S2-275292871	Tirupati It	NO 53 LAL KOTHI PARISAR TEZI KHARA, RJPM-I, LUCKNOW, Uttar Pradesh	India
S2-519557968	Shri Deep Propmart Psrilvage (Limited)	VILLA NO. 09, NORTHSTAR HILLSIDE, SURVEY NO. 12, 13 KLR LANE, GANDIPET, RANGAREDDY, Telangana	India
S2-716588163	Vanguard Biomedical Studios	274 Baybrook Lane, WINSTON-SALEM, NC	US
S2-189226576	Veva Interests	HILLDALE DR, DALLAS, TX	US
S2-527812446	Black It Private	PLOT NO: 6, NEAR NARAYAN COMPLEX, OPP. AYUSHI AWAS, PIPLOD, SURAT, ગુજરાત	India
S2-463146600	Gardner Impact Patriot	MD, 510 ANNAPOLIS ROAD, BLADENSBURG	US
S2-175865714	ENVIRONMENTAL ASSOCIATION LLC	762 1/2 ROCKFIELD-BROWNING RD, ROCKFIELD, KY	US
S2-148466906	Shri Jai Ltd Pvt Cyber		India
S2-536514418	Quality Auto  Sales, Incorporated	632 BRAEHILL CT, WINSTON-SALEM, NC	US
S2-741576886	Nixon  Fgao	341  KENNEDY STREET, SYRACUSE, NY	US
S2-843071321	Youth  Network		US
S2-825374035	Smart Tech Pvt	#294 DOLMUNDAI MAHATAB ROAD, CUTTACK, Odisha	India
S2-685507426	extractionnew.com	S.F.NO.309(2A), KINATHAANKADU, KOLATHUPALAYAM GANGAPURAM POST, CHITHODE VIA, ERODE, தமிழ்நாடு	India
S2-818622882	Gardner's Design	437 FOURTH STREET, MILAN, MN	US
S2-496765251	tri-state atlantic index inc	350-B ELM ST, ANOVER, OH	US
S2-728507538	Oncology Legacy Center	1629 3125, UT, OGDEN	US
S2-686251531	VALLEY PRE6ORAM	TECATE TRAIL, AUSTIN, TX	US
S2-691463903	Elite Clean Aluminum Downtown LP	1068 COLOMA ROAD, CA, RANCHOCORDOVA	US
S2-438690128	गोल्डन ट्रेडिंग प्राइवेट लिमिटेड	DOOR NO 22 PUSHPAM 30-ECAWASJEE PATEL STREET FORT, MUMBAI, MUMBAI CITY, महाराष्ट्र	India
S2-525998554	HORIZONCHEMICALINNOVATIONS.COM	401 200 ST, null, ARMA CITY, KS	US
S2-775394710	Auto Chit Enterprises Private Ltd	#513, 5TH FLOOR, DLF STAR TOWER SECTOR - 30, GURGAON, हरियाणा	India
S2-426144370	Pune City Infotech Pvt Ltd	PL NO BG/1/15 GENRAL, BLOCK NR TEL. EXG. MIDC, PUNE CITY, Maharashtra	India
S2-538976068	Sri Optimist  College	PLOT 62 KHASRA 71/13/2, 14, BHODIA DOULATPUR ROAD, BHODIA KHERA, FATEHABAD, Haryana	India
S2-497944131	Anchor Mountain [[Analytics]]	452  FEHLBERG LN, CORAM, MT	US
S2-837801206	JATAAGN KKR	15400 MONTE VISTA RD, AZ, GODOYEAR	US
S2-557352853	hariconsultants.com	SHOP NO.-04, FIRST FLOOR NEAR BHAWNA COMPLEX BHOORA PATEL NAGAR, SBBJ CHORAHA, NEAR C, HITRAKOOT, JAIPUR, राजस्थान	India
S2-534832831	Roberts, Anne-Corinne, Md Inc	0410 MARR STREET, POCAHONTAS, AR	US
S2-284779400	XRS-Tma East	6306. IOLA AVENUE, LUBBOCK, TX	US
S2-256172355	Bay Super	3299 GRANDVNEW DR, DUNNSVILLE, VA	US
S2-258436929	Ridge Ace Biracilik Co	215 HENRY STREET, HERKIMER, NY	US
S2-517995133	Bureau of  Group Center	18229B PALADIN DR, OLNEY, MD	US
S2-944772275	National Care South Inc.	39 BAKER FARM DR, LINCOLN, MA	US
S2-244170294	Floyd & Tohrse Tankers Inc	130ST AVE, BEAVERTON, OR	US
S2-44198918	M/s BRAHMAAND PAPER5 PVT LTD.	73/415, 1 ST AGRAHARAM 1 ST FLOOR, SALEM, தமிழ்நாடு	India
S2-956119495	SRP Ventures L.L.P.	6-45, PLOT NO.30 YADAMMA NAGAR, GREEN FIELDS COLONY, MDF, TRIMULGHURRY, HYDERABAD, Telangana	India
S2-872022787	pacific solar	102 MARAVILLA WAY, HSB LLANO CO, TX	US
S2-300667965	SUNSHINE IIDUSTRHES GROUP - 1620308292	PLOT NO. 275, POCKET NO.- D6, SECTOR- 6, ROHINI NEAR - VIDYA JAIN PUBLIC SCHOOL, DELHI, Delhi	India
S2-228567244	Cascade Hospital Hospital Animal	44 OXBOW RD, N/A, ST PEETRS, MO	US
S2-528483872	Adroit Trust Services	THAKKAR BAPPA SG BARVE RD, 43-2-2 CST ROAD, MUMBAI, Maharashtra	India
S2-845362212	Metropolitan Mótors L.L.C.	1145 TOSCANA DR, RIO RANCHO, NM	US
S2-672321572	Creative Solutions	13706 RIVER WALK AVENUE, CHESTER, VA	US
S2-515386320	Prime-Prudential	1375 145TH AVENUE, GOODYER, AZ	US
S2-488565793	Atlantic Bnyorgidc PLLC	2340- DRY CREEK RD, MCKEAN TWP, OH	US
S2-78769581	CORNER PILATES ((LLC))	VALLEY DR, HIGH POINT, NC	US
S2-660113658	Delta Direct Carlyle South	CT, CLINTON, #119 KILLINGWORTH TPKE	US
S2-219242350	globalstarindia.com	711, CHITAKAR DHURANDAR MARG, 1ST ROAD, KHAR (WEST), MUMBAI II, Maharashtra	India
S2-112834662	Pacific-Guild  Partners	1611 UPTON PL, SUFFOLK, VA	US
S2-999759387	हाई प्रॉपर्टीज प्राइवेट लिमिटेड	H.NO C-555 ROOM 2, GOREGAON EAST, MUMBAI, Maharashtra	India
S2-479086468	Deaitl Group	MA, 02120 MONTEREY RD, OTIS	US
S2-51477351	Alvarez, Alvarez, Isabelita Neurosciences Inc	16165 KELLER DR, BROOKFIELD, WI	US
S2-183050312	Noida Properties Prle Limited		India
S2-515239169	ରେଡ୍ ହେଲ୍ଥକେୟାର୍ ଏଲ୍‌ଏଲ୍‌ପି	KHORDHA, BHUBANESWAR, Orissa, PLOT NO-A-482	India
S2-542975651	Legend &	PLOT NO. 871/6684/1 , SUB PLOT -B, KHATA NO.365, BHUBANESWAR, Orissa	India
S2-277442081	JDM DISTRIBUTORS PVT	59 C/O AMANDEEP KAUR, BERIYO WALA BAAG, JAGADHRI, हरियाणा	India
S2-239028962	Dr RAJKIRAN RÁM-PRIVTDTE LIMITED		India
S2-996428837	SVJ FINANCE LÍMITED	Bihar, VILL P.O - RAMGARH BHABHUA, KAIMUR	India
S2-501057541	Delhi  Luggage Company	SR NO A-71 PDOT NO 8 SHANKARTRIKAM COMPOUND OPP T B HOSPITAL A K ROAD, SURAT, Gujarat	India
S2-30842411	SAISH GARMENT PRIVATE LIMITED	D-828-A, GALI NO. 04, ASHOK NAGAR, SHAHDARA, NORTH EAST DELHI, Delhi	India
S2-397692559	GV Inda		India
S2-721104467	Services Peak Security North Inc	1011B DABICH, LANDER, WY	US
S2-348504325	M/s Shyam Dévelopers	C/O SAROJ DEVI, SIWAN, <NULL>, Bihar	India
S2-8304739	जय नॉर्थ हेल्थकेयर प्राइवेट लिमिटेड	S.NO. 81, SHIVANE N.D.A. ROAD, PUNE, Maharashtra	India
S2-907629951	ESME'S APPLIANCE  CO	128 KATHY ELLEN DR, VALLEEJO, CA	US
S2-39243496	24 2 Kongsberg  Corp		US
S2-807248702	NYRA TRADE PRIVATE [LIMITED]	603, B WING, GOPAL NAGAR CHS, GAONDEVI NEAR BADLAPUR TRANSPORT, BADLAPUR, महाराष्ट्र	India
S2-723828175	MUNROE PACIFIC GLOBAL (CORPORATION)	307 COMMERCIAL ST, TOULON, IL	US
S2-194920922	Frozen &	C/O ANIL KUMAR SINHA, 13, MAIN ROAD, BHUPATIPUR, SAMPATCHAK, Bihar	India
S2-862278331	N & Eastern X LLC	32 Riverside Dr, RIVERHEAD, NY	US
S2-133809905	Pendergraph  Apartment	770 TORTUGA, GREEN VALLEY, AZ	US
S2-686428793	ஸ்டார் ஐடி பிரைவேட் லிமிடெட்	PLOT NO. S43B 2/3, SIPCOT INDUSTRIAL PARK, PILLAIPAKKAM, VENGADU VILLAGE, SRIPERUMBUDUR TALUK, KANCHIPURAM, SRIPERUMBUDUR, Tamil Nadu	India
S2-477993186	Shivtirth Agro LLP LLP	H.NO 66/1896 (OLD NO:41/1843C(D)), 3RD FLOOR, KATTIKARAN BUILDING, KATTIKARAN ROAD, COCHIN, ERNAKULAM, Kerala	India
S2-696617658	Choice Quality Music	2029 COWDEN AVE, MEMPHIS, TN	US
S2-762793223	1607 HOLDINGS BOULEVARD  BROADWAY		US
S2-891406198	GRAND ENGINEERING INC LABORATORIES	6944 IRELAND DRIVE, BROWNWOOD, TX	US
S2-263930722	Empire Program  of Henrico County LLC	2272 LIBBIE LAKE ST W, VA, RICHMOND	US
S2-255396836	U & G WÉN HOLDINGS	1610 FIRST STREET, DIXON, IL	US
S2-182487155	70/32 Holdings Ltd	764 MAIN STREET, CANTON, IL	US
S2-850559643	ಗ್ಯಾಲಕ್ಸಿ ಎಂಟರ್‌ಪ್ರೈಸಸ್ ಪ್ರೈವೇಟ್ ಲಿಮಿಟೆಡ್	##232 MUNIHUCHANA PALYA DASANAPURA VILLAGE, N/A, BANGALORE, Karnataka	India
S2-980457024	Family Precision Health Corporation	122, ROUND ROCK, TX	US
S2-278657480	Halbert, Alexi, Service	484 SANDUSKY ST, NULL, TIFFIN, OH	US
S2-225823147	SUNDER TRADING PRIVATE LIMITED	BARTAN BAZAR, AMRAVATI, Maharashtra	India
S2-190642185	New Delhi Índia Pvt Pvt Ltd	H.NO 99 SECTOR A POCKET CVASANT KUNO, NEW DELHI, Delhi	India
S2-820348347	VI Reit-Bulls Gap Gap	163 WILLOW RIDGE ROAD, TN, BULLS GAP	US
S2-265295979	4710 OCEAN DRIVE  APARTMENTS	389 DEQUASIE ROAD, MEADOW BRIDGE, WV	US
S2-946955701	ಈಸ್ಟ್ ಪವರ್ ಲಿಮಿಟೆಡ್	DOOR NO 228/34 10TH MAIN, BENGALURU, BANGALORE, ಕರ್ನಾಟಕ	India
S2-327362746	Peridora Inc Services	23TH AVE, TCAOMA, WA	US
S2-613019176	Northern Empire Agnc Partners	227 WINDMILL RID DRIVE, ROCKWALL, TX	US
S2-945688451	Campbell-Compania	27 SCHOOL SAINT, SOMERVILLE CITY, MA	US
S2-742406486	Clear Alliance	KALAMATA DR, RALEIGH, NC	US
S2-745680704	Rius Inc	TUCSON, 2941 DOMINGO, AZ	US
S2-985278633	hquantum.com	WEATHERSBY STREET, LEANDER, TX	US
S2-974639211	Tobye Suarez Ventures LP	88 N3328, CONCHO, AZ	US
S2-777785870	Southern Rockwool  LLC	2622 Tenth Ave, MANDAN, ND	US
S2-293266267	Firth, Parkinson & Lindberg Corp.	NULL, CINCINATI CITY, 3833 BUCWOOD AVE, OH	US
S2-75129136	AM TRADERS PRIVATE LTD	Q-37, MOHAN PARK, KH NO. 330, NAVEEN SHAHDARA, DELHI, Delhi	India
S2-159472146	Coraline Clouse Metropolitan Vendome Co	5122 STAR FLOWER TERRACE, NULL, LOVES PARK, IL	US
S2-878448261	Dermatology Patners Inc	1030 WHITNEY RD, FIARPORT CDP, NY	US
S2-634559197	JCT Finserv Industries Limited	G-#45, SUBHASH NAGAR SHOPPING CENTRE, JAIPUR, Rajasthan	India
S2-285903626	Uprising Motors L.L.P.	AD-311 GROUND FLOOR SECTOR-1, SALTLAKE, KOLKATA, West Bengal	India
S2-713109591	Sai Construction Limited	NO 17- KHASRA NO 515, ASALATPUR FARRUKH NAGAR, GHAAIABAD, Uttar Pradesh	India
S2-929782824	... CARO1EE SIMONSON, PHD	16TH STREET, TOWN OF BARRON, WI	US
S2-196684342	T0tal Assocsiamts Design	5029 QUAIL HOLLOW DR, RALEIGH, NC	US
S2-447396827	Electronic Equity Networks Co	4845 ANGELA CIR, MIDLOTHIAN, TX	US
S2-757197434	Universal Consultants LLP	510. NEXT FURNITURE SOLUTION, OFFICE NO. 1, SR. NO.219, NEAR KUNDAN GARDEN, BANER PURUSHOTTAM PL, AZA, BANER, Maharashtra	India
S2-410137278	GLYPHOVA L.L.C. COFFEE	SHIRLEY ST, OAMHA, NE	US
S2-9550244	Aegis Corp Center	#60 HOUSE NO. 108, 1ST FLOOR, SBI COLONY G.T. KARNAL ROAD, DELHI, Delhi	India
S2-293675262	Fortune Solutions Private Ltd	Tamil Nadu, P.NO.009/4, 3RD STREET, SEEVARAM, PERUNGUDI, CHENNAI	India
S2-404377649	Bg  Cottex Limited	C/O INDU KUMARI R.K NAGAR, ADARSH VIHAR COLONY, SAMPATCHAK, Bihar	India
S2-326301027	Draft Sáles-Thane	A/1 102, RAUNAK PARK, KOKANIPADA, POKHRAN ROAD NO. 2, THANE (WESTT, THANE, Maharashtra	India
S2-421049739	IUK Brewing Care Ltd	404  WARREN AVENUE, PMB 8541, NILES, OH	US
S2-520441214	Family Choice Medicine Partners	IRVINGTON, 40 ECKAR STREET, NY	US
S2-705088632	(Corp) Carrera, Franky, D.O., DDS PC	9905 SEELEY AVE, CHICAGO, IL	US
S2-712994058	Claude A. Kamer,	31221 RIVER RD, AL, ORANGE BEACH	US
S2-381676404	MEDIA GREEN KANYA PRIVATE LTD		India
S2-302828791	Farinella, Dennard and Cutofnn LLC	3176 LAKEMOOR STATION WAY, KNOXVILLE, TN	US
S2-146382194	Vance Flexible Holdings	2509 LONGMORE STREET, CHANDLER, AZ	US
S2-165029707	EZY Mercator, Mercator,	1575 ROTARY STREET, CITY OF WAUPACA, WI	US
S2-375828290	सनराइज इन्वेस्टमेंट्स प्रा. लि.	HOUSE NO 308/ 1ST FLOOR SHAHZADA BAGH INDUS. AREA NEAR DAYA BASTI RAILWAY ST., NORTH WEST, Delhi	India
S2-626930611	KHALAPUR LLP INDUSTRIES	महाराष्ट्र, VAIBHAV BUILDING, NEW POSARI, DAND RASAYANI ROAD, POST : MOHOPADA, KHALAPUR	India
S2-927572293	Diamond Clean Group One	24656 1/2 110RD ST, ANAMOSA, IA	US
S2-202605982	EEICL + CO	NO.106- KANJIRATHUNGAL, ALUVA, ERNAKULAM, Kerala	India
S2-164039123	renuka logistics private limited	17, FIRST FLOOR, WELLINGTON ESTATE, CHENNAI, தமிழ்நாடு	India
S2-835063716	Shri SKYLAND SOFTWARE PRIVATE  LIMITED		India
S2-507619867	Sweet Deli! Care Care Corp	556 AVERY AVENUE, SYRACUSE, NY	US
S2-896730409	Allmost Farmer	Keralam, PLOT 858 29, CHOICE VILLAGE, TRIPUNITHURA POST	India
S2-889222096	CARISSA ÉVANS ADVANCED JAPAN ASSOCIATES	8335 TARAK DRIVE, ELK GROVE, CA	US
S2-558937618	Lovett Total (Rhsh)	MAIN ST, BROCKTON, MA	US
S2-846047154	Ananda Enterprises Pvt | www.anandaent.com	51 LG-42, ANSAL FORTUNE ARCADE SECTOR-18, NOIDA, Uttar Pradesh	India
S2-87739972	লাইফ কেয়ার প্রাইভেট লিমিটেড	HN 976 C/O BASUDEB BASAK VILL-DHATRIGRAM, KALNA, BARDHAMAN, West Bengal	India
S2-228169316	Bsp LLP Center		India
S2-27297350	MALCOM ANIMAL HOSPITAL HOSPITAL	4699 KENNEDY ROAD, TAOCMA, WA	US
S2-465146905	स्टार प्रोडक्ट्स प्रा. लि.	H.NO 54 AT POST ESAINAGAR TAL NANDURBAR DIST DHULE, NANDURBAR, DHULE, महाराष्ट्र	India
S2-439438994	VANSCYOCSCHMIDWEBER.COM	2403 FENTON AVENUE, BRONX, NY	US
S2-591398537	TOTAL MARKETING TECHNOLOGIES LLC	102-106 EAST DR, WASHINGTON, NC	US
S2-961859453	miller companies inc	32ST STREET, LUBBOCK, TX	US
S2-243727596	LAZYASSOCIATES.COM	Tamil Nadu, SPACES OLYMPIA, PLOT NO.##1, CITIUS A, OLYMPIA TECHNOLOGY PARK 10TH FLOOR, PHASE 1, CHENNAI CITY CORPORATION	India
S2-447882786	ENNIS'S CGNTRFUTION	5516 TOWNSEND WARBLER COURT, WAKE FOREST, NC	US
S2-630825823	Digital Inc-Works Security	72 TALBERT WOODS DRIVE, MOORESVILLE, NC	US
S2-19749906	Olanify Telecommunication Co	735. LARK GLEN DRIVE, MOORESVILLE, NC	US
S2-475170125	Usha Institute of Technology Limited		India
S2-772458801	glennis s. daleo, p.a.	3774 BLACK FOREST DRIVE, MEMPHIS, TN	US
S2-125238543	ಬಾಬಾ ಫೌಂಡೇಶನ್ ಪ್ರೈವೇಟ್ ಲಿಮಿಟೆಡ್	12, ANJANEYAM, MADHUBAN COLONY MARUTHI NAGAR EXTENSION, MALLESHPALAYA, BANGALORE, Karnataka	India
S2-494755154	VANRAJ TRADING INFRATECH LIMITED	H.NO #41 RCOEM TECHNOLOGY BUSINESS INCUBATORS FOUNDATION, SHRI RAMDEOBABA COLLEGE OF ENGINEERING AND MANAGEMENT, RAMDEO TEKDI, GITTIKHADAN, NAGPUR, महाराष्ट्र	India
S2-417021356	Ruby S. Mccoy,	11803 WAYNA LANE, BENTONVILLE, AR	US
S2-533115756	Hadria Miller Green Bynordic Corp	5028  CHANDLER HEIGHTS DR, LELAND, NC	US
S2-31803204	big coffee	1109 SULPHUR SPRINGS ROAD, MORRISTOWN, TN	US
S2-885166670	Mcb Cosmetics Private Limited	BLOCK E-419. 312, 3RD FLOOR, EARTH ESSENCE, NEAR BAGHBAN CROSSROAD ZYDUS-HOSPITAL ROAD, THALTEJ, AHMEDABAD, Gujarat	India
S2-298589362	l.l.c. dd alphabet	OR, 017325 IRVING STREET, PO BOX 7491, PORTLAND	US
S2-726813453	JAY GOOD CONSTRUCTIONS PRIVATE	PLOT NO, 28., PHASE-II, IDA, CHERLAPALLY, GHATKESAR MANDAL, N/A, Telangana	India
S2-779197401	EZH Inc Inc Shreya	33701 TUDOR PLACE, MILLVILLE, DE	US
S2-606547068	Sizzling Sizzling Memorial	C/O KRISHNAPPA N, 01268, 2ND FLOOR, 9TH CROSS, 4TH BLOCK, HBR LAYOUT, BNAGALORE, Karnataka	India
S2-568385282	Unified Systéms PC Center	774 DEEP GREEN DRIVE, RICHMOND, TX	US
S2-83562306	LTA-Horizon, Inc	#6366 TR 96, MC COMB, OH	US
S2-444139007	Empire Co Services	6017 PROSPECT ST, INDIANAPOLIS, IN	US
S2-965019177	इंडियन इंडस्ट्रीज	H.NO A-168 K L COLONY HANSKHEDA PARA, MANAK NAGAR, LUCKNOW, उत्तर प्रदेश	India
S2-31633295	BATTLE GROUND EAR NOSE AND THROAT	2712 18RD AVENUE, BATTLE GROUND, WA	US
S2-72176804	Galati Minerals Lp	10 FAXON AVE, QUINCY, MA	US
S2-656780934	Daskroi Eye Prttae Limited	BLOCK-F-C-502, KRISH, CUBICAL, DASKROI, Gujarat	India
S2-124906485	7514owl.com	1927 RYUN SUN WAY, MT, BOZEMAN	US
S2-463084918	allanadolucom	CROGHAN, 6166 TEXAS ROAD, NY	US
S2-873177396	Private Bhiwandi (India) Limited	H. NO. 4-86/13, GAUTAM COMPD., NEW BASTI, TEMGHAR-2, NR. HILTON HOTEL, THANE, MUMBAI ,NORTH, Maharashtra	India
S2-751588111	GLOBAL MANAGEMENT PARTNERS	1306 LESTER BURT ROAD, FARMERSVILLE, TX	US
S2-8648579	Eversole Mobility Holdings	122 LAKEFIELD DR, MILFORD, OH	US
S2-441765868	Gulf Express Fusion Ltd	9656-9660 Washington Avenue, LAUREL, MD	US
S2-476688679	PARKER, CRAYTON & BUMANGLAG PRO	17612 PATRIOT DRIVE, OWASSO, OK	US
S2-595665289	सुपर फूड्स प्राइवेट लिमिटेड	304, SURYA TOWER 30-31, DDA COMMUNITY CENTRE, PASCHIM VIH, AR, PASCHIM VIHAR, Delhi	India
S2-848024418	@badertranslational	1843 WINCHESTER PL, OCOTILLO, AZ	US
S2-166606349	Hernandez,Zoe R., Esq.	3117-3119 41TH COURT, NULL, DES MOINES, IA	US
S2-89906125	of Bureau Parks and Recreation	250 400, SMITHFIELD CDP, UT	US
S2-86546864	Rev It	1738 LA PAZ, TCUSON, AZ	US
S2-585835879	Heritage  Society	336 TECHNOLOGY CENTER WAY, ROCK HILL, SC	US
S2-796679719	Marsalis Desert Sui L.L.C.	4216 ASH CREST DRIVE, MESQUITE, TX	US
S2-772323364	Anand Limited Private Consultancy	SUMATI PALACE, OFFICE NO. 401 TO 405, BORING ROAD, PATNA, Bihar	India
S2-52467947	CW Salon	PA, LOWER PROVIDENCE TOWNSHIP, 35 HENRY AVENUE	US
S2-265557209	Vaibhav Private Limited Center	OFFICE NO. 211, 2ND FLOOR, KAMALA SPACES, S V ROAD, MUMBAI, Maharashtra	India
S2-790245385	Smith of Bridgeton Center	3765 PENNRIDGE DR, BRIDGETON, MO	US
S2-982950235	Dr Innovative Foods	1901 TOWER 11 ACE PARKWAY, NOIDA SECTOR 150, NOIDA, Uttar Pradesh	India
S2-58825780	FAMILY ÍNSTITUTE LLC	583 NINTH ST, HOUSTON, TX	US
S2-36652117	G 6 U QUANTUMSPHERE DOWNTOWN L.L.C.	1836 CROSS LAKES CIR, ANDERSON, IN	US
S2-534906411	Kolkata Spórts Limited		India
S2-456598271	Rosen  Peak Apartment Inc	AUSTIN, TX, 05701 ABBY ANN LANE	US
S2-665652910	Vara Trust Ltd	HOUSE NUMBER 123, DHEMA, RAMGANJ, CSM NAGAR, AMETHI, Uttar Pradesh	India
S2-754316539	thrissurram.com	18/255, NH 544, (OLD NH47) MARATHAKKARA, THRISSUR, കേരളം	India
S2-26395860	Disoft	HUNTINGTON, WV, HUGHES BRANCH ROAD	US
S2-206879860	Mutual Industrial Dynamics (LLC)	HOLIDAY DRIVE, DAVILLE, IL	US
S2-310069047	Carrell Pberrrde Trg	SAINT LOUIS, 11737 ADMINISTRATION DR, MO	US
S2-96215521	... GOPI TGU OVERSEAS	#2ST FLR 94 94A 95 KRISHNA, PLAZA KOTHANUR MN RD 7 PH, BANGALORE SOUTH, BANGALORE, Karnataka	India
S2-846600326	Engineering Asvins Systems  Private Limited	A/##1C, PRANTIK APPARTMENT, 1, KUMUD GHOSAL ROAD, ARIADAHA, KOLKATA, West Bengal	India
S2-638319392	L.L.C. Adams Vcse	BROADVIEW HEIGHTS, OLD MILL PATH, OH	US
S2-909581680	Pyle Rothschild,	##110 ROUNTREE ST, CITY OF WILSON, NC	US
S2-872209566	PRINCETON  CONSULTANTS	B3/284/13G, BRAHAMAN GALI, DUNGAR MOHALLA, SHAHDARA, Delhi	India
S2-523953646	Harb0r Brokerage	NORMANDY AVENUE, BURBANK, IL	US
S2-467121958	Silver Diner, Corp	8472 STATE HIGHWAY 20, EUCHA, OK	US
S2-94382779	Drexlyra	3636 1/2 RIDGECREST RD, PMB 2869, MOUNTAIN BROOK, AL	US
S2-310313046	YR AMPERCAP	83 TEMPLETON PARKWAY, WATERTOWN, MA	US
S2-288991362	1966 Madison  Road Apartments	1405 SALIDA DEL SOL, CHINO VALLEY, AZ	US
S2-762585007	Bailey & Lage Bain Inc	406 NINTH STREET, RICHMOND, IN	US
S2-890977739	ST. SYNAGOGUE	699 Leire Ln, CHESTERFIELD, VA	US
S2-175586454	and Woodfield Capps	23 HALYARD LN, MASHPEE, MA	US
S2-146656765	YE OUTDOR PLLC	367 SANDY CREEK LN, LEXINGTON, NC	US
S2-712486191	Three Engineering Private Ltd	D NO C-38A , KARPAGA NAGAR 3RD STREET, TAMIL NADU, MADURAI, Tamil Nadu	India
S2-311029819	New Delhi Solar Private-Limited	5352/A, SHORA KOTHI, PAHAR GANJ, CENTRAL DELHI, NEW DELHI, Delhi	India
S2-307414093	Brunhilda Williams Safe Latin	3738 VERMONT PL, ATL, GA	US
S2-120609271	श्याम पावर प्राइवेट लिमिटेड	A-C-803, 8TH FLOOR, DEV CORPORA PREMISES CO-OP.S.L., OPP. CADBURY COMPANY, KHOPAT, THANE (WES, T), THANE, Maharashtra	India
S2-149345266	Services Royal Robotics Corp	1 COSTA BRAVA, ROANOKE, TX	US
S2-353977780	ಗುರು ಇಂಜಿನಿಯರಿಂಗ್ ಪ್ರೈವೇಟ್ ಲಿಮಿಟೆಡ್	H.NO 2M-429, 2ND FLOOR, 2ND MAIN ROAD, KASTURINGAR, BANGALORE, BENGALURU, Karnataka	India
S2-329035445	#anilimpex	GO NO 22 SHIVAM ESTATE-3, NR CHANGODAR BRIDGE, SANAND, Gujarat	India
S2-883955706	Ltd Jaclyn's Nails	198 CHERRY LANE, PO BOX 976, AIRMONT, NY	US
S2-765287336	Ree's Birke Shop		US
S2-33794098	क्लासिक कंस्ट्रक्शन प्राइवेट लिमिटेड	KHASRA #111/112, EMERALD CITY JAKHAY, INDORE REGION, INDORE, मध्य प्रदेश	India
S2-822625199	बॉम्बे प्रोजेक्ट्स प्राइवेट लिमिटेड	RZ-G-032/348M RAJ NAGAR II, TF GALI NO-2 PALAM COLONY, NEW DELHI, SOUTH WEST DELHI, Delhi	India
S2-474488626	panchjanyaindustries.com	Haryana, 250, OM SHUBHAM TOWER, N.I.T, FARINABAD, FARIDABAD	India
S2-222899205	Continental Ínstitute II | www.continenta.com	9150  STONEMOOR PL, OH, LEWIS CENTER	US
S2-830797725	Heartland Cormmittee - 9240300650	11-13 KING ST, BOSTON, MA	US
S2-979910605	Butler Capital Consulting Inc	85 MILL ST, HOPKINTON, MA	US
S2-524362280	ORBEAN STEERS CÉNTER LLC	10 CAMELLIA PL, LEXINGTON, MA	US
S2-580778336	LEE  FARILY C0RP	883  FLAT NO. A- 1002, ONELLA-2, PATIL NAGAR SU, PUNE CITY, PUNE, Maharashtra	India
S2-822377517	Metro Súnstone LLC	4902 17RD ST, DES MOINES, IA	US
S2-358566293	Alfi  Chavez Elite Biracilik LLC	CITY OF GREEN BAY, 733 Chapel View Rd, WI	US
S2-63052434	Mattox Smart Funmsin LLC	6465 WOODS DR, LIMA, OH	US
S2-818687100	SUMAN BNOLIDERS INDUSTRIES PRIVATE LIMITED	H.NO -5/41 M.L.R COLONY JK ENCLAVE, ROAD NO 10, LAKE VDEW ENCLAVE, DAMMAIGUDA, HYDERABAD, Telangana	India
S2-611936552	Kakalina Capps, D.C. East Inc.	22187 RIVERWOOD DR, CLAREMORE, OK	US
S2-70698601	HOLY CHURCH CENTER	4522 LANCASTER HWY, MONROE, NC	US
S2-645960868	Boyd, Cháng & Pópe	15300. SKYLINE BLVD, LOS GATOS, CA	US
S2-503157961	Swastik Engineering Private Ltd	Haryana, NO 602 C TOWER, SECTOR 70, BADSHAHPUR	India
S2-117680822	Keller and Falero	2116 WILLARD AVENUE, NEW ALBANY, IN	US
S2-897571622	Malabar Non Infratech Private	600 , SADARPUR COLONY GALI NO. 18 SECTOR 45 NOIDA, NOIDA, Uttar Pradesh	India
S2-298322141	ಸೂಪರ್ ಬ್ಲ್ಯಾಕ್ ಫುಡ್ ಲಿಮಿಟೆಡ್	#648, INDIRA NAGAR, Karnataka	India
S2-879254732	GF Lggsrrcs Private Limited	271, KUMMALI HOUSE PUTHURKARA PO, AYYANTHOLE, THRISSUR, Kerala	India
S2-156918549	Services Ahinsa Impex  Pvt Ltd	#577, POCKET 2, SECTOR 19, DWARKA, NEW DELHI, Delhi	India
S2-209093728	Interstate League Corporation	04710 SURREY AVE, ROANOKE, VA	US
S2-438972703	Grand Systems	BLOOMING WILLOW TRAIL, CLAYTON, NC	US
S2-715352193	RAPID CHILE LLC	220 GLENNDALE DRIVE, PT. ATILDA, PA	US
S2-932434431	Ear Nose & Throat Strategic Care Associates	245 1000, BOUNTIFUL, UT	US
S2-803100423	RAI & SONS VENTURES PRIVATE LIMITED	H. NO. 87, FIRST FLOOR, TAIMOOR NAGAR, NEAR NAMBERDAR ESTATE, NEWDELHI, दिल्ली	India
S2-947498857	Tbd  Branding Pvt Ltd	UNIT NO. COS/C/#3L/OFFICE/17, 3RD FLOOR, M3M COSMOPOLITAN, SECTOR-66, DLF QE, Haryana	India
S2-220845632	Garvi  (India) Foos Limited	H NO.8-9A, GROUND FLOOR BAREJA SADAN, BADARPUR, NEW DELHI, Delhi	India
S2-867607931	Congregation  Chapel Partners (Inc)	##14804 MANCHESTER ROAD, BALLWIN, MO	US
S2-232413629	BALLARD CADLZEA LP	5928. WOODOAK DRIVE, TX, DALLAS	US
S2-665573717	All  Logistics Private Limited	C/O SUBHRANIL BOSE, PANCHRULIA, NR RAIL CROSSING, PO-RAKHAJUNGLE, KHARAGPUR, পশ্চিমবঙ্গ	India
S2-514821042	साई कंसल्टेंसी एलएलपी	FLAT NO 12, H NO 722 AB 43/44 LAXMI ABHISHEK APT, NAVI PETH, PUNE, POONA, महाराष्ट्र	India
S2-100842773	Empire Moia Resilience Midtown	10 ANDAM WAY, ST. JAMES, NY	US
S2-492029372	Maum Inc [Cargo]	705 RIM RD, LOS ALAMOS, NM	US
S2-378780545	Traders Sangh	64, VENKATESHWAR CAMP, BUDIWAL CAMP, NEAR CANAL, SINDHANUR, NULL, Karnataka	India
S2-620873277	DARR FÍTNESS HOLDINGS	1781 GROVECREST ROAD, GERMANTOWN, TN	US
S2-811806218	ஜெய் கேலக்ஸி எஸ்டேட் பிரைவேட் லிமிடெட்	1/173 AATHI RATHINA RICE MILL, THIRUVADANAI, Tamil Nadu	India
S2-222636194	Irma Gonzalez Federal Gaming	CT, 80 HITCHCOCK CT, CHESHIRE	US
S2-548190668	Corporation Vaught Edp	3230A COTTON GIN RD, KYLE, TX	US
S2-507569300	Aditi Marketing Private	1 BLOCK C, SECTOR 153, NOIDA, उत्तर प्रदेश	India
S2-241318949	ഹോട്ടൽ ഐടി പ്രൈവറ്റ് ലിമിറ്റഡ്	7D, BEACON, GREEN LILLIES APARTMENTS VETTAMUKKU, TIRUMALA P.O., THIRUVANANTHAPURAM, THIRUVANANTHAPURAM, TRIVANDRUM, Kerala	India
S2-863824251	San Tan Valley Children'S Ministries	3008 GRAZING HERD LN, SAN TAN VALLEY, AZ	US
S2-877085471	Ram Pvt Ltd Services	C/O RAJEEV KUMAR SHARMA, SHOP NO-223, JATTIWARA, MEERUT, Uttar Pradesh	India
S2-27257748	SIRIUS LLC	105. HILLANDALE LN, MOUNT HOLLY, NC	US
S2-246621020	ORTHOPEDIC HEALTH LLC	106 8TH STREET, COLUMBIA, TN	US
S2-638282892	Vanguard Plant Inc	9219 FALLS CREEK TRAIL, ALBUQUERQUE, NM	US
S2-369713330	Brosnan Allurion Westgate PLLC	14 AVON LN, STAMFORD TOWNSHIP, CT	US
S2-457491323	DRAYTON ASSOCIATE-LLC	MOUNTAIN RIDGE CIRCLE, AUSTIN CITY, TX	US
S2-787337411	XTSQ Limited Center	DOOR NO 29 , 1ST, MAIN VINOBHA NAGAR, BANGALORE NORTH, Karnataka	India
S2-337462823	Crystal Bridge	190, <NULL>, CROSSVILLE, AL	US
S2-327032624	ग्रीन इंफोटेक एलएलपी	NEW DELHI, #594, Delhi, SOUTH DELHI	India
S2-534416622	LLC Global Logistics Collective Coastal	14316-D ISLANDWOODS DRIVE, HOUSTON, TX	US
S2-351945894	LLC Childress's Carho	7110 1/2 146ND ST, LAKEWOOD, WA	US
S2-711632305	NOVA	322 THERESA LN, IL, RAMSEY	US
S2-418033252	Urology Specialists of Castle Rock LLC		US
S2-833900025	Veum Associates		US
S2-793689201	Apex  Elite	##10 SANKATY RD, SIASCONSET, MA	US
S2-765254159	క్లాసిక్ మేనేజ్‌మెంట్ ప్రైవేట్ లిమిటెడ్	H.NO 265 405, 5-9-13 TARAMANDAL COMPLEX, SAIFABAD, SONIPAT, ANDHRA PRA, Telangana	India
S2-43338697	DEFLOEX LLC	69C MAIN ST, STONEHAM, MA	US
S2-245909245	SAI ENTERPRISES	101-C, FARAH WINDSFORD, 133INFANTRY ROAD, INFANTRY ROAD, Karnataka	India
S2-674223031	The Hillcrest Ear Nose +  Throat Beacon Associates LLC	208-A WINDWARD CT, HILLCREST, IL	US
S2-506682722	NXF International	महाराष्ट्र, NO 370 FL NO 405, BLD F, SNO 128/2/2, SORALE ROSES, SOMESHWARWADI	India
S2-264843504	X+ Waste	324 YOUNG CROSSING, MONTGOMERY, AL	US
S2-82369450	Gately,, Georgetta D.C.	525 GEORGETOWN AVENUE, <NULL>, EYLRIA, OH	US
S2-179458531	Dr Multiple Creative Pvt. Ltd.	MISSOIN COURT4TH FLOOR SUITE-F 25 R N KUKHERJEE ROAD, KOLKATA, West Bengal	India
S2-487136175	Britte Krause Classic Ready, LLC	1 CORNING TOWER, ALBANY, NY	US
S2-576580892	GREAT FUTURE  CONSTRUCTIONS SOLUTIONS LIMITED SERVICE	28. , INDIRA NAGAR, AVINASHI ROAD, Tamil Nadu	India
S2-485599345	Peak  Heritage Liquor, LLC	11912- DMC HIGHWAY 99, BURLINGTON, IA	US
S2-93135134	HUMAN DESIGNS CO	Tamil Nadu, NO.1029A 8TH MAIN ROAD RAM NAGAR (SOUTH) MADIPAKKAM, CHENNAI	India
S2-454855149	LABDHI CO INFRATECH &	Maharashtra, 155, ALJAPUR TAL BARSHI BARSHI, SOLAPUR	India
S2-653376534	JONES AND PORTILLO BOSTON, INC	2734 RACCOON VALLEY ROAD, GRANVILLE TWP, OH	US
S2-309113625	Bundelkhand Chits of of Haveli Corporation	S NO.66/6/5, SANTOSH NAGAR, NR. AAYYAPPA MANDIR, HAVELI, Maharashtra	India
S2-406252165	सिटी आदित्य एनर्जी लिमिटेड	FL NO B2/ 401 SRNO 288/1 2/2 THE VILLAGE SAT PUNE CITY, PUNE, महाराष्ट्र	India
S2-954942261	WELTWEIT MANAGEMENT PRIVATE LTD	NO.46, 1ST FLOOR (ROOM NO. 004) 1ST MAIN, S.T. BED, 4TH BLOCK, KORAMANGALA, BANGALORE SOUTH, Karnataka	India
S2-925928705	VZ Ash LLP	NO 15 M. A COTTAGE, VAKEELPADI KAVASSERY (P.O), PALAKKAD, PALAKKAD, <NULL>, Keralam	India
S2-68511408	5tar Exports Ltd	OLD NO.313, NEW NO.455, BLOCK NO.75 7TH FLOOR, ANNA SALAI, TEYNAMPET, CHENNAI, Tamil Nadu	India
S2-625369101	partners pediatric dental clinic of kansas city	#5430 CHARLOTTE STREET, KANSAS CITY CITY, MO	US
S2-955315930	DONALDSON  KOGYO	##9073 84TH DR, PEORIA, AZ	US
S2-213208828	COLONIAL CLEIAFR POPULAR INC	15 TOLL GATE RD, CONNING TOWERS-NAUTILUS PARK, CT	US
S2-529342473	almaconsultants.com	D-4, MULUND SAHAKAR VISHWA CHS NAHUR ROAD, SARVODAYA NAGAR, MULUND WEST, Maharashtra	India
S2-925056466	MARTIN SIGNATURE NAVIGDBTION NAVIGDBTION LLC	303 TURNBRIDGE DR, SHHOREWOOD, IL	US
S2-998910997	Jordan's Seafood  LLC	43 ESTHER STREET, N/A, WORCESTER, MA	US
S2-563753438	Hayes Fr0ntier Teucrium	2670 MARCOS DR, CASA GRANDE, AZ	US
S2-398902312	PETERS ROYAL BOND BOND	100 MAIN STREET, SACO, ME	US
S2-183821477	Ltd Ep Entreprisges	RUSTOMAJEE URBANIA ATHENA, महाराष्ट्र, MUMBAI, THANE	India
S2-527643332	ವೈಟ್ ಟ್ರೇಡಿಂಗ್ ಪ್ರೈವೇಟ್ ಲಿಮಿಟೆಡ್	BANGALORE, HN C-692 K.NO 69/458/69 BLLARY RD, ಕರ್ನಾಟಕ	India
S2-512950951	Private Best Constructions Limited	106, LUCKNOW, उत्तर प्रदेश	India
S2-788754887	TRS  INFOTECH (INDIA) PRIVATE LIMITED	H.NO 89 9B-302, NISARG SOCIETY, NEW MHADA COLONY, DINDOS, MALAD EAST, Maharashtra	India
S2-623758944	Dermatology  Peak Associates	SC, YORK, 444D OLD LIMESTONE ROAD	US
S2-701563511	T 7 Heritage Electronics	0099 GARDEN STREET, LOCKPRT, NY	US
S2-23798630	Lee and Moore	2905 ARIES AVE, KS, TOPEKA	US
S2-543840280	Aham (india) Prfvgte Limited	#5M-126, 1ST FLOOR, 5TH MAIN ROAD, KASTURINAGAR EAST OF NGEF, BANGALORE, Karnataka	India
S2-629530702	सिटी प्रोड्यूसर	#967 RZ- 28A DEV KUNJ RAJ NAGARPART- II PALAM, WEST DELHI, NEW DELHI, Delhi	India
S2-990567637	Grace Israel Holdings	838-842 HASTY ROAD, MARSHVILLE, NC	US
S2-584056960	प्रीमियर बिजनेस लिमिटेड	D-42, SECTOR-2, NOIDA UP, GAUTAM BUDDHA NAGAR, NOIDA, उत्तर प्रदेश	India
S2-631410361	Pvt Bhavya India Ltd	HN 904 C/O- SAHARRL SHEK, RAJBATI MAJHERPARA DEARA, MADHYAMGRAM, KOLKATA, KOLKATA, HOWRAH, West Bengal	India
S2-586455967	CHISHOLM & EVANS (CORPORATION)	11384 Killdeer Run, ROCKVILLE, IN	US
S2-922880280	TURNER-LIGHT	Eastbrook Circle, HUNTSVILLE, AL	US
S2-714561007	गुड इम्पेक्स प्राइवेट लिमिटेड	WARDHA, C/O RASHID LATARU GAJBHE AT 109, Maharashtra, SAMUDRAPUR	India
S2-76382003	Nguyen Mountain-Internet LLC	INDUSTRIAL STREET, TAFT, TX	US
S2-849898372	ವೈಟ್ ಕನ್‌ಸ್ಟ್ರಕ್ಷನ್ಸ್ ಪ್ರೈವೇಟ್ ಲಿಮಿಟೆಡ್	NO 535, BANGALORE SOUTH, Karnataka	India
S2-47799063	Bureau of Finance Partners	3722 GROOMETOWN ROAD, PMB 9044, GREENBORO CITY, NC	US
S2-775168980	HERNANDEZ RÓCKY END P.C.	44 Grainey Dr, GLEN CARBON, IL	US
S2-985209158	विजय डेवलपर्स प्राइवेट लिमिटेड	ANATA BUILDING, PIRAMAL CORPORATE PARK, OPP. FIRE BRIGADE, KAMANI JUNCTION, LBS MARG, KURLA (WEST), MUMBAI, Maharashtra	India
S2-458658981	South Malaka Polymers	110, AZAD SQUARE, SOUTH MALAKA, Uttar Pradesh	India
S2-124970234	Mumbai Developers Private	403/8, FLOOR NO. 4, CHERISH, MULUND (W), CITY OF JOY PHASE II, JATA SHANKAR DOSA, MUMBAI, Maharashtra	India
S2-245126142	anupamtradersprivate.com	D/103, MOUNT BANJARA, BANJARA HILLS, ROAD NO.12, HYDERABAD., Telangana	India
S2-574996633	craftdental.com	11 HELEN LN, W SAND AKE, NY	US
S2-254739149	Ahmadabad City Lighting Private	BLOCK E-670/9 511, SHIVALIK SHILP, ISCON CROSS ROADS, AHMADABAD CITY, Gujarat	India
S2-693133563	Gaex Cenlilr Co	STATEN ISLAND, NY, null, 285 Maple Parkway	US
S2-773180947	Tech-Knit Limited Partners	West Bengal, BLOCK G-41 33, G T ROAD, OPPOSITE TO TOWN HALL, BURDWAN - I	India
S2-875461623	Upper Industries Private Limited Center	CD/100 NEW PALAMVIHAR SECTOR 112 DWARKA EXPRESSWAY, GURUGRAM, Haryana	India
S2-564270003	OD Désert Can Holdings	IN, TERRE HAUTE, 4536 NORTHVEIW AVENUE	US
S2-712174856	Wander + Wilson Xsolla Incorporated	AMELIA OLIVE BRANCH ROAD, AMELLIA, OH	US
S2-749932508	Memorial Coalition Holdings	13 MOUNTAINVIEW DR, PHILIPSTOWN, NY	US
S2-844242434	Nanci Turner Dynamic Logistics Associates Corporation	4396-4398 FARM TO MARKET 1013, KIRBYVILLE, TX	US
S2-662891369	Kritendra Water Pvt.	P NO 142/P RD NO -29, 3RD FLR, ALKAPUR TOWNSHP, RANGAREDDY, Andhra Pradesh	India
S2-201829232	Direct Era Inc	307 RAMBLING RANGE, AUSTIN, TX	US
S2-495084719	Soliz, Mel, Ph.D., [PC]	618 EAST BOULEVARD, BATON ROUGE CITY, LA	US
S2-662673311	VIJAYPATH EQUIPMENTS  OVERSEAS [LIMITED]	NO. D/916 35, SWAPNANAGRI, KARVE ROAD, PUNE., Maharashtra	India
S2-918349502	Glenna's American	TOWN OF SPRINGVALE, #W3602 P, WI	US
S2-857545705	Secure Wholesale Products	1442 POPPY HILLS COURT, MERCED, CA	US
S2-968147520	Brubaker Laboratories, Group	528  ROYAL CT, CHARLOTTE, NC	US
S2-144579100	Orozco Horizon Arrived LLC	820 GLEN GARDEN DR, FORT WORTH, TX	US
S2-888667254	Strategic Investment  Solutions Uptown	6220 KESTREL CT, CHARLOTTE, NC	US
S2-231286144	Loving Clinic Véterinary	4381 BEAVER DAM ROAD, EAGAN, MN	US
S2-593067977	குஜராத் வென்ச்சர்ஸ் பிரைவேட் லிமிடெட்	26/3, G.N.T, ROADERUKKENCHERY MADRAS, MADRAS, தமிழ்நாடு	India
S2-376939341	BIG BIKE SHOP	WETUMKA, 37609 1170 RD, OK	US
S2-54240116	Tri-State Veterinary Clinic Inc	CA, MERCED, 2213 DRAKE AVE	US
S2-549080397	guadarramamurphy.com	503 6TH ST, NATALIA TOWNSHIP, TX	US
S2-151741535	Pardi Muait	204 II FLOOR BASSCHAMBERS, NEAR GIDC CHARRASTA NH 48, PARDI, ગુજરાત	India
S2-836846019	COMPLETE CONSTRUCTION GLOBAL, HOLDINGS	ARNOLD, #1364 BIG BILL ROAD, MO	US
S2-795924720	Guzman Innovations Corp	PA, 449 BROOK CIRCLE, HAMPDEN TOWNSHIP	US
S2-735788494	Summit Toyo Coastal PLLC	62586 TWO MILE ROAD, JOSUHA TREE CITY, CA	US
S2-729701594	Margo Conrad Cdt PC	417 PTIT MEWS, ALEXANDRIA CITY, VA	US
S2-28418448	Phillie's Cascade Cleaning  Service (Harbor)	7720. EASTON ST, TULSA CDP, OK	US
S2-395963742	Dunagan's Coffee Co.	HOUSTON TWONSHIP, 7745 BETTY JANE LANE, TX	US
S2-900988602	Fusco Municipals	CA, SACRAMENTO, 2837 GROVE AVENUE	US
S2-791990398	Vijay Limited Limited Solutions	NO. 181 B/28, SHRI KEDARNATH APARTMENTS, RISHIKESH PARK, SONIWADI, NATAKWALA LANE, SHIMPOLI, BORIVALI WEST, Maharashtra	India
S2-991981696	Trading Nasa Creative Private	264-AJANTA GALI HOTEL KE SAMNE, OUTSIDE HATHIPOLE, GIRWA, Rajasthan	India
S2-81084363	Krishna Certification Private Limited	INNOV 8, 7TH FLR, PRANAVA, BUSINESS PARK, GACHIBOWLI, SERILINGAMPALLY, Telangana	India
S2-303519497	5oravue Rohmcy Summit LLC	3516 MATNEY AVENUE, KS, KANSAS CITY	US
S2-507186862	Haloxylo	VIRGINIA DARE TRAIL, KILL DEVIL HILLS, NC	US
S2-167129557	SOLUS ECO	22378 EXCHANGE ST, CHICOPEE, MA	US
S2-264731923	Beacon Labs Mobility	12703 PERRY ST, SPOKANE, WA	US
S2-459758045	City Properties Pvt  Ltd	J-C-3/602, THE VIEWS, MOHALI HILLS, VPO, RAIPUR KALAN, SECTOR-105, SAS NAGAR, MOHALI, Punjab	India
S2-848644107	FERREIRA, HOLMBERG BROCK AND	001263 GABBERT STREET, MONTICELLO, AR	US
S2-179181266	LASER OILS VENTURES CORP	RAHUL PARK SNO #127/B LOKMANYA COLONY, PAUD ROAD, PUNE CITY, Maharashtra	India
S2-748163379	Sri Red Consulting Private	NO 1109, 1/474, 4TH CROSS STREET, SWARANAPURI NAGAR, CHENDHURPURAM, KATTUPA, KKAM, CHENNAI, Tamil Nadu	India
S2-786687739	GRAND CHEMICAL	4760 MAPLE WALK DRIVE, LAKELAND, TN	US
S2-34692136	Beryl's Praiie Realty	CROSSVILLE, 214 JIM GARRETT ROAD, TN	US
S2-35320888	Shi Innovative	9150 Oyster Road, ALLIANCE, OH	US
S2-503750580	डायनामिक प्रोजेक्ट्स प्राइवेट लिमिटेड	#3034 P SECTOR - 23, GURGAON, Haryana	India
S2-12970251	Cascade International	DALLAS TONSHIP, SUNBECK CIR, TX	US
S2-619282421	Valley Square	ROCK QUARRY RD, RALEIGH, NC	US
S2-983747005	Dr coinsintered.com	DOOR NO 35 , MANKAPUR, OPP.RANU PRIMARY SCHOOL, NAGPUR, Maharashtra	India
S2-994301220	Hub1i Memorial  Trust	P. NO.-05, 6 OFFICE NO. 605, OKAY PLUS, D.P. METRO, CIVIL LINES, JAIPUR, Rajasthan	India
S2-731531571	HIGH MEDICAL CENTER LP	TRANSPOINT DR, DUPO, IL	US
S2-894693263	Internal Medicine Frontier Physicians Holdings	SPRINGVILLE, AL, 511 174	US
S2-886359416	Greenrise Mercantile Private Ltd	522/1/2 D.H. ROAD, NEAR BEHALA MANTON, KOLKATA, KOLKATA, West Bengal	India
S2-290899179	Yak Academy Associates LLP	026 KADAM PALLI SOCIETYNR SNEH MILAN GARDEN TIMALIYA WAD NANPURA, SURAT, Gujarat	India
S2-165863386	5OUTHERN CONSTRUCTION PVT LTD	5-124-B, SOUTH WEST, NEW DELHI, Delhi	India
S2-210601194	Caa Global		US
S2-98740207	Temple Ltd [Cathedral]	551 MILL ST, FEEDING HHILLS, MA	US
S2-656888247	Luxora Design Private Ltd	RATNASADAN AT & POST - DANOLI, JAYSINGPUR, Maharashtra	India
S2-421518911	Cornerstone Infrastructure-Services Clinic LLC	211 HARMON DR, THOMASVILLE, NC	US
S2-440298624	Ferriq [Imaging]	10339 EPPING LN, DALLAS, TX	US
S2-740234314	VERRANCEA VERRANCEA [RESOURCE]	##2042 Grier Ave, CHARLOTTE, NC	US
S2-348093874	Lyryn Smart Smart	004048 TARPON LANE, WOODBRIDGE, VA	US
S2-322926562	Main Street-Seafood	6699 LANDMARK DRIVE, PAR KCITY, UT	US
S2-995199364	Arnica Hospital Ltd	PALAT HOUSE, CHALAVARA P.O, OTTAPPALAM PALAKKAD, KERALA, OTTAPPALAM, Keralam	India
S2-389207858	Manning Leapfr0g LLC	5144  TOWNSEND COURT, PORTLAND, OR	US
S2-678818787	India Classic  Services LLP	HOUSE NO. 589, SECTOR-9 HUDA, AMBALA CITY, Haryana	India
S2-18620770	Canale Skin Case  LLC	1119 THIRTEENTH STREET, BRAINERD, MN	US
S2-66640013	Gilbert, Ella Innovative Ubs Llc	WILLIAMS DR, NORTH LITTLE ROCK, AR	US
S2-582458634	RTIN INC	10 PARISH LANE, MERRIMAC, MA	US
S2-895944134	TARA & COMPANY	C/O GOBINDA DEBNATH, S/O GOURHARI DEBNATH HABIBPUR, PANAPARA, NEAR JAMIDAR COLONI, RANAGHAT, পশ্চিমবঙ্গ	India
S2-575813071	Harry Davis & Frierson Holdings	31 HOBACK STREET, HELENA, MT	US
S2-812656407	Risser  Onfo1io	#820 196ND ST, SPANAWAY TOWNSHIP, WA	US
S2-908400637	*** #bluesecure	1488 BEACON STREET, BROOKLINE, MA	US
S2-622064104	RADHIKA DIGITAL	SR NO 33/11 H NO 106 NR SONAI NDA RD, NEW KOPARE PUNE, PUNE CITY, Maharashtra	India
S2-413464764	Boyd Services		US
S2-311814169	Shivam Business	B-30, SHEKHAR APARTMENT MAYUR VIHAR, PHASE -1, Delhi	India
S2-784259305	Mundra Allied Private Limited	25 BLOCK 8, FLAT NO. 321, 7 K. B. SARANI, KOLKATA, KOLKATA, West Bengal	India
S2-539531490	Cooperative Supply Solutions Clinic LLC	2330. 108RD AVENUE, MINNEAPOLIS CITY, MN	US
S2-539778054	Mount Catholic Chúrch PLLC	LAFAYETTE DP, 2100 BRACY LN, IN	US
S2-896214011	ZTI Liability Pvt Ltd.	43 A, WARD NO.6 HANDSON LODGE AREA, COONOOR, Tamil Nadu	India
S2-118275942	Mhs Sangh (Ventures)	5SL-18VILL-BAROLANOIDAG.B.NAGA, NOIDA, उत्तर प्रदेश	India
S2-981247200	स्काई सन मीडिया प्रा. लि.	PLOT 410 FLAT NO KGT0021201, NOIDA, GAUTAM BUDDHA NAGAR, उत्तर प्रदेश	India
S2-641048180	Nedda Jones LLC Services	2401 CLARJON DR, BALLWIN, MO	US
S2-778812617	Health League LP	125 WESTWOOD AVE, ORRVILLE, OH	US
S2-775056358	एपेक्स इंटरनेशनल प्राइवेट लिमिटेड	NATHSHRI SAH GRIHA N SANATHA SHREYANAGAR, CHHATRAPATI SAMBHAJI NAGAR, AURANGABAD, Maharashtra	India
S2-439042318	WALKER SUN  INC	JUNIPER AVENUE, MARICOPA CARRIER ANNEX, AZ	US
S2-180428829	टेक सर्विसेज प्राइवेट लिमिटेड	HN 103 SNO.90/A/1/1 BLDG.7 ANAND PARK, DHANORI, PUNE, Maharashtra	India
S2-776942202	PLASTIC  (INDIA) SMART PVT. LTD.	6-3-252/A/12, ERRAMANZIL COLONY SOMAJIGUDA, HYDERABAD, Telangana	India
S2-945098051	ग्रेट फूड प्राइवेट लिमिटेड	NO 121 OFFICE NO 7, MUMBAI, महाराष्ट्र	India
S2-663884088	#chennaimanagement	PLOT 9-48 239/183, ANNA SALAI, CHENNAI, Tamil Nadu	India
S2-472320169	Red Builders Private Ltd	VILLAGE HARSHMAU TEHSIL NIWARI TIKAMGARGH, M.P, Madhya Pradesh	India
S2-549891408	इनोवेटिव इंडस्ट्रीज प्राइवेट लिमिटेड	A-8, SECTOR 30, NOIDA, NOIDA, Uttar Pradesh	India
S2-717519769	Tois		US
S2-406854790	mountain capital p.c.	BEAVERTON, 15528 PERIDOT WAY, OR	US
S2-94341972	YAQ EXPORTS PRIVATE LIMITED	NO-1445-A, GF. KOTLA MUBARAKPUR, NEW DELHI, Delhi	India
S2-561971801	US CLASSlC CAFE CARE	576 MAIN ST, SAINT AGATHA, ME	US
S2-490251737	FEDERAL COMMITTEE	GLADEWATER, TX, 1074 CREWS ROAD	US
S2-798482339	Montes Trí-State Highview PC	01201 PENNSYLVANIA AVE, BALTIMORE, MD	US
S2-482219416	Bryson Heritage Hennessy	017 141ND CIRCLE, OMAHA, NE	US
S2-620156938	Associated Polytechnic Corporation	130-A, SHRI JI NAGAR, DURGAPURA, JAIPUR, Rajasthan	India
S2-645732067	Drexevoxylo	1414 POWELL ST, NORRISTOWN BOROUGH, PA	US
S2-487495973	Swastik Glaniesg-LLP	DOOR NO 6 , SMITH R OAD, KASTURI T OWERS MARAS 600 002, Tamil Nadu	India
S2-258085782	YAMUAKSH TECHNOLOGY PRIVATE	#6 BURDWAN RD, KOL, পশ্চিমবঙ্গ	India
S2-871960144	Nowak Líquor (Inc)	283 ARNOLD ROAD, NEWTON, MA	US
S2-873237963	इंडियन फाउंडेशन एलएलपी	AURANGABAD, Maharashtra, PL NO ##18 MEDICAL HOUS SOC, AURANGABAD	India
S2-234907956	Quantex Rscec P.C.	335 ALDON CIRCLE, VILLAGE OF ASHWAUBENON, WI	US
S2-513883520	U 7 Z ASIA LTD	#186 RIVER BEND DR, LONDON, KY	US
S2-223493773	CREATIVE  VENTURES PRIVATE LTD	SR. NO. 36/1/1 B, OLYMPIA PHASE-1 OFFICE NO.708, MUMPUNE CITY, PUNE, Maharashtra	India
S2-46093451	Trant Itlegcated Inc.	W221S4522 SUN RIDGE COURT, VILLAGE OF WAUKESHA, WI	US
S2-59240430	Belcher Ss of Coalville	465 NAVAJO RD, COALVILLE, UT	US
S2-850741800	DERMATOLOGY CARE	630 Keystone Ave, INDIANAPOLIS, IN	US
S2-432279643	Services Lrs India Private  Limited	C/O B N SINGH, GHUGHUA, 001, P- BARWAKALA, GR. FLOOR, GHORASAHAN, Bihar	India
S2-312010791	COMMISSION ON AFFAIRS CONSUMER	001512 CHARLESTON PARK DRIVE, PO BOX 7377, SPRING HILL, TN	US
S2-420141877	Y X &-G PACIFIC LLC	3410 1/2 PIEDMONT AVE, MD, BALIMORE	US
S2-645138790	pvt fortune industries (ltd)	NEW NO. 3-106, CHENNAI, Tamil Nadu	India
S2-87006376	Bohra Care  LLP	HOUSE NO 1749A. JAWAHAR COLONY, VILL SARAN, हरियाणा	India
S2-33105288	M/s PICK TECHNOLOGIESPRIVATE (INDIA)	35, PARK AVENUE, GULAB TOWER ROAD THALTEJ, Gujarat	India
S2-912459395	ZETARIZA	A-0 MALIA ROAD, SANKATA DEVI MAILA ROAD SANKATA DEVI, LAKHIMPUR KHERI, KHERI, Uttar Pradesh	India
S2-923595204	Beatrice Tessch, Ph.D., P.C.	HIGHWAY 141, MARBLE, NC	US
S2-682964593	Lopez United	13342 US HIGHWMY 10, ELK RIVER, MN	US
S2-913240757	Gonzalez Brown  Incorporated	2820 GILBOA AVENUE, ZON CITY, IL	US
S2-244847722	Goodner's Advanced Systems (Co)		US
S2-545940068	URGENT CARE CLINIC [L.L.C.]	FORT MILL, 1502 160, SC	US
S2-258046397	Billion Agro  Limited	195/, A.P.C. ROY ROAD, BIRATI P.S - NIMTA, KOLKATA, KOLKATA, পশ্চিমবঙ্গ	India
S2-638011629	Microtek  Banquet (India) LLP	NO 1-0 , KALIDASA ROAD GANDHINAGAR, BANGALORE, Karnataka	India
S2-681050319	Z/D MARIRIEIM INC	##68 MAIN STREET, PORT DEPOSIT, MD	US
S2-121253507	Coastal Cóla	MD, 1024C PAUL DR, ROCKVILLE	US
S2-906898057	LIMITED ROHA PRIVATE SERVICE	RC 59/2 RAGHUNATHPUR NORTH P.O. RAGHUNATHPUR, KOLKATA, PARGANAS NORTH, পশ্চিমবঙ্গ	India
S2-822714622	Dermatology Harbor Clinic Llc	1195 35TH ST, FARGO CITY, ND	US
S2-551135668	अरिहंत बिल्डर्स प्राइवेट लिमिटेड	HANSI, HISAR, HOUSE NO.73, NEAR POST, OFFICE BUDANA, NARNAUND, Haryana	India
S2-333359081	Sterling Cascade Cea Llc	<NULL>, CA, ONTARO, 2785 BERRY LOOP PRIVADO	US
S2-531774058	CELESTYNA BURRELL GREAT STATE LLC	1255 BEACH AVENUE, MARYSVILLE CITY, WA	US
S2-293670539	M/s Swar Services Ventures Private Limited	66, DHULESHWAR GARDEN SARDAR PATEL MARG, C-SCHEME, JAIPUR, Rajasthan	India
S2-426824642	Smt AVC OSWAL (INDIA) OVERSEAS PVT.	A-404, SATYMEV II, OPP KARGIL PETROL PUMP NR NEW HIGH COURT, S.G.HIGHWAY, AHMEDABAD, Gujarat	India
S2-469981621	Yawn Advertising Inc	211 NORTH STREET, WARREN, OH	US
S2-960861760	GROVER & ASHLEY-L.L.C.	2560 SEVIERVILLE RD, MARYVILLE, TN	US
S2-532020500	Global Babel Developersprivate Private Ltd	SHOP NO BC-20 CALCUTTA GREEN COMMERCIAL COMPLEX, 1050/2 SURVEY PARK, KOLKATA WEST BENGAL, KOLKATA, KOLKATA, West Bengal	India
S2-910067788	Vivia Moore Choice Lafayette of Hagerstown Inc	SUNBROOK LANE, HAAGERSTOWN, MD	US
S2-195373941	2036 Commerce Plaza Properties [PC]	69 ROSEWOOD RD, N/A, GLDSBORO CITY, NC	US
S2-334284265	Family (Tdfrt)	729 HOFT ROAD, WEBSTER, NY	US
S2-407432333	Womens Health Center Group	TX, NULL, PFLUGERVILLE, 606 WINDSOR CASTLE DRIVE	US
S2-11680136	Gorman Tsákos	1321 ROCKY CREEK DR, PMB 8778, PFLUGERVILLE, TX	US
S2-787322682	VANDERVORT & GRILL ADEYEMI GROUP	6613 GREENWICH DR, INDIANAPOLIS, IN	US
S2-947153697	Daigle Starry	2842 SHERRETT STREET, MILWAUKIE, OR	US
S2-448515850	Teague Annaly Group	BOLINGBROOK CITY, IL, 377 WEBER RD	US
S2-808487588	chim premier	NULL, NC, RALEIGH, 894 PAGE RD	US
S2-687568056	Crean and Woodad [LLC]	35032 OAK KNOLL CIRCLE, GURNEE CITY, IL	US
S2-163159297	Mount Catholic	645 PENNSYLVANIA AVENUE, DISTRICT HEIGHTS, MD	US
S2-731588087	Urban Coffee Ltd	2050 AIRPORT BVLD, CITY OF WILSON, NC	US
S2-822688131	Triplett Igsdrgance PLLC	BARTLETT, TN, 5029 RIVERCREST LN	US
S2-345313911	Fresh Cafe Ass0ciates Corp	006424 FLOWER STREET, PORTLAND, OR	US
S2-288004005	NAON, LLC	401 Javelina Avenue, MESA DOBSON, AZ	US
S2-246533409	Lais Holdings Group Llc	239  OAKMERE DR, NULL, CARY, NC	US
S2-82078690	സൂര്യ ട്രേഡിംഗ് പ്രൈവറ്റ് ലിമിറ്റഡ്	ERNAKULAM, Kerala, #36/2322 F&F1 1ST FLOORODATHEKAL TRINITY BUILDING KALOOR COCHIN, ERNAKULAM	India
S2-998440718	Avtar Traders Enterprises	11, SHH RESIDENCY, SHIVA INDUSTRIAL, ESTATE, LAKE ROAD, BHANDUP-WEST, MUMBAI, Maharashtra	India
S2-870246918	ভিশন সলিউশনস লিমিটেড	HIGH ROAD MORE, KONA, VILL-EKSHARA, CHAMRAIL, HOWRAH, HOWRAH, West Bengal	India
S2-43091282	Harbor Priority North LLC LLC	1547 CREEKSIDE DRIVE, WILLISTON, ND	US
S2-74992830	Dr SOUTH CONSTRUCTIONS PVT PVT LTD	BL-B, 54/65 LAKE TOWN, KOLKATA, NORTH 24 PGS, West Bengal	India
S2-491950020	Office of Parks and	200 NEWBERRY STREET, CHATTANOOGA, TN	US
S2-348789755	danikasqualitybakery.com	14 CHESTNUT PL, N/A, LUDLOW, MA	US
S2-885514418	Andres Acquisitions	0023770 38, SUMMERDALE, AL	US
S2-142031854	Wealth Prestige Corp	UNIT NO G-206 FIRST FLOOR, RAGHULEELA MEGA MALL, POISAR KANDIVALI (W), BEHIND POISAR BUS, DEPOT, MUMBAI, Maharashtra	India
S2-405089580	Willow LLC Services	244- ANTLER AVE, REDMOND, OR	US
S2-116518353	everette ampercap llc	06837 BURLINGTON DR, MCCORDSVILLE, IN	US
S2-183900549	ytgesher.com	TX, CYPRESS, 8554D PALE DUSK DR	US
S2-156688612	Hotline Impex-Private Limited	TF-3-07 LORVEN URBAN CREST, CHUNCHAGATTA, BANGALORE, Karnataka	India
S2-794352292	RS PRIVATE LIMITED SERVICE	1ST FLOOR, B-2, F.I.E. PATPARGANJ INDUSTRIAL AREA, NEW DELHI, Delhi	India
S2-448548244	MH Sciences LLC Center		US
S2-369116881	horizon alliance	10-D POPLAR LN, NULL, SOUTH DENNIS, MA	US
S2-736350861	Dr Forever Producer Group	OFFICE NO. 419, 4TH FLOOR, SACRED WORLD, WANVADI, SHIVARKAR ROAD, PUNE CITY, Maharashtra	India
S2-501890286	Jha (India) Securitas Pvt Ltd	5S FLOOR, FLAT-1A, 78/1 DWARIK JUNGLE ROAD STREET BHADRAKALI LP-, 55/91/2, KOLKATA, পশ্চিমবঙ্গ	India
S2-697994853	231 Lake Place Partners	7503 WOODSHADOW DRIVE, DALLAS, TX	US
S2-564839940	Applied Education Laboratories,	MA, 00169 HAVERHILL ST, LAWRENCE	US
S2-205132293	Sai Logistics Public Limited	023/12, UGHOT COMPOUND, SHENBAGANOOR, DINDIGUL, Tamil Nadu	India
S2-653692463	Auris [House]	1294 GLENGYLE CT, SALT LAKE CITY, UT	US
S2-882459657	Shri Life It Private Limited	दिल्ली, <NULL>, RZ-27F, INDIRA PARK SAGARPUR WEST, NEW DELHI	India
S2-200200363	Mumbai International LLP	FL-1-5, PL 264/265, VASWANI CHAMBER, MUMBAI, Maharashtra	India
S2-900119013	ফরচুন ইনফ্রাস্ট্রাকচার প্রাইভেট লিমিটেড	GR-FR 2&4, HOWRAH, ULUBERIA - II, পশ্চিমবঙ্গ	India
S2-193955920	Sewell &  Amesquita	964 1/2 NOLA AVENUE, NULL, BARBERTONN CDP, OH	US
S2-541570442	LUCINA'S METAL WORKS	5952 BABELAY ROAD, KNOXVILLE, TN	US
S2-185385240	Fia Harbor Oriental P.L.L.C.	EUCLID DRIVE, MURFREESBORO, TN	US
S2-92758088	Inc. Castro Medical Center	CA, SACRAMENTO, 139 AINGER CIR	US
S2-660467546	Shri Maa Solutions Limited Center	NO. 680 102/B, 1ST FLOOR, POONAM CHAMBERS, B(NORTH) SHIVSAGAR ESTATE, PLOT B, ANNIE BASANT R, OAD, WOLRI, MUMBAI, Maharashtra	India
S2-854951998	Bureau of Health Westgate	436 NINTH STREET, WATERVLIET, NY	US
S2-470518488	Madella Petry Valley (Communications)	1624 HILLCREST DR, THOUSAND OAKS, CA	US
S2-73262730	wardameren.com	220 MADISON RD, DECORAH TOWNSHIP, IA	US
S2-111294604	A/C L.L.C. SERVICE	904 -201 PINEY BRANCH LANE, VIIRGINIA BEACH, VA	US
S2-925166465	Dr Drc Intermediates	MARVEL RITZ, FL-B/201, SN - 171 (P) HADAPSAR, PUNE CITY, Maharashtra	India
S2-197625218	Taor Corporation	MOROCCO, IN, 3815-B 114	US
S2-438085957	Saint Presbyterian Church Group	796 HICKORY HILL RD, THOMASTON, CT	US
S2-316020185	Shri Khushbu  Law Chambers	1B., INDIAN MIRROR STREET 2ND FLOOR, SHOP NO.- G, KOLKATA, KOLKATA, পশ্চিমবঙ্গ	India
S2-984452660	Lyriq Transition,	1565  PECONIC BAY BOULEVARD, null, RIVERHEAD, NY	US
S2-265862472	Toliver and Bdaarfker	1008 FOREST TRAIL, SUGAR GROVE, IL	US
S2-52846978	Pigeon Traders Limited Private	#B3/19 ANIROPA SURBHI LAYOUT, TAPOVAN ANIROPA, TAPOVAN AREA-TAPOVAN, AMRAVATI, Maharashtra	India
S2-586067025	Watson & Arnold Proshares (P.C.)	4193 OKALONA RD, CLEVELAND, OH	US
S2-997019475	Arsh &	H.NO.6-3-595/19 PADMAVATHI NAGAR, KHAIRTHABAD, HYDERABAD, Andhra Pradesh	India
S2-218203548	Primary Care Délta Délta Group	3406 VESTAVIA ST, PRICHARD, AL	US
S2-335971882	Fancie's Ridge Trading-L.L.C.	1401 NOBLE ST, ANNISTON, AL	US
S2-68402423	Real Private Projects Limited	DOOR NO 549 C/O ASHUTOSH RAJ, HATHSARGANJ, HAJIPUR, बिहार	India
S2-406091061	Miller Co Services	ROWLESBURG, WV, 475 1/2 BUFFALO ST	US
S2-543049878	Foot & Ankle Superior Medicine LLC Council	84-23 256 STREET, FLORAL PARK, NY	US
S2-103464119	BABARA W. MILBRANDT, O.D., PC	540 Railway Ave, MASCOUTAH, IL	US
S2-477648435	Priiei Thukral India Limited	''JAIGANESH'', 1ST FLOOR, NO. 633, 4TH CROSS, 100 FEET ROAD, 3RD BLOCK, KORAMANGALA, BANGALORE, BENGALURU, ಕರ್ನಾಟಕ	India
S2-358321743	Hutchcraft Midstream Inc.	1104 400, SALT LAKE CITY, UT	US
S2-41573205	Inc Mcmillan Acdey	IL, 414A GLENWOOD DRIVE, ROUND LAKE	US
S2-185148108	HEARTLAND (MIIASRTIES)		US
S2-821383594	Harbor Coalition	BAKER ST, COMBS, KY	US
S2-170548497	FRESH PILATES (CO)	3355 MARGAY RUN, CRANDALL, TX	US
S2-176055194	Servin's Towing Westgate	26 DAILEY STREET, PO BOX 9544, ATTLEBORO, MA	US
S2-130460888	HISTORICAL FEDERATION	RIDGE RD, MURRAY, NY	US
S2-899773860	*** Meridian LLC	5969 86, WILMINGTON, NY	US
S2-362875802	RIDGE CLEAR NAVIOS NAVIOS INC.	18 1/2 MONROE STREET, PELHAM MANOR, NY	US
S2-819216280	CONSTRUCTION-SOFT ACCOMODATION PRIVATE LIMITED	`#28TH, 9TH STREET BANK AVENUE, BABUSAHEBPALYA KALYAN NAGAR, BANGALORE, ಕರ್ನಾಟಕ	India
S2-439161022	Rodriguez Téchnologies [Inc]	17850 68TH SAINT, PHOEIX CDP, AZ	US
S2-830163987	Value Bright, Llc (ID: 39787)	4040 LEMONT RD, HOMER GLEN, IL	US
S2-772924708	Drumm, Beechler and Mulcahy Partners	DE, 15060 TRAP POND ROAD, LAUREL	US
S2-628535121	Mr Florence Metals (India) Pvt Ltd	S. NO. 60, MARGOSA HEIGHT DATTAPRABHA NIWAS, HAVELI, HADAPSAR, PUNE, Maharashtra	India
S2-73502247	EMPIRE ROYAL NÉWBRIDGE GROUP	##8821 WALTHER BLVD, PARKVILLE, MD	US
S2-849074551	donet llc	7880 SAGEBRUSH LANE, EAGLE MOUNTAIN, UT	US
S2-526412482	DDV Management  Industries Limited	Karnataka, 81, PRESTIGE MERIDIAN 2, M G ROAD, BANGALORE, BANGALORE NORTH	India
S2-220720253	pacificmaterialsdynamics.c0m	3135  27TH STREET, BROWNSVILLE, TX	US
S2-538410207	Mize, Drews and Parks Flexible  Ltd	10612 BARINARD DRIVE, PARMA, OH	US
S2-366986483	Dr AMBIKA CARD  CORP	#18/55-25- , AMBAD, AMBAD S/DN. DST. JALNA / AMBAD, AMBAD, Maharashtra	India
S2-321660864	Reinecke Rockwool (Inc)	10077 COBBLE BROOK DR, DAYTON, OH	US
S2-929722075	Prince Trading Private  Limited	B1/404, GREEN CITY PALBHATHA ADAJAN, SURAT, ગુજરાત	India
S2-834738396	Desert  Yhn LLC	8687 LAKEVIEW DRIVE, BARKER, NY	US
S2-236789268	TRUE INFRASTRUCTURE INFRASTRUCTURE OVERSEAS	NO 3-4-16/110/ , SHANTHI NAGAR RAMANTHAPUR, AMBERPET, Andhra Pradesh	India
S2-990972332	St. Service	116 DELLWOOD AVE, LOCKPORT, IL	US
S2-989158977	Dermatology Partners	1450 MEMORIAL DR, AHOSKIE, NC	US
S2-201659527	Kamakhyanagar Producer Ltd	Odisha, NO 95 C/O NAROTTAM SAHOO, PARJANG, KAMAKHYANAGAR	India
S2-117080450	Quantara LLC Landscaping	1407 Wisteria Way, RICHARDSON, TX	US
S2-606610295	വൺ പ്രൊഡക്ട്സ് പ്രൈവറ്റ് ലിമിറ്റഡ്	(A), OASIS COMPLEX, NEAR NEW BUS STAND, KOZHIKODE, Kerala	India
S2-991843540	Heartland Silver Pimco Llc	1681  OAKDALE ST, WARREN, OH	US
S2-629475386	*** Chellam Hotels Associates Corporation	A-18-22, 3RD FLOOR, HIGHWAY TOWERS PUNE MUMBAI ROAD, PUNE, महाराष्ट्र	India
S2-895873093	ACEVES,-HSIEH AND HATBCH LTD	853 HARVARD STREET, TX, HOUSTON	US
S2-572650198	completecapitalsafety.com	##6650 COTTAGE HILL RD, PMB 9255, MOBILE, AL	US
S2-806614621	KEYS, RAMIREZ & RICHESON MIDTOWN	02034 DOCK DR, LANSDALE, PA	US
S2-517966898	TMS GROUP OF COMPANIES LIMITED	West Bengal, 8-B, DOVER ROAD, KOLKATA, KOLKATA	India
S2-761644899	Capstone  Developers LLP	NO 2/76B , KASTURBA NAGRA, BHOPAL, Madhya Pradesh	India
S2-24680486	Sanet LLC Premium	2418 HIGAWAY 35, BAUXITE, AR	US
S2-877823257	Ernakulam Feeds Associates Corporation Corporation	DOOR NO A-325 ROOM NO 72, FIRST FLOOR, D D MILESTONE, KADAVANTHARA, ERNAKULAM, കേരളം	India
S2-848711718	Davies  Ventures	0010700 MCVICKER AVE, CHICCAGO RIDGE, IL	US
S2-299384727	Larimore and Todd, Co	925 BAYSHORE STREET, WICHITA, KS	US
S2-752654978	PRIVATE KUMAUN HOSPITAL INDUSTRIES LIMITED	G-1-111/4/89, RANGAREDDY, Telangana	India
S2-739502348	रॉयल प्रोजेक्ट्स लिमिटेड	G-24, OPP. SAHIL SOCIETY, TEJPAL SCHEME ROAD NO. 4, NEAR CKP HALL BLDG. NO. 1, VILE PARLE (E), MUMBAI, महाराष्ट्र	India
S2-733946064	கிருஷ்ணா ஃபவுண்டேஷன் பிரைவேட் லிமிடெட்	NO.28, CHENNAI, Tamil Nadu	India
S2-232316980	*** Solid Ogilhne Ltd	C, JAIPUR, राजस्थान	India
S2-695240341	Caex International	MATTAPOISETT, #14 NED'S POINT RD, MA	US
S2-340882825	Crystal PC Lending		US
S2-434799271	Yamutech Industry Pvt. Ltd.	3RD  FLOOR T-HUB, PLOT NO 1/C, SY NO 83/1, RAIDURGAM, PANMAKTHA, SHAIKPET, Telangana	India
S2-952581224	Esme Sarcclaso Sterling Lane Inc #27001	00528 FREEBORN STREET, MARION CDP, KS	US
S2-126222886	Mr Crest Consultancy Private		India
S2-885850745	Zigma Va11ey Limited	ANUBHAV VILLA SARBAHAL, JHARSUGUDA, JHARSUGUDA, Odisha	India
S2-983514167	City  It Corp	SHOP NO. 442 , BLOCK-B, 22 FEET ROAD, SGM NAGAR, FARIDABAD, Haryana	India
S2-138702507	Innovative Intelligence LLC Services	12003D LAWINGS CORNER DRIVE, HUNTERSVILLE, NC	US
S2-500096956	Atlantic Banking Westgate	354 SHAWNEE AVE, WINCHESTER, VA	US
S2-183176697	CHIROPRACTICASSOC.COM	270RD ST, PMB 3976, STANWOOD, WA	US
S2-623239717	Irwin Inc Amc	11122 17RD PLACE, TULSA, OK	US
S2-598068208	GOOD  PVT LTD PARTNERS Enterprises		India
S2-780162153	Geis	21700-21704 103RD CT, TUALATIN, OR	US
S2-419605789	Ace Medical Wórks Inc	DE, LEWES, 11832 HASLET RD	US
S2-98109517	Topline Group	##38 MISTRY INDL COMPLEXCROSS ROAD A MIDC ANDHERI EAST, MUMBAI, महाराष्ट्र	India
S2-292948374	Co K 2 L Made	661 SANTA ROSA ROAD, CAMARILLO, CA	US
S2-46989188	protanetresources.com	419 FERNDALE LOOMIS RD, LIBERTY, NY	US
S2-486832341	SUNDER CÓNSULTANCY	NO. 798. LEVEL 7, PARDHA PICASA DURGAM CHERUVU ROAD, MADHAPUR., HYDERABAD, Telangana	India
S2-101537138	FREGOSO [TRUST]	13505 RIVER RD, MILWAUKIE, OR	US
S2-26950925	Physical Teacy Group	110-112 PRIGMORE RIDGE RD, PMB 4150, DECATUR, TN	US
S2-45726682	बाबा सर्विसेज प्राइवेट लिमिटेड	D-02 GOKUL GALAXY THAKUR COMPLEX NEAR CAMBRIDGE SCHOOL KANDIVALI EAST, MUMBAI, Maharashtra, MUMBAI CITY	India
S2-18442426	NXW Private Limited Services	H.NO #14/1439 , SAROVARAM, MERIKUNNU, Kerala	India
S2-332453876	All Media Pvt Ltd	NO 0849/13 , ROOM NO 2 NR, MANJULA CYCLE MART TURBHE, THANE, महाराष्ट्र	India
S2-312533710	DEO FOUNDATION PRIVATE [LIMITED]	PLOT NO.#143 , DOOR NO.87, 1ST FLOOR 4TH CROSS STREET, THIRUMALAI NAGAR, PERUNGUDI, Tamil Nadu	India
S2-744973568	KEATON  GIANT-INC	418 LINCOLN AVE, DIXON, IL	US
S2-335825003	marjoriesantanado.com	3142 A24 DOUGLAS AVENUE, SPRINGFIELD, IL	US
S2-447193368	Maurine Cisneros, Services	WI, W3397 BASSWOOD DR, TOWN OF MADGE	US
S2-801647861	BANGALORE KUNJ PRIVATE	DOOR NO 36/6 , KODIGEHALLI, SADARAMANGALA KODIGEHALLI MAIN ROAD, KADUGODI POST, BANGALORE, Karnataka	India
S2-14506136	KARIL BURNETT CITIZENS CARE	1166 JARDIN ST, CASA GRANDE, AZ	US
S2-840112181	COBB &  MCANDREWS LLC	7621 9RD ST, LAKE STEVENS, WA	US
S2-778792105	@ylbanc	FT CAMPBELL BOULEVARD, CLARKSVILLE, TN	US
S2-321540574	Costamare	00 HAMILTON OAKS DR, HOT SPRINGS NATIONAL PARK, AR	US
S2-28413258	Indrin-Mines Private Ltd	5-44 GOLLAPALLY, VILLAGE- KESHNAYAKTHANDA AKKANNAPET, SIDDIPET, AKKANNAPET, Andhra Pradesh	India
S2-29108033	Red (India) Systems Límited	#66, EAST STREET, TINDIVAN, AM TALUKA, PANICHAMEDU, TINDIVANAM, Tamil Nadu	India
S2-138429970	UROLOGY CASCADE	#91 BUSCH RUN ROAD, MAMMOTH SPRING, AR	US
S2-314169444	PRIVATE ARIHANT AGRO STORES LTD	Bihar, PATNA, NEAR DAIRY, KUMHRAR, NO 51 S/O SRI SARUG PRASAD PANDEY DHANKI MORE, PATNA	India
S2-145521404	Pediatric Dentistry Cáre Ass0ciates	GRANGER, 100 ARKOSE PASS, TX	US
S2-838401167	English's Barbershop Group	814 JJ, BANCROT CDP, WI	US
S2-768684246	commandvidyalaya.com	81 S NO 8/3 NR DANAJAY, BANGLOW BENKAR WASTI, PUNE CITY, Maharashtra	India
S2-923555549	মডার্ন কনস্ট্রাকশন প্রাইভেট লিমিটেড	#49/1 DOBSON ROAD 1ST FLOOROFFICE NO 10 PS BOLABARI, HOWRAH, NULL, পশ্চিমবঙ্গ	India
S2-184309677	Alto & Lópéz LLC	21  HAVENS AVENUE, AUBURN, NY	US
S2-289591520	Navarro Ádvcnd Capital	3127 WOODROW AVE, PO BOX 7383, RICHMOND CITY, VA	US
S2-675355826	Sri Sadguru Builders Group Prviitae Limited (ID: 88471)	#155 , ANDHERI-KURLA ROAD, OPP. CRISIL HOUSE BESIDE OF HANGLASNEXT TO ANDHRA BANK, AND, HERI-EAST, MUMBAI, Maharashtra	India
S2-844363575	-- Gulf Council Council IEV LP	TN, 113 WILKINSON LANE, SUMMERTOWN	US
S2-814052487	Vijay Healthcare Private Limited	C/O MANOJ JAIN LS NO. 158 H NO. 1619, KARANJA ROAD, MAHAVIR VILLA URAN MULEKHAND, URAN, महाराष्ट्र	India
S2-459481005	OE  GROUP SERVICES	MHDA BLDG, MIG-8, FLAT NO 127, SAI KRUPA -1, SANT TUKARAM NAGAR, PIMPRI, PUNE, Maharashtra	India
S2-657612909	Economic Development Fund P.L.L.C.	1616 GATE 2, OCEANI SLE BEACH, NC	US
S2-182955632	Rtp Ltd. Pvt. Services	Madhya Pradesh, C/O: JAYANTI PATEL, HAZI COLONY, PIPARIYA, BANKHEDI	India
S2-569049408	Valley Crystal Áuto Glass LP	4420 CAMPO DE MAIZ RD, ALBUQUERQUE, NM	US
S2-671736202	Carter Bernardi  Signs, Inc	915 Oxley Road, COLUMBUS, OH	US
S2-155574448	Opg & Co Ventures Corp	Maharashtra, 212, FLOOR-2ND, ANMOL CHS, S M HALDANKAR ROAD FRENCH BRIDGE, GIRGAON, MUMBAI	India
S2-671212976	pediatricdentalassociates.com	TUCSON, COUNTRY CLUB RD, AZ	US
S2-102003828	અર્બન ગ્રીન કન્સલ્ટન્સી પ્રાઇવેટ લિમિટેડ	#00594 B-506, RAJKOT, Gujarat	India
S2-354227046	citizen & brothers private limited	KHATA 500 KHASARA 3906, AT BAIKUNTHPURI ROAD, M.I.T., MUZAFFARPUR, MUSHAHARI, MUSHAHARI, Bihar	India
S2-509362529	glass, young & lawrence llc	NY, UTICA, 1658 WESLEY AVE	US
S2-631521974	Vision Certified Inc Services	WEAVERVILLE, NC, 57-A WITHERS LANE	US
S2-432687019	Corner Afluo Body Inc	29nd St, FORT DODGE, IA	US
S2-463010789	Arzate (Tribeca)	120 MAIN STREET, OK, BROKEN ARROW	US
S2-426381800	Custom Défense Brands	100 BUTLER STREET, BERLIN, CT	US
S2-462926227	ब्राइट कंस्ट्रक्शन प्रा. लि.	11/2, INDORE REGION, INDORE, Madhya Pradesh	India
S2-722876090	5arthak Aluminiums-Private Limited	A-35, KOLKATA, HOWRAH, West Bengal	India
S2-472204730	Kinsella, Moreno & Katz [LLC]	832 HOUSTON WOOD DR, KELLER, TX	US
S2-864913262	Joey's (Towing)	HEMPSTEAD, 11 PRIDE LN, NY	US
S2-161592048	Heartland American  Xflh Inc	GIRL SCOUT ROAD, STILLMAN VALLEY, IL	US
S2-518525663	Capital LLC Center	17235 STONEHEDGE DR, HOUSTON, TX	US
S2-973292523	MAIN STREET	309 RAINBOW CIRCLE, TOWNSEND, TN	US
S2-211359524	श्री फूड्स प्राइवेट लिमिटेड	27, BIJALPUR, AB ROAD INDORE, INDORE, Madhya Pradesh	India
S2-789711070	Heartland Inc Network	215 CHOCTAW AVE, SALLISAW, OK	US
S2-541092314	E 8 K Médícine LLC	4313-4317 FOUNTAIN SQUARE PLAZA, CHESTERFIELD COUNTY, VA	US
S2-676815762	LTD QUESADA COLONIAL FOR	105 SHELBURNE RD, ASHEVILLE CITY, NC	US
S2-228338166	Business Textile Industries	678  CHURCH ST, MA, RAYNHAM	US
S2-285260582	Glow Info Private	TREND INDIA BUSINESS CENTRE PRIVATE LIMITED HM TOWERS, #5TH FLOOR, BRIGADE ROAD, BANGALORE, ಕರ್ನಾಟಕ	India
S2-507988	Group Oncology Classic Asdcsociates	19 FOUNDERS RD, GLASTONBURY CENTER, CT	US
S2-793153206	Indo Southern Consultancy Trading Limited	OFFICE NO. A-416, 4TH FLOOR, SILVER SPRING, MIDC TALOJA, NAVI MUMBAI, Maharashtra	India
S2-776794265	United Holdings Partners	5533 CATTAIL ROAD, CHARLES CITY COUNTY, VA	US
S2-891240803	Patna Pr Overseas Private	A/195., PEOPLEÂS CO-OPERATIVE COLONY, KANKARBAGH, PATNA, Bihar	India
S2-793579745	स्काई कंसल्टिंग प्राइवेट लिमिटेड	BHARATPUR, DOOR NO 0618 GIRRAJ BHAWAN GOPALGARH, Rajasthan	India
S2-414238106	Private Consultants Albatross Healthcare (Ltd)	NOIDA, 10TH FLOOR, URBTECH NPX, SECTOR-153, UNIT NO-27A, GAUTAM BUDDHA NAGAR, Uttar Pradesh	India
S2-722844522	Vivekanand Trust Clbiic	F-301, 16/2/4, PALLADIUM HOMES, PNE CITY, Maharashtra	India
S2-31854557	Surgical  Trusted	55 Mcdowell Road, ME, WASHINGTON	US
S2-576888089	ruizmercury.com	11 MOUNTAIN MEA LN, MCKINNEY, TX	US
S2-513550621	OM SERVICES CLINIC CORPORATION	G-3A NO GRASTIN PLACE, KOLKATA, পশ্চিমবঙ্গ	India
S2-920435343	राम डेवलपर्स प्राइवेट लिमिटेड	##178, FLOOR-GRD, PLOT-1/110, ANAND NIWAS, DR E MOSES ROAD, WORLI, MUMBAI, महाराष्ट्र	India
S2-324771787	GLYPHANCE PHARMACEUITAL LLC	515C MOBILE STREET, WATERLOO, IL	US
S2-868915655	Nexon Concord Corp	7207 CROSS CREEK TRAIL, BRECKSVILLE, OH	US
S2-482144229	Dermatology Medicine Ltd	01159 FOXFIRE RD, BARDSTOWN, KY	US
S2-782960923	Wendye D. Rgmbio, [P.A.]	NORTH ST, NY, WEST WINFIELD, NULL	US
S2-206082608	Ericha's Clean Home Improvements Inc.	1498-1502 WAGAR AVE, PMB 5211, LAKEWOOD, OH	US
S2-621239482	PREMIER  EDUCAMTION PARTNERS	WI, CITY OF JANESVILLE, #253 BA WOOD LN	US
S2-636835876	PFHIVTAE BASIL INVESTMENT [LIMITED]	N - 655 BRIGADE LAKEFRONT, BLUE BLOCK SONNENAHALLI, BANGALORE NORTH, BANGALORE, Karnataka	India
S2-940079305	Temple Center	78 DUPONT AVE, NEWBURGH, NY	US
S2-692356310	Cardiology Care of Des Moines Greater	##1409 OSCEOLA AVE, DES MOINES, IA	US
S2-471441474	Staten Island Veterans Society  LLC	NY, 108 SHERMAN AVENUE, STATEN ISLAND	US
S2-203944670	BRIDGETTE'S MANAGEMENT LP		US
S2-879330978	LLC Keystone Bank	APPLE VALLEY, 16122 CHIPPEWA RD, CA	US
S2-633146423	ZFT Highland Office Harbor LLC	#11960 MONTEGO LN, DEMOTTE, IN	US
S2-563493244	Mohamed Énergy Énergy	5981 PISA LANE, FRISCO, TX	US
S2-337572515	ABHIYAN INDUSTRIES VENTURES PRIVATE LIMITED	9-2193/G BASANTI NAGAR, LUDHIANA, Punjab	India
S2-622519132	Ramos Charter School	2272 HAMPDEN PL, NY, BRONX	US
S2-360210911	Cheung and Johnson Clinic	601 WHIFE RD, FREMONT, OH	US
S2-601767520	Craving  Spicy Ltd	PLOT NO.-#359, SECTOR -25 PART II HUDA, PANIPAT, हरियाणा	India
S2-98331541	Family Empire Partner LLC	37 CLARK STREET, EVERETT, MA	US
S2-214447140	Bonner Silver Marketing Corp	UT, NORTH LOGAN, 628 2200	US
S2-617467150	Surgical Advanced Medicine Inc.		US
S2-45990897	Corral  Drugs	619 BLAIR AVE, BASTROP, TX	US
S2-908516992	ब्लैक इन्वेस्टमेंट्स प्राइवेट लिमिटेड	NASHIK, महाराष्ट्र, NASHIK, OFF 09/10	India
S2-808715382	NATIONAL DENTAL	184 TUDOR LN, SYLVESSTER, WV	US
S2-231732832	Siddhnath Private Limited  Service	PLOT NO GB 110, GADGA DHARAMPETH, VIP ROAD, NAGPUR, Maharashtra	India
S2-216470228	Gvk Labels	NO 5/9 , 10, 11, 12, 29TH KM STONE, ROHAD BYE PASS, VILLAGE AND PO ROHAD, JHAJJAR, HARYANA, ROHTAK, Haryana	India
S2-319744931	SHAHDARA  MEHTA	1/5609, S/F, GALI NO.14, BALBIR NAGAR EXTENSION, SHAHDARA, Delhi	India
S2-242582700	Commercial Exim (India) (India) Limited	C1201, AMODA VALMARK APTS, DODDAKA, OFF BANNERGHATTA ROAD, BANGALORE, Karnataka	India
S2-864103770	EAST ESTATE FURNITURE LIMITED PRIVATE	347 MASJID MOTH, NEW DELHI, Delhi	India
S2-489677213	-- Sanmarg  Foods LLP	H.NO 181NAKIRAN STREET CO OPERATIVE NAGAR, DINDIGUL D T, DINDIGUL, Tamil Nadu	India
S2-474914898	PRAIRIE SPACE INC	OVERWOOD RD, BIRMINGHAM, AL	US
S2-395800668	Smt BALIGA & SONS INDUSTRIES PRIVATE LIMITED	15/4  BANDHAN SOCIETYKOTHARUD, PUNE, Maharashtra	India
S2-587839085	Seraon Total Mining South Pc	1118D SAN-LEE DR, SANFORD, NC	US
S2-518692071	Longmeadow Environmental Center Center	LONGMEADOW, 0153 YARMOUTH ST, MA	US
S2-495912184	श्री हॉस्पिटैलिटी एलएलपी	WING C, MUMBAI, Maharashtra	India
S2-105521173	ग्लोबल प्रॉपर्टीज प्राइवेट लिमिटेड	OFFICE NO UG 114, AKRUTI, SANKUL, S NO. 2011 & 2059, COMMERCIAL PUNE, Maharashtra	India
S2-834563673	Coastal Services	729 126, BEAUREGARD, AL	US
S2-884135049	Corner Pizza  PLLC	2851 Hidden Brook Pl, BEND, OR	US
S2-774139241	Excellent Society Services	#D/24 , SRK NAGAR LAYOUT NEAR ANNAI MUNISHWAR NAGAR, HOSUR, KRISHNAGIRI, தமிழ்நாடு	India
S2-678889461	YA It Overseas Pdeigvate Limited	PLOT 631 ALTF-143, PLOT NO-21 & 21A, MR1, SECTOR-142, NOIDA, Uttar Pradesh	India
S2-72260125	Lexis Wade National Office	420 PATRICIAN DR, HAMPTON CITY, VA	US
S2-916931640	Mr BUZZ & BROTHERS LLP | www.buzzbro.com	PLOT NO 17, H. NO. 358/216KA NR TRT COLONY, RJP, RAJAJIPURAM, LUCKNOW, Uttar Pradesh	India
S2-52135149	TAYLOR CHOICE AGDFUO INC	##5101 STANFORD AVE, DALLAS, TX	US
S2-927235908	AIR-& ASSOCIATES CO	5/126 VIKAS KHAND, GOMTI NAGAR, LUCKNOW, Uttar Pradesh	India
S2-542373642	Shepherd 6ladstone	4227 HILDRETH STREET, WASHINGTON, DC	US
S2-608598841	alexa's cleaning service inc.	728 PARKSIDE DR, JERICHO, NY	US
S2-264776657	Vanguard Unified (Safeguard)	##114 STATE STREET, MISHAWAKA, IN	US
S2-298598465	Powell and Haas Orion Company	8116 ELLA COURT, N/A, CITRUS HEIGHTS, CA	US
S2-447095477	PARKER CAP	240. 81 SAINT, BROOKLYN, NY	US
S2-1068035	लक्ष्मी फाइनेंस प्रा. लि.	G-707, APOLLO PREMIER, SCHEME NO. 54, PU-4, VIJAY NAGAR SQUARE, INDORE REGION, INDORE, Madhya Pradesh	India
S2-391727890	ബിഗ് സ്മാർട്ട് ടെക്നോളജീസ് പ്രൈവറ്റ് ലിമിറ്റഡ്	SURYAPRABHA, AYYANKOIKKEL, ADOOR, PATHANAMTHITTA, Kerala	India
S2-513674710	Reed, Carr and Getty Snow Group	#43 GRIMES RD, TAR HEEL, NC	US
S2-337383665	സിറ്റി മാനേജ്മെന്റ് പ്രൈവറ്റ് ലിമിറ്റഡ്	ERNAKULAM, Kerala, COCHIN, SDF-17 CSEZ, III RD FLOOR	India
S2-831497289	AWS  INFOTECH [LLP]	0099/303, NALA ROAD, BECONGANJ, BARA CHAURAHA, Uttar Pradesh	India
S2-67863065	Turner Marshall &	705 7TH STREET, WATTS, OK	US
S2-178951342	e1ite painting	195  CEDAR COVE, SAULSBRY, TN	US
S2-564433190	PRIMARY-CARE CLINIC PARTNERS	8756 1/2 CARROUSEL PARK CIR, CINCINNATI, OH	US
S2-515581965	Tiny Solutions  Pvt Ltd.	OFFICE NO. 305., 3RD FLOOR, REGENT CHAMBER, PLOT NO.208, JAMNALAL BAJAJ MARG, NARIMA, N POINT, MUMBAI, Maharashtra	India
S2-790947608	L.L.C. Pediatric Dental Medicine	185 2ND AVENUE, COLUMBUS, OH	US
S2-823434500	DERMATOLOGY PARTNERS LLC CENTRAL	24 CENTRAL ST, WOODSTOCK, VT	US
S2-252469399	SERGIO & JARRETT ENVIRONMENTAL  CENTER LP	BRONX, NY, 178 UNDERCLIFF AVE	US
S2-769670550	Whitsett Rocky Lab	569 MIDSUMMER ST, NULL, ABERDEEN, NC	US
S2-250365111	Bustamante Tavia,	1320D CORSIA LANE, QUEEN CREEK, AZ	US
S2-50513846	Ashok Traders Pvt Limited	SF-3-A, OFFICE NO 6, POOJAN RESIDENCY & SHOPPING MALL NIKOL, AHMEDABAD, Gujarat	India
S2-404431253	Grand Creative Popular Care	22  SPLIT ROCK ROAD, SPRING, TX	US
S2-851158280	LLC Allen Maxim & Nixon Eastgate	438 MAIN STREET, EAGLE, WI	US
S2-402548315	super (india) leasing private limited	3123/3124, OBEROI GARDEN ESTATE, D WING, 3RD FLOOR, CHANDIVALI FARM ROAD, MUMBAI, महाराष्ट्र	India
S2-247487143	Ania Tpg Dominguez L.L.C.	11561 2210, BRIDGEPORT, TX	US
S2-80378413	Behavioral Health Medicine of Mount Vernon LLC	630 GRAMATAN AVE, MT VERNON, NY	US
S2-834393948	Urgent Ccre Health, PC	08 SHADES CREST CIR, VESTAVIA HILLS, AL	US
S2-371951712	A QUELNTIOTY COPLEY, INC	193-C Old Coach Road, NULL, JESSAMINE CO, KY	US
S2-945339512	Desert  Institute Coastal LP	1073 TROLLEY RUN DR, CORNELIUS, NC	US
S2-161990650	MARTIN + SMITH [LLC]	MD, OAKLAND, 223  CENTER ST	US
S2-17185421	Cummiskey, Gabrila Bakery, LLC	TX, CITY OF SOCORRO, 77 Lupe Anna Ln	US
S2-523749114	Ltd Boyd Asset	CHILLICOTHE, OH, 2286 Chester Hill Rd	US
S2-220286148	Ridge Health Center Llc	45 ROSWELL AVE, TONAWANDA, NY	US
S2-428415426	EXPRESS RETAIL-ENTERPRISES LLC	27 ROUTE 106, LEEDS, ME	US
S2-975929602	PATRIOT DYNAMIC EDP PARTNERS LTD	38. REDMOND AVE, ISLIP, NY	US
S2-874757538	DORIE RODRIGUEZ DIAMOND NETWORKS INC.	326 HEARTHSTONE WAY, NEWPORT NEWS, VA	US
S2-525859393	Bhumi Impex Private Limited		India
S2-876824000	Richardson Mercury	##24 Church St, BROAD BROOK, CT	US
S2-3914789	Shri Anand Enterprises  Industries Private Limited	Telangana, H. NO. C-5-5-35/18/2P , FLAT NO: 601, MYTHRI TOWERS PRASANTH NAGAR, KUKATPALLI	India
S2-807525733	M F + B Taxab1e	6405 STONE CREEK TRAIL, TX, FORT WORTH	US
S2-110239007	Surgical Héalth LLC	609 DANVILLE ROAD, DECATUR, AL	US
S2-389773262	Amvi Memorial-Trust Overseas	NO 82 OPP POLICE PARADE GROUND CIVIL LINES, BADAUN, उत्तर प्रदेश	India
S2-157842177	Halimeda Bass, L.C.S.W., (P.C.)	NY, OGDEN, 31 WHITTIER RD	US
S2-812902368	FLORES ELITE PET CAE-LLC	154 ABBEY RD, KEARNEYSVILLE, WV	US
S2-46777321	Interstate Federal Hotels LLC	WINSTON-SALEM, 5700- SHATTALON DRIVE, NC	US
S2-949133216	APEX MATERIALS WORLDWIDE LLC	11735 COUNTY ROAD 5004, BUTLER, MO	US
S2-769510808	Torrent Vimdiga	DOOR NO. #3 , BLOCK B, RK SWAMY CENTRE, HANSA BUILDING, 147 PATHARI ROAD, THOUSAND LIGHTS, CHENNAI, Tamil Nadu	India
S2-874782865	Kirti Farms Overseas LLP	0609/E, GREAT EASTERN LINK, CHS LTD, RAM MANDIR ROAD, GOREGAON WEST, महाराष्ट्र	India
S2-955100177	#valuethird	3904 1/2 REYNOSA DRIVE, AUSTIN, TX	US
S2-224032436	RADHESHYAM LLP ESTATE	FLAT NO. D - D/10, KEERTHI APARTMENTS 8-3-320/210/D, YELLAREDDY GUDA, HYDERABAD, Telangana	India
S2-81580981	Rpi Ceramic Overseas Private Limited	PLOT NO 23A, FIRST FLOOR, KH NO 294 KEHAR SINGH STATE, SAIDULAJAB VILLAGE, L, ANE NO-2, NEW DELHI, Delhi	India
S2-722247491	Caldio Wells	38 ELM LN, STILLWATER, NY	US
S2-398659226	Cascade Veterinary Clínic	1325 Airplane Dr, DUCK CREEK VILLAGE CPU, UT	US
S2-236302728	Big Cleaning Service (LLC)	2208 VIOLA LN, GAMBRILLS, MD	US
S2-607849971	Meyer Hóspital Animal	1921 WATERFORD DRIVE, CITY OF JANESVILLE, WI	US
S2-286362115	HS Ai Limited	NO 63 GOKUL, OPP.GRAND HOTEL, RAMPURA BAZAR, Rajasthan	India
S2-567504953	-- Maskara Sólutions Pvt	A-19PRASHANT VIHAR, DELHI, NORTH DELHI, दिल्ली	India
S2-855428297	Cabral and Foley Group	882- ELKINS FORK, BELFRY, KY	US
S2-710492190	Vega Group	TN, APISON, 3326  PRAIRIE PASS	US
S2-575171696	Partners Anchor Prairie Distribution	657 69, AZ, DEWEY	US
S2-351822798	Elgin Ear Nose & Throat Group  Society	3023 CRANSTON AVE, ELGIN, IL	US
S2-368331961	Letty W. Dungan, Esq.,	1608 GARDEN WAY, ALBUQUERQUE CIYT, NM	US
S2-888030033	Al Limited Services	OFFICE NO 404 4TH FLOOR, SAI MILLENIUM, PUNE CITY, N/A, Maharashtra	India
S2-620754855	Dr Kohinoor Infra Private	NO. 00165/2 , KRISHNARAJU LAYOUT, DORAISANIPALYA IIM POST, BANNERGHATTA RO, AD, BANGALORE, Karnataka	India
S2-147279394	వన్ కన్‌స్ట్రక్షన్స్ ఎల్‌ఎల్‌పీ	H NO:2-28, MYDARAM VILLAGE, DHARMARAM MANDAL, KARIM NAGAR, PEDDAPALLI, తెలంగాణ	India
S2-966985435	Harbor Cómmittee		US
S2-296670248	ASSOCIATED RÉTAIL TECHNOLOGIES	0326 LANE STREET, CHURCH HILL, TN	US
S2-555707870	Hawkins's  Advisory Care	1647. CASON LN, MURFREESBORO, TN	US
S2-697665921	M/s SM INFOTECH PVT LTD	#88/4 , 1ST FLOOR, KUPENDRA REDDY LAYOUT, SINGASANDRA, HOSUR ROAD, BENGALURU, Karnataka	India
S2-536231721	Purple India Private Ltd	D-10, VANDANA APARTMENTS CAHAL ROAD, RAMDASPETH, महाराष्ट्र	India
S2-699195172	Lelah's Lending Group	2370 ARAPAHO ROAD, N/A, FORT MOHAVE, AZ	US
S2-918917310	Trinidad Oriental Inc	2500-2502 BROADWAY, PO BOX 4054, EDMOND, OK	US
S2-234380287	Cascade Cóllege Group (ID: 28251)	617 FOURTH STREET, N/A, SAINT MICHAEL, MN	US
S2-150000368	-- Mcgraw Bay Ímmunopharma Harbor	735 LAKEVIEW AVE, ATL, GA	US
S2-161956716	Main Street Cleaning Sérvice	2235 ST JAMES DRIVE, WILMINGTON, DE	US
S2-764879575	Lucknow Service Private	DOOR NO 1/122 VIJAY KHAND GOMTI NAGAR, LUCKNOW, Uttar Pradesh	India
S2-760535604	Altoona Cultural  Program	619 1/2 17ND AVE, ALTOONA, IA	US
S2-509937094	Uptown Hypnosis, Ltd	116 BROOK RIDGE PL, FOREST, VA	US
S2-574357374	Mer Law  Group LLC	MA, BOSTON, 14 GLOUCESTER STREET	US
S2-225391999	Pindnlcle Inc	5664 LON, AZ, HEREFORD	US
S2-483436853	PRIMARYLEBANONCARE.COM #6463	##725 CEDAR GROVE ROAD, LEBANON, TN	US
S2-787531004	स्टार एक्सपोर्ट्स एलएलपी	H.NO 50 BASEMENT, D-160, BLOCK-D SECTOR-63, NOIDA SECTOR-18, NOIDA, उत्तर प्रदेश	India
S2-251858541	PLLC Riify	2905 PIKE RD, BIRMINGHAM, AL	US
S2-895071828	Kolhapur Services  (India) Private Limited	665 MUNGARI KARCHHANA, KARCHANA, <NULL>, उत्तर प्रदेश	India
S2-894152578	Prairie  Ftai	AZ, 2340 AZALEA DR, CHANDLER	US
S2-646274481	CENTRAL ANALYTICS	47 FOSTER RD, BROOKHAVEN, NY	US
S2-287977915	Patiala Formulation [Overseas]	HOUSE NO. 503, SUNNY ENCLAVE, DEVIGARH ROAD, PATIALA, Punjab	India
S2-791613827	Baba Constructions Group Infratech Company	Orissa, PLOT NO-N-4/226 IRC VILLAGE, JAYADEV VIHAR, BHUBANESWAR	India
S2-162252776	Phillips Classic Kodiak Metro	6125 LAKE GROVE STREET, LAKEWOOD, WA	US
S2-144437050	Lopez Metro Snow Inc	435 Wood Sage Street, BRISTOL, IN	US
S2-352575092	*** UPTOWN HFOIS HOLDINGS	639 7TH AVENUE PLACE, HICKORY, NC	US
S2-684921133	Prime Pmv  Ltd Northside	2638 45TH AVE, MARYVALE, AZ	US
S2-880662813	Southam Learning Center Córp	1435 250, VERNAL, UT	US
S2-136305349	Shivai Foods Private	SRI RANA JAGAR NATH SINGH, B-C-137 HOUSING COLONY, KANKARBAGH COLONY, Bihar	India
S2-810623833	Private Century Erectors Ltd	KAMALA TOWER, NDI (EAST), MUMBAI, महाराष्ट्र	India
S2-30830908	Smt Jai Illumination Private-Limited	H. NO. ##10-4-771/A/2 , FIRST LANCER ROAD, SRIRAM NAGAR COLONY, MASABTANK, HYDERABAD, Telangana	India
S2-845372583	FLORES  INSTITUTE OF-TECHNOLOGY	IL, 11 EIGHTH STREET, BLOOMINGTON	US
S2-698383825	Family Center	194 4TH STREET, TROY, NY	US
S2-182529912	Chandler Trust	LAFOREST RD, MOORS, NY	US
S2-465837411	ONE SUMMIT LP		US
S2-133763910	HARISON HOSPITAL CORP	1-74 MALL 1JESSORE ROAD STAR MALL, MADHYAMGRAM NORTH 24 PARGANAS, BARASAT - II, West Bengal	India
S2-630772014	RAM VENTURES PRIVATE LÍMITED	H.NO 4-59 , GANGAVARAM VILLAGE, KOTHAAMBAPURAM, GURAZALA MANDAL, GUNTUR, Andhra Pradesh	India
S2-139986213	Westem Coastal	01172 BROKEN ARROW TRAIL, ANGLETON, TX	US
S2-865413129	Lozano LLC  Services	357 1/2 SPRINGWOOD DR, BONE CITY, NC	US
S2-690798862	Reed Fox	Countryside Dr, LAKE BARRINGTON, IL	US
S2-779327043	Betancourt, Internet & Baker Utz Inc	73 WASHINGTON ST, BAIEYVILLE TOWNSHIP, ME	US
S2-284511717	हाईटेक इंटरनेशनल लिमिटेड	NO 2 S/O RAM NIRAKHEN RAI, SADHANAPURI, DAHIYAVA TOLA, JOGINIA KOTH, I, CHAPRA, SARAN, Bihar	India
S2-422774904	Eye Group-Inc. Center	Summerwood Dr, LAYTON, UT	US
S2-411345119	Lucky Ice Ctgream (Inc)	124 BRIEF RD, WILMINGTON, NC	US
S2-635942417	Sri VALUABLE TRÉNDING PVT. LTD.	FLAT NO - 902, PARADISE TOWER, GOKHALE ROAD, NAUPADA, THANE, महाराष्ट्र	India
S2-268447092	Co. Sweet Tavern	898 LEEDS DR, BELLMORE, NY	US
S2-961183932	FORREST LLC  MINING	MOKENA TOWNSIHP, IL, 1794 HUNT CLUB DR	US
S2-199235212	Jamuna Private Limited Services	DOOR NO 402 , PLOT NO. 113, YASHIKA APARTMENT, SHREE KRISHNA NAGAR, BORIVALI EAST, Maharashtra	India
S2-998764761	WIY Secure Xcel Inc.	66079 182ST PL, JACOBSON, MN	US
S2-987414512	-- Dynamic  Tech	HAPPY HOME G-24THWATER FIELD ROAD, MUMBAI, Maharashtra	India
S2-39872851	Beth Ministries	1000 WORTHINGTON LN, SPRING HILL, TN	US
S2-49461175	cardiology health inc (ID: 7253)	204 PARKSIDE DRIVE, OH, POWELL	US
S2-63261077	Aspen Center	84 RIDGE AVE, NEWTON, MA	US
S2-980850745	BAXTER'S PREFERRED FISHERIES HOLDINGS	131 ADAMS STREET, PRINCETON, IN	US
S2-769716297	Trout Restaurant  Partners	2992 NORTH BEND ROAD, CINCINNATI, OH	US
S2-576739598	Columbus Catalyst [Lakeside]	COLUMBUS, OH, 1840 GLOBE ST	US
S2-315281031	Moreno All Supply LLC	001035 CHURCH AVE, WY, GILLETTE	US
S2-922159873	Olga P. Caldro,n DO, DDS PC	ALPE LN, N/A, CRAWFORDSVILLE, AR	US
S2-742235388	Sequoia LLC	445 BEXLEY LN, HIGHLANDS RANCH, CO	US
S2-430490738	Celisse's Manufacturing	12700C SAUNDERS RD, ANCHORAGE, AK	US
S2-317374397	#KOKANINDIA	#1-22/12TH FLOOR, YUGDHARMA CHS LTD, G. M. LINK RD., OPP. INORBIT MALL, GOREGAON - WEST, MUMBAI, Maharashtra	India
S2-103194364	Lee County Arts Preferred Fund	593. GREEN HOUSE RD, LEE COUNTY, VA	US
S2-75711327	PRIVATE HABITAT (INDIA) TECH LTD	D.NO:S201, SOWPARNIKA, PROJECTS, NRI GARDEN, COIMBATORE, Tamil Nadu	India
S2-585106009	Covington Interfaith Best	637 CRESCENT AVENUE, PMB 9398, COVINGGTON, KY	US
S2-980361264	A VANHGUMARD BIO, INC	MENASHA CP, 981- DEERFIELD CT, WI	US
S2-513743270	Swann Industries  LLC	MD, 315 QUEENS COLONY HIGH RD, STEVENSVILLE	US
S2-63801241	Advanced Pienanel Media LP	472 HICKORY KNOLL RD, FRANKLIN, NC	US
S2-299980209	Certified Creative Products Holdings	361. HOOVER LN, RICHMOND, KY	US
S2-653459371	Lynnet Yan Metal Works	183 HARVEY LN, N/A, BOONE, NC	US
S2-143232725	Great Center	3485 CENTERVILLE RD, ST PAUL, MN	US
S2-723897112	இன்டர்நேஷனல் பவர் பிரைவேட் லிமிடெட்	MANAPAKKAM, KANCHEEPURAM, தமிழ்நாடு, PLOT NO A2, BLOCK C AIRVIEW GIRIGORI NAGAR M G ROAD	India
S2-295951230	MIA-VENTURES-INC	9733-9737 EUGENIA AVENUE, FONTANNA, CA	US
S2-445109396	automatedaerospacepartners.com	1192 GLENWOOD AVENUE, ONEIDA, NY	US
S2-537997029	Stephanie R. Williams, DPM, P.C.	171 AGRICULTURAL AVE, REHOBOTH, MA	US
S2-810723110	Public Technologies Medico Solutions Limited	FLTNO. 33, VARS GOLDEN GABLES APPT, KORAMANGALA, BANGALORE, Karnataka	India
S2-367970234	RARE BROTHERS  PICRAET LIMITED	D/33, C. R. AVENUE, 9TH FLOOR, ROOM NO. 915, KOLKATA, KOLKATA, West Bengal	India
S2-208680051	bharattrading.com	DOOR NO 246 NEAR BUS STAND VILLAGE DOBHI, HISAR, हरियाणा	India
S2-837324305	सूर्या एक्सपोर्ट्स प्राइवेट लिमिटेड	546, MULLAKHERA BILASPUR, UP INDIA, BILASPUR, RAMPUR, Uttar Pradesh	India
S2-585698283	Primary Care Group Partners Foundation	15667 100ST WAY, REDMOND, WA	US
S2-642921016	Straight Edge Auto Body Corp	562 PLANTATION DRIVE, CHESAPEAKE CITY, VA	US
S2-944147628	PERIDYX INC [CENTER]	629 SILVERTOP ROAD, ARLINGTON, TX	US
S2-760621281	Private Prime Foundation Ltd	Telangana, 8-105, VELALNKY YADADRI BHONGIR, RAMANNAPET	India
S2-765265626	JAS AGRO PRÍVATE LIMITED	708, SHREE BALAJI HEIGHTS NR. TANISHQ SHOW ROOM, C.G ROAD, AHMEDABAD, AHMADABAD CITY, ગુજરાત	India
S2-144609625	Tapia Technologies Cef	7400 OLD LOGAN RD, OH, BERNE TWP	US
S2-882819261	Alpha Cónsultants Private [Limited]	DOOR NO 73 -LGF, WORLD TRADE CENTR, BARAKHAMBA AVENUE, NEW DELHI, Delhi	India
S2-475706495	Corner Hypnosis Ltd	256 MARDI GRAS DR, CITY OF EL PASO, TX	US
S2-664751713	स्काई हॉस्पिटैलिटी प्राइवेट लिमिटेड	H-85/1, F/F, SHIVAJI PARK, NEW DELHI, WEST DELHI, Delhi	India
S2-551353044	#johnsonacp	22, WILD ROSE, WI	US
S2-524230824	romerobeaconinfinite.com	232-234 S LANE, COLUMBUS, OH	US
S2-511106943	Cooperative Agricultural	12 COUNTY ROAD, RAYMOND, ME	US
S2-892054698	ஆனந்த் மை ஹாஸ்பிடாலிட்டி பிரைவேட் லிமிடெட்	NEW NO.040 OLD NO.22, THANIKACHALAM SALAI T NAGAR, CHENNAI, Tamil Nadu	India
S2-487803690	International Agencies Exports Swastik Private Limited	H.NO 2 , 2ND FLOOR, BHAWANI KUNJ, PLOT NO. D3/1, F/F LINE 1, NEAR DEEP PUBLIC SCHOOL, VAS, ANT KUNJ, NEW DELHI, Delhi	India
S2-326452445	Rócky-Eco	1157 ELLWOOD AVE, CANTON, OH	US
S2-828634638	eddysbesteye.com	WAKEFIELD DRIVE, CHARLOTTE, NC	US
S2-829922079	Ranee Andrade Véhide Care		US
S2-121534599	Straight Edge Deli Co	12-A JAMES STREET, RICHFIELD SPRINGS, NY	US
S2-935611265	Hibbs LLC  Art,	1320 LOUISA LN, WILMINGTON, NC	US
S2-71510174	Synciranovi	BANGALORE, 3RD CROSS, YAMALUR, Karnataka, DOOR NO 253, BANGALORE	India
S2-979303211	Stag Inc	DEVELOPERS RD, INDIANAPOLIS, IN	US
S2-361966224	Center Custom Logistics Midtown Inc	4433 POPLAR DRIVE, RALIGH, NC	US
S2-79911022	Shri Palla Fame Infratech Infratech Private	LEVEL 8 &9 OLYMPIA TEKNOS PARK NO31 SIDCO INDUSTRIAL ESTATE, GUINDY, CHENNAI, Tamil Nadu	India
S2-368741512	Dolphin Services Private Ltd	DOOR NO 0402 FLOOR 4 WING E, NEELAMBUJ-E, KANDIVALI (W), KANDIVALI WEST, महाराष्ट्र	India
S2-659362907	Oconnor Ridge Group	WA, OLYMPIA, 002627 ACER LOOP, PMB 9649	US
S2-823100174	N/Y  Pimlican Inc		US
S2-626546137	INTERACTIVE SANGH	BLOCK F-117 S.N157/2/156/1/3A OLD NASHIRABAD ROA JALGAON, JALGAON, Maharashtra	India
S2-956379452	JAGADAL MILLS	NO. 138 JAMAKHANDI TALUK, JAGADAL, Karnataka	India
S2-728230672	ఆల్ హాస్పిటాలిటీ కన్‌స్ట్రక్షన్స్ ప్రైవేట్ లిమిటెడ్	FLAT NO. 424., ANJANI HEIGHTS, GANAVARAM, GANAVARAM MANDAL, KRISHNA, ఆంధ్రప్రదేశ్	India
S2-212698060	Vishnupuri Náwab Ganj Network Private Limited	3/239, VISHNUPURI NAWAB GANJ, Uttar Pradesh	India
S2-389134643	4871 Lincoln Blvd Associates North	2287 16TH ST, GRESHAM, OR	US
S2-494905313	Group Peak River Diamond	14 BRISTOW RD, BOWLING GREEN, KY	US
S2-315291297	Frontier Acrhcoan Education, [LLC]	1622 Sundowner Drive, ST CHARLES, MO	US
S2-317647861	Smith Star Express	OH, CINCINNATI, 009742 HIGHLAND AVE	US
S2-662616520	Sreshta Company Services	VPO CHHAPAR BHIWANI, BHIWANI, Haryana	India
S2-43505201	Private Tejya Refractories Limited	मध्य प्रदेश, BHOPAL, SECTOR B, INDUSTRIAL AREA, MANDIDEEP M.P, HUZUR, #34-B	India
S2-49633502	BOGLE AND RAMOS  INDIGO		US
S2-479004587	FERRAY RÉALTY	OGDEN, 18TH ST, UT	US
S2-560178870	Natalya Bertsch Midwest Eagle Co	2890  12TH PLACE, YUMA, AZ	US
S2-549893548	गैलेक्सी मीडिया प्राइवेट लिमिटेड	NEW DELHI, VIKAS PURI, BLOCK G-129 PLOT NO WZ-43 BODHELA VILLAGE, Delhi, SOUTH WEST DELHI	India
S2-569872	Peru Term Term		US
S2-340931264	Sri Rizadova	H.NO 202 1ST MAIN ROAD, TIRUVALLUR, Tamil Nadu, PONNERI, KKR GARDEN	India
S2-457352450	SRQ  Colombier,	1691  COULEE CT, PO BOX 3852, DAYTON, OH	US
S2-531426283	Jack-Vance	601 46TH STREET, AUSTIN, TX	US
S2-150965879	Urgent Care Group Federation	5111 ARCHDALE DRIVE, CONOVER, NC	US
S2-747561379	Brinna King Services LLC	UT, 1952-1954 200, CLEARFIELD	US
S2-992631178	Mariano & Fehr	14-18 LT SHUBAEL ROAD, HADDAM, CT	US
S2-813957984	LLC Garner, Brlno & Johnson	COMMERCE DRIVE, BLUEFIELD TOWN, VA	US
S2-846535978	Cardiology Center Pllc	7837 1700 ROAD NORTH, PONTIAC, IL	US
S2-746661573	EDBQ Supreme	2039 UTICA SQUARE, TLSA, OK	US
S2-797039920	Fitzgerald And Lama Llc	HYRUM, UT, 150-B 400	US
S2-648793540	PRIVATE SATYA COMPUSERVE LIMITED	HN 912 C-140, GAUTAM PURI PHASE - I BADARPUR, DELHI	India
S2-196088758	East Inc Dte Classic		US
S2-394533528	Greenhouse Safe-Paloma  Inc	10174  VERANO DRIVE, AMARILLO, TX	US
S2-829280506	Isadora's Bright Research Inc.	054 LAKE MARY DRIVE, ALEXANDRIA, MN	US
S2-673822670	DD Ally Industries Private	23, MALASIA AVENUE, MADRAS, Tamil Nadu	India
S2-495565633	PRANSHI LIMITED CENTER	FLAT 306, SHANKAR HEIGHTS, PLOT 56, SEC 36, KAMOTHE, PANVEL, Maharashtra	India
S2-399290662	Global-Vega Chem Pvt Ltd	ELPHINE HOUSE, ANNEXE, 88-C, OLD PRABHADEVI ROAD, FORT, <NULL>, Maharashtra	India
S2-374024727	Macedo Legacy Tax,	210 MOHAWK DR, ANDERSON, IN	US
S2-274350405	UNRUH, HARLI FTAI INC	3ND SAINT, NEWTON, KS	US
S2-977127221	Coastal Learning Centnr LLC	226 GILMER STREET, PO BOX 3660, SULPHUR SPRINGS, TX	US
S2-847374839	Heartland Hospital	2011 LEMURIA STREET, EUGENE, OR	US
S2-272161521	ಗುರು ವೆಂಚರ್ಸ್ ಪ್ರೈವೇಟ್ ಲಿಮಿಟೆಡ್	NO.9/1, 4TH MAIN ROAD, GOKULA 1ST STAGE, BANGALORE NORTH, BANGALORE, ಕರ್ನಾಟಕ	India
S2-125036006	TECHSOFT ROOF  LIMITED		India
S2-185654339	TRUSTED ANALYTICS BRANDS LLC	2401 18 INDIANAPOLIS RD, CRAWFORDSVILLE, IN	US
S2-30847394	PVT AGRA TGEHNCO LTD	NO 84/9 CHANKYAPURI MANAS NAGAR, AGRA, Uttar Pradesh	India
S2-537854766	MODERN SÍGNATURE PAYMENTS	102-104 NICHOLSON STREET, BUFFALO, NY	US
S2-278706261	एस सॉल्यूशंस एलएलपी	E4/1216, PALGHAR, THANE, Maharashtra	India
S2-236800702	इंडियन ट्रेडिंग	H.NO 584 HOUSE NO 493/G-73 KH 368, RISHI NAGAR SHAKUR BASTI, DELHI, NORTH WEST DELHI, Delhi	India
S2-120771780	Hanson, Jdsni & Quinlan Inc	CROWN PONIT, IN, 8830 DCRBIN COURT	US
S2-148634621	GBFXE INC	745 MONROE DRIVE, ATL, GA	US
S2-74154365	Nessa Seyer D.C. P.C. of Cincinnati	6000 OAKWOOD AVENUE, CINCINNATI, OH	US
S2-744269045	JONES CLORM TPG GROUP	16814 WHITEOAK CANYON DRIVE, HUMBLE, TX	US
S2-319789356	JANGPURA B AUTOMOTIVES PRIVATE LTD	9-, MATHURA ROAD, JANGPURA B, दिल्ली	India
S2-224980295	South Private Limited Services	PLOT 9-59 C/O VIKASH KUMAR, WARD NO-09, KANSI, SIMRI, DARBHANGA, Bihar	India
S2-815337584	Arham Aqua Pbgivate-Limited	77A, TELEPHONE EXCHANGE ROAD, DILSHAD GARDEN, SHAHDARA, NEW DELHI, Delhi	India
S2-613343223	Dermatology Preferred Group Harbor	710 STEELE SAINT, PORTLAND, OR	US
S2-271555689	Cruz Parts	1207 ORCHARD ST, WAYNE, IN	US
S2-321891660	-- NAMAN CHARITABLE TRUST COMPANY	1ST FLOOR, SONIPAT, हरियाणा	India
S2-70991129	MILES'S SECURITY PARTNERS	##47 SCHOOL HOUSE ROAD, WEMYOUTH, MA	US
S2-253704160	Maid Bistro Co	2972 OLYMPIC PLACE, ENUMCLAW TOOWNSHIP, WA	US
S2-207084937	Delta Trust  III Holdings	4956 ESSEN LN, BATON ROUGE, LA	US
S2-335038001	LLC Desert Global	IN, INDIANAPOLIS, 5766 SORBUS CT	US
S2-450648359	Creative  Defense Service	SOUTH BEND, 929 BRYAN ST, IN	US
S2-548879220	ଇନୋଭେଟିଭ୍ ଲଜିଷ୍ଟିକ୍ସ୍ ପ୍ରାଇଭେଟ୍ ଲିମିଟେଡ୍	PLOT NO-1259/11125, BHUBANESWAR, KHORDHA, Odisha	India
S2-125448620	హరి ఇండస్ట్రీస్	H NO:5-4-368, PLOT NO: 36 KAMALA NAGAR, VANASTHALIPURAM, HYDERABAD, తెలంగాణ	India
S2-213874601	5ARASITA VENTURES PVT LTD	S. NO. 216/17/1, BARAMATI, PUNE, Maharashtra	India
S2-444528389	Rivera Secure Vision Center	##8286 DILLARD RD, WILSON, OK	US
S2-140550490	Autism Assistance Charities LP LP	15142 105TH AVENUE, YELM CITY, WA	US
S2-960258435	Tibrium Enterprises	##105 CHERRY ST, <NULL>, MOUNT HOLLY, NC	US
S2-505083731	NATIONAL NÉTWORK PARTNERS INC	003908 MADISON ST, IN, GARY	US
S2-162494835	GORMLEY GRAVITY SUPREME LLC	611 GROVEWOOD LANE, NC, BOLIVIA	US
S2-919584793	Dr Maple Tragign Pvt Ltd	1ST FLOOR MEDA TOWER, DOOR NO XXIV/527-542, SEA PORT AIRPORT ROAD, T V CENTER, ERNAKULAM, കേരളം	India
S2-475419520	DHARMA & BROTHERS GROUP PRIVATE LIMITED	0019 VIJAY NAGAR SHOPPING CENTER, B NO 1681/B SAMROLI VILLAGE: SAMAROLI, TALUKA CHIKHLI, CHIKHALI, Gujarat	India
S2-729287557	REMY NASH BOX, LLC [SERVICES]	1248. CLAY HILL DRIVE, MONTICELLO, UT	US
S2-849136094	ನ್ಯೂ ಟೆಕ್ನಾಲಜಿ ಪ್ರೈವೇಟ್ ಲಿಮಿಟೆಡ್	DOOR NO 222 TO 228, BANGALORE NORTH, BANGALORE, Karnataka	India
S2-158757260	Royal Analytics Center	N3983 EHRKE ROAD, FORT ATKINSON, WI	US
S2-804304429	ರಾಜ್ ಪ್ರೊಡಕ್ಟ್ಸ್ ರೆಸ್ಟೋರೆಂಟ್ ಪ್ರೈವೇಟ್ ಲಿಮಿಟೆಡ್	189/8, MUMBAI, BENGALURU, Karnataka	India
S2-398568734	1730 Sixth Blvd Holdings Ltd	BRIARCLIFF MANOR, NY, 5 CEDAR DR	US
S2-248578795	Keystone Harbor  Sprott Corp	409 HUTTON LANE, PO BOX 1949, JEFFERSONCITY, MO	US
S2-802873219	Bodyne Partners Partners	227C WASHINGTON STREET, CONNEAUT, OH	US
S2-832324901	Prabhu Polytechnic Exports Corporation	NO 12 OM VIHAR PH-III EXTN UTTAM NAGAR NEAR HAPPY CAMBRIDE SCHOOL, NEW DELHI, Delhi	India
S2-879617590	Akita Limited Center	DOOR NO 567 C, AGRASEN CHOWK AMBALA, AMBALA, Haryana	India
S2-815037725	Colon Learning Center East Inc	474 GIRARD AVE, EAST AURORA, NY	US
S2-621473436	Green [International]	109, BLOCK 28, LIG, SECTOR- 99, G.B NAGAR, NOIDA, उत्तर प्रदेश	India
S2-727477424	Atlantic Data Ltd	006705 WHISPERING SANDS DRIVE, MADISON TOWNSHIP, OH	US
S2-687591963	Beatrix Lachance, Lachance, Ph.D. Corp	4609 SDYRE AVE, HARWOOD HEIGHTS, IL	US
S2-315918323	इंडो प्रोड्यूसर होटल प्राइवेट लिमिटेड	D-21, MUMBAI, Maharashtra	India
S2-515459751	FFS Pampa Piedmont	20 LIVINGSTON STREET, GENESEO, NY	US
S2-779485994	THE  HEALEY NATIONAL CAP LLC	OH, FRANKLIN TWP, 1728 MAIN STREET	US
S2-534415637	SCHMIDT'S ENVIRONMENTAL RAPID SERVICES	0018 COACHMAN CT, RANDALLSTOWN, MD	US
S2-488915476	ACE  TRANSPORTATION	5136 KIEFFER RDG, INDEPENDENCE, KY	US
S2-419509015	Stag LLC	10729 LAFAYETTE AVENUE, SHIRLEY, IL	US
S2-200925331	CORNER YOGA LLC	278 PEARL STREET, MALDEN, MA	US
S2-666342792	Inc. Chiropractic Care	571 EVES NECKLACE DR, BUDA, TX	US
S2-385374278	Almond Cancer-Society	8893 BAILEY HILL ROAD, ARKPORT, NY	US
S2-774048672	The Eye Associates L.L.C.	HUNTSVILLE, NULL, AL, 10058 TORINO DR	US
S2-307272578	PRIVATE PRERNA (LNDIA) SYSTEMS LIMITED	D-68, SECOND FLOOR HAUZ KHAS, FARIDABAD, Delhi	India
S2-32352205	BUNEA INC SERVICE	5303 ROBBINS WAY, GROVE CITY, OH	US
S2-853214687	Vantyn Markets	CHURCHVILLE, 61 STUART RD, NY	US
S2-778604392	MW Communication-Limited	016, GANGADHAR BABU LANE 2ND FLOOR, KOLKATA, West Bengal	India
S2-558810816	Z 9 Douglas Inc Center	16 NORTHGATE ROAD, GREECE, NY	US
S2-421612601	PJ Newhold  Parotes	IDLEWOOD CT, LA PORTE, TX	US
S2-153235761	Ectowexbelo	Telangana, HYDERABAD, ROAD NO. 82, ABOVE BANK OF INDIA FILMNAGAR, JUBLIEE HILLS, HYDERABAD, PLOT NO.1	India
S2-809459605	Dotty D. Westmoreland, DPM Corporation	7637-7641 114TH STREET, PMB 879, SEATTLE, WA	US
S2-130619898	ईस्ट इंफ्रास्ट्रक्चर	5/815, FF, JAGRITI ENCLAVE VAISHALI SECTOR 5, GHAZIABAD, Uttar Pradesh	India
S2-71201246	Supreme Heritage LLC Center	98, RANBURNE, AL	US
S2-568704025	माय सर्विसेज प्रा. लि.	#804 CTS 337/1, SAI SAMARTHA DEOANAR VILLAGE ROAD, MUMBAI, MUMBAI CITY, Maharashtra	India
S2-401210844	भारत डेवलपर्स प्राइवेट लिमिटेड	H.NO 141/2, POHEGAON, TAL- KOPARGAON, RAHATA, AHMED NAGAR, महाराष्ट्र	India
S2-683312986	NATIONAL  TREE	#7900 46TH ST, PHOENIX, AZ	US
S2-813595060	Steffane Farrell, Corp Center	5233 10TH ST, PORT ARTHUR, TX	US
S2-42320993	अल्फा बिजनेस होटल लिमिटेड	FLAT NO.1-24, B-WING, SHRI ASHTAVINAYAK APT, GREATER BOMBAY, THANE, Maharashtra	India
S2-369125410	AMANDI'S LEGACY DELI COASTAL [LLC]	191 NORTH COUNTY BOULEVARD, AMERICAN FORK, UT	US
S2-362717442	Ventures Achintya  Laboratories Holdings Private Ltd	H.NO-620, MOHANA ROAD VILLAGE CHANDAWALI, BALLABGARH, Haryana	India
S2-749984637	Y & I Street, Ltd Service	118 SGER RD, VALPARAISO, IN	US
S2-831117180	Advanced Media Advisors Partners	11010 CHOICEANA AVENUE, HESPERIA, CA	US
S2-345917206	Metropolitan Managers Llc	ROCHESTER, 3 MANILA ST, NY	US
S2-690150443	Mr Lodestar Brothers Ventures	#74 TRINITY, 5TH FLOOR, BLOCK-A, 226/1, A.J.C BOSE ROAD, KOLKATA, KOLKATA, West Bengal	India
S2-114171211	ಎಸ್ಎಸ್ ಪ್ರೊಡ್ಯೂಸರ್	647, 35/29, 03RD FLOOR, 11 MAIN ROAD, JAYANAGAR 5TH BLOCK, BANGALORE, BANGALORE SOUTH, Karnataka	India
S2-689049050	mohler summit tpg l.l.c.	NEW BEDFORD, MA, PMB 5946, 16 CLINTON STREET	US
S2-212279628	Real Food LLP	2, BIDHAN SISHU SARANI, KOLKATA, KOLKATA, West Bengal	India
S2-727114108	Sova LLC Fargo	FRANKLINTON, NC, 220 HILLSBOROUGH	US
S2-391281368	Throckmorton Smith Crystal Truist  PLLC	10505 TRIPP AVE, OAK LAWN, IL	US
S2-247593592	AHAM-POLYTECHNIC PRIVATE	SHREEDUTTA APTS SHOP NO 5, VINODHEALTH CLUB KISAN RD, MALAD WEST, Maharashtra	India
S2-748347027	Patriot  Initiative Holdings	##35 ROUND HILL DR, RADFORD CITY, VA	US
S2-643634483	Vishwa Solutionsprivate Priadte Limited	#94-95 , NEAR PETROL PUMP KHERDA, SWAI MADHOPUR, Rajasthan	India
S2-252010908	NEW LIFE MINISTRIES GROUP	#43949 Highway 23, HUNTSVILLE, AR	US
S2-535538356	Private JA Products Ltd	IMAGE TRADE CENTREAMEERPET HYDERABAD, ANDHRA PRADESH, Telangana	India
S2-731215113	VCS Production L.L.P.	112-113 MANAS BHAWAN EXTN11, RNT MARG, INDORE, Madhya Pradesh	India
S2-345407323	శివ్ హెల్త్‌కేర్ ప్రైవేట్ లిమిటెడ్	D.NO. 7-2-871/2, E-4MS COMPLEX, KASBA NIRMAL, ADILABAD DIST, Telangana	India
S2-174396062	Carter,-Harrison & Dejesu Environmental Services		US
S2-752790430	Laxmi Agro Parceivsne Limited	13/328 DAKSHINPURI EXNT, NEW DELHI, Delhi	India
S2-713135503	Marvellous Hydro Infratech Pvt Ltd	H.NO. 30, JYOTI NAGAR, FATEHPUR ROAD, BANDA, उत्तर प्रदेश	India
S2-211838062	LOWER IHODG ÍNC	0010000 SUMMIT AVE, GASTON, OR	US
S2-741639927	All Education Associates Llc	POQUOSON CITY, 1204 POQUOSON AVEUE, VA	US
S2-256518183	Garden Electric Private Ltd	35, HANUMANPUR, MUNDGOD, MUNDGOD, Karnataka	India
S2-908457811	Vema (India) Laxmi Private	A-57, MAHA LAXMI NAGAR, INDORE, Madhya Pradesh	India
S2-180758715	పయనీర్ సాఫ్ట్‌వేర్	SY.NO. 0203/01 & 204/B, DP PALLY, QUTHBULLAPUR, K.V.RANGAREDDY, RANGAREDDY, Telangana	India
S2-205034666	Koshika + Private Limited Services	UNIT 33 GR FLR ORCHID PLAZA CS LTD NR MOVIE TIME DAHISAR EAST R T ROAD MUMBAI, MUMBAI, महाराष्ट्र	India
S2-918895053	ईस्टर्न मीडिया प्राइवेट लिमिटेड	VATSALYA HOUSE, THANE, Maharashtra	India
S2-444452024	Tech Prestige Technology	# 2 14TH MN SHUBH ENCLAVE, HARLUR ROAD KASAVANAHALLI, BANGALORE STUTH, ಕರ್ನಾಟಕ	India
S2-633677238	Inc Behavioral Health Care Assoaicats	63 MARGIN DR, BROOKHAVEN, NY	US
S2-841227826	Inter Vinimay  Ltd	Delhi, BLOCK D-837 R - 23, LG - 14, NEHRU ENCLAVE, KAKKAJI	India
S2-4675625	Gdar & Co	D-255, PHASE-VIII, FOCAL POINT., LUDHIANA, Punjab	India
S2-789359148	Salsify  Chem	NO. 612. 12040, 12TH FLOOR, TOWER ROSEWOOD, MAHAGUN MYWOODS, GREATER NOIDA EXTENSION, NOIDA, Uttar Pradesh	India
S2-612119416	creativeinnovativeramaco.com	6810 TRYON ST, N/A, CHARLOTTE, NC	US
S2-270140435	HUDGINS, ARLYN C., M.D. SUMMIT	216 AVERY AVE, PO BOX 7333, MORGANTON, NC	US
S2-594193732	Smithson Áviation Holdings	79 COUNTRY SQUARE, MORGANTOWN, WV	US
S2-758355577	*** COVELLPOPE.COM	14 MAIN ST, FARMINGTON, ME	US
S2-274323360	ATLANTIC INSTITUTE,	4248 GRANDVIEW AVE, DES MOINES, IA	US
S2-625899005	Vanguard  Logistics Partners Inc	802D CHAPMAN STREET, GREENSBORO, NC	US
S2-230281581	Slone &  Thomas P.L.L.C.	SOLON, LONG DR, IA	US
S2-674862293	Sun Media Private Límited	#C-4/231 , NEW NO.4/125, E, B, COLONY THRIUPALLI, MADURAI, தமிழ்நாடு	India
S2-974623300	Uptown Diner Group	2852-2854 GREEN SUMMERS ROAD, HALLS CROSSROADS, TN	US
S2-715905554	JN Limited Infotech	0019-14-57, 2ND FLOOR, RAGHAVENDRA NAGAR, TIRUPATI (URBAN), Andhra Pradesh	India
S2-351925196	Misoft Enterprises Incorporated	3 PEMBROKE ST, CHELSEA, MA	US
S2-488204614	मां इम्पेक्स प्राइवेट लिमिटेड	PLOT 743 32, SURYAJI NIWAS, 200, SENAPATI BAPAT MARG, DADAR (WEST), MUMBAI, MUMBAI CITY, Maharashtra	India
S2-735844220	Sirius Diversified  Partners	900 GREENTREE RD, NEWARK, DE	US
S2-381747268	Express Aerospace Works Holdings	MA, 25 BARBARA ST, WESTPORT	US
S2-949845335	Gress Institute of Technology LP	00102 WOOD RIVER AVENUE, EAST ALTON, IL	US
S2-475652190	Ventura Sterling Flex Corp	208 1/2 ELM ST, AMBIA, IN	US
S2-489103612	(INDIA) BHAGYASHREE  NATURE PRIVATE LIMITED	Uttar Pradesh, S-05, SECOND FLOOR, OXY HOMEZ, BHOPURA, GHAZIABAD	India
S2-624920895	Behavioral Health Vanguard Inc. Center	OAKVILLE, 2550 PIONEER DR, MO	US
S2-810843780	Jain Agro Public Limited	A-0067, SECOND FLOOR, NARAINA INDUSTRIAL AREA, PHASE-I, NEW DELHI, Delhi	India
S2-65176276	ruthespinnacletax.com	#15 WEBSTER LN, HEBRON, CT	US
S2-441769049	LLC Doyle Federal Therapy	44 LONGHORN DRIE, HENRIETTA, NY	US
S2-125297289	Buix  Bankshares LLC	CONWAY, 16 GOLD LAKE CLUB RD, AR	US
S2-371850661	Rosen and Shelton	28915 GENEVA DR, NULL, SPPRING, TX	US
S2-929443380	silverintercontinental.com	Alamo Trl, TEMPLE, TX	US
S2-207973321	WLW Sadashiv LLP	NO 17 UPPER GROUND FLOOR, HOUSE NO. 8 LOK VIHAR, PITAMPURA, DELHI, Delhi	India
S2-499198461	APRILETTESMASSAGEBELLEROSE.COM	247-26 88 Drive, N/A, BELLEROSE, NY	US
S2-736110069	Vertex Beverage, LLC	1728-B WINDSOR VILLAGE WAY, KNIGHTDALE, NC	US
S2-269775293	SEROON GROUP	1414 BROADWAY AVE, SALEM, IL	US
S2-84813397	Verna Laar, Esq. Inc.	5250 NEW SAVANNAH ROAD, BURGAW, NC	US
S2-654263813	LUCKNOW HOLDINGS PVT. LTD. SERVICES	KHASRA NO 92 , GOYALA DEWA ROAD, LUCKNOW, Uttar Pradesh	India
S2-361825805	വിഷൻ ഇൻഫ്ര Limited	7/149, MALAPPURAM, MALAPURAM, Kerala	India
S2-80136132	Dr shivgangaresorts.com	163/11, MAIN ROAD SOUTH, PETHANAIKANPALAYAM, ATTUR, தமிழ்நாடு	India
S2-237416325	Harrell & Green (Inc)	ND, WAHPETON, 1607 10TH ST	US
S2-895944720	FIRST PRINTING ALLIANCE  CO	1210 COMMERCE DR, GREENVILLE, TX	US
S2-83498409	FANOTE INC	130 GILE ROAD, ALFRED, ME	US
S2-345152867	Schuster Manulife Ltd		US
S2-14852627	Atlas  Incorporated	0016409 CURRIE RD, MONROE, WA	US
S2-667274253	KEYSTONE  BLOCK LLC		US
S2-181566415	Wow Health Private	#89 , RATHI LAY-OUT BUDHA VIHAR DAVLAMETI, NAGPUR, Maharashtra	India
S2-940187710	SG PRINTING	#122 MANDAKINI ENCLAVE ALAKNANDA, NEW DELHI, Delhi	India
S2-95883726	Public Galaxy Fortune Consultants Limited	U-10 SECOND FLOOR GREEN PARK EXTN., NEW DELHI, SOUTH DELHI, Delhi	India
S2-763453108	Flores Seafood of Park City-(summit Co)	1496 EMPIRE AVENUE, PARK CITY TOWNSHIP, UT	US
S2-738629358	Royal Archimedes L.L.C.	HIGH STREET, CA, MOORPARK	US
S2-251923115	ஈஸ்ட் சர்வீசஸ் பிரைவேட் லிமிடெட்	NO.28, CHENNAI, Tamil Nadu	India
S2-595932825	सूर्य फाइनेंस प्राइवेट लिमिटेड	NEHRU KENDRA, MJP ROHILKHAND UNIVERSITY PILIBHIT ROAD, BAREILLY, Uttar Pradesh	India
S2-867197250	Golden Robotics	92. WILKES ST, BEACON, NY	US
S2-706168001	ADVANCED ADVANCED ASSOCIATES SERVICES	1041. WESTSIDE DR, ASHDOWN, AR	US
S2-895860200	Jewel Simone Platinum Pet	##575 400, UT, SALT LAKE CITY	US
S2-789511558	Hisar Edibles-(India) Private Private Limited	H.NO 9-1701 , EVELINA, HIRANANDANI ESTATE G. B. ROAD, PATIL PADA, THANE (WEST), THANE, Maharashtra	India
S2-402495223	Allied Machines	1612 CHAMBERS ST, NULL, WICHITA, KS	US
S2-707420806	@goldenconstructions	PANSI HOUSE, BUNGLOW PLOT NO 75 3/1, BESIDE PRAYAG CHS, LOKDHARA, KALYAN, महाराष्ट्र	India
S2-715522197	GUJARAT ESTATE PRIVATE	38, VILL: BISKOHAR, WARD NO.15, SIDDHARTH NGR, ITWA, Uttar Pradesh	India
S2-809654334	BRICKNER, COPPERSMITH COPPERSMITH & CARLETON	1608 CAMBRIDGE AVE, FLOSSMOOR, IL	US
S2-404639263	Kerior Central LLC	63 EVELYN PL, STATEN ISLAND, NY	US
S2-39401964	Pediatric Denta1 Associates [Partners]	BOONE, NC, 0122 SHILOH LN	US
S2-977599464	Grace Chapel	NANDALE LANE, BALLWIN, MO	US
S2-728005808	Ztceedx (Inc.)	21339 YORK COURT, KILDEER, IL	US
S2-604564398	CORNER-ICE-CREAM	2004 MAAT DR, COPPERAS COVVE, TX	US
S2-505326493	Legacy Select Networks Inc	027123 268TH SAINT, RAVENSDALE, WA	US
S2-110236539	Janani Limited Ventures Brothers	78 N S ROAD 3RD FLOORROOM NO 323 P S BURRABAZAR, KOLKATA, পশ্চিমবঙ্গ	India
S2-233296375	जय फूड्स एलएलपी	R C BARRACK NO #14, BOMBAY, Maharashtra	India
S2-532389987	Limited Sky Impex Center	25, STRAND ROAD MARSHALL HOUSE, 6TH FLOOR, ROOM NO-613, HOWRAH, পশ্চিমবঙ্গ	India
S2-358237238	Sree Logistics  Pvt	Punjab, PLOT NO. E-B3/308, INDUSTRIAL AREA, PHASE 8A, S.A.S.NAGAR (MOHALI)	India
S2-121218272	Barry's Consulting-LLC	#214 MARKET ST, WOLCOTT, IN	US
S2-865716565	Royal Desert Magaelrms, L.L.C.	504 OHIO ST, BLUFFTON, IN	US
S2-958833026	अल कंस्ट्रक्शंस	PVT NO.302, UPPER 3RD, FLOOR, C-46, KIRAN GARDEN, NEW DELHI, WEST DELHI, दिल्ली	India
S2-300443159	బాలాజీ ఐటీ ప్రైవేట్ లిమిటెడ్	##89, ROAD NO 8, HAYATH NAGAR RAMANUJA NAGAR COLONY, MUNUGANOOR., HYDERABAD, RANGAREDDY, తెలంగాణ	India
S2-527827123	Rotecis Central	678 FERRY ST, BUFFALO, NY	US
S2-126411084	FRESH SUMMIT PRIME LLC		US
S2-419837913	Jenilee Avdic Bright Transport Corporation	PMB 2931, AL, MOBILE, 6445 PRINCETON WOODS DR	US
S2-972265060	Aarvaya Benefit Private (Limited)	R/O 12-2-418/1/B/21, VISHWAS NAGAR, MEHDIPATNAM, ASIFNAGAR, Andhra Pradesh	India
S2-616432525	ॐ इंफोटेक लिमिटेड	HOUSE NO - 45-0-321 EWS, VILLAGE CHILLA, MAYUR VIHAR PHASE I, EAST DELHI, NEW DELHI, Delhi	India
S2-735201125	DMD Ecommerce-Pvt Ltd	DOOR NO IX/169 K 1ST FLOORSDF IT BUILDING INFO PARK KAKKANAD P O KOCHI, ERNAKULAM, Kerala	India
S2-409726115	FF Limited Private Partners		India
S2-592507930	PRAYOSHA TECHNOLOGIES PRÍVATE LIMITED	A/A-603, SENTOSA HEIGHTS, OPP. ASHIRWAD ENCLAVE, ALTHAN, BHIMRAD CANAL ROAD, BHIMRAD, SURAT, Gujarat	India
S2-35411465	Arthur and Howe	MO, MEHLVILLE, 3438 EVERGREEN LN	US
S2-882346867	Monika Reynosd Intermediate L.L.C.	4271 BROOKSTOWN DR, BATON ROGE, LA	US
S2-886987750	Hunt lnstitute of Technology	4077 WALWORTH RD, WALWORTH, NY	US
S2-277962442	ग्रेट प्रॉपर्टीज प्रा. लि.	CENTRAL PARK FLOWERVALLEY, VILL-DHUNELA, SOHNA ROAD, GURGAON, Haryana	India
S2-685923101	TILAKELECTROMECH.COM	FLAT NO. A-00704, PRIME HEIGHTS, OPP. ABHINAV COLLGE SUS ROAD, PASHAN, PUNE, Maharashtra	India
S2-705723919	Trikaal Trading Enterprises Ltd	H.NO ##335 , KHATA NO., 308, KHIDARPUR, GOTOLI, TIZARA, Rajasthan	India
S2-782160235	#EMILYMARTINEZ	100 T P White Drive, JAKSONVILLE TOWNSHIP, AR	US
S2-568951817	JAY JAIN GLOBAL	H. NO. 13-15 , NEAR PATHA CHIRALA GATE, HASTINAPURAM, DEVANGAPURI, CHIRALA, CHIRALA, Andhra Pradesh	India
S2-595795733	Shivam Infrastructure	IX/159 A, SECOND FLOOR, CFC BUILDING, KINFRA PARK OFFICE, INFOPARK, KANAYANNUR, Kerala	India
S2-232323896	Varanasi Propulsion  Private	31, CHURMANPUR, MODAILA, BHULLANPUR, VARANASI, Uttar Pradesh	India
S2-135350474	IBBIE WEHNER INFLECTION	#304 VIRGINIA DARE TRL, null, KILL DEVIL HILLS, NC	US
S2-232484718	Regional Dental Associates Corp.	12263 ZEALAND AVENUE, CHAMPLIN, MN	US
S2-377025409	जय प्रोड्यूसर प्रा. लि.	344/1 OFFICE NO 4 & 5 VAISHNAVI APARTMENT NEAR MODI GANPATI NARAYAN PETH PUNE, PUNE, Maharashtra	India
S2-369512941	Adinath Brothers-Pvt. Ltd	Rajasthan, 3/80 SECTOR-8 HALDI GHATI MARG PRATAP NAGAR SANGANER, JAIPUR	India
S2-441606900	అర్బన్ బిజినెస్ ఎంటర్‌ప్రైజెస్	H.NO 62 ARYA NAGAR, NIZAMABAD, Telangana	India
S2-923853202	ZXS-Investment Pvt Ltd	C/O QUAZI MD AMINUL ISLAM, RAMNA ETBARNAGAR, MURSHIDABAD, পশ্চিমবঙ্গ	India
S2-453482489	united devices		US
S2-626058699	henderson desert biopharma corp	355-359 WILSON STREET, AUBURN, AL	US
S2-196618803	Services India Natures	606 TO 608 SHAPATH-5, OPP. KARNAVATI CLUB, AHMADABAD CITY, Gujarat	India
S2-181945985	Ace Parameshwari Private	Maharashtra, SR.NO.106/4 BALAJI GODAUN, NAPAWADI ROAD, RAHATA	India
S2-590714216	New Delhi Infratech Públic Limited	BLOCK G-644 121, TRIBHUVAN COMPLEX, FIRST FLOOR, ISHWAR NAGAR MATHURA ROAD, NEW DELHI, Delhi	India
S2-864105147	# 1 Ltd Petroleum QU	22 RUSSELL ST, BOSTON, MA	US
S2-937887502	सुप्रीम टेक लिमिटेड	AKASH LAWNS, PUNE, HAVELI, Maharashtra	India
S2-18877748	firstisrael.com	5801 RED MACLE RD, PO BOX 318, FT WORTH, TX	US
S2-689428234	New Synthetics Private Limited Services	C-334 FIRST FLOOR VIKAS PURI, NEW DELHI, Delhi	India
S2-308859601	श्री ट्रेडिंग सॉल्यूशंस लिमिटेड	1/4, LUCKNOW, Uttar Pradesh	India
S2-388981331	easterncertifiedinvesco.com	2731 LAKESIDE DR, PO BOX 3563, INCORPORATED, WA	US
S2-156443143	Metro Lhengedng Inc.	1640 ARUNDEL STREET, PO BOX 5386, SAINT PAUL, MN	US
S2-100798928	Kaira Technologies Private  Limited	H NO 683/6, GALA 2, 1ST FLR OLD GAURIPADA, BHIWANDI, null, महाराष्ट्र	India
S2-385325065	The Owens Midwest  Ingredients	130 BILLINGS AVENUE, PARSONS, WV	US
S2-60332086	Arbor Sangh Corp	1S FLOOR, NO.5, 14TH A MAIN, 15TH CROSS, SECTOR 4 HSR LAYOUT, BANGALORE, Karnataka	India
S2-833227760	Smt Swastik Industries Private Limited Center	FLAT NO-B-12, PLOT NO-13, GROUND FLOOR, MIG CAT BLOCK-B, SUNDER APARTMENTS, SECTOR-14, R, OHINI, NEW DELHI, Delhi	India
S2-57398306	মা সিস্টেমস প্রাইভেট লিমিটেড	CALCUTTA, HOWRAH, West Bengal, D/8, CANNING STREET, 2ND FLOOR, R.NO-202, KOLKATA	India
S2-985727074	Co Logan Gss	163 ALTON LN, N/A, BOONE, NC	US
S2-609888752	Kimberly Sangh L.L.P.	H.NO 639 HOUSE NO.3208 PLOT NO 10, BLOCK -B MOHINDRA PARK, DELHI, Delhi	India
S2-848633916	Noida Hari Private Ltd	030 , BLCOK - HL SECTOR - 130, NOIDA, Uttar Pradesh	India
S2-284542259	Hultgren Care		US
S2-154795306	Autism Assistance Cóuncil LP	518 7TH STREET, KEOTA, OK	US
S2-636826764	Frontier Ínstitute	DEER PARK COURT, HARRISBUG, NC	US
S2-752081733	Dermatology United LLC	14219 CHICO JOURNEY AVE, MARANA, AZ	US
S2-631869569	Dr Macro Institute of  Technology Overseas	58 RAM NAGARI ASHIANA DIGHA ROAD, PATNA, बिहार	India
S2-454355317	Inc. Lower Valley Flóating	#1900 22ND AVE, NORTHPORT, AL	US
S2-743455401	Onkar Securities Ventures Ltd	Uttar Pradesh, FLAT #1012, TOWER O, 10TH FLOOR, SEC 74, NOIDA	India
S2-18050849	PUNJABI OVERSEAS	#5 SAKTHI VIJAYALAKSHMI NAGAR, 2ND STREET, CHENNAI CITY CORPORATION, Tamil Nadu	India
S2-735647694	GRETTA W. MARK, D.C. CO	115 1/2 44/76, CALEDONIA, MN	US
S2-392398825	Mangla Formation (India) Private Ltd	Delhi, R- 30, BACK SIDE, MODEL TOWN 3, DR. MUKERJEE NAGAR NORTH WEST DELHI, DELHI, DELHI	India
S2-63154993	ಬಾಂಬೆ ಸನ್‌ರೈಸ್ ಎಸ್ಟೇಟ್ ಪ್ರೈವೇಟ್ ಲಿಮಿಟೆಡ್	NO 186, 5TH CROSS, JANKIRAM LAYOUT GEDDALAHALLI, HENNUR, BENGALURU, BELLARY, Karnataka	India
S2-478122065	certifiedflag.com	217 TOR ROAD, NEW CITY CDP, NY	US
S2-185776341	बेस्ट क्रिएटिव एग्रो प्राइवेट लिमिटेड	#0845 7, SALAIMPUR ROAD LALITA NAGAR, MAHOLI, MATHURA, Uttar Pradesh	India
S2-204440999	Eye Platinum Specialists Corporation	828 CAJILLA, SAHHUARITA, AZ	US
S2-417725545	YA  Legacy Karbon Corp	342 SMITHWICK CREEK CHURCH ROAD, WILLIAMSTON, NC	US
S2-706527843	The Dent Coffee Partners	203 G ST, LA HARPE, IL	US
S2-749852939	Goa Trading Group Private	H.NO 77 NEAR TULJA BHAVANI CHOUK, AMBEWADI ROAD NO 21/32, THANE, Maharashtra	India
S2-121549347	Cardiology Associates of Whitman	66 POND STREET, WHITMAN CITY, MA	US
S2-46771753	Regional Manulfe	1651 HIGHWAY 70 71, DE QUEEN, AR	US
S2-599864991	Mena Diamond Energetics Corp	210 PEARL ST, GENESEO, IL	US
S2-730043743	Metro Medical  Cernet Group	HN 730 HOUSE NO- 606, FLAT NO- 6, 2ND FLOOR, NEAR GULIA GENERAL STORE, RANGPURI, MAHI, PALPU,R DELHI, Delhi	India
S2-761559953	Childs Advanced Mortgage LLC	718 8TH STREET, <NULL>, GRANTS PASS, OR	US
S2-555401643	Srichakra Tcradnrs Limited	FLAT NO 2, 1ST FLOOR, BUILDING NO 29/31, SAVITA SADAN VP ROAD, 1ST PARSIWADA LANE, CP TANK, GIRG, AON, MUMBAI, Maharashtra	India
S2-397718123	मॉडर्न सर्विसेज प्राइवेट लिमिटेड	SH-1/35-H-10, CHUPPEPUR SHEOPUR, VARANASI, Uttar Pradesh	India
S2-131125837	Lokesh Educational Society Company	हरियाणा, NO 4 FIRST FLOOR, SHASTRI NAGAR, ARAINPURA ROAD BHAGAT RAM COLONY, GATE NO 2 GHARAUNDA, KARNAL	India
S2-813449730	फर्स्ट फूड्स प्रा. लि.	WARD NO-25, PS-LAHERIASARAI, PO-LALBAGH, MOHALLAH IMLI BAZAR, PURANI MUNSAFI, DARBHANGA, Bihar	India
S2-675230269	Vivegam Carrier	8-3-629, FLAT NO. 406 NAMRA APARTMENTS, OPP: LAW COLLEGE, YELL, AREDDYGUDA, HYDERABAD, Telangana	India
S2-797857062	Shri Atals & Co	##13, 20TH CROSS ROAD MALAGALA, NAGARABHAAVI, 2 STAGE, BANGALORE, ಕರ್ನಾಟಕ	India
S2-510293809	... Fernandez National	701 ETZEL AVE, ST. LOIS, MO	US
S2-885381494	Aneja Healthcare Pvt	HNO. 79, G/F, B/P MASHJID MOTH, DELHI, दिल्ली	India
S2-907729570	Mr SUKHSHANTI DREAMS-DHERI EAST CO	#51 417/A, ANJANI COMPLEX, PEREIRA HILL ROAD, OPP. GURUNANAK PETROL PUMP, NR CINEMAX THEA, AN, DHERI EAST, Maharashtra	India
S2-885518	Coimbatore Engineers	##1 , EDWIN NAGAR RAJIV GANDHI ROAD, GANAPATHY, COIMBATORE, தமிழ்நாடு	India
S2-56398788	TIENA KINNEY ATLANTICUS	8601- ALPINE DRIVE, URBANDALE, IA	US
S2-515473872	Rapid Sacial LLC	183 OAK SRTEET, ASHLAND, MA	US
S2-352561696	CRYSTAL WELLNESS	4770 PARC ORLEANS CT, BRIDGETON, MO	US
S2-879019234	Advanced Transit	CAMELBACK ROAD, ALBUQUEQRUE, NM	US
S2-159338989	Kaur's Cargo	205 SILVER LAKE ST, ATHOL, MA	US
S2-792073969	JAY AGRO TEXTILES	#988 7A-C-0-58, SECTOR 10, KOPARKHAIRANE, VASHI, Maharashtra	India
S2-36732240	Christiansen, Nicastro and  Du Holdings	208 HARMAN ST, BROOKLYN, NY	US
S2-690909438	Nicely, Moore and Parker Precision Holdings	1961- Pawlet Dr, CROFTON, MD	US
S2-549401533	Crabe	ARNAZ AVENUE, PO BOX 5082, MEINERS OAKS, CA	US
S2-842907040	Pragati Realty Private (Limited)	NO.2, 1ST FLOOR, B SECTOR, 4TH CROSS RAMAIAH REDDY LAYOUT, NEAR SHAREWOOD APA, RTMENTS, BANGALORE, Karnataka	India
S2-961688207	ग्रेट कंस्ट्रक्शन प्राइवेट लिमिटेड	#34. 2ND FLOOR BLDG NO 2NAVINASHA CHS LTD RAMBAUG LANE NO '0', THANE, KALYAN., Maharashtra	India
S2-598788762	metropolitan graphics	IL, 10574 WOODLAND AVE, BEACH PARK	US
S2-192974905	Ai Goods		India
S2-315041402	ஜெய் புராடக்ட்ஸ் பிரைவேட் லிமிடெட்	#54/42-45, VENKATESAPURAM, 3RD STREET, THOTTIPALAYAM, COIMBATORE, Tamil Nadu	India
S2-441422968	Koti Ceeative Private (Limited)	HN 394 3-3-796, KUDBIGUDA, KOTI, Telangana	India
S2-983931290	Darline  Dixon Long	SECOND AVE, MECHANICVILLE, NY	US
S2-131488214	The Feia Peak Peoples	645 ALEXANDER RD, ALEXANDER, NC	US
S2-247759089	Orthopedic Clinic Partners	#110 PLYMOUTH WAY, SAN BERNARDINO, CA	US
S2-186109819	Smk  Infrac0n	NO. 880 SK-1/ 182-B, INDIRAPURAM, GHAZIABAD, उत्तर प्रदेश	India
S2-357857285	Diaz LLC Service	3415 RAINTREE ROAD, VIRGINIA BEACH CITY, VA	US
S2-794136188	@estrada - 8200465095	310 PEARL DR, null, BELGRADE, MT	US
S2-27986137	Pediatric Dentistry Medicine Partners Corporation	12939 1/2 MANSFIELD AVENUE, SPOKANE VALLEY, WA	US
S2-751864723	THANE INTERNET	F-##01, A-8, HAWARE CENTURION, PLOT NO. 88 TO 91, SECTOR 19, NERUL, THANE, महाराष्ट्र	India
S2-732240757	Shree Lífe Límited	Gujarat, 11/A, 1ST FLOOR, SPACE HOUSE, OPP. PASSPORT OFFICE, NR. MITHAKHALI SIX ROAD, AHMADABAD CITY	India
S2-436041396	UROLOGY CARE ASSOCIATES GROUP	798-C FOREST LAKES DRIVE, CHELSEA, AL	US
S2-99136836	Jay Ventures Prívate Limited	NO 668 B-102, TWINKLE APARTMENTS CHS. LTD., OFF LINK ROAD, LOKHANDWALA COMPLEX, NEAR KAMAT CLUB, ANDHERI-WEST, MUMBAI, Maharashtra	India
S2-694742670	qureontinto.com	CROOKED OAK DR, TX, KILLENE CITY	US
S2-914584585	Unicorn Sagshtms LLP	बिहार, WARD NO.07 PSPO HARSIDHI, MOTIHARI	India
S2-781790661	Womens Health Medicine LLC Board	CHESTNUT GROVE RD, BONNIEVILLE, KY	US
S2-432522197	environmentalfellowship.com	31 LYNDON LANE, PMB 3016, NEW WINDSOR, NY	US
S2-822065881	Zetavio  Ministrie	1439 A OLMSTEAD AVENUE, BRONX, NY	US
S2-975285928	United Hotel Products Limited Center	#B3/548 PLOT NO-87&88 T/F, AMBIKA ENCLAVE KAKROLA, NEW DELHI, DELHI, Delhi	India
S2-358578952	Metropolitan Property LLC Services	767 STAHLMAN DR, BULLHEAD CITY, AZ	US
S2-904488870	Better Research LLC	1618 HUGE OAKS ST, HOUSTON, TX	US
S2-184582259	Markle Transport	2405 PARKGREEN PL, NULL, COLUMBUS, OH	US
S2-262031736	CHRISTMAS & MARSHALL DIAGNOSTICS ASSOCIATES	TROY, 689 FARM TO MARKET RD, NY	US
S2-810670202	BEON LLC	85 111th St, CHICAGO, IL	US
S2-155585305	गुजरात प्रोड्यूसर एलएलपी	KH NO. 154/5/1, DELHI, NORTH WEST DELHI, Delhi	India
S2-674960193	ઈસ્ટર્ન ઇન્ફોટેક ફાર્મસી પ્રાઇવેટ લિમિટેડ	T-403, VASANT VIHAR APPARTMENT, BHATAR UNIVERSITY ROAD, UDHANA MAGDALLA, ROAD, SURAT, ગુજરાત	India
S2-234531116	M/s Chavan Enterprises Ltd.	PLOT NO 0250 , SCHEME NO 78 PART 2, INDORE, Madhya Pradesh	India
S2-753390653	Brewer and Orozco LLC	1710 SARAH ST, DUBUQUE, IA	US
S2-388290719	ब्राइट एनर्जी इंजीनियरिंग प्राइवेट लिमिटेड	NO 042 HOTEL CONTINENTAL ANNEXEII FLOOR BEHIND GAY LORD RESTAURANT CONNAUGHT PLACE, NEW DELHI, CENTRAL DELHI, Delhi	India
S2-812610176	Foot & Ank1e	508 STERNWHEEL WAY, KNIGHTDALE, NC	US
S2-788195957	Global Partners [Services]	510 STEWART DRIVE, SYYRACUSE, NY	US
S2-933515673	ग्लोबल मार्केटिंग इंजीनियरिंग प्राइवेट लिमिटेड	LALGANJ, TOLA, PAKRI PANCH-ATWARPUR SISA, 88 VILL-MANIKPUR PAKRI, VAISHALI, Bihar	India
S2-822346901	Physical Therapy Health Holdings	17 CHAPEL CIR, MOODY, AL	US
S2-8868562	Sri Deccan Snacks Ventures	BLOCK F-145 PL.NO.57, HOUSING COLONY, NAGESWARTANGI, BHUBANESWAR, Odisha	India
S2-835381673	Jenkins and Etheridge Republic [LLC]	416 BROADWAY ST, WILLIAMSBURG, OH	US
S2-690767550	Dr Lakshmi Ventures Private Limited	B101, MARVEL CITRINE, KHARADI, PUNE CITY, Maharashtra	India
S2-971873262	UI Bny Inc	111 PLEASANT ST, WATERTOWN, MA	US
S2-871533737	Colgan All Illumination Inc.	107 WATERSTONE LANE, WILM, NC	US
S2-243782054	JKM POLYTECHNIC INFRATECH	E-1675, FARIDABFD, Haryana	India
S2-207798957	स्टार वेंचर्स प्राइवेट लिमिटेड	VIDHYA NAGAR COLONEY RAMGHAT ROAD, ALIGARH, 3/14 A, Uttar Pradesh	India
S2-867352859	Becker Disciplined LLC	MT, 18 Third Avenue, BIG TIMBER	US
S2-966475004	MURILLO PINNACLE  PRO LLC	4437 -110 BONNEY ROAD, VIRGINIA BEACH CITY, VA	US
S2-777295554	Housing Network-Inc.	96 OLD COLONY AVENUE, E TAUNON, MA	US
S2-7896958	Sandoval Data Inc - 2037082855	007 JONES STREET, WORCEESTER, MA	US
S2-198163085	Ernakulam Technology Private  Ltd	HN 0066 33/2346B, GEETHANJALI ROAD VYTTILA P.O, ERNAKULAM, Kerala	India
S2-6467307	THOMPSON SRFTWADRE LLC	58 HIGHLAND RD, ROCKY POINT, NY	US
S2-321133590	होटल फूड प्राइवेट लिमिटेड	UNIT -32., MUMBAI CITY, Maharashtra	India
S2-127690578	M D & X CRANE PC	2423 MIMOSA DRIVE, LYNCHBURG CITY, VA	US
S2-693367857	Lissie Ac0sta Ribbon, LLC		US
S2-218598097	Cascade Nátural	1227 MANHATTAN BOULEVARD, TOLEDO, OH	US
S2-345475565	Coasta1 Veterinary Clinic Greater	8139  RIDGEPOINTE DRIVE, WILLOWBROOK, IL	US
S2-260388248	Vyom Brothers Limited	35, MADHAB HALDER ROAD, BEHALA, KOLKATA, KOLKATA, West Bengal	India
S2-33704655	ACK CLOTHING PVT	C/O TUKARAM M UIKEY AT-POST-RAMALA, CHANDRAPUR, महाराष्ट्र	India
S2-981550471	Best Solutions Public Limited	NO 66 NAYA BAZAR, GWALIOR, Madhya Pradesh	India
S2-677255764	Heart1and First Pantages Pantages L.L.C.	17 LINCOLN ST, BIDDEFORD, ME	US
S2-862482272	Benhur Foundation Enterprises Limited	FLAT NO. B/213, SHREE LALKRUPA, PLOT NO. 43, SECTOR 42, SEAWOOD, NERUL, NAVI MUMBAI, Maharashtra	India
S2-738536601	downtown tavern southside	91 EAST ST, LORE CITY, OH	US
S2-254788701	Physical Therapy Legacy	17706 VALLEY PALMS DRIVE, SPRING, TX	US
S2-777996376	CORBITT MERCATOR  INC	2629 22ST AVE, CITY OF MONROE, WI	US
S2-472530538	capital companies	149 WILBER AVENUE, COLUMBUS CITY, OH	US
S2-434744134	okfsystems.com	WZ-1110, UPPER GROUND FLOOR GALI NO-11, SADH NAGAR, PALAM COLONY, DELHI, दिल्ली	India
S2-637317501	Carmine Rivera Tri-State Offsh0re	#2651 WALTER REED DR, ARLNIGTON, VA	US
S2-423430756	Aquila Hoterls Limited	Kerala, 28/3652(B), PAIS AVENUE, ELAMKULAM, ERNAKULAM	India
S2-199384569	Harner Shipping	AMHERST, 50  SUDBURY LN, NY	US
S2-691693048	Route 47 Massage	00423 FOX RIDGE ROAD, LAKE TOXAWAY, NC	US
S2-817935651	meify.com	300-302 WESTSIDE DR, SHEBY, NC	US
S2-988241366	GREEN ADVISORY [PRIVATE]	SHOP NO. D/4 , SY. NO. 15/2, KASAGATTAPURA VILLAGE, BANGALORE NORTH, ಕರ್ನಾಟಕ	India
S2-764632135	Kolhapur India Holdings Private [Limited]	D-46, MIDC, GOKUL SHIRGAON, KOLHAPUR, KOLHAPUR, Maharashtra	India
S2-452572748	BROOKINGS EYE CLINIC CO.	815 1/9 PIONEER RD, BROOKINGS, OR	US
S2-605734275	Dynamic Limited It	DOOR NO #953 155, REGENT ESTATE, KOLKATA, KOLKATA, West Bengal	India
S2-978059769	ancrum evolution	43 Oak Ave, BELMONT, MA	US
S2-784451498	Maggee R. King, CPA Corporation	562 Madison Lane, LAK VILLA, IL	US
S2-678191772	B 7 TOTAL COPPER INC.	74 BLACKLEDGE DR, COLCHESTER, CT	US
S2-760648353	Stephens Global Highland	2717 JOYCE HILL RD, NEW PHILADELPHIA, OH	US
S2-516946324	Rmr-Projects Private-Limited	C/O- PINTU HAZRA, SF ROAD, DURGA MANDIR NEAR AKAAL BODHAN MANDIR, ASANSOL, West Bengal	India
S2-810915319	Lobo Limited Industries		India
S2-907716013	Lemons And Thomson Holdings	762 STRATHWOOD WAY, PO BOX 8357, ROLESVILLE, NC	US
S2-213952496	*** Fitness Clínic	Maharashtra, PUSAD, 13, YAVATMAL	India
S2-309950217	Godiva H. Howard, D.D.S., Inc	00427 TUCKER TRICE BOULEVARD, LEBANON, TN	US
S2-852307591	Oasis Consultancy LLP	24A , RABINDRA SARANI, 2ND FLOOR, ROOM NO. 54, KOLKATA, West Bengal	India
S2-93977217	PANOS INC. INDEPENDENCE	160 POINT GROVE ROAD, SOUTHWIC CITY, MA	US
S2-876512549	Peak Investment Glbomll [LLC]	733 TIMBERLAKE DRIVE, WESTERVILLE, OH	US
S2-276674538	Olaniy Catering	NC, GARNER, 174 ROYAL STAR WAY	US
S2-742860190	Cozy Bistro Holdings Services	544- RIVERSIDE DR, SALISBURY, MD	US
S2-969898742	SBG BUGLERS LIMITED	#5AC/204 , 2ND MAIN ROAD 3RD BLOCK, KALYANA NAGAR, BANGALORE, BANGALORE, Karnataka	India
S2-332764638	Valdivia Horizon	OH, 002264 WESTMOOR ROAD, ROCKY RIVER CDP	US
S2-867710047	Urban Bakery Bakery	11 DADS LANE, ME, PRINCETON	US
S2-65378876	Cozy Púb LLC	12271 RANCHO GRANDE DR, CITY OF EL PASO, TX	US
S2-657247851	Morgan Harbor Metro, Inc	HIGHLAND PARK, IL, 1286 Lincoln Avenue	US
S2-99468652	Jade Arts Limited (India)	H.NO 98 VILLAGE- CHOWKI GRAM, PO- BENIA GRAM, PS-FARAKKA DISTRICT- MURSHIDABAD, HOUSE OF GOPAL PR, . BHAKAT, FARAKKA, West Bengal	India
S2-802351030	Eastern Bitcoin	SUNSET LANE, FORT WORTH, TX	US
S2-590757045	ATLANTIC VETERINARY	0131 OLD LOGAN RD, PRINCETON, WV	US
S2-816205839	Star केयर Limited	#60/19, OLD DAAL MANDI MALL ROAD, KANPUR, KANPUR, Uttar Pradesh	India
S2-802651416	SKY TRDES	PLT 993 WZ-853/4, THIRD FLOOR RANI BAGH, SHAKURBASTI, DELHI, Delhi	India
S2-497936247	Bomova LLC Services	220A SCHOONER LOOP, BELFAIR, WA	US
S2-946126837	Briand Neaxsp0nt LLC	SILSBEE, TX, 280 FARM TO MARKET 418	US
S2-435144936	#selestinaaranda	21785 21, MINTER, AL	US
S2-143852128	HOLY COMMUNITY CHUFH	10601 HOWELLS FERRY RD, SEMMES, AL	US
S2-943763474	Ashford Morefield Anchor	211 C SAINT, ALEX, OK	US
S2-660619106	रियल आईटी प्राइवेट लिमिटेड	FLAT NO. 432, 3RD FLOOR, SECTOR-9 POCKET-1, DWARKA, NEW DELHI, SOUTH WEST DELHI, Delhi	India
S2-889977529	#brightoraavalanche	9000 FRANCIS GARDENS COURT, SHREWSBURY, MA	US
S2-445627614	ಪರ್ಫೆಕ್ಟ್ ಕನ್‌ಸ್ಟ್ರಕ್ಷನ್ಸ್ ಲಿಮಿಟೆಡ್	Karnataka, MILLERS ROAD, BENSON TOWN, NANDIDURGA ROAD, BANGALORE NORTH, BANGALORE, DOOR NO 16	India
S2-350985725	Corp Thompson Silver Enhanced East	1953-1957 PINEBROOKE CT, COLUMBUS, IN	US
S2-74354917	biologicsjohnson.com	HAMBLEN DR, MADISON, TN	US
S2-34892868	NEIDLINGER CLASSIC EDP LLC	09821 MISSION LN, SCOTTSDALE, AZ	US
S2-492031103	Unified-Security	102 GREEN ACRES LANE, BATTLEBORO, NC	US
S2-368767908	centeriv.com	2739 Hering Avenue, BRONX, NY	US
S2-182789318	Colonial Service Co	408 PROSPECT ROCK RD, JOHNSON, VT	US
S2-828872229	Sonai Limited Private Traders	FL.N 3E, DAKSHIN KALI APT, 12 BARRI. P MITRA ROAD, KOLKATA, KOLKATA, West Bengal	India
S2-526057016	Oconnell Paloma	1633 MISSOURI AVE, PHOENIX, AZ	US
S2-544897503	गोल्ड इंडियन इन्वेस्टमेंट्स प्राइवेट लिमिटेड	OFFICE NO-225 GROUND FLOOR AT 287, SOUTH DELHI, NEW DELHI, Delhi	India
S2-256286125	dental beacon care associates corp	2275. CABLE RD, LIMA, OH	US
S2-601607305	cowave.com	010102 CUTTERS ROW COURT, CLNTON, MD	US
S2-585973304	Joellyn Gonzalez Nexera  Inc	700 COLUMBIA AVE, KNOXVILLE, TN	US
S2-315310656	Olivencia Olivencia (Hsopaility)	2190 ELK LICK ROAD, SALT LICK, KY	US
S2-206766125	MA Gold	0815 COLTER ST, PHOOENIX, AZ	US
S2-108304064	Chau, Johnson and Rose  Inc Service	3706 19TH ST, WICHITA, KS	US
S2-178971361	Brown Telematics Private	Karnataka, #49, GUDDADAHALLI MAIN ROAD CHOLANAGAR, BANGALORE	India
S2-703267220	PHYSICAL THERAPY GOLDEN CLINIC CORP	1209 THOREAU LANE, ALLEN, TX	US
S2-841806453	M/s Radheshyam Service Ltd	ALPHA PLUS, OFFICE NO. B3/704-A, NEAR GSPC GAS, RAIYA TELE. EXC., 150 FEET RING ROAD, RAJKOT, ગુજરાત	India
S2-781969377	LC Overseas Pvt Ltd Services	Rajasthan, PLOT NO-II-61, MURLIDHAR, VYAS NAGAR, VISTAR YOJANA, BIKANRE	India
S2-763656124	Alpine Primary Care Center-Corporation	1612 H, ALPINE, TX	US
S2-344085581	BANGALORE TRADING PVT. LTD. [SERVICE]	39/24, THIMMA REDDY ROAD, APPAREDDYPALYA, BANGALORE NORTH, Karnataka	India
S2-31971701	Integrated Intelligence Works Co	19549. Cambridge Rd, MUNDELEIN, IL	US
S2-693307120	Tammaro Adr LLC [Center]	TX, STEPHENVILLE, 12560 377	US
S2-431255095	Hilsa Pharmaceuticals Corp	#43 C/O- ANIL KUMAR BHARTI, VILL- SIPARA, RERI, HILSA, Bihar	India
S2-35021649	Sr Resorts Private Ltd	DOOR NO B3/794 THE FIFTH AVENUE E-1, 4TH FLOOR, NEAR L&T HOUSE, PUNE CITY, Maharashtra	India
S2-446130328	ୟୁନିକ୍ ଇନଫ୍ରାଷ୍ଟ୍ରକଚର୍ ଲିମିଟେଡ୍	PLOT 501 C/O MARK RAITA, GAJAPATI, Orissa	India
S2-977796762	Apex LLP Center	125 HARSHDEEP BUSINESS, FIRST FLOOR NANAKHEDA, UJJAIN, Madhya Pradesh	India
S2-984543883	Shri Saturn Finmark Limited Private	FLAT NO. G-333 , POCKET-2, SECTOR-19, DWARKA, NEW DELHI, Delhi	India
S2-814239836	Pioneer Imperii (LLC)	MOUNT HOPE, WV, 331  KELLY AVE	US
S2-460552614	Memorial Corp Service	1565 FOSTER AVE, MEMPHIS, TN	US
S2-311044209	Pappu Nídhi Ltd	CS.NO.606/1/A, E WARD, BASEMENT NO-1 CHAITANYA SANKUL, SHAHUPURI 1ST LANE, KOLHAPUR, Maharashtra	India
S2-619859806	Pediatric  Health	34A STRAWBERRY LANE, CITY OF APPLETON, WI	US
S2-667391262	Juliette's Service	37-A MICHAEL ROAD, LYNN, MA	US
S2-370549501	Shree Limited Private Solutions	NO.162, ERIKARAI STREET, VIRUGAMBAKKAM, Tamil Nadu	India
S2-842456481	NEXT COLLEGE CORPORATION	NEAR KHALSA FOOTBALL GROUND HUMAYNPUR, SIRHIND, Punjab	India
S2-640558071	Lumbelo	BUTTE FALLS, N/A, 3376 Fish Lake Rd, OR	US
S2-813814366	ਸੂਰਜ ਡਿਵੈਲਪਰਜ਼ ਪ੍ਰਾਈਵੇਟ ਲਿਮਟਿਡ	SCO 86 7TH FLOOR BLOCK-B, AMRITSAR, MEHAR TOWER RANJIT AVENUE, AMRITSAR, Punjab	India
S2-674028684	Allied Nursing Home Private	#8-2-692 , FLAT NO. 203A, 1ST FLOOR, LA PALOMA CAVES APARTMENTS, ROAD NO. 12, BANJARA HILLS, HYDERABAD, KHAIRATABAD, తెలంగాణ	India
S2-290759547	Desert  Secure Emerging, Ltd	31 MCKEE STREET, FLORAL PARK, NY	US
S2-952052122	Bibb Bibb Northwest	17785 81ST PL, DURHAM, OR	US
S2-789935686	Aditendri Care	12B ROYD ST1ST FLR, KOLKATA, পশ্চিমবঙ্গ	India
S2-755481720	East Cornerstone  Viii LLC	15407 BRINTON WAY, BRANDYWINE, MD	US
S2-388362035	BEHAVIORAL HEALTH CLINIC CORP	##1832 BURGESS LANE, PHOENIX, AZ	US
S2-339884517	Lyrioyn Avalanche of Hartford Twp LLC	011476 SCHOOL LANE RD, HARTFORD TWP, OH	US
S2-339737852	Adams,, Jordanna M.D., Dds [Pc]	FOURTH STREET, NEW ROCHELLE, NY	US
S2-13281882	Henry Pacific Horse Holdings	AR, 474 DELTA CIRCLE, SHERIDAAN	US
S2-164746426	हरि एंटरप्राइजेज प्राइवेट लिमिटेड	105, MUMBAI, महाराष्ट्र	India
S2-378867947	URBAN BOOK STORE! (CLINIC)	3320  DODGE PARK ROAD, HYATTSVILLE, MD	US
S2-986923268	LLC Applied Realty Digital	3953 GROSSBEAK DRIVE, CONCORD, NC	US
S2-180473955	वन इंडस्ट्रीज प्राइवेट लिमिटेड	432 SECTOR 56, GURUGRAM, GURGAON, हरियाणा	India
S2-410671671	Behavioral Héalth Beacon Center	8308  LAKE LOUISE DR, THEODORE, AL	US
S2-553297806	Mumbai Picturres Private [Limited]	NO #735 C-202, SATELLITE PARK, CAVES ROAD, JOGESHWARI (EAST), MUMBAI, Maharashtra	India
S2-194744595	ફ્યુચર બિલ્ડર્સ પ્રાઇવેટ લિમિટેડ	B/15 BHAGWATIPARK SOCIETYOPP TUBE CO OLD PADRA ROAD, VADODARA, Gujarat	India
S2-829124015	Palmiter Health Center Inc.	19 BREWSTER ST, PRROVINCETOWN CITY, MA	US
S2-22700931	M/s Raj Private It Limited	West Bengal, 503 DD-1, SHYAM KUNG, NARAYANTALA EAST, 24 PGS NORTH	India
S2-870071391	JOBYNA BATRES [COMMERCE,]	1706- MAGNOLIA BEND, BAYTOWN, TX	US
S2-377001396	FEDERAL DEEELOPMETN	1840 YORK ROAD, LUTHERVILLE, MD	US
S2-804822084	Womens Health Specialists  Inc	BOSTON POST RD, SUDBUURY, MA	US
S2-706770555	Spring Pediatric Cecfe Associates Inc	17824 Cluster Ct, SPRING, TX	US
S2-564690281	LIDIA'S ITERLORS ITERLORS	345 WEBBER ST, LOWELL, MA	US
S2-423447509	Dell Wilson, M.D., M.D., P.C.	VEAZIE CUMBERLAND RD, ENUMCLW, WA	US
S2-242468905	Barrow Strategic Ltd (Graf)	NY, 218 Boulder Road, null, SOLVAY	US
S2-930351241	HOLM GREEN WESTIN	115 BARNARD DR, WILMINGTON, NC	US
S2-189729084	Jones Best Tge Partners Inc	3931 KEISHA DR, MOORPARK, CA	US
S2-495928960	VALLIERE, SHAFFER + RAPOSA EAST CORPORATION	#4503 108ND AVENUE, KIRKLAND, WA	US
S2-130291706	Baptist Fifth	11406 PIPESTONE ST, MARANA, AZ	US
S2-615909795	గెలాక్సీ ఇన్వెస్ట్‌మెంట్స్ ప్రైవేట్ లిమిటెడ్	10-5-37/1/1, MASAB TANK, HYDERABAD, Telangana	India
S2-716107739	Mountain-Wen LLC	24 DEWEY ST, WATERTOWN, MA	US
S2-731693234	Krittech Hospiatlicy Private Limited	FL.B-101, NAKSHATRA DREAMS, NEAR ANAND SOC., SHIRUR, SHIRUR, Maharashtra	India
S2-916871057	Blue Better  Law Group	18064 1/2 VILLA RITA DRIVE, PHOENIX, AZ	US
S2-580390359	M/s SUNRISE FURNISHERS	40-B YUSUF, NEW DELHI, Delhi	India
S2-794412447	Global Products लिमिटेड	H-NO- D- 1/72- A, LANE NO. 7, MAHAVEER ENCLAVE, दिल्ली	India
S2-113964806	6-BRÓTHERS	103  HARVEST RIDGE DRIVE, FREDERICK COUNTY, VA	US
S2-294434771	సాయి కన్‌స్ట్రక్షన్స్ ప్రైవేట్ లిమిటెడ్	SURVEY #37/E, 37 & 38, FLAT #201, 2ND FLOOR BLOCK NO:6, GREEN TERRACES, BANDLAGUDA, UPPAL, HYDERABAD, తెలంగాణ	India
S2-154479629	City Índustries LLP	NO 5/75 PADAM SINGH ROADKAROL BAGH, NEW DELHI, Delhi	India
S2-193041496	ಲಕ್ಷ್ಮಿ ಇಂಜಿನಿಯರಿಂಗ್ ಪ್ರೈವೇಟ್ ಲಿಮಿಟೆಡ್	H.NO 19, 2ND FLOOR, REDIFICE MADDIX EDGE, JAMAMAHAL MAIN ROAD, JAYAMAHAL, BANGALORE, BANGALORE NORTH, Karnataka	India
S2-991944026	ஸ்கை அக்ரோ லிமிடெட்	P NO. 28, TIRUVALLUR MAIN ROAD, GUDAPAKAM, POONAMALLEE, TIRUVALLUR, Tamil Nadu	India
S2-271901025	Advent-Br0thers Exports Pvt. Ltd.	BUILDING NO.#10/499, HILL ROAD, ALUVA, Kerala	India
S2-68547182	academy intelligent llp	711/712, VASHKAMAL 7TH FLOOR SAYAJIGUNJ, Gujarat	India
S2-808728262	Crystal  Public LLC	85 HEWITT AVENUE, STATEN ISLAND, NY	US
S2-136208372	Hotel Seere Limited	<NULL>, H.NO 42/1041/293 SATYA NAGAR, SEMILIGUDA, KORAPUT, Odisha	India
S2-216945512	Lumkor Chárities	CITRUS HEIGHTS, ##7509 MADISON AVE, CA	US
S2-960693506	ரெட் ஹெல்த்கேர் பிரைவேட் லிமிடெட்	HUBLIV SPACE, PLOT NO.90, 2ND FLOOR, 3RD CROSS STREET, PHASE 2 THIRUMALAI NAGAR, ANNEXE, PERUNGUDI, SAIDAPET, KANCHIPURAM, தமிழ்நாடு	India
S2-277830258	Jadhav & Associates Co	PLOT D/11 NO-6, BAGICHI NO-3, SF, (L/P), NEAR SHALIMAR CINEM, NEW DELHI, दिल्ली	India
S2-947466256	BRIGHT BOOK STORE LLC	33 HAZEN NOTCH ROAD, LOWELL, VT	US
S2-182677596	एपेक्स प्रोडक्ट्स लिमिटेड	MUMBAI, MUMBAI CITY, Maharashtra	India
S2-949467335	रॉयल टेक प्राइवेट लिमिटेड	G-2208, 22ND FLOOR, CYBERONE, PLOT NO. 4 & 6, SECTOR - 30A, VASHI, NAVI MUMBAI, THANE, महाराष्ट्र	India
S2-472555582	YOUNG LAW CHAMBERS EXPORTS	N-00107/A, GROUND FLOOR, BATLA HOUSE, JAMA NAGAR, OKHLA, Delhi	India
S2-661036235	Gaya Technologies	H/O MANISH KUMAR SINHA SATSANG NAGAR, SHERGHATI, GAYA, Bihar	India
S2-420960738	tejanshmills.com	9 GRD FLOOR, PLOT-21, PAIS STREET DUBASH BUILDING, NEAR BYCULLA RLY STN (W, ), MUMBAI, N/A, महाराष्ट्र	India
S2-876145747	Ruiz Advanced Pípeline Corp Corp	65 HAWLEY ROAD, CHARLEMONT, MA	US
S2-468700275	Center Carmina's Inc	4960 LEE VALLEY ROAD, ROME, NY	US
S2-995746647	MUMBAI MÁRINE [PRIVATE]	C-226 ZEE CORPORATE PARK ZEE SHAN, MG ROAD VILE PARLE EAST, MUMBAI, Maharashtra	India
S2-256868825	Titan Hfbgh Private Limited	दिल्ली, G-74, HEMKUNT COLONY	India
S2-174939675	Inc Schumacher Signs Downtown	15355- ROSEMONT MANOR DRIVE, HAYMARKET, VA	US
S2-950186849	आनंद बिजनेस लिमिटेड	C/O SHRI BAPURAO MAROTI, TALANI TQ & DIST NANDED, NANDED, Maharashtra	India
S2-169316016	Mr Blue Infra (Ibntddi)a LLP	DOOR NO 14 THROUGH SUDEEP KR SHROTRIYA, E-31, BASEMENT ENCLAVE-II, NEW DELHI, Delhi	India
S2-890463640	Fairbanks Pizza Co	232 LINDEN ST, PORT CLINTON, OH	US
S2-988075850	रियल इन्वेस्टमेंट एलएलपी	7-45 EAST END ENCLAVELAXMI NAGAR, NEW DELHI, EAST DELHI, Delhi	India
S2-291923318	हाई एक्सपोर्ट्स प्राइवेट लिमिटेड	2-A, SIDDHARTH NAGAR, GATORE JAGATPURA ROAD, JAIPUR, Rajasthan	India
S2-314658894	Hinojosa Groves Direct	#817 EASTMOOR DR, BULFFTON CITY, IN	US
S2-48963502	MEHTA ANNTIIES  LLC	7737- POMEROY CT, HENRICO CITY, VA	US
S2-150634918	Prime Creative Associates L.L.C.	38 WHISPERING WIND DR, WISLOW, AZ	US
S2-724723594	-- Simpson Regional Central LLC Center	229A NEW BRIDGE STREET, WEST SPRINGFIELD, MA	US
S2-322245462	इंडो फूड एलएलपी	63 AKSHAY NAGAR, SAMPATCHAK, PATNA, Bihar	India
S2-562303878	Rízasolcalo	340 OLD 22 LN, HUNTINGDON, TN	US
S2-82856803	Capital Legacy Vornado Inc.	202 CROSS, BENTON, AR	US
S2-298712121	HATTIE  BONOMO-QUALITY AGNC PARTNERS	UNION RD, BUFFALO, NY	US
S2-294338341	பிக் கன்ஸ்ட்ரக்ஷன் பிரைவேட் லிமிடெட்	B1-3G PLAZA TRANQUIL ACERS 200 FEET MMDR ROAD KOVILAMBAKKAM, CHENNAI, Tamil Nadu	India
S2-650270939	Wexnovi	151 GAYLORD ST, BUTTE, MT	US
S2-447785689	Horizon Inc (Printing)	32 LEYDECKER RD, WEST SENECA, NY	US
S2-748968276	Ethelyn-Swinehart Anchor Staked Partners	CO, 260-264 DEER TRAIL AVENUE, EL JEBEL	US
S2-932841417	Robbin Drum, DMD, PC Holdings	2626 BUCKINGHAM PLACE, CITY OF BROOKFIELD, WI	US
S2-708727646	Croyance Construction Industries	82, RAJGIR CHAMBERS 8TH FLOOR, NEAR CENTRAL LIBRARY, 12/14 SHAHID BHAGAT SINGH ROAD, FORT, MUMBAI, Maharashtra	India
S2-995454342	भारत टेक्नोलॉजीज प्राइवेट लिमिटेड	HOUSE NO. 204/A AND 204/B RANJANPADA VILLAGE, KHARGHAR, THANE, Maharashtra, H.NO 401	India
S2-566728597	J0ly Vanwyk Arch, LLC	13611 SAN MARTIN LN, NULL, HOUSTON, TX	US
S2-293477711	Wheeler, Kora W., D.C. Holdings	16050 BARBAROSSA DR, HOUSTON, TX	US
S2-237499913	A TRADING PC CENTER	2432 HERITAGE VIEW LN, THOMASVILLE, NC	US
S2-558505389	Clyelle Inc. Service	43- Mountain Pass Rd, NEW CASTLE, VA	US
S2-42669710	Proctor Mace & Kibler	3405 RESEDA COURT, CITY OF CAMARILLO, CA	US
S2-737922279	The Gráham Dime LLC	35-35 JUNCTION BLVD, <NULL>, CORONA, NY	US
S2-166986252	Corp Aguilar, Bnoi, DO	1054 BELMONT AVENUE, ALBANY, OR	US
S2-594607876	EAR NOSE & THROAT SPECIALISTS P.C.	3016 63RD ST, OMAHA, NE	US
S2-668513597	బిగ్ ఇన్‌ఫ్రాస్ట్రక్చర్	Telangana, DOOR NO 7TH/1 FLOOR, HYDERABAD, THE WATERMARK, PLOT NO.11, SURVEY NO.9, WHITE FIELDS, KONDAPUR, HITECH CITY, HYDERABAD	India
S2-972051451	Applied Construction  Innovations LLC	1280-1284 200, SALT LAKEE CITY CITY, UT	US
S2-637868384	*** PATRI0T  BRIACELL LLC	TUMBLEWEED TRL, PIONEERTOWN, CA	US
S2-517140140	Meridian Llc	2605 KENNEDY LN, TEXARKANA, TX	US
S2-680761610	New Dscei Enterprises Associates	H.NO 2ND FLOOR C-702, NEW FRIENDS COLONY, NEW DELHI, दिल्ली	India
S2-770751342	Prairie Express  Freedom Holdings	AR, 324 LAFAYETTE 26, STAMPS	US
S2-263622543	Western Journeys Private Ltd	S-#502 TOWN CENTRE, CTS NO. 165 MAROL VILLAGE, ANDHERI (EAST) NEAR MAHALAXMI, MUMBAI, Maharashtra	India
S2-243092207	WILSON PLATINUM OCCUPATIONAL THERAPY LP	6 TREETOP LN, LYNNFELD, MA	US
S2-846262463	8arasat (india) Private Limited	PATINCHA, BARASAT, HOOGHLY, West Bengal	India
S2-656948848	Harris  Ridge Sbtad LLC	437 NAVE HOLLOW LOOP, ELIZABETHTON, TN	US
S2-981453578	INDIA SUDARSHAN METALS PVT	SSB 0084, SECTOR 13P, HSAR, हरियाणा	India
S2-686366565	Watertown Eye Strategic  Medicine	32 ROSE AVE, WATETROWN, MA	US
S2-519791558	Delaney Pyrophyte	27414 PARKER SPEING CT, KATY, TX	US
S2-799457865	Unique Guest	4, KHATODARA IND. SOC., NR. RAM SHAND HOSPITAL, SURAT CITY, Gujarat	India
S2-591277113	Continental League	SPOTSYLVANIA COUNTY, 11171 SUSSEX COURT, VA	US
S2-158363027	PEDIATRIC DETLGTFAY COASTAL PARTNERS GROUP	CHURCH HILL, 699A OKOLONA RD, TN	US
S2-380743763	BHARAT INVETEMTS PRIVATE  LIMITED	P.NO.6-6, AT &TOLA, SANGRAMPUR PANCH-LAKSHMIPUR, CHIRAIYA, P.O-, LAUGAIN, P.S+BLOCK AMARPUR, Bihar	India
S2-610799828	DC Ligand	1217 RAMONA AVENUE, CHINO, CA	US
S2-781156831	Commission  on Sanitation Corp	3375 OAKLAWN CIR, BLOOMINGTON, IN	US
S2-162228388	LUGO, MIROTIN AND MICHALOWSKI SHORT OF DUBLIN	8958 LEA CT, DUBLIN, OH	US
S2-790716224	Zheng Four	9493 1/2 STEPHENS-YOUNG RD, CAMDEN, OH	US
S2-742578480	Chitoor Haealtcrae Pvt. Ltd.	18-939 PRAKASHAM HIGH ROAD REVENUE WARD NO.18, CHITOOR, Andhra Pradesh	India
S2-381785440	Cardiology Ace	3709- SECOND STREET, GREAT BEND, KS	US
S2-792941939	All Rocky Evolution Ltd	1469 CR 5714, NATALIA, TX	US
S2-64011562	मॉडर्न लॉजिस्टिक्स प्राइवेट लिमिटेड	0024 C/O VILAS R DHABEKAR, NAGPUR, GANDHIBAG, Maharashtra	India
S2-137658355	Metropolitan-Wealth [Networks]	CHARLOTTE CITY, 14 PARK FAIRFAX DRIVE, NC, <NULL>	US
S2-532776476	NEW DELHI	S-##45, 3RD FLOOR PHASE II, OKHLA INDUSTRIAL AREA, NEW DELHI, दिल्ली	India
S2-306658048	mateshwari [trust]		India
S2-926723118	Empire Clear Aldel		US
S2-867730028	Cea (Co)	1808 FAIRFIELD DRIVE, DOTHAN, AL	US
S2-633921347	Amitie Peterson L.C.S.W. PC	11055 TEXAS STATE HIGHWAY 11, SULPHUR SPRINGS, TX	US
S2-594381269	Maa Padmavati  Holdings	HN 6-442 157, BLOCK NO. 14, 12 BISWA, CHOTI MATA MANDIR, AMANPURA, GURUGRAM, Haryana	India
S2-746958256	स्मार्ट इम्पेक्स प्राइवेट लिमिटेड	DG-II/0053CVIKAS PURI, NEW DELHI, WEST DELHI, Delhi	India
S2-865536572	व्हाइट इंडस्ट्रीज प्रा. लि.	B- 41, SECTOR 34, ROHTAK, HISAR, <NULL>, Haryana	India
S2-902147205	Jagannath Im Pvt. Ltd.	RAJE COMPLEX SOCIETY LIFT, G.NO.395, NHAVARA, महाराष्ट्र	India
S2-715759077	Enis	3100 WHTIE CEDAR DRIVE, OKLAHOMA CITY, OK	US
S2-879158207	Brij Estates Exports Pvt. Ltd.	#60/50E , 3RD FLOORJC CHAMBERS, PANAMPILLY NAGAR, ERNAKULAM, ERNAKULAM, KERALA, INDIA, ERNAKULAM, Keralam	India
S2-837663921	WASHINGTON  AND MURPHY	##2380 FIFTH STREET, WEST FARGO, ND	US
S2-625641753	ಫ್ಯೂಚರ್ ಬಿಲ್ಡರ್ಸ್ ಲಿಮಿಟೆಡ್	STEERWELL CHAMBERS, IST FLOOR, NO.1, KUMARAPARK EAST, BANGALORE, Karnataka	India
S2-333060453	Hattie Hussain Rre LLC	2303 SKYLER DR, FAYETTEVILLE, AR	US
S2-937509955	Delta  Ministries LLC	313 Romie Snow Rd, DOBSON, NC	US
S2-213100180	Nelson & (Jonhsaon)	5356 WOODLAND TRL, TOWN OF SAND LAKE, WI	US
S2-319761515	Nirmala Institute  LLP	PLOT NO.8, SECTOR-F, SECTION-4, NEW POWER HOUSE ROAD, JODHPUR, Rajasthan	India
S2-491893761	Zetazetaquo	96 RIPPLE WAY, PMB 311, CLAYTON, NC	US
S2-293780930	Grace, Snyder and (Hudson)		US
S2-955679080	CHERILYN BARR THERAPIES SOUTH	795 HAVERSTRAW COURT, CLAY, NY	US
S2-720822553	Chandrakala-Reastauarnt Private Limited	Madhya Pradesh, 89, JAWAHAR MARG, NANDLALPURA	India
S2-583891679	Origo & Sons Private  Limited	PLOT G-313 MNAV ? 29, BENGAL AMBUJA, NEAR JODA HAATH, DURGAPUR MC, West Bengal	India
S2-251222308	വിജയ് സൊല്യൂഷൻസ് പ്രൈവറ്റ് ലിമിറ്റഡ്	TC13/1061/21, THIRUVANANTHAPURAM, TRIVANDRUM, Keralam	India
S2-217992296	Pratik Services-Private		India
S2-329607640	SWASTIK MARKETING MOTORS PRIVATE	F-71, KARTARPURA INDUSTRIAL AREA BAIS GODAM, JAIPUR, Rajasthan	India
S2-854377052	Transasia Plastics Private Limited	H NO 558 , KHANWIDE TAL VASAI, PALAHAR, महाराष्ट्र	India
S2-487166499	Hayford & Parsa	#315 HIGH RIDGE ROAD, PISGGAH FOREST, NC	US
S2-652123001	Horizon Plumbing Corporation	IA, DUBUQUE, 2139 WHITE ST	US
S2-123740075	Arroyo & Armstrong	390 SPRUCE LANE, GLEN ELLYN, IL	US
S2-74076768	Doosft LLC	401-405 1ST STREET, YELM, WA	US
S2-940038507	ZYQ Niwash  Private		India
S2-208815786	Tech Unique  Producer	FLAT NO. 2031, SEC. D, PKT II, VASANT KUNJ, NEW DELHI, Delhi	India
S2-494876351	Yevette's Communications Corp	##4620 AVERILL STREET, HOUSTON, TX	US
S2-631547814	trusted wealth studios, holdings	18664 REDLAND ROAD, NULL, OREGON CITY, OR	US
S2-737745236	Adams Frontier Xflh Ltd	1402 WEST OAK HIGHWAY, WESTMINSTER, SC	US
S2-76923389	Straight Edge Grill Group	159 LITTLE VINE CHURCH RD, CAMPBELLSVILLE, KY	US
S2-372871261	Bay Ridge Molecular [Inc]	3852 TONSLEY PLACE, HIGH POINT, NC	US
S2-964833935	CHILI-BAPTIST ASSOCIATION LTD	5 YANKEE COURT, CHILI, NY	US
S2-699840570	Bogue's Diner Corp	28 ROSE COURT, NORWOOD, MA	US
S2-269216752	Lumial Tpg	507A WILDWOOD DRIVE, PEARISBURG TOWN, VA	US
S2-426752796	गुजरात फाइनेंस प्राइवेट लिमिटेड	C/O PRASANN AZADPURA 1/1 PANCHAYAT BHAV, JHANSI, LALITPUR, उत्तर प्रदेश	India
S2-784613702	Smith, Sandoval & Gary  Spa, Inc	WA, null, 116TH CT, NEWCASTLE	US
S2-714809772	सुपर इंफोटेक	SAHANPUR ROAD TEH. SAFIDON, VILLAGE SAHANPUR, SAFIDON, Haryana, HISSAR	India
S2-696885509	Education Service	3427 BROKEN TEE DR, HOO DRIVER, OR	US
S2-741940589	Integrated Mortgage Midtown LLC Service	26 CEDAR LN, BEAVER COVE, ME	US
S2-498620696	Eureka Kumar Associates	DOOR NO C-789 DOOR NO:12/381/G MULLIAKURSSI, PATTIKKAD P.O, PATTIKKAD, MALAPPURAM, കേരളം	India
S2-318784543	Russell Bright Lightwave Ltd	AL, GADSDEN, ##1343 CHESTNUT STREET	US
S2-964891724	KENDALL, OVALLE &	19604 Blackbear Court, BEAVERTN, OR	US
S2-659087708	Sri SOHAN OVERSEAS PRIVATE LTD	SHOP NOC-19 2ND FLOOR, SHOPPERS SQUARE MAL R14/8, GHAZIABAD, Uttar Pradesh	India
S2-308041768	Text & Co Enterprises	OFFICE C-1201 & 1211, GAYATRI HEIGHTS, CTS 715, TELLI GALLI, NAGARDAS ROAD, MUMBAI, Maharashtra	India
S2-217161866	ANGAD  PLANNERS PARTNERS HOLDINGS	পশ্চিমবঙ্গ, NO 18/2 INDIA EXCHANGE PLACE 1STFLOOR, KOLKATA	India
S2-449660364	Tricolour International School Private	D-702/8, BLUEOASIS I, BLUE EMPIRE COMPLEX, EKTA NAGAR OFF MAHAVIR NGR, NR LK RD, K, ANDIVLI W, Maharashtra	India
S2-766295001	TYLER EQUITY  PARTNERS	VILLAGE OF ELLSWORTH, 218 GRANT STREET, WI	US
S2-445149265	Magill California Inc	6003 GRAND OAKS DRIVE, CORVALLIS, OR	US
S2-659685525	Orthopedic Certified Care Inc	TN, CROSSVILLE, 97 RIDGE LN	US
S2-39969572	West  European Group	2369 1563, WOLFE CITY, TX	US
S2-690500641	RED  TATTOO SERVlCES	43 CEDARWOOD CIRCLE, PIKESVILLE, MD	US
S2-963300188	CHIROPRACTIC-PARTNERS		US
S2-79488526	Shivam Services Private Limited	#909- 1003-1004, DLF CITY COURT, SIKANDER PUR OPP SIKANDER PUR METRO STATION, GURGAON, Haryana	India
S2-164761174	LIMITED PZ AUTO	1-98/5/4/G/5, PLOT NO 65, LEVEL 2, KARAN ARCADE, PATIKA NAGAR, MADHAPUR, SHAIKPET, HYDERABAD, Telangana	India
S2-18394219	Silver Management Private  Limited	DOOR NO 8 , GROUND FLOOR, A WING SAI SUMAN CHS STATION ROAD NEAR ICICI BANK, VIKROLI EAST, Maharashtra	India
S2-241479975	Guinevere D.O. Persaud,	IL, WHEATON, 01393 WOODCUTTER LN	US
S2-812319202	Hale,-Shanda	301 MARBLE SPRINGS LANE, LA MARQUE, TX	US
S2-764952356	Jones Safe-Freight Inc - 6924004100	70 1/2 COPPER RDG, SOUTHINGTON, CT	US
S2-933864043	શક્તિ ટેક પ્રા. લિ.	157, SHUKAN MALL, SCIENCE CITY ROAD, AHMEDABAD, Gujarat	India
S2-927569271	Supreme इंफ्रा प्राइवेट लिमिटेड	H.NO 987 C/O MRS.GORAKHA, VILL. MUHMMADPUR POST. PIPARPATI, MAHARAJGANJ, उत्तर प्रदेश	India
S2-133487711	Premier Telecom Entemrhpnies Center	3145  OLEANDER TRL, BEAVER, IA	US
S2-941411557	सुपर मां इंफोटेक प्राइवेट लिमिटेड	T-302, Madhya Pradesh, SHAHPURA	India
S2-363534521	(LLC) Crystal All	6460 HINKLEDALE ROAD, MCKENZIE, TN	US
S2-454761179	EXS Services	500, SALT LAKE CITY, UT	US
S2-442114438	Viotavosyn	1413 BULLOCK ST, TUSCUMBIA, AL	US
S2-284439219	FRESH HAIR STUDIO OF LACKAWANNA CO	21. VINCENT ST, LACKAWANNA, NY	US
S2-159566092	Stacy Becerra Centers Partners	111 OAK STREET, BREMEN, KY	US
S2-366702753	Glyfelle Kongsberg	SC, 215 SPURRIER COURT, CLOVER	US
S2-573094730	Eye Pinnacle Physicians-LLC Physicians-LLC	20 BEE TREE DR, PETERSTOWN, WV	US
S2-121611732	Richard, Richard, Charlene W., MD Corp	470 EASTGATE LANE, SANTA BARBARA, CA	US
S2-370818838	... Platinum Concord L.L.C.	240- MAIN STREET, PRINCEVILLE, IL	US
S2-50256920	PACIFICCONSUMERADVISORS.COM	1146 SUMMER ST, ROSEVILLE, MN	US
S2-159570331	ഗ്ലോബൽ എന്റർപ്രൈസസ് പ്രൈവറ്റ് ലിമിറ്റഡ്	#786 TC 8/1214, THIRUVANANTHAPURAM, TRIVANDRUM, Kerala	India
S2-512382393	Best Investments Private Limited	H.NO 494 , UP ROYAL COMPLEX, 4TH CROSS SAMPIGE ROAD, MALLESHWARAM, BANGALORE, Karnataka	India
S2-953643315	Dorris's-Research Care Co	Harmon St, LONG BEACH, NY	US
S2-558901774	@coastaltoken	117-D FORESTVIEW DR, DEPEW, NY	US
S2-879472043	llc glypheon ave	510 SEVENTH STREET, ELK RIVER, MN	US
S2-970558196	MGF Infrastructure Center Limited	12, OLD POST OFFICE STREET, 2ND FLOOR, KOLKATA, KOLKATA, পশ্চিমবঙ্গ	India
S2-587381188	Silver Conrscrmer Holdings	BOULDER ST, GILBERT, AZ	US
S2-371692381	Urbanik, Daigle & Agnegso Marketing Inc.	22 SYCAMORE WAY, MEDWAY, MA	US
S2-859269096	LLC Frontier Modern Adr	525 PIRTLE AVENUE, PIRTLEVILLE, AZ	US
S2-350762938	Kummer Blockchain Partners	130 TULANE ST, HOUMA, LA	US
S2-544365657	Jr Foundation Foundation Corp	FLAT 25/B MONARCH CHS LTD., J.B. NAGAR, ANDHERI (E), MUMBAI, Maharashtra	India
S2-648055380	Innovative Entertainment	2905. BERRY AVE, GROVES, TX	US
S2-120391369	ATLANTIC [LASGEG]		US
S2-50083056	Prosys Impex Private	UNIT NO 0050 AND 51, JODHPUR GARDENS, KOLKATA, KOLKATA, West Bengal	India
S2-706697011	Mcdonough Healthcare LLC	39 PRAIRIE ST, BATAVIA, IL	US
S2-614640857	Summit Freight Chetr	##2111 RUCKER AVE, EVERETT, WA	US
S2-959734804	Bright Cáfe	31701 RIM OF THE WORLD DR, FAWNSKIN, CA	US
S2-85926088	Keystone-Frequency Partners	##1169 KESLER RD, FRONT ROYAL, VA	US
S2-438397589	Family-Interstate	TX, 4800 Bayer Hollow Drive, KILLEEN CIITY	US
S2-447441433	The  Dent Hair Studio Inc.	1004 EAST HIGHLAND ACRES RD, NULL, BISMARCK, ND	US
S2-382822437	प्रीमियर कंस्ट्रक्शंस फार्मेसी प्राइवेट लिमिटेड	#27 PIONEER SQUARE GROUND FLOOR, GURGAON, Haryana	India
S2-883087648	Beulah Abert Harbor Pipeline Ltd	3917  RIVER RD, HOPEWELL, VA	US
S2-8849654	Heywood, Sorenson &  Manns Corp	1218- PENDLETON DR, NC, KANNAPOLIS	US
S2-338866041	Signature Vtrre Inc.	##388 PERSHING CT, UNIONTOWN CITY, PA	US
S2-433285729	Johnson,-Heebsley + Hill Reserve Co	327 58ST PL, MESA FALCON FIELD, AZ	US
S2-138068334	Lucky  Ice Cream	2132 MODANO DR, GARLAAND, TX	US
S2-568426737	Hsueh's Cargo Midtown, L.L.C.	21218 ENCANTO BLVD, BUCKEYE CIITY, AZ	US
S2-407017000	Ltd Inscoe's Dévelopment	4364 CROWDY BLVD, SUFFLK, VA	US
S2-261144736	>> #thompsonstaking	87RD PLACE, CHICAGOCDP, IL	US
S2-859924222	CLINIC TREASURY EMPIRE	06230 SLOAN COURT, CHESTERFIELD COUNTY, VA	US
S2-139831055	Kassi Shields, Inc M.D., P.C. M.D.,	N/A, NY, 87-19 126 STREET, RICHMOND HILL	US
S2-529314826	माय जय प्रोड्यूसर ट्रेडर्स लिमिटेड	BLOCK E-77 B-3/15, FIRST FLOOR, KRISHNA NAGAR, SHAHDARA, Delhi	India
S2-297152417	अल्फा स्काई लॉजिस्टिक्स प्राइवेट लिमिटेड	B-4, DELHI, EAST DELHI, दिल्ली	India
S2-330980029	Womens Hlth Care Associates Inc	128 KRISTIN COURT, YORK COUNTY, VA	US
S2-418175589	Bhubaneswar Info Corporation	DOOR NO 216 PLOT NO: 1307/1313, NILAKANTHA NAGAR LAXMISAGAR CANAL ROAD(W), BHUBANESWAR, Orissa	India
S2-94751831	Maya Ventures Co	A-49, 2ND FLOOR, R S PLAZA, BELLARY MAIN ROAD, ABOVE SHREENIDHI VET PHARMA NEXTTO CBI OFFICE, GANGANAGAR, BENGALURU, Karnataka	India
S2-103372442	Kimm Trusted-Vision Center PC	2103 HIGHWAY 14, HARRIET, AR	US
S2-643741452	J/Z Insurance Clnic Inc	911-915 FIRST ST, BLOOMINGTON, IN	US
S2-150882117	Private Bright Software Ltd	GURGAON, Haryana, GURGAON, 00510	India
S2-884963749	శ్రీ ఇన్‌ఫ్రాస్ట్రక్చర్	LIG-052, KPHB COLONY, TIRUMALAGIRI, HYDERABAD, Telangana	India
S2-701990716	AKHIL-TRADERS PRIVATE LIMITED	കേരളം, WARD 3/9, BUILDING NO.27 MAROTTICHODU	India
S2-789881006	PR  Capital Madison Inc.	14 MESIER AVENUE, WAPPINGERS FALLS, NY	US
S2-896696403	PVT. MAGICAL PRODUCER LTD	14/167 SHIVAM APTS NR, AHMEDABAD, AHMADABAD CITY, Gujarat	India
S2-640723488	Colonial Council Partners	NY, 29 MILLBURY LN, CENTEREACH	US
S2-597243519	525 Park Place Properties, L.L.C.	961 DAES RD, MOBILE, AL	US
S2-723173412	Deum Global [Holdings]	1346 RAINBOW ROAD, SHERMAN, TX	US
S2-849436272	RQ  Global - 4430525197	H.NO B3/653 23, PAVAT SUT SOCIETY JIVRAJ PARK, AHMEDABAD, Gujarat	India
S2-238469305	CJ PACKAGING PVT LIMITED	FLAT NO-C/C-511, RASULGRH, M CLAVES, BHUBANESWAR, Orissa	India
S2-485969289	Kashi Vaishno Private	F-1804 APARNA SAROVAR, GULMOHAR PARK, SERILINGAMPALLY, Telangana	India
S2-80911610	Legacy Supply Inc	3507 WHITE STREET, NOMA, FL	US
S2-384556840	Steelworkers Local Union 442 Corp	45-47 PINE CLIFF RD, WEYMOUTH, MA	US
S2-600313473	ADRIENNE MLINA CRYSTAL MIDLAND VALLEY	4030-C BROADWAY AVE, DES MOINES, IA	US
S2-459061465	OLLIE NUNEZ SARATOGA CO	220 DEVELOPMENT STREET, HOUMA, LA	US
S2-912435652	IDEAL ACAACFEMY CO		India
S2-759979128	Regi0nal Edison, L.L.C.	ANTIGUA DRIVE, COLUMBUS, OH	US
S2-306120553	సూపర్ ఆగ్రో ప్రైవేట్ లిమిటెడ్	H.NO 8/2, H.NO:3-45-42, VIJAYA NAGAR COLONY, PICKET ROAD, PICKET, HYDERABAD, SECUNDRABAD, తెలంగాణ	India
S2-283725613	Wynn & Row Coastal LLC	##627 CARSON RD, GASTONIA, NC	US
S2-205121019	Desai and Live Patrick	3917 DOUGLAS HWY, CITY AND BOROUGH OF JUNEAU, AK	US
S2-759079441	LLC Cornerstone Saldr Rmg	##2972 APPALACHIAN HIGHWAY, HOKES BLUFF, AL	US
S2-947318362	Wilson Onelin Partners	323 3RD STREET, DEPUE TOWNSHIP, IL	US
S2-439483413	Nelson, Rosene T., MD Inc	1822 TIMBER CREEK CT, DAYTON, OH	US
S2-434575880	GEDYNE TECH	28 CIRCLE LOOP, STONY POINT, NC	US
S2-878671698	Workman United Oceanhawk Southside LLC	NULL, MN, SAINT PAUL, 1578 ARKWRIGHT STREET	US
S2-261405250	@BAPTISTADVANCED	42 FARRWNOD DRIVE, ANDOVER, MA	US
S2-684055122	Oliver and Lester Holdings	WHEELERSBURG, OH, 8221 GREEN STREET	US
S2-855836919	Carriere Holding Company Holdings	2230 COUNTY ROAD 3540, CLEVELAND, TX	US
S2-956708079	East Endocrinology	1926 PATTON DR, INDIANAPOLIS, IN	US
S2-937484560	டிஜிட்டல் டிரேடிங் பிரைவேட் லிமிடெட்	NO 6-3, GOPICHETTIPALAYAM, ERODE, Tamil Nadu	India
S2-108090038	Triace & Co Holdings	NO 308 A, BLDG NO 18, SAISIDDHI CHS PREMIER AUTO COMPOUND, KIROL ROAD, KURLA W, MUMBAI, Maharashtra	India
S2-330518097	MAGNUS HOTELS PRIVATE LIMITED	NO 181 (SHOP-L-5), PANBASTEE, CHOWMATHA BAZAR, NORTH 24 PGS, HALISAHAR, পশ্চিমবঙ্গ	India
S2-133609214	Golden Coffee	4271 TOWNE LAKE CT, IRVING, TX	US
S2-591448531	MARTINEZ PARTNERS ÍNC.	51 BATTEESE DR, CICERO, IN	US
S2-403364722	Upper Silver Healthcare	12188 ADIE CT, CINCINNATI, OH	US
S2-142314444	choyodetteod.com	246 BRECKINRIDGE DRIVE, FAIRFIELD, CA	US
S2-22847673	Deming and Nunez Riverside Co	1660 BRECKENRIDGE COURT, INDIANAPOLIS, IN	US
S2-956579766	Senger Chicago of Memphis Inc.	TN, HYACINTH DRIVE, NULL, MEMPHIS CDP	US
S2-700462260	Robins Colombier  Incorporated	3585 KELLY ST, PORTLAND, OR	US
S2-742941063	NEW DELHI EDUCATIONAL PRIVATE LIMITED	NO 107 H-13 GROUND FLOO, WEST PATEL NAGAR, NEW DELHI, Delhi	India
S2-165809100	chiropractic care associates, llc	BROOKLYN, NY, 1269 81 SAINT	US
S2-260726129	STARK FICNNSE INDUSTRIES	NO ##11 SILK HOUSE SILKBAZAR, MUMBAI, Maharashtra	India
S2-460653265	TALIN PUBLIC SCHOOL	FIRST FLOOR, SAMIR COMPLEX, ST. ANDREWS ROAD, BANDRA (W), Maharashtra	India
S2-629086028	-- Koala Partnership  Pvt Ltd	NO C-611 OC HOUSE, MALAPPURAM, MALAPURAM, Kerala	India
S2-997834977	RPS TECH LIMITED-CENTER	Maharashtra, 302 - A, CITY POINT, DHOLE PATIL ROAD	India
S2-655987074	WPT India - 4047149249	A-4-306, GANESH GLORY-11, NEAR BSNL OFFICE, JAGATPUR, DASKROI, Gujarat	India
S2-267363219	Portugal Hoem Care	MONTVILLE TOWNSHIP, OH, BAINBRIDGE DRIVE	US
S2-226551251	Behavioral Health-LLC	3407 VALEY HAVEN DR, KINGWOOD, TX	US
S2-625786247	Risley & 5alcedo Voya Inc	1083 TOWNER DR, BOLINGBROOK, IL	US
S2-984943631	BRETT LAB [CORP]	CHEEK ROAD, DURHAM, NC	US
S2-74877522	Sparrow Advisors Limited	99 PITALE PRASAD, 85 WORLI SEA FACE, MUMBAI, Maharashtra	India
S2-729028339	लोटस एग्रो प्राइवेट लिमिटेड	Uttar Pradesh, A-33, NOIDA, GAUTAM BUDDHA NAGAR	India
S2-907097480	OPTIMUS CREW VENTURES  PRIVATE LTD	NO 65/43, MULLA SAHIB STREET, TONDIARPET FORT ST GOERGE, Tamil Nadu	India
S2-423368397	Standard Packaging Digital	DECKERS POINT RD, EAST MAHONING, PA	US
S2-950124108	SUPERIOR PACKAGING WÓRKS EASTGATE	14896  ESCONDIDO DR, LITCHFIELD PARK, AZ	US
S2-517668630	National Ícntlative	2656 BAYSHORE DRIVE, DICKINSON, TX	US
S2-470363816	Sunita Durables Private Private Ltd	RNO-203, PARTHNA APT., SUYOGNAGAR CHULNA, VASAI, VASAI, Maharashtra	India
S2-729718584	Vanguard Diagnostic (Services)	282D HOWARD ST, LUDLWO CITY, MA	US
S2-891948772	Kwick & Sons Prnaee Limited	SHOP NO S-181, HAWARE FANTASIA BUSINESS PARK PLOT NO 47, SECTOR 30A, VASHI, NAVI MUMBAI, Maharashtra	India
S2-144021117	यूनिक प्रोड्यूसर प्रा. लि.	640/1, ALLAHABAD, Uttar Pradesh	India
S2-45095333	क्लासिक प्रोड्यूसर प्राइवेट लिमिटेड	K. NO./5, JAIPUR, राजस्थान	India
S2-770769195	Clean Best Edison Corporation	5784-C FOREST HAVEN TRL, DALLAS, TX	US
S2-606589402	Innovative Cánnabis, LLC	2002 JOHN RUSSELL CIR, PA, CHELTENHAM TOWNSHIP	US
S2-99946185	Ayala Strategy	RALEIGH, 1311C RIO FALLS DR, NC	US
S2-92835928	A X Wagner Creative Inc	507 MARGARET ST, ROYSE CITY, TX	US
S2-475420641	Meza Cóntrols LLC	#211 VON HUENFELD STREET, MASSAPEQUA PARK, NY	US
S2-976205330	TU Paceline  Inc.	MA, 31 BACON ST, PEPPERELL	US
S2-335860	Bright Empire Defense	MARLBORO TWP, OH, 9707 COLUMBUS RD	US
S2-223053996	Rosie Ivy	2074 Marshfield Rd, CLLEVELAND, OH	US
S2-500771794	Meyer's Se1ect  Grill	805 LONG SAINT, NEWWARK, AR	US
S2-800694119	marketing san logistics private limited		India
S2-912381259	Hepner Hepner Abacus	1011 PAWNEE DR NW, CEDAR RAPIS, IA	US
S2-772249585	Blue Diner-Fort Wórth Ltd	8825 MYSTIC TRL, FT WORTH, TX	US
S2-958334110	ಡ್ರೀಮ್ ಟೆಕ್ನಾಲಜೀಸ್ ಪ್ರೈವೇಟ್ ಲಿಮಿಟೆಡ್	#99, 1ST MAIN, 6TH CROSS, LNT LAYOUT KEMPEGOWDA NAGAR, HEROHALLI, BANGALORE, Karnataka	India
S2-162194884	wunderlichfashion.com	721 16ND ST, PORTALES, NM	US
S2-701906667	CHERRY MOULTON KEYSTONE LATIN LLC	##117 ELM ST, ZEIGER CDP, IL	US
S2-620647719	NGUYEN BREMER INC  CENTER	1195 PERIMETER ROAD, DEER LODGE, MT	US
S2-54240060	Developers Smart Impex Co	KHASRA NUMBER 1232 VILLAGE - RAJOKRI, NEW DELHI, Delhi	India
S2-827197931	Golden, Jordan and Re Summit Corporation	876 KOHLMAN LN, SAINT PAUL, MN	US
S2-879440884	यूनिक इंडस्ट्रीज प्राइवेट लिमिटेड	H.NO 787 C 321 SECOND FLOOR, SUSHANT LOK PHASE 1, PARK, GALLERIA DLF-IV, GURGAON, हरियाणा	India
S2-476525997	CAUGHEY'S PHARMACEUTICALS	5 MANSFIELD LOOP, MONTANA CITY, MT	US
S2-206316243	I K Carvalho Íthax, L.L.C.	1106 CHATSWORTH DR, ANNA, TX	US
S2-353393611	corp pest brothers	K.V.RANGAREDDY, MEZZANINE FLOOR, PLOT NO 11, SURVEY NO 9, HITECH CITY, HYDERABAD, Telangana, THE WATER MARK BUILDING	India
S2-546127792	Orthopedic Specialists of Harrisonburg City Greater	888 VINE ST, HARRISONBURG, VA	US
S2-520524718	Shepherd and  Katzman	1207. 30TH STREET, PARKERSBURG, WV	US
S2-750473552	Gonzalez Altisource, Tri-State LLC	2193 PENIL RD, SPENCER, WV	US
S2-2307515	OAO Dyechem Enterprises Private Limited	423, 4TH FLOORCOMMERCIAL HOUSE 9/1, CUNNINGHAM ROAD, BANGALORE, Karnataka	India
S2-322877870	TI PLUTONIAN		US
S2-392482719	JOHNSON, L.C.S.W., MARIELLEN, P.C.	445 COMMERCIAL STREET, SALEM, OR	US
S2-672082301	West Patel Nagar Online	B3/3/31, THIRD FLOOR, WEST PATEL NAGAR, Delhi	India
S2-11984599	रियल फाइनेंस प्राइवेट लिमिटेड	##70, DELHI, BASEMENT MANAK VIHAR, दिल्ली	India
S2-614212862	DT WÍLLOW (INC)	7372 STONY PT ROAD, SUGARCREEK, OH	US
S2-19299067	Sonia  Washington Virtus	27411-D 147TH AVENUE, BATTLE GROUND, WA	US
S2-34671123	Mr CONTINENTCONSTRUCTIONSCENTER.COM	NO 725 123, GOLD CREST BUSINESS PARK, KAILAS ESPLANAD LBS ROAD, GHATKOPAR WEST OPP SHREYAS CINEMA, MUMBAI MAHARASHTRA, MUMBAI, महाराष्ट्र	India
S2-979680303	Sturgeon Víne	5811 LAMINAR CREEK RD, CEDAR PARK, TX	US
S2-354912564	JUPITER &  BROTHERS PVT LTD	NO 4116, ANKANATHESHWARA NILAYA, 3RD CROSS, KUMARASWAMY LAYOUT II STAGE, ಕರ್ನಾಟಕ	India
S2-417269575	Lotus  Industries Pvt Ltd.	1, NEAR RAILWAY LINE ZONE- 2, M.P. NAGAR, BHOPAL, मध्य प्रदेश	India
S2-404259958	সান ভেঞ্চারস প্রাইভেট লিমিটেড	67/40 STRAND ROADCROSS ROAD NO 22 PS BARA BAZAR, KOLKATA, CALCUTTA, পশ্চিমবঙ্গ	India
S2-294219540	Private Maha Fab Ltd	ADESHWAR DARSHAN CHS LTD, RAM MARUTI ROAD, MUMBAI (NORTH), महाराष्ट्र, THANE, 201	India
S2-959150948	Pinpoint Center	783/3, BHAIROBACHI ALI, NEAR BHAIRAVNATH TEMPLE, LIMB, SATARA, Maharashtra	India
S2-154472882	RFQ Street	835 ISOLA BELLA LOOP, LAKE HAVASU CITY, AZ	US
S2-856654739	ECONOMIC  DEVELOPMENT CENTER LLC	465A PINE SAINT, LARAMIE, WY	US
S2-487450523	Diane Rose Airlines Ltd	81A TURNSTONE TER, STOUGHTON, MA	US
S2-575370403	MESQUITE ADVANCED  RESEARCH CORPORATION	1736 HIGHLAND ST, MESUQITE TOWNSHIP, TX	US
S2-188726759	HAZEL GREEN, TÓWN	##1352 CARTER GROVE RD, HAZEL GREEN, AL	US
S2-26126776	MAIN  STREET PIZZA LLC	3242 CHICAGO RD, STEGER, IL	US
S2-55136200	APNA-STUDIOS OVERSEAS PVT LTD	NO 6-1 BENARAS ROAD, KALACHARA, CHANDITALA, HOOGHLY, KOLKATA, West Bengal	India
S2-382115578	UPPER  ROODAAE INC	CHERRY CIR, RALEIGH, NC	US
S2-660426546	Value Jab (ID: 53684)		US
S2-118228907	Smt Sanwariya Memorial [Trust]	NO 2-1NEW GRAIN MARKET SUNAM DISTT SANGRUR, PUNJAB, Punjab	India
S2-339853392	Grace Community Church Downtown	8727- ANZIO ST, FORT IRWIN, CA	US
S2-945813340	CE Ínternational Ínternational LLP		India
S2-360801547	WDB Productsprivate [Centre] [Centre]	NO 310 , K KRUSHNAKANT COMPOUD, NR. GOTALAWADI, SURAT CITY, Gujarat	India
S2-645209515	Zetalum [Fellowship]	561- BROCKENBRAUGH ROAD, CHESAPEAKE CITY, VA	US
S2-374447205	A CHOICE LENDING [INC.]	2587 1700 ST, BROWNSTOWN, IL	US
S2-826851492	Russo Empire Silverbox	IN, 7002 White River Rd, CAMPBELLSBURG	US
S2-325866948	Neille Rolfes	5313 CRESTMONT STREET, BAYTOWN, TX	US
S2-727779637	Better Network		US
S2-362105495	FRESH ÉMPIRE RESILIENCE INC	OH, CLEVELAND, 4312 WICHITA AVENUE, null	US
S2-23812106	Summit Rapid Ingredients	9705 TULSEMERE RD, RANDALLSTOWN, MD	US
S2-324714055	Smt AZ PROMOTIONS	FL-B-##203, SHRIRAM PRIDE, SR NO. 680/5A/1/13, PUEN CITY, Maharashtra	India
S2-449578781	Schillinger Staffing Staffing	001145 ROCKPORT LN, COLUMBUS, OH	US
S2-304667963	Jkm Technology LLP	SCO NO. 8, SECOND FOLOOR HUDA MAIN MARKET, SECTOR-31, GURGAON, हरियाणा	India
S2-38470677	Certified Stores Group Eastgate  LLC (ID: 24540)	##43 GENTILE DRIVE, SOUTH UNION TOWNSHIP, PA	US
S2-706697276	-- Surat Mira Pvt Ltd	ગુજરાત, SURAT, SY.NO.-22, TPS-26 PLOT-22, WING B, 1ST FLOOR FLAT-C/106, MAHEK BLDG-C, CAUSEWAY ROAD, SINGANPORE, SURAT	India
S2-90112897	OYK CONSULTANTS CONSULTANTS PRIVATE LIMITED	HALLMARK BUSINESS PLAZA, 5TH FLOOR, SANT DNYANESHWAR MARG, OPP GURUNANAK HOSPITAL, BANDRA E, Maharashtra	India
S2-659496238	SUPER (DEVELOPERS)	H.NO C-44/7-A, F/F, KH NO 597, GALI NO 8, SUDAMAPURI, GAMRI EXTN, NEAR NARVODYA SCHOOL, EAST DELHI, Delhi	India
S2-459911423	M/s Vitrag Remedies Public Limited	#312 P.NO. 310, SECTOR-29, BASAI ROAD, Haryana	India
S2-140036589	regional equipment inc	2418 ALDER STREET, NORFOLLK, VA	US
S2-586812390	PEDIATRIC DENTAL AMERICAN HEALTH MIDTOWN (INC)	14 KNOLLWOOD DR, MA, WRCESTER	US
S2-447035910	#yogavillage	NO.1, 1ST FLOOR, GANESH LAYOUT KAGGALIPURA, BANGALORE, Karnataka	India
S2-3326062	elmira dermatology advanced physicians	1025- LAKE STREET, ELMIRA, NY	US
S2-557412981	जय सूर्या इंफोटेक एलएलपी	DOOR NO 8, PEHOWA, KURUKSHETRA, Haryana	India
S2-519091084	Haily's Services		US
S2-27305575	Mahajan Advertising (India) Private Limited	2 304 MANDAPESHWAR DHAM CHS LTD LAXMAN MHATRE ROAD BORIVALI WEST, MUMBAI, Maharashtra	India
S2-194536194	ANNALISE TREVATHAN ELITE SOUTH, INC (PARTNERS)	3480 MANTUA RD, WALKERTON CITY, VA	US
S2-16801220	AMRO CHARITABLE TRUST ENTERPRISES	FLAT NO 706, DONATA MARVEL APARTMENT, NO 21, SUNDAR NAGAR, MATTIKERI, BANGALORE NORTH, NULL, Karnataka	India
S2-915769300	Chennai Energy  Private Limited	NO: 07, 5TH AVENUE, HARRINGTON ROAD, CHETPET, CHENNAI, Tamil Nadu	India
S2-260445047	TRIVENI HIRE (INDIA) LTD	B3/6-3-1090/1/C/A/203 , FLAT NO.202, SECOND FLOOR, LOVELY MANSION, RAJBHAVAN, ROAD, SOMAJIGUDA, Telangana	India
S2-230546497	Barrick & Olson Virginia Ltd	1536 ROBINWOOD DR, FT WRTH, TX	US
S2-434166125	LEADING & BROTHERS LLP	#208 REWA CHAMBERS 31, MARINE LINES, Maharashtra	India
S2-670752375	Woolfolk Encore  Partners	VILLAGE OF JACKSON, W201N17025 CHATEAU DRIVE, WI	US
S2-335066405	bhiwaditrading.c0m	BLOCK F-892 C/O ANNAPURNA JAISWAL, AKHILESHPUR KANDAWA, VARANASI, Uttar Pradesh	India
S2-52221155	INC KEEX GGLLA	56 CLAY STREET, EL PASO, IL	US
S2-428779057	POOLE, BLVTEINSC AND BINKLEY LLC	532 CALLEN AVE, MORGANTOWN, WV	US
S2-860534246	Bengaluru Property	NO. 66- , BETHEL GARDEN, OPPOSITE TO HOME OF HOPE KRC ROAD, DODDAGUBBI POST, BENGALURU, ಕರ್ನಾಟಕ	India
S2-913976206	GOODWILL SERVICES [CORPORATION]	H.NO 3 - 34/58, F NO 502, UNICODE ESTATE BAKKANNAPALEM, MADHURAWADA, VISAKHAPATNAM, ఆంధ్రప్రదేశ్	India
S2-94068349	SMART DYNAMICS AEROSPACE OF BROOKLYN PARK GROUP	953 VERA CRUZ LANE, MINEAPOLIS, MN	US
S2-177779132	Daley Animal Hospital Inc	20 Citation Court, NC, GRENESBORO	US
S2-195972156	Bay First Heritage Ltd	WI, CITY OF MADISON, 3051 BRADBURY RD	US
S2-358321094	Vantagepyra	816 W 2ND ST, BOONE CITY, IA	US
S2-656709219	RUSSELL & KUNCE CORPORATION	VA, SUFFOLK, LITTON LN	US
S2-20873018	LLP Kalka Services	#2291, 1ST FLOOR, SHARMA COLONY, BASANT VIHAR, PANCHKULA, Haryana	India
S2-200940437	Veronica's Grill	2405 SHOREWAY LN, VIRGINIA BEACH CITY, VA	US
S2-168560796	Bangalore Men Enterprises Private Ltd	H.NO 260. 19TH MAIN 4TH SECTOR, HSR LAYOUT, BANGALORE, ಕರ್ನಾಟಕ	India
S2-153046971	Creative Comp1ete	0972 CLINE HOLLOW ROAD, CHARLESTON, WV	US
S2-688247667	Agro Outsourcing Group Private Limited	SNO 21/4 HNO 1 FNO 402 KOREGAON PARK, SERENY BEY, PUNE, Maharashtra	India
S2-921594231	MF SOLUTIONS PVT LTD.	Maharashtra, #13, GIRISH KUNJ, JUHU SCHEME, NS ROAD NO.3 VILE PARLE WEST	India
S2-304283115	Co Value Lease	FOLSOM, 11 CROW CANYON DR, CA	US
S2-866763818	Unique एनर्जी	HOUSE NO.04., DD.K. COTTEGE, PH-2, BAWADIAN KALAN, HUZUR, मध्य प्रदेश	India
S2-157564986	Northern School of Medicine	532 HAMPTON AVENUE, DE LEON, TX	US
S2-99068744	KECSL HOLDINGS GROUP INC	004111 28ST AVE, SPOKANE, WA	US
S2-374521955	NORTHERNFLEX.COM	9401 22ND COURT, VANCOUVER, WA	US
S2-560059953	सिटी इंडस्ट्रीज	Rajasthan, JAIPUR, A-77/223, JAIPUR, SECTOR-7, MANSAROVAR	India
S2-207111255	യുണീക്ക് കൺസ്ട്രക്ഷൻസ് പ്രൈവറ്റ് ലിമിറ്റഡ്	KOTTAMURICKAL, KAVITHA ROAD, KACHERITHAZHAM, ERNAKULAM, MUVATTUPUZHA, Kerala, #21/60-C	India
S2-862759276	New Ventures Corporation	NO 6/3 , 1ST FLOOR, 4TH CROSS K.S.GARDEN, LALBAGH ROAD, Karnataka	India
S2-226671698	സൺറൈസ് മാർക്കറ്റിംഗ് സ്റ്റോർസ് പ്രൈവറ്റ് ലിമിറ്റഡ്	64/2266-C, ERNAKULAM, Keralam	India
S2-538680925	Morgan & Trapp Inc	742. GARCIA, TUCSON, AZ	US
S2-775233420	Marlena Dye Piedmont  Webster	10907 3RD ST, AVONDALE, AZ	US
S2-972466865	Highland Feghlip	974 POPLAR SAINT, NELSONVILLE, OH	US
S2-286201851	hernandeztaylorcantu.com	21 YOUNG WAY, PORTLAND, OR	US
S2-12779077	hbudyog.com	GAT NO. 8-67, PUNE, Maharashtra	India
S2-654995017	Hall-Box Holdings	31403 ILLINOIS ROUTE 122, MINIER, IL	US
S2-717122261	supremeautomationsystems.com	##4760 SOUTH ST, STANLEY, NY	US
S2-385922466	UJX  CONSULTING	48 KRISHNA HOSPITAL, DEVRIA BALAJI ROAD, R C VYAS COLONY, Rajasthan	India
S2-335124172	(india) Sarswati India  Private Limited	NO 204 , 2ND FLOOR, GLN GOWDA COMPLEX, BANGLORENORTH, Karnataka	India
S2-849686830	Helaine Grine Delta Blockchain Co	1819 4100, SALT LAKE CITY, UT	US
S2-391048922	Saahas  Infra Private Limited	1/1ABIPLABI ANUKUL CHANDRA SRTEET, KOLKATA, পশ্চিমবঙ্গ	India
S2-108835029	सेवन कंस्ट्रक्शंस एलएलपी	C-20RAMESHWARAM, SHANTI, NIKETANCOLONY, BEDLALINKRD, BADGAON, BEDLA, राजस्थान	India
S2-352552540	U 6 Signature Utility Corp	400 EARLL DR, OSBORN, AZ	US
S2-192695882	Gondia Tree Public Limited	DOOR NO 4/12 MANOHARBHAI, WARD GONDIA, GONDIA, Maharashtra	India
S2-369159065	Horton's Anchor-Productions	54 MEADOW VIEW DRIVE, EL DORADO, AR	US
S2-3332574	Quozeph	JANARDANA TOWER, BANGALORE NORTH, BANGALORE, Karnataka	India
S2-715418044	Prime Summit Atlinace	SEAVER ST, DORCESTER, MA	US
S2-892976075	SY Beyond Company	A-4 GOVIND NARAYAN MODEL TOWNSHI, CHUNABHATTI, BHOPAL, Madhya Pradesh	India
S2-943222249	-- Tiffani H. Price, DPM LLC	740 TRENTON ROAD, CLARKSVILLE, TN	US
S2-426632654	CLASSICINFRASTRUCTURESERVICES.COM	#181 TERA MANOR DR, WINTERSVILLE, OH	US
S2-841193719	Shri accounts contracting private limited	C/ O GAFIR HUSAIN GOVINDPUR SAMBHAL, SAMBHAL, Uttar Pradesh	India
S2-785589800	ഗ്രീൻ സൊല്യൂഷൻസ് എൽഎൽപി	37/398-B5 ADAMPAIL LANE 2, SOUTH KALAMASSERY, ERNAKULAM, KANAYANNUR, Kerala	India
S2-801352391	BANKSHARESTOTALDIAMOND.COM	14626-A BON DICKEY DR, BAON ROUGE, LA	US
S2-840895255	LESHIALIAOAGRICULTURECOM	BIXBY, 7500 151TH ST, PO BOX 6928, OK	US
S2-294531411	Trivarga Partners	NO 71, APPAR STREET, FIRST FLOOR, THIRUVALLESWARAR NAGAR, THIRUMANGALAM, CHENNAI, Tamil Nadu	India
S2-918655668	Barton Secure Physical Therapy	2724-C 37TH DR, YUMA, AZ	US
S2-880225616	परफेक्ट मीडिया लिमिटेड	DOOR NO 5P-56, FARIDABAD, Haryana	India
S2-268638596	Allied Consumer Technologies Southside Inc.	01033 112 MARIPOSA RANCH ROAD, NOGALES, AZ	US
S2-702965552	Rocky Adcvalced Hill Valley Inc	109 1/2 COPPERFIELD RD, FRANKLIN COUNTY, VA	US
S2-836906889	Hutchinson  Clean Construction	3226 13TH AVE, PORTLAND, OR	US
S2-149157756	Swampscott Oncology  Associates Inc	PARADISE ROAD, SWAMPSCOTT, MA	US
S2-349301525	ORBEON  THUNDER LP	NC, WILLIAMSTON, 1165- COREY DRIVE RD	US
S2-802130222	8eac0n Urban LLC	318 WASHINGTON AVE, CORVALLIS CTY, OR	US
S2-575343427	Teque [Inc]	1610D MESQUITE TRL, DAYTON, TX	US
S2-738996676	United Vodndo Inc	MANDAN, ND, 7630. WILLOW RD	US
S2-889582376	Bay-Center	6 FOUNTAINHALL DR, BELLA VISTA, AR	US
S2-383023238	Mills Royal	MA, WESTFIELD, 15 DUBOIS STREET	US
S2-857150604	Warren's Vision Center West	38 DONALD TERRACE, MYRTLE CREEK, OR	US
S2-949235653	इंटरनेशनल कंस्ट्रक्शन प्राइवेट लिमिटेड	F NO 1-05, NAVKAR CO OP HSG SOC, MATOSHREE NAGAR, UPNAGAR, NASHIK, Maharashtra	India
S2-150746027	Baptist Center Associates Corporation	N2356 1/2 P, TOWN OF LONG LAKE, WI	US
S2-61994815	Dorry Esteban Strategic	CHAARLESTON, PO BOX 2124, 1611 LOUDON HEIGHTS ROAD, WV	US
S2-965204047	The Dent Auto Body Co	305 CROSS TIMBERS DRIVE, NASHVILEL, TN	US
S2-133471935	परफेक्ट ट्रेडिंग प्रा. लि.	HN 686 H.NO.-A-144/C-198, 3RD FLOOR BUDH VIHAR, BADARPUR, SOUTH DELHI, NEW DELHI, Delhi	India
S2-162765979	Zeque-Incorporated		US
S2-281803835	SKY ARRGO LIMITED		India
S2-965326114	UROLOGY UROLOGY BAY CENTER	SLATE STONE DRIVE, FISHERS, IN	US
S2-574121799	Nnb Traders Pvt Limited	Delhi, C-31., BASEMENT, KH NO 394/341/82 CH. NATHU SINGH MARKET, MASOODPUR, VASAN, T KUNJ, NEW DELHI	India
S2-76206961	Pacific  Pgrogrmb	105 CROSSCREEK LN, ANGIER, NC	US
S2-574349442	Trinity Méthodist Church	03702 UPPER LAKE CIR, ACTON, TX	US
S2-878375690	gould & hernandez	NC, SELMA, 12109 EASTFIELD VILLAGE COURT	US
S2-148968056	Cooper Pediatrics	11511 K-TEL DRIVE, MINNETONKA, MN	US
S2-41143092	Solutions Am Hygiene Privbte Limited	15/210A, GROUND FLOOR, MOOKIANNUR ROAD, KARAYAMPARAMBU, ALUVA, Kerala	India
S2-794530374	Sun Hospitality	BASIL HEIGHTS, FLAT NO. 7A, 3C, LOUDON STREET, KOLKATA, KOLKATA, West Bengal	India
S2-181056636	prashantsons.com	DOOR NO -210/3/A PLOT NO 354 PRASUNA NAGAR CHINTAL MEDCHAL-MALKAJGIRI DISTRICT, HYDERABAD, తెలంగాణ	India
S2-890346129	emersonkhanbrantley.com	SYLVIA, ##414 MARDIS ST, KS	US
S2-71529448	HAWKINS RELIABLE	#38 WATER STREET, WAKEFIELD, MA	US
S2-928901522	COASTAL CEA CORP.	ROTTERDAM, ##988 Burdeck St, NY	US
S2-213099480	Mr KRISHNA GLOBAL PRIVATE	PLOT 160-161 CIVIL LINES, TIGER HILLS, BADI ROAD, GIRWA, Rajasthan	India
S2-345516678	Bangalore South India LLP	H.NO 00137 , 1ST GROSS, 5TH BLOCK, KORAMANGALA, BANGALORE SOUTH, Karnataka	India
S2-562575047	Helios Deutsche-Co	90 PERRY AVE, BAYVILLE, NY	US
S2-932843757	Ltd. Happy Pvt. Partners	DOOR NO 8 JAL DARSHAN OPP NATRAJCINEMA ASHRM ROAD, AHMEDABAD, AHMADABAD, Gujarat	India
S2-50131368	M/s Pkr Services (India) Private Ltd	1-58 P - 760, TP - 2 NEAR HIRJI K DHARAMSHALA, ANJAR, Gujarat	India
S2-160405899	ಸಾಯಿ ಸರ್ವಿಸಸ್	#00115/8, HASSAN, Karnataka	India
S2-33228405	P+  Pet Care Partners Corp	3425 64, TASWELL, IN	US
S2-503045539	Capital Committee Asibsociaattes Inc	#526 CARPENTER STREET, AKRON, OH	US
S2-403058082	Compton Roofing	00510 SELLE AVENUE, HALLIDAY, ND	US
S2-861810764	जैन टेक प्राइवेट लिमिटेड	G-1, RAIGARH, महाराष्ट्र	India
S2-169160798	sterlingexpressjersey.com	LONGVIEW, WA, 14 PACIFIC PL	US
S2-841152676	GYO  CHORLTON LLC	COLUMBUS, OH, 1143 HUNTER AVENUE	US
S2-485902426	VALUE PACKAGING COMPANY	7516-7518 15 AVENUE, BROOKLYN, NY	US
S2-551227954	Upper Córp Services #59336	1992 ROCKSIDE RD, SEVEN HILLS, OH	US
S2-635002967	Clean Marketing	OK, PMB 9765, 3101 KENOSHA STREET, BROKEN ARROW CITY	US
S2-640663140	meggieweinrichsmart.com	592 PLATTE WAY, OXNARD, CA	US
S2-320320411	Devika Grkroa Limited	H.NO.4-1-319/2/A , PLOT NO.2, ROAD NO.1, NEW MAMATHA NAGAR, NAGOLE, HYDERABAD, Telangana	India
S2-324596369	*** VILLARREAL SUPERIOR CHOICE LLC	3609. TRENTON AVE, TULLSA, OK	US
S2-730814853	Roan Global Siddhi Holdings	2726 40TH ST, MOORHEAD, MN	US
S2-426046760	(LLC) Surgical Care Associates	702 ATWOOD DRIVE, TALLMADGE, OH	US
S2-795022161	Velroify	13 JEFFREY DR, YORK, ME	US
S2-605833213	*** APPLIED ELECTRONICS	11921 JESSE AVE, CLEVELAND CDP, <NULL>, OH	US
S2-949636022	VENTURES RAJCEHRE HOSPITALITY PRIVATE  LIMITED	BLDG NO.1, B 502, KESLEY BUILDING CHS LTD, S V ROAD, NEAR KALYAN JEWELLERS, SHREE RAM NAGAR, BORIVALI (W), BORIVALI WEST, Maharashtra	India
S2-753298731	Walter-Tinto	15 WANDERLUST ROAD, AZ, TUCSON	US
S2-574092301	Pediatric Group Dental #26639	OH, CANFIELD, 11215 COLUMBIANA CANFIELD ROAD	US
S2-259929846	Surya Impex Limited	A 00601, GALA IMPERIA BH TV TOWER OPP DRIVE IN CINEMA THALTEJ, AHMEDABAD, Gujarat	India
S2-869006382	#dashashipping	NO 44 , BACKARY PORTION, 2ND FLOOR, REGAL BUILDING, NEW DELHI, Delhi	India
S2-504054294	Limited Meena Trabldedrs	FLAT NO 0-5A, B WING, KULSUM COMP, KAUSA MUMBRA, THANE, Maharashtra	India
S2-502406312	Samara lnstitute of Technology LLP	OFFICE-504, BLDG-10, DIMPLE ARCADE EXTN ASHA N KANDIVALI (EAST) BHD SAIDHAM TEMP, LE, MUMBAI, महाराष्ट्र	India
S2-416243900	Vanguard Choice (Interiors)	13327-13329 LISBON LANE, SURPRISE, AZ	US
S2-863923499	भारत फाउंडेशन लिमिटेड	S-31 A/2, DLF PH-III, GURGAON, हरियाणा	India
S2-333206038	LDD Nextgen Pabnet Limited	##86, GREY TOWN COIMBATORE, COIMBATORE, Tamil Nadu	India
S2-415834554	Kolkata Research Pvt. Limited	#628  G-221, BATTIKAL 2ND LANE, KOLKATA, KOLKATA, পশ্চিমবঙ্গ	India
S2-937858663	THE LANKFORD INTERNATIONAL	2045 BARLEY WAY, TOWN OF GRAND CHUTE, WI	US
S2-218950381	FRIENDS CHENNAI - 600 106. SERVICES LTD CENTER	H.NO 23 , FRIENDS AVENUEARUMBAKKAM CHENNAI - 600 106., Tamil Nadu	India
S2-915817128	Evana >> Centre-Services	H NO 65 MANAS CITY VISTAR, INDIRA NAGAR SUGAMAU ROAD, LUCKNOW, Uttar Pradesh	India
S2-327707439	Phillips Pioneer Advisors [Inc]	11 Fourth St, LA GRANGE, MO	US
S2-322536831	New Delhi Énterprises Private Limited	WZ-##118A, NO. 3, GALI NO.6, VIRENDER NAGAR, NEW DESHI, Delhi	India
S2-290914104	Eugene Abony Central PLLC	3333 PHAROAH WAY, SANTA CLARA CITY, UT	US
S2-211598894	परफेक्ट इंटरनेशनल प्राइवेट लिमिटेड	1/26, PRATAP NAGAR, CHITRAKOOT, Rajasthan	India
S2-342386355	Young  Ocean,	BENTON CIRCLE, INVER GROVE HEIGHTS, MN	US
S2-106188251	Total Health Collective	1000 45 KINZIE STREET, RIVERTON, IL	US
S2-460515872	INNOVATIONS EDGCCATIONAL SOCIETY	Haryana, C/O TULSI RAM, FATEHABAD	India
S2-299640307	integratedkongsberg.com	1232-1234 VISTA DEL CIMA, CAAMRILLO, CA	US
S2-357197766	AVINASH TECHNOLOGIES	दिल्ली, <NULL>, NO 20/8 SHAKTI NAGAR, DELHI	India
S2-248392702	Parikh Prime Group	1882 ESTRELLA DRIVE, PMB 6574, CHADLER, AZ	US
S2-515204923	एस केयर प्राइवेट लिमिटेड	MAIN ROAD, SILVER PARK, KRISHNA NAGAR, NEAR SHIV PURI, DELHI, EAST DELHI, H. NO. -8T/F, दिल्ली	India
S2-227109393	Lynx	416 NEW YORK COURT, WICHITA, KS	US
S2-919706463	FEDERALFEDERALCOURIERS.COM	OLD HUNT WAY, HERNDON, VA	US
S2-92478774	nagrajshipping.com	BIHAR VETERINARY COLLEGE, PATNA, Bihar	India
S2-390167188	QUALITY RADGE WELLNESS INC		US
S2-345936735	Mr MODERN SSYTES LLP	DOOR NO 102 , ALMOND A OMAXE RESIDENCY 2 ARJUNGANJ NEAR NEW POLICE HEADQUATER, LUCKNOW, Uttar Pradesh	India
S2-445994325	Dhanterash & Co Group	RH 14, SHYAMSUNDER, R/H VITTHAL NAGAR, K'WADA, NASHIK, NASHIK, महाराष्ट्र	India
S2-461439471	The ES Overseas [Limited]	TC 65/1360-1, S S BHAVAN PUNCHAKKARI, THIRUVALLAM, THIRUVANANTHAPURAM, THIRUVANANTHAPURAM, Kerala	India
S2-136113375	Behavioral Health Metropolitan [Clinic,]	2805 32TH AVENUE, MINNEAPOLIS, MN	US
S2-689663054	लोटस फाउंडेशन प्रा. लि.	NH-31, 30A, VILLAGE DARBE PO PS BHADAUR, DIVREPORTINGCIRCLE, 31 B-1 2, Bihar, PATNA	India
S2-269546840	ସନ୍‌ରାଇଜ୍ ମଡର୍ନ୍ ଲଜିଷ୍ଟିକ୍ସ୍ ପ୍ରାଇଭେଟ୍ ଲିମିଟେଡ୍	ASIYAN APPARTMENT, PO/PS- PURI, #150 C/O- SYAMANANDA DAS MOHAPATRA, Odisha, PURI	India
S2-874995586	Michaeline Velasquez Data LLC	9642 BETHEL CHURCH RD, LOCUST, NC	US
S2-509764556	Mumbai Agricon LLP	87 , JOLLY MAKER CHAMBERS II, 8TH FLOOR, NARIMAN POINT, MUMBAI, Maharashtra	India
S2-488956093	curecoffee.com	401 BUCKINLHAM DR, MARION, IN	US
S2-20047958	Strategic Crypto (LLC)	143 INTEROCEAN AVE, SOUTH CHICAGO HEIGHTS, IL	US
S2-59175936	Basalt LLC	528 25TH STREET, BIRMINGHAM, AL	US
S2-706615728	WHITE (SOFTWARE-LIMITED)		India
S2-161949377	Pytel, Clark & Deloach Regions Corp	44 SAUSALITO DRIVE, EAST AMHERST, NY	US
S2-249418882	Gabriellia Cedillo PC Center		US
S2-811648226	LP O/K Árfuroa	UT, SOUTH SALT LAKE CITY, 393 3360	US
S2-530253274	Cooperative Network Union Inc.	NC, OLD US 17N, WINDSOR	US
S2-582180107	Gipson, Kist and Cormier Inc	6855 CHERRY DR, HILLSBORO, OR	US
S2-304562241	Pediatric Dentistry Premier Hmbal LLC	4660 175RD ST, CLEVELAND, OH	US
S2-28480927	Dolli Pittard	RIDGEVIEW RD, ORANGE, CT	US
S2-921202375	M/s Sun Impex Private Private Limited	Delhi, 0014/ 4 8 MALCHA MARG, NEW DELHI	India
S2-997285082	HARVEY, WASHINGTON + DITTMAN PARTNERS INC	1196 SCOTLAND FORMOSA RD, SCOTLAND, AR	US
S2-203311042	Randall Wheeer Inc	012217 LIVINGSTON RD, FORT WASHINGTON, MD	US
S2-940988345	रेड बॉम्बे एक्सपोर्ट्स लिमिटेड	NO 33 H BLOCK, THANE, 1ST FLOOR DHIRUBHAI AMBANI KNOWLEDGE CITY, Maharashtra	India
S2-879030047	ONCOLOGY PARTNERS ASSOCIATES	00239 PARK ST, STONEHAM, MA	US
S2-265891218	Reeva Products (India) Private Limited	58 VILL MAHISHGOTE, PO GOALARA PS RAIDIGHI, RAIDIGHI, West Bengal	India
S2-572367141	Pacific Ace-Brown LLC		US
S2-937234624	One Foundation	238-241, THIRD FLOOR, POCKET-2, SECTOR-22, ROHINI, DELHI, Delhi	India
S2-909796844	Little (Grill)	#60 MERCER DRIVE, BROOKSIDE, DE	US
S2-166629328	M/s Advance Educational Society Corp	NEW NO, #29, OLD NO. 17, 2ND FLOOR, KARUNIKAR STREET, ADAMBAKKAM, CHENNAI, Tamil Nadu	India
S2-170981970	WA Bulls Private	133, TTK ROAD, ALWARPET, CHENNAI, தமிழ்நாடு	India
S2-378055021	Diamond Global Crumrine Group	CENTERVILLE, 67 Mountain View Rd, UT	US
S2-574940993	DYNAMIC 5OFTWARE LABORATORIES CENTER INC		US
S2-308993997	Giselle Harrison, D.O. Inc.	923 UINON STREET, WARSAW, IN	US
S2-883117276	NISCHAY HOSPITAL PRIVATE LIMITED	ਪੰਜਾਬ, PLOT NO. F-337. PHASE VIII-B, INDUSTRIAL FOCAL POINT, MOHALI	India
S2-418691151	Gager  Metro Reliable Inc	160 CENTRAL AVE, SUTHERLIN, OR	US
S2-8022295	तिरुपति प्रॉपर्टीज लिमिटेड	H NO. 164, 1ST FLOOR, VILLAGE, HIRANKI KUSHAK, DELHI	India
S2-187593824	DYNAMIC INTERNATIONAL [LIMITED]	GOVIND GALAXY FL-G-17, PLOT NO-19, 20, S.NO342/23, NASHIK, Maharashtra	India
S2-253428263	bósesolutionsindia.com	DANISH HILLS VIEW 1/2, KOLAR ROAD BHOPAL, HUZUR, Madhya Pradesh	India
S2-290615647	Harwood & Rotella	#7975 HAYDEN RD, SCOTTSDALE, AZ	US
S2-129334191	Total Great Deep Ínc	Solvista Pass Ln, HOUSTON, TX	US
S2-880764652	Historical Foundation	2712 WINSTON ROAD, PILOT MOUNTAIN, NC	US
S2-10978218	Boudreaux Highland | www.boudreaux.com	5402 1/2 PRIDE PKWY, TAYLOR MILL, KY	US
S2-888961567	Valaria's Manufacturing Group Corp	509  AGMART DR, LUVERNE, AL	US
S2-451528254	Doteque  Group	4299 FM 2200, DEVINE, TX	US
S2-782032185	Ear Nose & Trhat Mountain Health Inc.	3 FOGGS WAY, NORTH YARMOUTH, ME	US
S2-421100616	Godavari (india) LLP	PLOT 684 54-05-25J, FLATNO-502, AVA ROAD, ADDEPALLI COLONY, FORTUNE HOMES, RAJAHMUNDRY, GODAVARI, ఆంధ్రప్రదేశ్	India
S2-770688784	Herron Co1lege Center		US
S2-158399201	Ratna Memorial	101, RAJ CASTLE CHS LTD, DEMONTE LANE ORLEM VALNAI, OFF MARVE ROAD, MALAD WEST, MUMBAI, Maharashtra	India
S2-134697040	ACE MARKETING SERVICES	3900 EAST ST, SKANEATELES, NY	US
S2-177348709	*** Jackson Muniyield	7 LINCOLN ST, MAYVILLE, NY	US
S2-126987439	इंडो इंजीनियरिंग प्राइवेट लिमिटेड	H.NO 98  JAWALA B, TQ. DIST LATUR, LATUR, NASHIK, महाराष्ट्र	India
S2-991507759	Brightari Acp (Corporation)	100 SIDEVIEW AVE, STATEN ISLAND, NY	US
S2-141023155	Sarasanth Services Ltd	SR NO 721/2B/2 VIKAS NAGAR, PUNE, Maharashtra	India
S2-907504746	CLARA'S QÚALITY FARMS L.L.C.	MERIEN, 55 EAST RD, N/A, CT	US
S2-177918546	Trading Om Venture Private	MARKET YARD, RING ROAD, Maharashtra	India
S2-85078632	Gourley LLC Center	SUNNYACRES DRIVE, AKRON, OH	US
S2-513883989	Krishna Holding Company West LLC	INDIANAPOLIS, IN, 2014 MADISON AVENUE	US
S2-448604943	Shri Chs Troops	UNIT NO 207 BEST BUSINESS PARK PLOT NO P-2 N.S.P PITAMPURA DELHI, DELHI, Delhi	India
S2-518844199	Grace Methodist Cuhrdch	311 RAVENWOOD DRIVE, WACONIA, MN	US
S2-966906886	4822 Avenue Apartments LLC Service	BEACON LIGHT LN, FRESNO, TX	US
S2-432715099	The Ernakulam Imaging Private Limited	22/344-A1/C, 1ST FLOOR, AVJ ARCADE, GOVT. HOSPITAL ROAD, TRIPUNITHURA, ERNAKULAM, കേരളം	India
S2-382500675	Bell Secure  Polestar		US
S2-705462394	Holdings Randall and Bowman	516 Piney Creek School Road, PINEY CREEK, NC	US
S2-794926277	Sterling Sterling Vulcan	363 KEMPTON STREET, NEW BEDFORD, MA	US
S2-995335581	Fresh Deli LLC (Center)	150 MOREHOUSE SAINT, EVANSDALE, IA	US
S2-455039658	Worthy Famhly-Practice	3219-3223 26TH ST, GRESHAM, OR	US
S2-821123172	Butts + Sinclair	1515 PRESIDENT ST, BROOKLYN, NY	US
S2-472675182	Gulf Brookfield LLC	7517  83RD AVE, BROOKLYN PARK, MN	US
S2-248267062	mumbai computers private limited	BLOCK C-G-420 ROOM NO. 410, BLDG. NO. 7, OM SHANTI CHSL, VILLAGE ANIK, MHADA COLONY, VASHI NAKA, CHEMBUR, MUMBAI, महाराष्ट्र	India
S2-708386648	JORDAN LLC CENTER	2028 OLIVER FALLS LN, WENDELL, NC	US
S2-73745396	Morphosis Private Limited Center	JAI PRAKASH NAGAR NEAR PRINCE MARRIAGE HALL, GAYA, बिहार	India
S2-353771582	DWARKADHISH VAIDYA PRIVATE LTD	H.NO 745 SI-M1011 SHILP INCUBATION, CENTRE, UNIT-B, BLOCK 11, GANDHI NAGAR, ગુજરાત	India
S2-496118833	JX Mustang [Incorporated]	6009 STATELINE RD, NEWMAN LAKE, WA	US
S2-274905162	ஷ்யாம் ஹாஸ்பிடாலிட்டி பிரைவேட் லிமிடெட்	17, FIRST STREET, EAST ABHIRAMAPURAM MYLAPORE, CHENNAI CITY REGION, CHENNAI, Tamil Nadu	India
S2-634202116	Smt FINELINE INFOSERVICES PRIVATE LTD	202, SHYAM SAI APPARTMENT, PRAKASHNAGAR SOC., NR. GARDEN, UTTAMNAGAR, MANINAGAR, AHMEDABAD, Gujarat	India
S2-349365849	Continental Project LLC	214 Celina Street, CELINA, OH	US
S2-160811222	गैलेक्सी इंफ्रास्ट्रक्चर लिमिटेड	7/36/A, NEW DELHI, CENTRAL DELHI, Delhi	India
S2-677076393	Shri Jjr Aahsy Private (Limited)	NO. 940 20/24, CHATAI MOHAL, ANWARGANJ KANPUR, ANWARGANJ, Uttar Pradesh	India
S2-948855445	Gerrilee Hedt Elite Interactive	JEAN STREET, NEWPORT EAST, RI	US
S2-780250102	SHROYER GÚLF TELEFONICA	341 BROAD STREET, WAVERLY, NY	US
S2-358052714	Bangalore Financing Private	05, 7TH CROSS SANTHOSH NAGAR ATTUR LAYOUT, YELAHANKA NEW TOWN, BANGALORE, Karnataka	India
S2-708515809	Big Pílates! LP	GLENDALE CIRCLE, MANNFORD, OK	US
S2-154655572	Pvt Innovative Industries Ltd	MUMBAI, GOREGAON WEST, 102, Maharashtra	India
S2-680970798	Quolum Guild	5142 1/2 SULLIVANS RIDGE DRIVE, <NULL>, MORROW, OH	US
S2-381512450	Potter's American Produce LLC	2521 SUNRISE ST, KELSO, WA	US
S2-759542904	Sarasaya LLP (Services)	H.NO 221- B POCKET IMAYUR VIHAR PH 1, DELHI, दिल्ली	India
S2-398793962	boardtransportation.com	0103 VALLEY VIEW ST, GLEN ROSE, TX	US
S2-877118600	Ne0 Assets	207 CENTER STREET, MOUNT MORRIS, IL	US
S2-353212181	રોયલ રામ ગ્લોબલ પ્રા. લિ.	531, SURAT, Gujarat	India
S2-303635913	H 9 Australia M North	20 HILLCREST DR, DALLAS, OR	US
S2-258451106	YUU SERVICE  CENTER	4711 RANGELINE RD, WISCONSIN RAPIDS, WI	US
S2-704012671	Obsidian Bright	28 DEPOT STREET, RACHEL, WV	US
S2-595691991	RAYNELL'S  HARBOR SEAFOOD LP	3410 SHADOW TREE DRIVE, null, SACRAMENTO, CA	US
S2-204591452	Premier Bay Range Associates	1724 SPRING LAKE DR, MESQUITE, TX	US
S2-720490901	Ramirez and Dildine Services	5244 45ST ST, CLEVELAND, OH	US
S2-331461725	Chapra Sinad Private Limited	H N-#17, WARD NO-12 VILL-BANNI, TOLA-BANNI, PANCH-KADIPUR BLOCK-NAGRA, CHAPRA, बिहार	India
S2-103603271	Punjab Traders Private Ltd	NO 14 N S RD 4TH FLOOR, KOLKATA, পশ্চিমবঙ্গ	India
S2-386881464	F 7 DYNAMIC  NORTHWEST	8695 GREENBELT RD, MD, GREENBELT	US
S2-565976380	PK Legacy Coinshares Co	2511 WEST DRIVE, NULL, ROGERSVILLE, TN	US
S2-936867164	Lower Lower Parel Drycleaning Private Ltd	NO 3RD FLOOR SH 17/18, PARVATI INDUSTRIAL ESTATE SUN MILL COMP OUND, LOWER PAREL, महाराष्ट्र	India
S2-595784441	લોટસ ઇન્વેસ્ટમેન્ટ જ્વેલર્સ પ્રાઇવેટ લિમિટેડ	D/29 B CHANGODAR ESTATE, NEAR NISHI LEVEL, AHMEDABAD, SANAND, Gujarat	India
S2-229849493	Darkin Mémorial Services	Tamil Nadu, BLOCK G-675  1134, SATHY ROAD, GANAPATHY, COIMBATORE	India
S2-507152762	Vedansh Snacks Private	8 TH MAIN, 880, 6TH CROSS, AKSHAY BHANDAR ROAD, MYSORE, Karnataka	India
S2-174059963	JAIPUR EDUCATION	FLATNOM- 357, BUILDINGNO14, ASHIANA UMANG, JHANYEE, JAIPUR, Rajasthan	India
S2-398460096	Urban फाइनेंस Private Limited	FIRST FLOOR, SHOP NO. 44 SURI PLAZA, TAWWAKAL LAYOUT, WADI, NAGPUR, Maharashtra	India
S2-62221198	Citadel [LLC]	2560 Onslow Drive, JACKSONVILLE, NC	US
S2-688897366	bestautorepair.com	11459 LEIVASY ROAD, QUINWOOD, WV	US
S2-530330935	Sri Chintan Brothers Limited	A-#40 SECTOR-20, NOIDA, Uttar Pradesh	India
S2-146349824	Mr Maa Business [Private]	SHOP NO C-57, SECOND FLOOR DSIDC COMPLEX, KALYAN PURI, DELHI, Delhi	India
S2-800992054	Straight Edge Pub Inc	1223 Pga Dr, LE MARS, IA	US
S2-145507253	Engineering Navabharath Investments Private Limited	09 , 4TH FLOOR, RIDHAM PLAZA, OPP SHREEDHAR FLORA, AMAR JAWAN CIRCLE, S.P. RING ROAD, NIKOL, AHMADABAD CITY, Gujarat	India
S2-425338531	Classic  Agricultural Holdings	3804 MONTROSE ST, VIDOR CCDP, TX	US
S2-787718430	Mcdaniel  Empire	22700 RIDGE LANE, FRANKFORT, IL	US
S2-681956450	HARRIS NEVADA	4215 RD, CLAREMORE, OK	US
S2-116748146	ശ്രീ Consultants	H.NO 301 17/5, KOZHIKODE, Kerala	India
S2-617626301	Behavioral-Health Asshociafets Partners	1801 TRACE POINTE LANE, RICHMOND, TX	US
S2-563814105	acecloudsystems.com	TARHELIA HEIGHTS, WHITTIER, NC	US
S2-558112615	Schisler Utility of  Sebring	800 15TH SAINT, SEBRING, OH	US
S2-527521763	Varshva H0using Private	P6/23/11 SECTOR 15, PANVEL NAVI MUMBAI, PANVEL, Maharashtra	India
S2-498215317	All Cralog Networks  LLC	0035 BOKUM RD, CHESTER, CT	US
S2-767390046	UW Electronics Ltd	SHOP NO. 29- , GG -1 BLOCK VIKASPURI, DELHI, दिल्ली	India
S2-224909884	UNIFIED MATERIALS DIGTA LTD	5530 YATES GARDEN LN, RALEIGH, NC	US
S2-38552347	JADE SYNTHETICS LIMITED	NO 63 NEAR NOWROZABAD STATION, GRAM TASTARA THANA NOWROZABAD DISTRICT UMARIYA, UMARIA, null, मध्य प्रदेश	India
S2-794766633	ગુડ ટેક્નોલોજીસ પ્રા. લિ.	PLOT 920 ROAD NO 27UDHYOG NAGAR UDHANA, Gujarat, SURAT	India
S2-447293847	Thakkar Private Limited Services	C/O NIRMALA, MANO MANSION, 5TH- CROSS END ROBERTSONPET K G F, KOLAR, Karnataka	India
S2-1986290	HEALTH BEHAVIORAL HIGHLAND INC	501 CEDAR STREET, <NULL>, GLENDIVE, MT	US
S2-637040711	Corp Tanet Elcetcil	558 COUNTY ROAD 5262, CLEVELANND, TX	US
S2-497025062	Interstate Rrhdt Ltd	15 ST, BROOKLYN, NY	US
S2-748325649	Public Anand Investment Limited	NO. D/224 E-1006, PLOT NO: 3, SYNO 83/1, MY HOME ABHRA KNOWLEDGE CITY, PANMAKTHA, OPP INORBIT, MALL, HYDERABAD, RANGAREDDY, Telangana	India
S2-609834475	CD SMATR XRP, INC	3 Jay Carter Rd, BLUEH ILL, ME	US
S2-384350223	M/s bmh & co limited	HOUSE NO.41, DREAMS GLORY PHASE 2, BAWDIYA KALAN NEAR GUJARATI COLONY, BHOPAL, HUZUR, Madhya Pradesh	India
S2-864548311	Vision Héartland Medicine	4315 GOLF CLUB DRIVE, AUBURN, AL	US
S2-238811766	Smt Rohit  Co Center	C/O- ANANDA BAG ADWAITA LANE, HAREKRISHNA PALLY, SANTIPUR, West Bengal	India
S2-428985968	INC. PREFERRED TRANSIT LABS	152 JAMISON DR, ALLEN, TX	US
S2-767959648	Gene Kwón Specialty Co	5854 JACKSONVILLE ROAD, MARION TWP, PA	US
S2-644504484	Foster Fuel	##201 KEENELAND DRIVE, OXFORD, NC	US
S2-607605766	Precisi0n Pvt Ltd Center	H.NO 53-54 /FF POCKET 8 SECTOR 24 ROHINI, NEW DELHI, Delhi	India
S2-884331770	Baptist LLC Association	23 Massasoit Avenue, SUDBURY, MA	US
S2-944060325	ਭਾਰਤ ਟੈਕ ਕੇਅਰ ਟ੍ਰੇਡਿੰਗ ਪ੍ਰਾਈਵੇਟ ਲਿਮਟਿਡ	SCO 251, THIRD FLOOR, BLOCK-2, PHASE-1, PATIALA, Punjab	India
S2-228711689	zea [llc]	1ST AVE, GREAT FALLS, MT	US
S2-286314001	Agro Chhabra So Pvt Ltd	NO 26B , S/F OM VIHAR PHASE-II A UTTAM NAGAR NEAR ARYAN GARDEN, NEW DELHI, Delhi	India
S2-803294359	Supreme Paper	2826 CLOVER VALLEY DRIVE, TX, GARLAND	US
S2-399971243	Back Alley Pizza	205 7ND STREET, <NULL>, GROTTOES TOWN, VA	US
S2-352464995	Clean-Services (India) Limited	C/O SRI. DHANANJAY KUMAR., H 2/2, KWDIVISION KANKARBAG, SAMPATCHAK, Bihar	India
S2-524004407	Lumiq Highland PLLC	2587 1000, LOGAN, UT	US
S2-253799125	Delta  Giant Uptown LLC	15420 MEITH STREET, FORTVILLE, IN	US
S2-434463442	Serpa'S Choice Auto Repair	1527 CEDAR AVE, TOMAHAWK, WI	US
S2-754764875	SNIDER PRAIRIE GALATA	25 MONROE STREET, SILVER CREEK, NY	US
S2-820645328	Dhansagar International School Private	PROPERTY NO-##2067, B-10, SECTOR 19, HOUSING BOARD, AMBALA CITY, AMBALA, Haryana	India
S2-983579795	fawniaspub.com	440 FIFTH STREET, SHEFFIELD, IA	US
S2-731368331	TRUSTFINITY CAPITAL PRIVATE  LIMITED	N-212, IDEAL PLAZA 11/1, SARAT BOSE ROAD, KOLKATA, KOLKATA, West Bengal	India
S2-183430561	LYROZ RIO	903  18RD ST, MOORRHEAD, MN	US
S2-804615322	dysonhargreavesbakshi.com	202 WALKER ST, DURHAM, NC	US
S2-428257847	प्रीमियर शिव ग्लोबल	F-459 GALI NO-19-OLD GALI, NO-03-KH-110/2 KHAJOORI, DELHI NORTH EAST, Delhi	India
S2-187777854	Catharina Russell	412 22ND STREET, MINOT, ND	US
S2-481248258	Gretchen Hempstead  Eye Care-Capitol	405 ROLLINS AVENUE, MD, CAPITOL HEIGHTS	US
S2-371172838	REEVA  (GEIILO)A EXPORTS	#71, BLOCK A, HARSH VIHAR, CHIPIYANA BUZURG, CHHPYANA, Uttar Pradesh	India
S2-941570409	Scholarship II  Trust (ID: 35278)		US
S2-889578554	Sahaja & Sons Private	G1 KANAKSHRI REGENCY, RING ROAD, NEAR MAYUR HOSPITAL, SCHEME 94, INDORE, MADHYA PRADESH, INDORE, मध्य प्रदेश	India
S2-1618286	chennai educare private 1imited	#857 , POONAMALLEE HIGH ROAD KILPAUK, CHENNAI, தமிழ்நாடு	India
S2-295065312	Neix Valley Sciences Inc	001702 BROOKSHIRE DR, SIERRA VISTA, AZ	US
S2-89587960	Kall Holdings	QUEENS ROAD, PARSONS, KS	US
S2-453758271	Dempster Preparatory Academy Inc	BLOOMINGTON, 130 BROOKS DRIVE, IN	US
S2-699970234	Anandha 5ervice Private Limited	A/102, OM NEELKANTH CHS, SAHYOG MANDIR RD., GHANTALI, THANE, Maharashtra	India
S2-193622609	यूनाइटेड डेवलपर्स एलएलपी	154 GOLE BAZAR, GURUDWARA ROAD, SRIGANGANAGAR, SRIGANGA NAGAR, Rajasthan	India
S2-486049201	Aydelotte and Dowling LLC	#67 KENDRICK PINES BLVD, SPRING, TX	US
S2-566931281	Lower Parel Red  Private Limited	GALA NO.9, MAHALXMI INDUSTRIAL ESTATE, LOWER PAREL, महाराष्ट्र	India
S2-441341822	ONCOLOGY DESERT PHYSICIANS	RIDGE RD, GREECE, NY	US
S2-921857072	Subham Pvt Chemist Ltd	NO 13 TO 16, FLR, PLOT 115/117, CENTRAL BANK PANCHAYAT WADI, DR. ATMARAM MERCHANT RD, KALBADEVI, MUMBAI, महाराष्ट्र	India
S2-518590135	3RD FLOOR FLOOR ATMA RAM HOUSE CONNUAGHT PLACE SALT PRIVATE LIMITED	C-46, 3RD FLOOR ATMA RAM HOUSE CONNUAGHT PLACE, Delhi	India
S2-256236598	CANTON WOMENS HEALTH COMPLETE CARE ASSOCIATES, INC.	ROLLING HILLS ROAD, NC, CANTON	US
S2-351870381	... SAFE METRO CLEAN INCORPORATED	5017 BLACK ROCK LOOP, OLYMPIA, WA	US
S2-32623425	ಹೋಟೆಲ್ ಕನ್ಸಲ್ಟಿಂಗ್ ಪ್ರೈವೇಟ್ ಲಿಮಿಟೆಡ್	DOOR NO 538, RAJEEV GANDHI NAGAR NTI LAYOUT, 1ST PHASE, KODIGEHALLI, BENGALURU, BANGALORE, ಕರ್ನಾಟಕ	India
S2-962138377	REVATITRADERS.COM	HN 417 ANISHABAD POST OFFICE ROAD, MOHALLA-ANISHABAD, PO-ANISHABAD, NEAR UFO MALL, PATNA, PHULWARI, Bihar	India
S2-215134403	Womens Health Partners	0500 WAVERLY LAKE ROAD, WAVERLY, IL	US
S2-288876615	Meennora Private Limited Center	#10A-B-C, GOA MANSION, GROUND FLOOR, DR. SUNDERLAL BHAL PATH, FORT, Maharashtra	India
S2-136235099	WR PARTNERS CHIRON	PIERPONT STREET, PEABODY, MA	US
S2-663913320	Connolly Pediatrics Inc.		US
S2-637746410	सिल्वर एनर्जी प्रा. लि.	FLOOR-1ST, 629A, GAZDAR HOUSE, JAGANNATH SHANKARSETH MARG, DHOBI TALAO, KALBADEVI, MUMBAI, MUMBAI CITY, Maharashtra	India
S2-892367472	[LLC] SAFE ANDRETTI EASTGATE	67 SOUTHALL COURT, PMB 2380, SMYRNA, DE	US
S2-56133264	Oncology Sterling  Group | www.oncologys.com	8 KNOLL TOP DR, MARSHALL, NC	US
S2-754091408	Chicago Enterprises Exports Company	HOUSE NO. 631/2, PLOT NO.96, RAMNAGAR, ADHARTAL, JABALPUR, Madhya Pradesh	India
S2-491028094	Pioneer Developers (Limited)	MARTIN BURN HOUSE, #1, R.N. MUKHERJEE ROAD 4TH FLOOR, KOLKATA, West Bengal	India
S2-832052225	Reinhart,  James and Williams Harbor LLC	SELMA, OR, 2428 THOMPSON CREEK RD	US
S2-757487043	Kala's Atlantic Atlantic	796 LIMEROCK ROAD, HATCH, UT	US
S2-226567568	OV Ridge Corp Abony (ID: 35127)	46 BOULDER PLACE, RANDALL, MN	US
S2-56721546	Kores Triaedade-Private Limited	#9 , SWASTLIK NAGAR, KONDASAMUDRAM, GUDIYATHAM, Tamil Nadu	India
S2-619748319	Battle Atlantic Commodity Metro LLC	18104 107TH PLACE, RENNTON TOWNSHIP, WA	US
S2-794174587	Tri-State  Medical Center - 1145526571	20947 COLECROFT SQ, LOUDOUN COUNTY, VA	US
S2-693383953	METROPOLITAN LODGING LTD CENTER	616 AVENUE B-5, COUNTY, WY	US
S2-15148623	Vijay Lotus Products Private Ltd	807/2, R R BLOCK, NAVEEN SHAHDARA, DELHI, Delhi	India
S2-765062079	SURGICAL GRÓUP OF BATON	#2703 IBERIA STREET, BATON ROUGE CITY, LA	US
S2-25714222	PARTAIN, RUTHANNE, MD LLC	1081 PARKSIDE DR, TEMPE, AZ	US
S2-726253555	होटल केयर प्राइवेट लिमिटेड	KOLHAPUR, DOOR NO 339, KOLHAPUR, RS NO 1/2/5, NERLI TAMGAON ROAD, महाराष्ट्र	India
S2-42284542	Preferred Efes (LLC)	104 FOURTEENTH AVE, NAPERVILLE, IL	US
S2-518413297	Cozy Barbershop Inc	92 34ST STREET, KANSAS CITY, MO	US
S2-74926793	Gwynn Oak Community Ace Center Inc	6800 LIBERTY ROAD, GWYNN OAK, MD	US
S2-7352143	fidyne southside llc	922 BOMTSWAIN WAY, AUSTIN, TX	US
S2-953860617	midwestcenter.c0m	1235-1237 OLD YORK RD, ABINGTON TOWNSHIP, PA	US
S2-546920738	W 5 J Co (Century)	GLEN OAKS, 259-12 UNION TPKE, NY	US
S2-859726068	Associated & Sons Pvt Ltd.	DOOR NO 25  , 1ST MAIN, 5TH CROSS, SHREYAS COLONY JP NAGAR, 7TH PHASE, KOTHANURU, BANGALORE, ಕರ್ನಾಟಕ	India
S2-608516372	Joan L. Vonk, L.C.S.W., [P.C.]	631 BROWN ST, VINE GROVE, KY	US
S2-480877177	vaughn classic midcap	CONGRESS AVE, PRESCOTT, AZ	US
S2-950135492	YS Coastal (Leapfrog)	215 HUBER VILLAGE BLVD, WESTERVILLE, OH	US
S2-970217516	#havelimall	MILKAT NO - 556, NEAR ZHALNWADI HAVELI, HAVELI, Maharashtra	India
S2-279795129	GLASS FARMER	35 C.R. AVENUE GROUND FLOOR, ROOM NO 6/1, KOLKATA, KOLKATA, West Bengal	India
S2-550348786	serialenterprises.com	GAT NO.40, NEAR RAILKAR, ROAD, KADAMWAK WASTI, HAVELI, Maharashtra	India
S2-603052709	Solstice Ocean Íncorporated	02329 BURLINGTON AVENUE, BURLINGTON, IA	US
S2-748268413	BARBERSHOP URBAN (WEST)	00783 25, RICHFIELD, NY	US
S2-802604278	Alderman, Trimm & Gsrby Ltd	10 CALUMET ST, BOSTON, MA	US
S2-784775419	JDY Producer Corp	NO 11 VILL DUBE PACHAMWA, PARARIYA, KATEYA, GOPALGANJ, बिहार	India
S2-253412037	Desert Enterprises	4TH ST, BANDERA, TX	US
S2-290289962	Craig British Ínc	120 RANCHO DELUXE, LIBERTY HILL, TX	US
S2-609637188	Dr RENOWN CO-CENTER		India
S2-122944993	Apache Ltd Ventures	BHAICHANA TEXTILE MILLS COMP-OUND ABOVE S B I LAL BAHADUR SHASRTI MARG BHANDUP, MUMBAI, महाराष्ट्र	India
S2-567514562	Blue Rocky Ltd	7473 ZANJERO BOULEVARD, GLENDALE, AZ	US
S2-846975420	Technology  Sampuran Technologies	18-8-T916 , 1ST FLOOR, KGR COMPLEX, MYSURE ROAD, MALAVALLI, Karnataka	India
S2-649251901	Shri Eminent Vintrade [Pvt.]	SF. NO. 542/B2, PERUMAL KOIL ST. GOUPARASANALLUR KATTAUPAKKAM, CHENNAI, தமிழ்நாடு	India
S2-665463193	City Vijay Private Limited Services	D-FR, FL-1ST, LP-17/2, 1/1 SARKHEL PARA LANE, BALLY JAGACHHA, পশ্চিমবঙ্গ	India
S2-620589797	Melanie's Valley	505 Wheatley Ave, WISE, VA	US
S2-986714176	Alvarez, Lane and-Stewart Manufacturing	1911 KANGAROO AVE, KILLEEN, TX	US
S2-111237832	M/s Purvi (India) Company Center Center	Telangana, 12-1-331/C/1, DATTATREYA COLONY ASIF NAGAR, HYDERABAD	India
S2-800779929	Pioneer Inte1ligence Labs Inc.	5 DUK IN FIELD DR, NORWICH, CT	US
S2-186918703	Kolkata Realtors Private Ltd	DOOR NO 111 MEGHNAD SAHA SARANI FLAT NO 8B, KOLKATA, KOLKATA, West Bengal	India
S2-54238568	न्यू सदर्न फूड्स बेकरी प्राइवेट लिमिटेड	SCO-90 THIRD FLOOR, ASHOKA COMPLEX, DELHI ROAD, ROHTAK, Haryana	India
S2-374123528	Northern Health Center Clinic  LLC	3527 CUYLER AVENUE, BERWYN, IL	US
S2-706455784	Linton Cóntinental Red North LLC	647 ANDERSON DRIVE, KETCHIKAN, AK	US
S2-838230067	Lovett, Wolf  & Pike LP	52652 POTTS ROAD, GALES CREEK, OR	US
S2-570512018	Family Clinic Inc Inc	3879-3883 HOG BEND, GRAORD, TX	US
S2-85369861	freddy ward can corp	502 ORIOLE CT, ELYRIA, OH	US
S2-56541596	Mr whiteconsultancyprivate.com	B-C-33 CHIJARSI SECTOR 63, NOIDA, Uttar Pradesh	India
S2-564852431	Rochette Carmona Inc. [Center]	330-334 9TH SAINT, MURPHYSBORO, IL	US
S2-973891945	Horizon-Cargo Digiohl LLC	32934-C 11, PHILADELPHIA, NY	US
S2-731971794	Desert Cteirlnhg Inc	9518 Oxborough Curve, BLOOMINGTON, MN	US
S2-278021863	Gasavue Summit Corporation	1021 THEMIS STREET, LEESBURG TOWN, VA	US
S2-849656600	Batts, Morales & Séxton Compania LLC	20 MONTAUK AVE, EAST MORICES, NY	US
S2-613971680	Corporate Technical Dynamics,  Inc		US
S2-7521413	Solutions Arrnbc Enterprises Pvt Ltd	43 , DICKENSON ROAD, BANGALORE -560 042., Karnataka	India
S2-718800703	Fix Inc	HUDSON, 110 CHAPIN ROAD, MA, PMB 3382	US
S2-270518407	Continental Nova Clinic (Ltd)	1725C DAFFODIL TRAIL, YOUNGSTOWN, OH	US
S2-609895919	Khammam Private Limited Service	11-10-770/21/A/1 FLOOR 3, STREETNO6VIVEKANANDANAGAR, KHAMMAM, Telangana	India
S2-755475008	MCMAHON BRAEMAR	23 WHITE'S PATH, YARMOUTH, MA	US
S2-435436175	इंडो प्रोडक्ट्स प्राइवेट लिमिटेड	HN 307 II BIRLA FLATS ARYASAMAJ ROAD KAROL BAGH, NEW DELHI, NORTH DELHI, Delhi	India
S2-659531921	bobbeechampionsgatewallace.com	2003 IDALOU RD, LUBBOCK, TX	US
S2-533183444	johnson bond	MAIN STREET, <NULL>, STONY POINT, NY	US
S2-747793486	Delta Prógram-Inc		US
S2-156145640	यूनिक इन्वेस्टमेंट एलएलपी	D-2/241, Uttar Pradesh, LUCKNOW, VIBHAV KHAND, GOMTI NAGAR	India
S2-494249069	QUBG Leisure Córp	G-1007, REVENUE SURVEY NO. 342/P VILLAGE SARIGAON, G.I.D.C, VALSAD, Gujarat	India
S2-184020156	Darelle Verhagen, DPM, P.C. Co Service	219-221 3rd St, NEWPORT, AR	US
S2-884083511	New-Limited Mal Delhi	HN 748 H-16/128 GALI NO-1GOVIND GARH TANK ROAD KAROL BAGH, NEW DELHI, दिल्ली	India
S2-209549510	PEDIATRIC INC. SERVICES	5775 ESTATE LANE, PMB 3834, BELGRADE, MT	US
S2-85041734	क्लासिक बॉम्बे फूड्स इलेक्ट्रॉनिक्स प्राइवेट लिमिटेड	H.NO #82 AT SILLOD TILAK NAGAR AT SILLOD, CHHATRAPATI SAMBHAJI NAGAR, AURANGABAD (MAHARASHTRA), Maharashtra	India
S2-319771268	SHREE  WORLD PRIVATE	21/9, AAMARPALI APPARTMENTS, 56, I.P EXTENSION PATPARGANJ, दिल्ली	India
S2-712153407	Tindivanam Producer  Private Limited	DOOR NO 710 NO:28, NEDU STREET, ALANKUPPAM, VILLUPURAM, Tamil Nadu	India
S2-477346021	Classic  Technical Partners Ltd	3921 KIMBERLY DRIVE, <NULL>, PEARLAND, TX	US
S2-791212666	Bengaluru Products-Pvt Ltd	H.NO 447 , SRI SAI HEIGHTS, 17TH MAIN, 17TH CROSS, HSR LAYOUT, SECTOR 4, BENGALURU, ಕರ್ನಾಟಕ	India
S2-694627142	Johnson, Black and Johnson Argentina Corp.	13-17 PHILLIPS RD, PMB 7904, GLENBURN, ME	US
S2-330823411	VALENKA GUTIERREZ STRATEGIC ENGINEERING C0RP	PEOPLES AVE, TROY, NY	US
S2-292039728	लक्ष्मी क्लासिक कंसल्टिंग प्राइवेट लिमिटेड	205, VARDHAN TOWER, COMMUNITY CENTRE, PREET VIHAR, DELHI, दिल्ली	India
S2-829337272	Interfaith Gui1d Corp	WAKEFIELD, 23 CATALPA ST, MA	US
S2-405644916	... Wahl  Enterprise Haleyville	AL, HALEYVILLE, 44 SLAUGHTER PEN ROAD	US
S2-62736893	Desert Association Incorporated	013601 44RD ST, PHOENIX ICTY, AZ	US
S2-72311199	KESTEUS ODYSSEY	MAIN AVE, HIGHLAND HEIGHTS, KY	US
S2-33513454	Nonet Blighhht	713 Harbor Side St, WOODBRIDGE, VA	US
S2-510654046	ZHUANG, BONNY AGNC INC	11 QUARLES STREET, BRENTWOOD, NY	US
S2-995134427	patriot guild	6814 PINEWAY, HYATTSVILLE, MD	US
S2-48325161	CHEM-(INDIA)-PVT LTD		India
S2-391277285	Grand  Braemar	3684A EDGEWOOD DR, PT NGELES, WA	US
S2-186703584	लोटस टेक्नोलॉजीज प्रा. लि.	NO D/116/65 A-1 SAHKAR NAGAR KALYANPUR KANPUR- U.P, KANPUR, Uttar Pradesh	India
S2-95090414	Private Option Footwear Limited	DG A 05 41, 5TH FLOOR, TOWER A, THE DIGITAL GREENS, SECTOR 61, GURUGRAM, GURGAON, Haryana	India
S2-907237193	Mullally, Friederike Platinum Payments (LP)	1098 NAT ROGERS ROAD, BOSTON (COUNTY), KY	US
S2-401293041	Supra Advisors Co	SHOP NO 165 FIRST FLOOR, VARDHMAN CROWN MALL PLOT NO 2 SECTOR 19, DELHI, Delhi	India
S2-878352124	Lucky Barbershop	9004 DANTE AVE, CHICAGO, IL	US
S2-135305339	IJ  India Private Limited		India
S2-775099408	Blue Innovative Food Private Ltd	2/624A. , MEKKAD P O, NEDUMBASSERY, Keralam	India
S2-393523489	Asset Building  Initiative LP	56 COLUMBUS AVENUE, HAVERHILL, MA	US
S2-438260084	Dr Rapt Naturals-Sriperumbudur [Limited]	DOOR NO 16/180 CHENNAI BANGALORE MAIN ROAD, SRIPERUMBUDUR, Tamil Nadu	India
S2-908151511	Tejita Textiles	NO 99 , 2ND FLOOR, LAKSHMANA SWAMY SALAI, K.K. NAGAR, Tamil Nadu	India
S2-914761441	Catalyst Consultants Private  Limited	1/15, KATTUR, POOLAMPATTI PO EDAPPADY TK, Tamil Nadu	India
S2-447804682	The Mengel, Robinson & Mitchell Center (Uptown)	9525 MICHELE LN, TEMPE, AZ	US
S2-748545907	Premier East Care Textiles Pvt Limited	FLAT NO C-122 , FLOOR NO. 1, KULSWAMINI NIWAS, GULMOHAR LANE, CHUNABHATTI, MUMBAI, Maharashtra	India
S2-227887567	ROSARIO, WALZ & ALLEN MANAGED	111 WHITE ST, DANVILLE, VA	US
S2-659715947	ಸೌತ್ ಸಿಲ್ವರ್ ಕನ್ಸಲ್ಟೆಂಟ್ಸ್ ಪ್ರೈವೇಟ್ ಲಿಮಿಟೆಡ್	DASANAPURA, BANGALORE NORTH TALUK, BANGALORE., BANGALORE, Karnataka	India
S2-568874744	सुप्रीम टेक	460/SCHEME NO.114-PRATHAM, INDORE, Madhya Pradesh	India
S2-999559486	Ínc Tisdale Applied	17TH SAINT, NEWTON, IA	US
S2-704449115	Ahmedabad Venture Private	BLOCK G-771 B1013, EMPIRE BUSINESS HUB, SCIENCE CITY ROAD, NR. CIMS HOSPITAL, SOLA, AHMEDABAD, AHMEDABAD, Gujarat	India
S2-698245094	Lakshmi Engineering Medicals Limited Service	HN 646 217/227, T.V. INDUSTRIAL ESTATE, S. K. AHIRE MARG BEHIND GLAXO COMPANY, WORLI, Maharashtra	India
S2-250598875	Taluka: Khalapur Technologies	#53/2 & 53/3, KHOPOLI PEN ROAD, VILLAGE: AJIVALI, TALUKA: KHALAPUR, Maharashtra	India
S2-893074332	piedmontcentraltristate.com	15 KELLER DR, BEULAH, ND	US
S2-372789171	Navi Mumbai C0ast Pvt. Limited	F-1/C:2, SECTOR 11, NERUL, NAVI MUMBAI, Maharashtra	India
S2-722880181	Shri REAL ASSOCIATES [CENTER]	#Z1-10072  NR ARYA SAMAJ CHOWK BANK BAZAR, BATHINDA, Punjab	India
S2-557541533	FOUR STEEL INDUSTRIES CO	H NO:2-17-5/212, SAI SADAN, EAST KALYANPURI UPPAL, Andhra Pradesh	India
S2-108228337	Pisces Agriculture Pvt [Ltd]	#862 SUN N MOON CHAMBERS, PLOT NO S4, OFFICE 721, JAIPUR, N/A, Rajasthan	India
S2-871829810	Olanon Graphics (ID: 87789)	130 COX RD, ASHEBORO, NC	US
S2-866295263	Gilly J. DDS Allen,	S7235 BLUFF RD, TOWN OF MERRIMAC, WI	US
S2-842446266	QUILL, MENGEE, D.C., DDS PC	5798  Drenta Cir, NAVARRE, OH	US
S2-674991742	Waits LLC Services	8025 TEXAS STATE HIGHWAY 19, SULPHUR SPRINGS, TX	US
S2-747122768	M/s Ratanlal and Snos Ventures Private Limited	A-##28, BASEMENT FLOOR, NEW DELHI, Delhi	India
S2-586734904	திருப்பதி பிளாக் இண்டஸ்ட்ரீஸ் பிரைவேட் லிமிடெட்	17/1 GROUFD FLOOR, DORON COMPLEX DHAMODARAN STREET, CHENNAI, தமிழ்நாடு	India
S2-166932951	hotelproducercom	KRISHNA KANTA DAS, VILL-, KALUGACHH, PO-BHAISHPITA, CHOPRA, পশ্চিমবঙ্গ, <NULL>	India
S2-421540927	Kala & Co LLP	E 202, LGF SUSHANT LOK 2, GURGAON, Haryana	India
S2-67201778	Garg Logistics Private	40-103 LGF, CR PARK, NEW DELHI, Delhi	India
S2-758681750	Beyond Departmental Pvt. Ltd.	PLOT NO. 16, SR NO. 87/11, VEERBHADRANAGAR, HAVELI, Maharashtra	India
S2-714768922	Nunn, Patterson Inc Sharkey Can and	412 NWTON ST, PARAGOULD, AR	US
S2-189369955	MCQUEEN ÉFES INC	3330 BRYANT COURT, SACRAMENTO, CA	US
S2-975334742	Johnson LLC  Endocrinology	SCOTTSDALE RD, SCOTTSDALE AIRPARK, AZ	US
S2-670930015	Aarthik Vodyalhya	H.NO.617 BLK E 1 PKT 1C, SEC A1-A4 MANSA DEVI ROAD, DELHI, दिल्ली	India
S2-668310822	BAAR BAAR FAMILY OFFICE INCORPORATED	311 BLACKHAWK ROAD, PO BOX 5861, CHARLTOTE CITY, NC	US
S2-394554163	Pvt Seo Infra Ltd	GADDIANNARAM, Telangana, RANGAREDDY, #15 ND FLOOR H NO 16-2-753/A/1/1 SRI SRI HOUSE, HYDERABAD	India
S2-970203166	Brennan Secure Wholesale	MA, 39 BLANEY CT, REVERE, <NULL>	US
S2-822918754	FIORENZA, HALL & BURT LLC	VA, 1613. MARY LOU LN, CHESAPEAKE CITY	US
S2-631499185	ROSMERTADIESEL.COM	U. NO. T-26A THIRD FLOOR, PANKAJ CETNRAL MARKET, LSC, MANDAWALI FAZALPUR, NEW DELHI, Delhi	India
S2-892302414	Slate [LLC]	419 GREENWAY DR, EDEN, NC	US
S2-266007614	skyindiaworld.com	# 279- BX, MODEL TOWN EXTENSION, BHARAT NAGAR CHOWK, ਪੰਜਾਬ	India
S2-149845283	Elite Power,	3092 RAINES RD, MEMPHIS, TN	US
S2-846158069	Canopy Management Private (Limited)	Tamil Nadu, #196- 126, F1, RAJAJI NAGAR, 3RD CRSS STREET, SAIDAPET	India
S2-381850998	AUTISM ASSISTANCE MINISTRIES LLC	LAKE STREET, MONTICELLO, NY	US
S2-880883010	WU Séarch Center	#195 P58 59 SN 128/1A, 128/1B2A, KALPATARU GREEN FIELD, HAVELI, महाराष्ट्र	India
S2-731649105	Creative Catalyst	4443 DETROIT PL, PMB 5894, TULSA, OK	US
S2-330228627	Private Swaraj Colonisers (India) Ltd	DOCR NO 2073, Karnataka, BANGALORE, SRI KALA COMPLEX, 24TH MAIN, OPP.LOTUS HOSPITAL, 1ST SECTOR, HSR LAYOU, T	India
S2-806573115	Smt Heritage Opticals Overseas Private	Maharashtra, HN 705 SHOP 2-20, GROUND FLOOR, DHANYA SATIVALI NAGARI, VASAI	India
S2-863652256	Silver Bike-Shop Partners	310 THIRD AVE, HAMPDEN, ND	US
S2-730588551	MUMBAI EDUCATIONAL CORP	UNIT NO. 16, 1ST FLOOR, A WING, PINNACLE CORPORATE PARK, BKC, BANDRA (EA, ST), MUMBAI, Maharashtra	India
S2-72883532	Safe Telecom Hóldings	8 DUPONT AVE, BIDDEFORD, ME	US
S2-434711089	भारत फूड्स लिमिटेड	GAUTAM BUDDHA NAGAR, Uttar Pradesh, DADRI, L-401	India
S2-727414171	Vighnaharta Charitable  Trust Limited	M 06 IIND FLOOR SECTOR 11, NOIDA, Uttar Pradesh	India
S2-484254734	Taranth Systems Pvt Ltd.	C/O SURAJ MAL MEENA ALKODIYA, TALERA BUNDI, RAJASTHAN, BUNDI, Rajasthan	India
S2-6905210	Rocha  Piedmont (ID: 63125)	MILLER AVENUE, VA, CHESAPEAKE CITY	US
S2-729001863	Toomey Lan	STRAUB RD, MANSFIELD, OH	US
S2-78682340	ಸಾಯಿ ಟೆಕ್ನಾಲಜಿ ಪ್ರೈವೇಟ್ ಲಿಮಿಟೆಡ್	#A-81, BAGLUR BANGALORE NORTH, BANGALORE, Karnataka	India
S2-560702438	INFRATECH FOUNDATION NATKHAT	LIG-19 RAMGANGA VIHTR, PHASE 2, MORADABAD, उत्तर प्रदेश	India
S2-809086049	GX Fresh Energy Partners	TX, 12238 SOUTHWEST FREEWAY, STAFFORD	US
S2-664981233	Shah Practice Center	OR, 12248 HORNY HOLLOW TRL, TERREBONNE CITTY	US
S2-323570916	YOS.COM	5001 WESTERN AVE, OMAHA, NE	US
S2-868365106	Complete Total Smith [LLC]	7163 STATE HWY 518, RANCHOS DE TAOS, NM	US
S2-211389639	Metropolitan Silver Oil LLC		US
S2-692060905	Granite Holdings	913 240RD AVENUE, SAMMAMISH, WA	US
S2-516882643	గోల్డ్ కన్సల్టింగ్ ప్రైవేట్ లిమిటెడ్	#23-178/4, K.V.RANGAREDDY, SHAMSHABAD, Telangana	India
S2-827503791	Sri Dynamic Industries-Pvt  Ltd	INDUSTRIAL SHED NO 350/4 INDUSTRIAL AREA PHASE 1, PANCHKULA, Haryana	India
S2-401408311	PLLC Crystal Direct Developments Valley	131 MARY SAINT, NC, KANNAPOLIS	US
S2-515091575	பாரத் புராஜெக்ட்ஸ் பிரைவேட் லிமிடெட்	481, K.P. ROAD, KANYAKUMARI, தமிழ்நாடு	India
S2-637238651	Sri Sbt Polytechnic (Industries)	DOOR NO A-50 GANDHI HOUSE, 3RD FLOOR, 16 GANESH CH AVENUE, KOLKATA, KOLKATA, West Bengal	India
S2-729345807	Dee's Gldf Marketing (Inc)	451 SEBEC LAKE RD, WILLIMANTIC, ME	US
S2-287588845	A Dynamic Technologies LP		US
S2-822482083	UNITED DEVELOPERS PVT  LTD	402-, VINAY BHAVAN CHS LTD, CTS NO. 195/142 90 FT ROAD, ICICI BANK BLDG., OPP. LEVENDER BOUGH, GHATKOPAR EAST, MUMBAI, Maharashtra	India
S2-319667672	PROPERTIES RAJDARBAR  PROPERTIES	DOOR NO 409 C/O - ANUPAMA KUMARI, BAHADURPUR HOUSING COLONY, AGAMKUAN, Bihar	India
S2-731682240	SOUTHERN SOUTHERN ERPOBCTS LIMITED	51/150-38-10 NGO COLONY, RAYACHOTI, N/A, ఆంధ్రప్రదేశ్	India
S2-250915022	Prairie Society II, Co	1840 BERRA BOULEVARD, TOOELE, UT	US
S2-213470723	Flanagan & Hernandez Opendoor Valley LLC	84 BLUEBIRD LANE, null, NAPERVILLE, IL	US
S2-619664055	Sai Constructions	MODULE- 24, PHASE- II BUILDING, 2ND FLOOR, WEBEL IT PARK, PARIBAHAN NAGAR, MATIGARA, DARJEELING, West Bengal	India
S2-74052072	Infra Ranger Consulting-Corp	AVENUE PLAZA, FIRST FLOOR, SURVEY NUMBER 59/1B/1, MORE VASTI, MANJARI BK (N.V.), HAVELI, HAVELI, Maharashtra	India
S2-254663123	Shoshanna's Gulf Pub Co	85211 67ND ST, CITY OF KENOSHA, WI	US
S2-981635800	Group Harbor Bleichroeder	1086 DOOMS CHAPEL ROAD, SYMSONIA, KY	US
S2-596515519	Drucill Dix, DPM LLC	03536 BEND OF IVY ROAD, MARSHALL, NC	US
S2-202135780	IRITA TIPPETTS SCIENCES LLC	5249-A HUGH WOODARD RD, SPRINGFIELD, TN	US
S2-863198881	Knight Coastal Digitalbridge LLC	OPELIKA, 706 LAKE CONDY RD, AL	US
S2-53619573	... Harish lnfratech Private Limited Center	C/O ARMAN KHAN, PATNA, Bihar	India
S2-878768582	[GENERATION] PRAIRIE CAMPOS	526 STONE LAKE DRIVE, AUGUSTA, KS	US
S2-67633039	United First Pono, Corp	00162 BRITTANY DRIVE, WESTMINSTER, SC	US
S2-726109238	सुपर कंसल्टेंट्स प्राइवेट लिमिटेड	C/O GURMEET SINGH, DHAULPUR, DHOLPUR, राजस्थान	India
S2-182145854	Unified Tower Coastal Inc	46 BETH LANE, HYDEN, KY	US
S2-610173207	ENJAY EDUCOM PRIVATE LIMITED	TAKDAH CANTONMENT P.O. - TAKDAH CANTONMENT, DARJEELING, West Bengal	India
S2-710539502	DE Constech Pvt	F/#14, PRAYAS CHS LTD, S N DUBE ROAD, NEAR HANUMAN MANDIR, GAWADE NAGAR, DAHISAR EAST, DAHISAR EAST, महाराष्ट्र	India
S2-465052945	VAAYUANSH FOOD CORP	OFF S V ROAD, BANDRA(W) NR BAIDRA TELEPHONE EXCHANGE, MUMBAI, Maharashtra	India
S2-359710026	ALLIED FINANCIAL ENTERPRISES LLC	1640 ARIZONA AVENUE, YMA, AZ	US
S2-41986027	Gorr Resolution		US
S2-939739824	SELECT WEALTH NETWORKS (INC)	2213 MENTOR RD, null, LOUISVILLE, TN	US
S2-683120884	Chiropractic Clinic of Míltona Uptown Inc.	4811 WILLOW ROAD, MILTONA, MN	US
S2-180641337	Kahn Preferred Krakacquisition	SYLVAN DRIVE, ANTIOCH, IL	US
S2-840868162	डायनामिक मार्केटिंग प्रोविजन	70 S.K. SAXENA S/O SRI B.D., SAXENA R/O CIRECULAR ROAD, HARDOI, उत्तर प्रदेश	India
S2-810500558	kingcustomdesign.com	ORANGE, TX, 16144 FARM TO MARKET 1442	US
S2-743493687	Sage Cáscade Nmp	VA, COLONIL HEIGHTS, 00300 NEWCASTLE DR	US
S2-387222645	Cole Fisheries West  LLC	1114 Dunstan Rd, PASADENA, TX	US
S2-178777487	Eye Care	04 HILLTOP ROAD, DE, WILMINGTON	US
S2-438299704	Geclarum Preferred Kpet	OH, COLUMBUS, 2315 MALIN PL	US
S2-567819618	Head Harmony, Supreme LLC	01434 72RD PLACE, CHICAGO, IL	US
S2-199348255	Happy Tattoo North	36582 SPINDRIFT DRIVE, OH, EASTLAKE	US
S2-461664377	Mutual-Retail Systems Corp		US
S2-765966940	Starwise Gsnatewya LLP	DOOR NO 137 8, NIZAMUDDIN EAST, Delhi	India
S2-387930936	Quality Infrastructure Corporation	HOLLY CIR, INDIANAPOLIS, IN	US
S2-728566332	VALLEY GÚILD LTD	2300-D OLD COURTHOUSE DRIVE, GREENVILLE, NC	US
S2-535009147	शक्ति बिल्डर्स प्राइवेट लिमिटेड	305 PRAKASH CHAMBER6 N S MARG DARYAGANJ, CENTRAL DELHI, NEW DELHI, दिल्ली	India
S2-417277947	Esar & Partners Group	NO. 536 107, VARDHMAN SHOPPING COMPLEX ROHIT KUNJ, PITAM PURA, Delhi	India
S2-106812665	mspub.com	5158 JONES ST, OMAHA, NE	US
S2-487925537	RED CLEANING SERVICE PC	240 FRANKLIN AVENE, MOUNT VERNON, NY	US
S2-892378445	Ruthie Gaskins, Ésq. PLLC	109 BARRINGTN PL, MORTON, IL	US
S2-504977086	BEATRIZ DIAL UNIFIED PRINCIPAL CORP	354 NIEDERWERFER RD, S. WINDSOR, CT	US
S2-542732821	apexcrest.com	6411 33RD STREET, WASHINGTON, DC	US
S2-167426364	Private Karol Bagh Buildtech Limited	#13A/47, W.E.A, SECOND FLOOR, KAROL BAGH, CENTRAL DELHI, Delhi	India
S2-741811666	RAVIAKSH RESEARCH PFIVREA LIMITED	PLOT NO. 9/47, KIRTI NAGAR INDUSTRIAL AREA, NEW DELHI, NEW DELHI, दिल्ली	India
S2-851968861	Jaxyuma	MATTAPOISETT, 26 R PINE ISLAND RD, MA	US
S2-371549760	SURYA MARKETING  PRIVATE LIMITED	HOLI CHOWK, BAUND KHURD, BAUND, हरियाणा	India
S2-938743845	PG Capitla Transportation	CLAYTON, NC, 33 ONYX COURT	US
S2-976732784	TKV AMTOBOTIE	682 94TH STREET, OCEAN CITY, MD	US
S2-961093381	ONCOLOGY METRO MEDICINE-LLC MEDICINE-LLC	MO, IMPERIAL, 101 SECKMAN SPRING CIRCLE	US
S2-171593739	PLATINUM UNIFNED  OIL HOLDINGS	2308 77TH ST, MUSKOGEE, OK	US
S2-654636304	6REAT  EMPIRE RED	409 GRAYSIDE AVE, CITY OF MAUSTON, WI	US
S2-6412284	Duthie Chase LLC	9268 TANEY ROAD, MANASSAS CITY, VA	US
S2-803343298	LLC Neala's Services Security Atlantic	69C BILLINGS STREET, QUINNCY, MA	US
S2-710471913	Florry D Christians, MD	124 ELMWOOD HILL ROAD, PUTNAM, CT	US
S2-974807079	NAVJYOTIBROTHERS.COM	PLOT 380 S. NO. 53/2/1 NETAJI NAGAR PU PIMPLE GURAV, PUNE, Maharashtra	India
S2-912228916	SHREE SANGH COMPANY	NO. 632 12-1-1119/24, INDIRA NAGAR LALLAGUDA, SECUNDERABAD, తెలంగాణ	India
S2-780354672	Cornerstone Fox	391 SCHOOL STREET, PEMBROKE, MA	US
S2-529318908	GALAXY INTERNATIONAL PRIVATE	FLAT NO: 301 PLOT NO: 257, SY NO.56 BAGHAMEERI, BALANAGAR, Telangana	India
S2-795261579	Dani Tex  Limited	#502, 5TH FLOOR, 57 GULBARGA BUILDING, A U MEMON STREET, CHUNABHATTI MASJID, MEMONWADA, MANDVI, MUMBAI, Maharashtra	India
S2-86043592	Imminent Senior  LLP	UNIT NO B-2902/12, KOHINOOR SQUARE, CENTRAL COMERCIAL TOWER, N C KELKAR MARG, OPPOSITE SHIVSENA BHAVAN, RAM GANESH GADKARI CHOWK, DADAR -WEST, MUMBAI, Maharashtra	India
S2-785643946	Southern Travel	IL, NAPERVILLE, 507 CHAMBERLAIN LANE	US
S2-101325335	Dkr Granites (India) Holdings Private Limited	#9 KKMP BUILDING, GROUND FLOOR, 16-A MILLER ROAD VASANTH NAGAR BANGALORE, ಕರ್ನಾಟಕ	India
S2-862571135	Family Health Inc Trust	212, CLACKAMAS, OR	US
S2-462526248	SCHOLARSHIP CENTER	1073 CLYMERS CREEK RD, HAMLIN, WV	US
S2-252697289	Getty Citigroup,	215 HALES ROAD, JONESBOROUGH, TN	US
S2-73156996	Keystone Payroll Products Partners	10277. HIGHLAND SCHOOL ROAD, MYERSVILLE, MD	US
S2-752903533	ഗോൾഡ് ഫുഡ്സ് പ്രൈവറ്റ് ലിമിറ്റഡ്	8/697/1, PRIYAGEETHAM MEDIA COMPLEX KUTTUMUKKU ROAD, CHEROOR, THRISSUR, Keralam	India
S2-7418163	ASTER WEALTH PRIVATE LTD	#4-79/1, ALAM ARCADE KARIM NAGAR ROAD, SIDDIPET, Telangana	India
S2-762128837	FAMlLY CARE, INC.	2459 PATRICIA LN, BURLINGTON, WA	US
S2-306634202	LOKNATH SUGAR	A-301, SAI PRASAD APPARTMENT, ABOVE MILLENNIUM RESTAURANT OPP. METHODIST CHURCH, FATEHG, UNJ, Gujarat	India
S2-9662497	Elliott Guggenheim Corp		US
S2-65301879	Elizabeth M.D. Banks, Associates	2001 21ST AVENUE, NASHVILLE, TN	US
S2-206863564	Department Of Education Uptown	917 OUTLOOK RIDGE LANE, VILLA HILLS, KY	US
S2-15025788	Ortiz  Precision Trading Inc.	11654 PAVIA DRIVE, RANCHO CUCAMONGA, CA	US
S2-362602827	Hotel Investment	C/O SRI SUBODH PRASAD C 325, GALI NO. 25, BALJEET VIHAR NITHARI EXT, DELHI, Delhi	India
S2-223741344	Plus Infrastructure  Exports Pvt	D.NO:16, PATEL STREET, OPP.POWER HOUSE NEAR (IOC) MARAGATHAVALLI PETROL BUNK, ERODE, Tamil Nadu	India
S2-710175093	OK Finance Infratech Private Limited	905, SAI ANAND PLAZA, OPP GOLDEN NEST, NR. HIMALAYA COMPLEX, MIRA BHAYANDER RD, MIRA RD, null, Maharashtra	India
S2-22602734	bsostyles.com	C-1104, 11TH FLOOR, PRIDE PLATINUM, S NO 16 NEAR PANCARD CLUB, BANER, PUNE, Maharashtra	India
S2-718826006	Engebretson, Cruz & Erwin Irenic Ltd	888 HOLLY CREEK ROAD, BROKE NBOW, OK	US
S2-155350727	सिल्वर अरिहंत कंसल्टिंग प्राइवेट लिमिटेड	DOOR NO 029-A KALU SARAISARVPRIYA VIHAR, NEW DELHI, GREEN PARK EXT, Delhi	India
S2-202159021	WATER R D PARTNERS	6. Charles Patten Dr, STERLING, MA	US
S2-766743346	Metro Vsat LLC	53 SUMMER SHADE RD, ALLONS, TN	US
S2-658994017	Klyara Fuse	4410 OAKS RD, PADUCAH, KY	US
S2-841041204	Mcclintock-and Shelton LP	1115 POND SIDE DR, SECURITY-WIDEFIELD, CO	US
S2-1505887	Inc Brightiq Ks	1315 FAIR STREET, BOWLING GREEN, KY	US
S2-915229145	Lucknow Limited Services	FLAT NO 8-04 , BLOCK-W, SHIPRA APARTMENT SEC-4, GOMTI NAGAR EXTENSION, LUCKNOW, Uttar Pradesh	India
S2-983318792	A Cure	105  CHALMERS ST, WILLIAMSVILLE, NY	US
S2-737827326	FARIDABAD PRIVATE CENTER LIMITED	14/ 7, MILESTONE MATHURA ROAD, FARIDABAD, Haryana	India
S2-262681979	NADIA MAURER ATLANTIC SYSTEM INCORPORATED	183B DICKSON RD, RIEGELWOOD, NC	US
S2-323027978	Fenet	17254C KENMORE ROAD, KENDLAL, NY	US
S2-713572779	Flying India Private Limited	FLAT NO. 307- , LIKITHA APARTMENTS, VENUGOPAL NAGAR, ANANTAPUR, Andhra Pradesh	India
S2-717911914	Optva LLC Center	15120C PERLITE DRIVE, NULL, EL PASO COUNTY, TX	US
S2-813611214	Desired Co &	C-41 G/F JITAR NAGAR, NEW DELHI, Delhi	India
S2-727900448	Amaro and Amsolgr LLC	VAN BUREN ST, DICKINSON COUNTY, KS	US
S2-266677221	ੴ ਫੂਡ ਲਿਮਟਿਡ	VILL KOOPUR, JALANDHAR, ਪੰਜਾਬ	India
S2-50586341	Shri Balaji Energy Private	G-20/1, SUDAMA NGAAR, INDORE, Madhya Pradesh	India
S2-820079347	Johnson & Helton	4808 MOHN WAY, PEORIA, IL	US
S2-720983730	Shalibhadra  Research Ventures Private-Limited	7 G SARASWATHY NILAYAMJAWAHAR NAGAR, THIRUVANANTHAPURAM, Kerala	India
S2-255666022	શિવ ટેક્નોલોજીસ પ્રા. લિ.	AHMEDABAD, Gujarat, TH/F-04, ISCON ELEGANCE, CIRCLE P S. G. HIGHWAY, AHMEDABAD	India
S2-925486917	SANJEEVANI  SANGH	NO 63, THIRUMALAI PILLAI ROAD LANE T NAAGR, CHENNAI, Tamil Nadu	India
S2-425201806	Martin Tribeca Co	109 MURRAYS RUN RD, BARDSTOWN (COUNTY), KY	US
S2-136630789	savitri ventures private limited	2-87/36, TANNERY KA HATA AACHARYA NAGAR, KANPUR, Uttar Pradesh	India
S2-505041950	Shivam Pvt Projects Ltd	A6 8 FLOOR, MAX VISTA VILANGUDI, MADUARI NORTH, Tamil Nadu	India
S2-146498176	Developers Nalanda Agro Ltd	NO.D-17 THILLAI NAGAR 1-24 8TH CROSS EAST, TRICHY, Tamil Nadu	India
S2-387917057	holy cathedral west	123 WRIGHTS VIEW LANE, MOOORESVILLE, NC	US
S2-311198605	CONTINENTAL-MEDICAL CENTER	DEKALB AVENUE, BEND, OR	US
S2-362776689	Womens Health Tri-State Care Inc.	14809. BALLANTYNE GLEN WAY, CHARLOTTE, NC	US
S2-924470584	Richardson  Franklin Associates Ltd	HAWKRIDGE RUN, BELLEVILLE, IL	US
S2-252275061	Tranlisft Co	09021 CHINA ROSE DRIVE, AUSTIN, TX	US
S2-700717757	CONTINENTAL IDAHO INC.	1050 CANYON ROAD, WISCONSIN DELLS, WI	US
S2-670948516	SMART PRIVATE LIMITED CENTER	RH NO 8 ANKITA ROW HOUSES, VRINDAVAN NGR, KAMATHWADE, NASHKI, महाराष्ट्र	India
S2-443356087	BELOLUM	2204  163rd St, <NULL>, MILL CREEK, WA	US
S2-548296657	SOUTHERN FINANCE [CORPORATION]	19.1.28, NEAR NAGARJUNA COMPLEX MAIN ROAD, RAMACHANDRAPURAM, RAMACHANDRAPURAM, Andhra Pradesh	India
S2-854676522	Gowin Generation South LLC	#451 CORTE MAJORCA, VACAVILLE CDP, CA	US
S2-32982164	Paharimata Estates	4 KALACHAND SANYAL LANECALCUTTA, KOLKATA, পশ্চিমবঙ্গ	India
S2-253709551	Holcomb  & Mlorrs Company	7980  HENRY CLAY BOULEVARD, CLAY, NY	US
S2-569515778	WILSON HOLDINGS CENTER		US
S2-717546	Beacon Medical Holdings Ltd	147 MAIN STREET, WASHINGTON, NC	US
S2-311204736	Roopanth Consu1ting Private Limited	#1/792 YERRAMUKKAPALLE, CUDDAPAH, CUDDAPAH, Andhra Pradesh	India
S2-71434915	HENRYETTA MORRIS CHINA LLC	26 PALMER FORD RD, N/A, WEAVERVILLE, NC	US
S2-674315309	Limited Chennai & Partners	S/O SHOJI LAL MEENA, BISALPUR COLONY KE PICHE, TONK, Rajasthan	India
S2-959518463	Empire Safety Inc.	126 1/2 LLOYDS LN, AYDLETT, NC	US
S2-104858458	Ravian Research  Company	PLOT NO 21  A, SECONDFLOOR, SANTHOSAPURAM, TAMBARAM, தமிழ்நாடு	India
S2-133252993	Custom Creative Products LLC	85 OLD ANCHOR ROAD, WV, MOUNTT NEBO	US
S2-510931175	ROCKY INSTITUTE OF TECHNOLOGY LTD	NEW RICHMOND, 1101 148ND AVENUE, WI	US
S2-485822686	Farias-Valuence LP		US
S2-132098743	Brilliant Public Slhsol Limited	GAT NO. 2332/1, SHREE COMPLEX, UBALE NAGAR, (NEAR SHIVSAGAR HOTEL) A/P WAGHOLI, HAVELI, Maharashtra	India
S2-717686537	The Summit  Sierra	HUDSON, COLUMBIA STREET, NY	US
S2-267714454	Izabel P. Escobar, DDS Co	824 WEST ST, GARDEN PLAIN, KS	US
S2-486150728	INC MACK BEACON ADBFIGNSTORS	2650D BRAEBURN WAY, WOODSTOCK, IL	US
S2-808100278	NGUYEN SUMMIT STOCK [LLC]	WILMINGTON, 813-817 CASPIAN CT, NC	US
S2-580017481	Dwarika Rice (India) Industries Private Ltd	Bihar, 74, TEKARI ROAD PS- KOTWALI	India
S2-439805521	Wonder Pvt Air Ltd	#53/9 VIDYAYATAN SARANI, KOLKATA, West Bengal	India
S2-465597852	@AGUILARCHESAPEAKE	28A ETHELL PARKWAY, N/A, NORMAL, IL	US
S2-721134375	NEW CÓNSTRUCTION MEDICALS PVT LIMITED	NO 9/11 G-3, G/F, EAST PATEL NAGAR, NEW DELHI, Delhi	India
S2-611908172	Stanley  Bold LLC	13330 STOWE DR, COLUMBIA CITY, IN	US
S2-753020760	WOOTEN, GABOR AND BOWDEN INC CENTER	8725  ADAMS STREET, WAKARUSA, KS	US
S2-978606166	Shree Tech Private Limited	113L, NEW COLONY DR. LAL PATH LAB, OPP. XEN OFFICE, PALWAL, Haryana	India
S2-368462066	Urgent Care Srat Specialists LLC	21432 MAIN SAINT, GRESHAM, OR	US
S2-810865448	Ziex Viking Associasotse	117 VOGEL RD, EVANSVILLE CTIY, IN	US
S2-332541981	Reedy-Midwest Lloyds	277 CAPEN STREET, HARTFORD, CT	US
S2-723221488	Surat Corporate	P-3098 GR FLR SURAT TEX MKTRING ROAD, SURAT, Gujarat	India
S2-516216793	Krueger Companies [Corp]	PORTSMOUTH LN, HOUSE SPRINGS, MO	US
S2-192774038	Kelley Inc Center	2560 ROSS ROAD, SILVER SPRING, MD	US
S2-898156452	Davenport  Autism Aistge Alliance P.C.	807 WEST 3RD ST, DAVENPORT, IA	US
S2-123315323	Williams & Fdy Electric (LLC)	NY, MOUNT PLEASANT, 144 ARNOLD PL	US
S2-98658177	Tucker, Birsadnmdow and Nguyen Sab Care	SHAMBALA LN, TUCSO CDP, AZ	US
S2-234917047	Orbon Quartzsea	14100 1/2 OSBORNE AVENUE, MARLBORO TWP, OH	US
S2-165457766	प्रीमियर इंटरनेशनल प्राइवेट लिमिटेड	G 24, NEW DELHI, SOUTH DELHI, Delhi	India
S2-59129159	Mountain Veterinary Clinic, Partners Inc.	1324 MCDERMOTT DR, ALLEN, TX	US
S2-665981472	Atlantic C0nstruction  Worldwide	15846 SR 115, COLUMBUS GROVE, OH	US
S2-455830760	SPIK & CO	BUILDING NO. 029/41, GROUND FLOOR, O K BUILDING, KOZHIKODE, Kerala	India
S2-927844008	रियल फाइनेंस प्राइवेट लिमिटेड	22/30, AMAR JYOTI CHS, 4 BUNGLOWS ANDHERI WEST, MUMBAI CITY, NAVI MUMBAI, Maharashtra	India
S2-926151059	Umbrasol	8135 BUFFALO RD, ONEIDA, TN	US
S2-139757130	Group Blue Zhejiang	5576  FM 462, HONDO, TX	US
S2-878639783	India India Ss Inpsectin Company	FLAT - G1702, APARNA SAROVAR ZENITH, NALLAGANDLA, SERILINGAMPALLY, Telangana	India
S2-197696225	Valley Sécure Software Inc.	3654 GNLWAY RD, BALLSTON SPA CITY, NY	US
S2-594071966	Holdings Tranet Lggacy Pmv	2279 BROWNTOWN ROAD, WARREN COUNTY, VA	US
S2-22805370	Tri-State Interstate Biomedical [Inc]	608 ILLINOIS AVENUE, ESSEX, IA	US
S2-772922754	#2 Solid Corporation	18048 ALDEN ST, BAINBRIDGE TWP, OH	US
S2-932626440	GREEN KARMAN LLC	4025 LAKE AVE, ROCHESTER, NY	US
S2-860766432	जैन गुरु बिल्डर्स प्राइवेट लिमिटेड	15TH A, CITY VISTA FLOOR 4, FOUNTAIN ROAD, KHARADI, PUNE, 166 C/O SPACELANCE, Maharashtra, PUNE	India
S2-626012117	Arihant Limited Consultants	286/44B, NIWAS KHERA AISHBAGH, LUCKNOW, उत्तर प्रदेश	India
S2-327738915	Green Motors LLC	1671 1/2 CLINTON CT, MELROSE PARK, IL	US
S2-417229978	NJT MITSUBISHI	MORRIS ST, ALBANY, NY	US
S2-744917936	The Summit Seas Inc.	BAYOUSIDE DR, CHAUVIN, LA	US
S2-786753976	FA Leasing	LAKSHMI VILAS MARAKKADAMUKKU, PALACHIRA P.O., VARKALA, THIRUVANANTHAPURAM, Kerala	India
S2-185002425	Evohalo	007722 BOULDER SUNSTONE LANE, CONROE, TX	US
S2-26930111	Zenner Integrated Kodiak Clinic [LLC]	00175 CLAYMONT RD, WESTMORELAND COUNTY, VA	US
S2-910195544	Krysta Mcneal Holdco Partners	42 BRITISH WOODS DR, BOTETOURT COUNTY, VA	US
S2-913038433	LIMITED INDUSTRIES AAKAR CHIT CENTER	MUMBAI CITY, Maharashtra, RADHA BHAVAN1ST FLOOR 121 NAGINDAS MASTER ROAD, MUMBAI	India
S2-632953201	... Kelly, Waugh and Velasquez North	31507 KING WILLIAM ROAD, WEST POINT, VA	US
S2-216434283	Behavioral  Health Green Specialists, LLC	##7237 LEA WOOD LANE, CHARLOTTE, NC	US
S2-895791781	Behavioral Partners  LLC Services	110. HART AVENUE, OPP, AL	US
S2-87980826	Prime  Nippon	057 HIGHLAND AVENUE, BINGHAMTON, NY	US
S2-165768476	supreme textile networks llc	3615 81ST DR, MARYSVILLE, WA	US
S2-407917981	Roller Midwest Newhold Inc	11254  COUNTRY CLUB RD, NEW MARKET, MD	US
S2-520545166	... Fanni's Security Services Co	#137 THE LANE, TAZEWELL, TN	US
S2-645440237	Dewas Constructions Co	NO 74 C/O AJAY SINGH, KALMA, A.B. ROAD, DEWAS, मध्य प्रदेश	India
S2-852365571	alicealowery.com	67 CAROLINA LANE, TAYLORSVILLE, NC	US
S2-267771398	Sterling Express Jersey  LLC	14 PACIFIC PLACE, LONGVIEW, WA	US
S2-376819411	1488 Seoanth Ave Ápartments PC	5138 CRYSTAL SPRINGS DR, ELLICOTT CITY, MD	US
S2-366081375	Urology  Center	100 STRATFORD LAKES DR, DURHAM, NC	US
S2-535988246	Llc Complete Blue Edp	1406 EDISON HIGHWAY, BALIMORE, MD	US
S2-217976803	Prisha Innovation	Karnataka, AANGAN, PLOT NO 3, SACYADRI COLONY, BELGAUM	India
S2-935018855	J+ Shreya	NY, YONKERS, 43 CASSILIS AVE	US
S2-500008641	Sunlike Services Services	211, (OLD 159), POONAMALLEE HIGH ROAD, KILPAUK, CHENNAI, CHENNAI, Tamil Nadu	India
S2-801612886	LLC Buus	1303 CASTILLO COURT, GREENVILLE, NC	US
S2-89956614	Indivar Communications L.L.P.	#49, PARDA BAGH DARYA GANN, NEW DELHI, Delhi	India
S2-783200505	Pukhrayan  5ervices Limited	WARD NO 9, LAXMIBAI NAGAR, KANPUR DEHAT, PUKHRAYAN, null, Uttar Pradesh	India
S2-666781884	Subhiksha Energy Pivriate Limited	PLOT NO. C-27C VEERAPURA VILLAGE DODDABALLAPURA INDUSTRIAL AREA, BANGALORE, ಕರ್ನಾಟಕ	India
S2-590386743	BEACON PLATFORMS	1900  F ST, WASHINGTON, DC	US
S2-942813893	Merilee A. Dugas,-D.O.	ANNISTON, AL, 5433 ROGERS AVE	US
S2-996569294	Heart Tsudt	10467 BRANDON WAY, PRINCE WILLIAM COUNTY, VA	US
S2-429712588	পায়োনিয়ার গুজরাট কনস্ট্রাকশন প্রাইভেট লিমিটেড	P126, KOLKATA, HOWRAH, পশ্চিমবঙ্গ	India
S2-457321092	pacific target pllc	474 KENILWORTH CT, GLEN BURNIE, MD	US
S2-428097788	Pratibha Import Limited Center	10-79 SADASHIV PETH NEAR SHANIPAR MANDIR FL NO 102, PUNE, महाराष्ट्र	India
S2-129637001	The Dent Book Store Llc	818 AGGIE ROAD, JONESBORO, AR	US
S2-369527493	Slack Éxchange Group	16 ENDEAVOR LANE, YORK COUNTY, VA	US
S2-44909703	NJSI Private Limited  Services	OFFICE NO. 1213/7, RK SUPREME, OPP.TWIN STAR, RAJKOT, Gujarat	India
S2-402444489	Blue Modern Japan Llc	03930 11ST AVE, EUGENE, OR	US
S2-940596292	Premier Robotics Innovations L.L.C.	80 BRENNAN BEACH, PULASKI CITY, NY	US
S2-16720295	20/20 OPTICAL CO	319 SOOKEYS CREEK, PIKEVILLE, KY	US
S2-127778636	Spoc Public  School		India
S2-877875891	MAIN DÉLI SETRETET	303 CLOUDLESS SKY DR, MECHANICSBURG, PA	US
S2-690131096	THE LIROIA MIDTOWN LLC	2270 290 Street, WICKLIFFE, OH	US
S2-540853782	Ritech Inc.	1331 GOODLAND PLACE, FARMERS BRANCH, TX	US
S2-829070070	Cascade  PC	1301 CARNAHAN RD, SPOKANE VALLEY, WA	US
S2-147367965	Dorman Network Corp		US
S2-505244705	familycharities.com	OR, WESTON, COUSE CREEK ROAD	US
S2-202394836	Era Enterprises Ventures	NO 2-6/ 470, AYMANAM, PANDAVAM BYPASS ROAD, AYMANAM P.O, KOTTAYAM, KOTTAYAM, Kerala	India
S2-182583916	sibyllagordonplatinum.com	261 BREITLING RD, ELY, MN	US
S2-380179669	fick and hazel group	6848. LOOMIS BLVD, CHICAGO, IL	US
S2-15365332	King and Toth Ltd	7 135TH STREET, OCEAN CITY, MD	US
S2-653853567	#belgaumperforming	H. NO. 2165/A-1, KORE GALLI, SHAHAPUR, BELGAUM, Karnataka	India
S2-522109781	BOWDEN RIDGE DEVELOPMENT LLC	248 NIGHT RIDERS WAY, TX, JARRELL	US
S2-301746313	PQQ Total LLC Center	2406 1/2 QUEENS LACE TRL, CHATTANOOGA, TN	US
S2-683872853	306 Broadway Properties Uptown Llc	2338 ROSEANNE COURT, FAIRBORN, OH	US
S2-788168060	Kmc Life Private	54, PATRAWALI CHAWL, AMRAIWADI ROAD, AHMADABAD CITY, Gujarat	India
S2-923605499	Adella Wallace Spécial	2272 350, CHIRENO CDP, TX	US
S2-342277032	Aerotech Aerotech Global Pivme Limited	CO NAND KISHORE MANDAL, VILL- SABOUR(C) PANCH- SABOUR, BLOCK- SABOUR, BHAGALPUR, बिहार	India
S2-55073412	Soft Ltd of Companies Holdings Group	DOOR NO 22- VILLAGE MEEMLA POST- DHAKKA KARAMCHAND, TEHSIL- DHAMPUR, BIJNOR, BIJNOR, उत्तर प्रदेश	India
S2-811799202	Quantan Avalanche (L.L.C.)	02144 Frisse Ave, EVANSVILLE, IN	US
S2-939986664	Golden Uabran Products Private Limited		India
S2-144152685	जैन एस्टेट	075- B DADA NAGAR, KANPUR, Uttar Pradesh	India
S2-287872643	PEDIATRIC [ASSOCIATES]		US
S2-820150442	Chawla Solutions LLP	Delhi, 458/473, GALI NO.8, FRIENDS COLONY, INDUSTRIAL AREA, SHAMBU NATH COMPOUND, SHAHDARA, SHAHDARA	India
S2-997165561	Modi Mills Enterprises Private Limited	NO.816, B WING, MITTAL TOWER, MG ROAD, NEXT TO HSBC BAN K, Karnataka	India
S2-747466359	Corner  Pilates	260 SOUTH HAVEN DRIVE, PARSONS, TN	US
S2-983802800	फ्यूचर एक्सपोर्ट्स लिमिटेड	803, GURGAON, Haryana	India
S2-580967499	रियल एंटरप्राइजेज ट्रेडर्स प्राइवेट लिमिटेड	A-254/14, JHANSI, Uttar Pradesh	India
S2-790339230	EVOQUOLUM	NO 12/2 F.F, AHMADABAD CITY, AHMEDABAD, ગુજરાત	India
S2-707039857	Kestari Hawaii Ínc	1214. GRANT STREET, REDFIELD, IA	US
S2-929646481	Delacruz Abscny Metro	MURFREESBORO, TN, 761 KALU DR	US
S2-266713379	PREMIER AMPERCAP INC	2508- SAMMY CERVANTES STREET, EL APSO, TX	US
S2-654375611	സൺ വെഞ്ചേഴ്സ് പ്രൈവറ്റ് ലിമിറ്റഡ്	59/438, KOZHIKODE, NARIKKUNI, കേരളം	India
S2-282629268	HU Desert Alto Group	950 214ND LANE, BUCKEYE, AZ	US
S2-818555762	Guidry Montessori School	SMYTH STREET, LYNCHBURG CDP, VA	US
S2-339142042	Lakshmi Infra  Pvt Ltd	CSN 326/A, B-1 ÂO4 TAKSHSHILA, NEW SHAHUPURI, KARVEER, KOLHAPUR, Maharashtra	India
S2-190698845	#shyamlogistics	G-610 QUERESHI HEIGHTS50 WARODA ROAD BANDRA WEST, MUMBAI, Maharashtra	India
S2-3987022	Mumbai  Shares	महाराष्ट्र, SHOP NO. #3 , ASHOK KEDARE CHOWK TEMBIPADA ROAD, BHANDUP(W), MUMBAI	India
S2-302833544	Apex  Inc Service	##32 DOVER ST, null, WHITMAN, MA	US
S2-928211613	Nerissa  Ward Grayscale LLC	WOLTZ RD, ROCKBRIDGE, OH	US
S2-57375033	THANE WEST FINANCE PRIVATE LÍMITED	603, BLDG NO 17, 6TH FLR, VINDHYAGIRI, SIDDHACHAL, PHASE - 3, NR VAASNT VIHAR, OFF POKHRAN RD NO 2, THANE WEST, Maharashtra	India
S2-144747555	reynoldsaftonn.com	030197 Cochise Ct, null, MECHANICSVILLE, MD	US
S2-306238454	Sri VM SERVICES PRIVATE LTD	Maharashtra, LIG-36/7 SECTOR 10, NERUL, MUMBAI	India
S2-839747669	जय टेक लिमिटेड	4 SAI NAGAR, null, KAMTHI, NAGPUR, Maharashtra	India
S2-914794752	Professional LLC Innovations, Payroll	00133 ROSEMONT, BELTON, TX	US
S2-199883120	St. Fellowship Fellowship Corporation	1772 ARIANA DR, BRTLETT, IL	US
S2-646087320	IVENORA CAPSTONE	EFFINGHAM, 00620 CLARK AVE, IL	US
S2-817467971	आनंद फाउंडेशन	OFFICE-213 PLOT NO. 20 SE, THANE, महाराष्ट्र	India
S2-145379986	Trading Limited-Engineering	DOOR NO 397 VALANKA KRUTHIVENNU MANDAL, VALANKA, Andhra Pradesh	India
S2-295799812	educationclassicassociation.com	176 CLYDES WAY, MANCHESTER, VT	US
S2-865353440	Supreme Infra Corp	F-C-1, SHREE RAM NAGAR, S V ROAD ANDHERI (WEST), MUMBAI, N/A, महाराष्ट्र	India
S2-830803484	TATAA BEST HOLDINGS CENTER	2314 LOMAS PLACE, CLOVIS, NM	US
S2-330251499	COMMUNITY ASSOCIATION INCORPORATED	DC, WASHINGTON, 3080 STANTON RD	US
S2-280468346	Laughlin Health Center PC	836 ESTELLE AVENUE, WICHITA, KS	US
S2-40746806	Apex State  Associates	86, YANCEYVILLE, NC	US
S2-1365339	Mr Shiva LLP Institute	NO. T1 & T2, ROYAL ENCLAVEPHASE 1 SRIRAMPURA VILLAGE, JAKKURPOST, YELAHANKA, HOBLI, Karnataka	India
S2-619277617	M/s Motors Traders Associates Enterprises [Co]	4B, RAJAM MANSION, 4/41, LUZ AVENUE MYLAPORE, CHENNAI, Tamil Nadu	India
S2-302419463	MOUNTAIN ALLIANCE LP	1910 UNION PACIFIC WAY, SUFFOLK, VA	US
S2-585699833	RÍOR.COM	223 SUMMIT HALL ROAD, GAITHERSBURG, MD	US
S2-738448002	Birge  Fifth LLC	591 KOLLER ROAD, COMBINE, TX	US
S2-287300820	BRIGHT & BROTHERS ENTERPRISES PRIVATE LTD	NO 27 RAJIV CLY HANS ENCLAVE, URBAN ESTATE, Haryana	India
S2-43498869	Shakti Co Corp Services	ADJOINING HOTEL SAROVAR, PORTICO, DHANGU ROAD, PATHANKOT, Punjab	India
S2-784105752	Fami1y Patriot Health	13320 MISSRON AVENUE, SPOKANE VALLEY, WA	US
S2-580965134	एपेक्स कंस्ट्रक्शन प्राइवेट लिमिटेड	SOUTH DELHI, Delhi, NEW DELHI, #38 GROUND FLOOR	India
S2-812353470	Guillen & Randolph LLC	WHITWELL, NEW HOPE LOOP, TN	US
S2-370453785	ഹൈടെക് വെഞ്ചേഴ്സ് ജ്വല്ലേഴ്സ് പ്രൈവറ്റ് ലിമിറ്റഡ്	NO 76- KUDIYAMVELI, ALAPPUZHA, കേരളം	India
S2-815576787	Enso Trading LLP	WZ-A-63 SHIV NAGAR, NEW DELHI, Delhi	India
S2-913033756	Krishna बिजनेस Private Limited	OFFICE NO.B3/228, SOMDUTT CHAMBER-II, BHIKAJI CAMA PLACE, NEW DELHI, Delhi	India
S2-571013920	NATI0NAL VETERINARY CLÍNIC	37 MATTHEWS ROAD, NEWAK, DE	US
S2-785971729	Ross-Vesndome	17018 ENCHNATED CIR E, SUGAR LAND, TX	US
S2-764713035	PHYSICAL THERAPY RIDGE HALH CENTRAL  INC	5914 OCEAN HIGHWAY, OCEAN ISLLE BEACH, NC	US
S2-19689896	Rev It Up Deli Inc.	IL, ELGIN, 05 COMMONWEALTH AVENUE	US
S2-266340710	PHYSICAL THERAPY MEDICINE OF [SYRACUSE-LTD]	WILLOW ST, SYRACUSE, NY	US
S2-573950787	SIDDHIVINAYAK ENTERTAINMENT LLP	BLOCK F-286 EW 2040, BHARAT DIAMOND BOURSE G BLOCK, BANDRA KURLA COMPLEX, OPP NABARD HEAD OFFICE, BANDRA EAST, MUMBAI, महाराष्ट्र	India
S2-198315960	AVIPYRA	1228. KENNEDY DRIVE, CITY OF HARTFORD, WI	US
S2-824972458	Cultural Horizon Association	NEELLEY ROAD, PLEASANT GARDEN, NC	US
S2-942849471	Associated Automation LLC Services	81 1/2 MAPLE RIDGE DRIVE, null, MONMUTH, ME	US
S2-722206336	Downdy Oil Inc	1785 ALTA MESA COURT, BROOKFIELD, WI	US
S2-344874828	Choice Value Co	102 BROOKSBY VILLAGE DR, PEABOY, MA	US
S2-224520354	Rocky Veterinary Clinic	6510 CULMORE DRIVE, HOUSSTON, TX	US
S2-118393214	continentalatlanticus.com	BLAKELY ST, WOODSTOCK, IL	US
S2-589086253	Harris Exploration  Inc	BACKCOUNTRY TRAIL, ENINS, MT	US
S2-369242155	GHAZIABAD  PRODUCTS	KJ-55/7, KAVI NAGAR, GHAZIABAD, Uttar Pradesh	India
S2-220596390	MAIN STREET CLEANING SERVICE INC	PA, 618 GUNPOWDER COURT, COLLEGEVILLE CITY	US
S2-820558687	Tavozeph	PLOT NO-6-143, BHUBANESWAR, KHORDHA, Orissa	India
S2-536098194	Legacy Agriculture	14 COUNTRY CLUB DRIVE, CHELMSFORD ITY, MA	US
S2-102704852	INNOVATIVE CÓMMODITIES PRIVATE PRIVATE LIMITED	தமிழ்நாடு, DOOR NO 7.CATHEDRAL GARDENS, MADRAS-34., MADRAS-34.	India
S2-377309216	INFOMEDIAINDIA.COM	44-347/6. PLOT NO.13 TIRUMALANAGAR, MOULA ALI, HYDERABAD, Andhra Pradesh	India
S2-612768292	Orthopedic Group Foundation	WRIGHT RD, CONCORD, MA	US
S2-604701267	बॉम्बे पावर प्राइवेट लिमिटेड	204 B, UN A APARTMENT, PLOT NO. 3 PATPARGANJ, DELHI	India
S2-318546967	Worku, Nash & Marlideze LLC	229 DEL NORTE DRIVE, ANDERSEN SPRINGS, AZ	US
S2-493765804	PEAK BAY CARLYLE	445 917, PO BOX 6202, SMITHS STATION, AL	US
S2-967438873	सन प्रोड्यूसर प्राइवेट लिमिटेड	MUMBAI, महाराष्ट्र, MUMBAI, 24	India
S2-754789254	Primary Care  Gulf Partners Group	2623. JAMES ST, BELLINGHAM, WA	US
S2-953579753	Certified Drhfal Holdings	LILY, 204 MCCLURE BRIDGE ROAD, KY	US
S2-783841787	Piedmont Diagnostics LLC Center	6300 CREEDMOOR ROAD, RALEIGH, NC	US
S2-500854867	होटल मार्केटिंग प्राइवेट लिमिटेड	DOOR NO G-82 FLOOR 8, MADHULI APARTMENT, DR ANNIE BESANT, ROAD, NEHRU CENTER, BOMBAY, MUMBAI (SUBURBAN), Maharashtra	India
S2-889472913	Spirits (india) Ltd	D C-76 SECTOR 58, NOIDA, Uttar Pradesh	India
S2-566356754	CONLEY COLONIAL FINANCE	2150 COUNTY ROAD 1334, BLANCHARD, OK	US
S2-353872072	Williamson Arts	MAPLE LANE, MINNETRISTA, MN	US
S2-739955278	Premier Electtrdhics Products LLC	3114 DISTRICT ST, TUCSON, AZ	US
S2-977609843	Dronacharya & Sons Pvt Ltd	S-A-110-G, S BLOCK, INTERNATIONAL ROAD, GREATER KAILASH-II, K R MANGLAM WORLD SC, HOOL, NEW DELHI, Delhi	India
S2-396644933	6lobal P.C. [Services]	0010725 VALLEYVIEW CT, HARRISON, OH	US
S2-144066810	PIONEER RESEARCH  SOLUTIONS, LLC	108-110 GENERALS RETREAT PL, FRANKLIN, TN	US
S2-195899758	shiveducare.c0m	FLAT NO. 31/4 A, SECTOR-10, POCKET-1 DWARKA, NEW DELHI, NEW DELHI, दिल्ली	India
S2-199283462	एसएस डेवलपर्स प्राइवेट लिमिटेड	D ##19 GANESH NAGAR PANDAV NAGAR, EAST DELHI, Delhi	India
S2-444467356	Apex LLC Services	#47 PAGE DR, JERICHO, NY	US
S2-991532073	Baker Horizon PLLC-Service	VERONA DRIVE, WILMINGTON, NC	US
S2-256459754	Vajra Institute of Technology Pvt	19/20 EAST PUNJABI BAGH, NEW DELHI, Delhi	India
S2-959585173	*** Eye Clathbe LLC	1912-A Lake Ave, HURON, OH	US
S2-740058982	श्री टेक्नोलॉजी लिमिटेड	PLOT 373 J-67/2, GALI NO. 10, PANDAV NAGAR, DELHI, EAST DELHI, Delhi	India
S2-862433822	Leeper Critical Llc	WRENFIELD DRIVE, SAINT LOUIS, MO	US
S2-9348220	ईस्टर्न इंफ्रा लिमिटेड	PLOT NO. 72, ASHOK NAGAR, NANDED, महाराष्ट्र	India
S2-445420919	LA Estates (Private)	OFFICE NO. 310, VASAN UDYOG BHAVAN, C.T.S. NUMBER 160, SUN MILL COMPOUND, LOWER PAREL WEST, MUMBAI, महाराष्ट्र	India
S2-471154795	GOLDEN PRECISION CADENZA LLC	MEDFORD, MA, 50 WATER ST	US
S2-183683146	@HIGHEASTERN	A/4D, VICEROY COURT, THAKUR VILLAGE, KANDIVALI EAST, Maharashtra	India
S2-680762771	Transportation		US
S2-188887388	Miller Tinto	281 PIKE ROAD, FALKVILLE, AL	US
S2-618260962	garudaenterprises.com	A/602, VASANT MOTI ARCADE, RADHANAGAR, GANESH MANDIR ROAD, TITWALA (EAST), THANE, Maharashtra	India
S2-839751839	Joliet Wildlife Society Corp	2890  HERITAGE DRIVE, JLOIET, IL	US
S2-945865905	Colonial Charter  School	##59 GREENVIEW DR, PO BOX 7752, AURORA, OH	US
S2-872121188	Gig Índia Private	BLOCK C-828 LAXMI NARAYAN APARTMENT, 4TH FLOOR, ROOM NO.15, BEHIND RED CROSS HOSPITAL, NAUPADA, THANE, महाराष्ट्र	India
S2-472694676	South Global Jewellers LLP	PLOT #79 C 635, 6TH FLOOR, MAHAVEER RHYO NYANAPPANA HALLI, BANGALORE, ಕರ್ನಾಟಕ	India
S2-521665381	Kaveriya Center	HOUSE NO-10, WARD NO-4, B.V.GAIKAR COMPOUND, KALYAN-SHIL ROAD, VILLAGE GOLAVALI, DOMB, IVALI (E), Maharashtra	India
S2-315872469	Pi Trust Holdings	NO 6 MK TOWER, MOTIHARI ROAD, CHAKIA(PIPRA), बिहार	India
S2-333989418	Super Logistics Trading	#1306 SYNERGY BUISNESS PARK, SAHKARWADI SAHAKAR SOC., BEHIND VIRVANI INDUSTRIAL ESTATE, MULUND GOREGAON LINK ROAD, GOREGAON EAST, GOREGAON EAST, महाराष्ट्र	India
S2-403646565	Dermatology Mountain Specialists,	1460 133ST STREET, CLEVELAND, OH	US
S2-25954937	PRIVATE INDIA KESARIYA ESTATE LTD	A-301, HYDERABAD, తెలంగాణ	India
S2-712777388	Mumbai Industries  Private Ltd	SH 01 CTS 276, S K LOTUS HOUSE, GIRISH BUILDI, L B S MARG, GANESH BAUG LANE, KURLA WEST, MUMBAI, Maharashtra	India
S2-551194254	The Aquino Preferred Ithax Inc	MEMPHIS, ARLINGTON AVE, TN	US
S2-642445801	Jai Academy	JIMMY PARK GF SHOP NO 12/5 TO 15 JAKATNAKA STREET, GONDAL ROAD, RAJKOT, ગુજરાત	India
S2-845379409	thomasgeracimccann.com	207-B SNOW CAMP DRIVE, CARY, NC	US
S2-246802983	গুরু সফটওয়্যার প্রাইভেট লিমিটেড	NO 48/4B B.T ROAD, KOLKATA, HOWRAH, West Bengal	India
S2-471762289	Katharyn Rich Fortis Valley	483 550, HURRICANE CITY, UT	US
S2-704652401	L 2 U Pennantpark Llc	LAWYERS ROAD, SPOTSYLVANIA, VA	US
S2-683131470	Rloller Holdings Limited	NO 17/2903-C, IDUKKI, Keralam	India
S2-559968500	Gulf Inc Center	1 ANNIS CT, BROCKTON, MA	US
S2-308356127	GROUP PRAIRIE PINNDE BIOWORKS	531 5 PETIRROJO, RIO RICO, AZ	US
S2-95424985	PRIVATE GREEN (INDIA) DEVELOPERSPRIVATE LTD	DOOR NO 401 SHREEKASHI PAREKH COM, AHMADABAD CITY, AHMEDABAD, Gujarat	India
S2-283699128	Maid Cleaning	3764 LADERA, MESA, AZ	US
S2-376766862	पायोनियर कंसल्टेंसी मोटर्स प्राइवेट लिमिटेड	B-92., GANGA DHAM-B, GANGA NAGAR, MEERUT, Uttar Pradesh	India
S2-537803499	The Brown Total Properties	W VIRGINIA AVENUE, DUNBAR, WV	US
S2-905223021	Olivette Simon	628 UNIVERSITY ST, BLOOMINGTON, IN	US
S2-899616853	Private Technology Aristo Exim Holdings Limited	ROOM NO- B/607, MUMBAI, MUMBAI CITY, Maharashtra	India
S2-788637934	Orchid + Brothers	PLOT NO 24 GROUND FLOOR PUNJAB EXPLLER COMPOUND, GHAZIABAD, उत्तर प्रदेश	India
S2-375456364	Inc Surgical Partners of Frlsdnia	FINNEY RD, FREDONIA, KS	US
S2-824685628	Bay Charter  School	1800 EDGECLIFF RD, FORT WORTH, TX	US
S2-865044868	Tech Management Private Ltd	महाराष्ट्र, G-11-, AMBIKA TARRACE, 4 CLIVE CROSS LANE, DANA BUNDER, 66, LILADHAR LAKHAMSHI MARG, MASJID(E), MUMBAI	India
S2-161687799	rápidfirstloan.com	22 FAIRHILL LN, INDIN HEAD, MD	US
S2-973057450	Northern Pediatrics	ANGEL PLACE, NORTH HAVEN, CT	US
S2-52268591	THE NARI STEPHENS SACHEM INC	1989 Nut Tree Dr, SALEM, OR	US
S2-958688251	Glori Mcgówan Solid Inc	#1135 OLSON DR, WAUKEE, IA	US
S2-152104014	TEM Kale Pvt.  Ltd.	Delhi, FLAT NO. ##55 , 2ND FLOOR, SECTOR-6, DWARKA, DDA, SFS FLAT, POCKET 1, DELHI	India
S2-879041312	Atlantic Select Associates Partners	724 OCEAN AVE, WELLS, ME	US
S2-975023541	MAA AGRO PRIVATE LIMITED	PG HALAKATTI ROAD CSD 1, BIJAPUR, Karnataka	India
S2-309042378	Banker Corp Center	13, MILL OFFICERS COLONY B/H LA-GAJJAR CHAMBERS, ASHRAM ROAD, AHMEDABAD, Gujarat	India
S2-174528596	Rayachoti  Welfare	PLOT 29 51/88, JAGADAMBA CENTRE, KOTHAPETA, RAYACHOTI, Andhra Pradesh	India
S2-947668546	Royal Robotics lndustries (LLC) #11146		US
S2-477191001	ભારત એન્જિનિયરિંગ એલએલપી	VAPI, SHOP NO 109 EMRELD BLNG VAPI TOWN, Gujarat, VALSAD	India
S2-504223867	Sandie Robinson	9404 West Road, HOUSTON, TX	US
S2-16791478	Broadway Steel Pvt Ltd	NO 92 C/O SOVAN KUMAR BID, NUTANCHATI BANKURA, BANKURA - I, West Bengal	India
S2-444679914	Lusby Family Chumbrch Inc	11537 TOMAHAWK TRAL, LUSBY, MD	US
S2-318217219	PRINGLE & HARRIS CARE INC CENTER		US
S2-307690106	Tepper Partners Équity Uptown	916 SHANNON STREET, BALD KNOB, AR	US
S2-423838997	Foot &  Ankle Physicians Inc - 6823563351	24032A DOLLY AVE, CHUGIAK, AK	US
S2-802075529	Private Chennai For Enterprises Ltd	Tamil Nadu, CHENNAI, 23 G, MALLES AV GARDENS, RAMAMOORTHY AVE EXTENSION, MUGALIVAKKAM	India
S2-109905092	New Delhi Overseas Private Limited  Partners	B3/512, CHIRANJIV TOWER NEHRU PLACE, NEW DELHI, दिल्ली	India
S2-482965691	National Great Srott L.L.C.	93 FIRST STREET, MELROSE, MA	US
S2-669804692	Anchit Solutions LLP	H.NO 935 56, GROUND FLOOR NATIONAL PARK, LAJPAT NAGAR IV, NEW DELHI, Delhi	India
S2-187499079	Side Technologies Private  Limited	DOOR NO 00197 301, MATRUCHHAYA, GULMOHAR CROSS ROAD 6, JVPD, VILE PARLE (WEST), MUMBAI, MUMBAI, महाराष्ट्र	India
S2-703470633	शिवा सर्विसेज ऑटोमोबाइल्स प्राइवेट लिमिटेड	Delhi, SOUTH EAST DELHI, SOUTH DELHI, B-1/E-20	India
S2-878371458	Trusted Clearthink Inc	706 BLAND STREET, ROSWELL, NM	US
S2-996541051	Sree Sree Sdflutmions	K N-##69 SA BABU VIHAR SECTOR 6A, LUCKNOW, Uttar Pradesh	India
S2-296959281	Kimball Defi Corp	Sycamore Ln, EULESS, TX	US
S2-938881398	Navratra Safety  Pvt. Ltd.	NO 00551 PLOT NO-21(P) SRINAM NIWAS BEHIND MAHARSHI COLLEGE, SAHID NAGAR, BHUBANESWAR, Odisha	India
S2-578129330	National Blsue Eaton (Inc)	3371 301ND DRIVE, PO BOX 1169, BUCKEYE, AZ	US
S2-342482411	Dr SRP & SONS PRIVATE LTD	5, UNION PARK, PALI HILL ROAD, NEAR PALI HILL, BANDRA WEST, MUMBAI, महाराष्ट्र	India
S2-874136723	HARRISALTISOURCE.COM	912 8RD STREET, GILLETTE, WY	US
S2-306233830	Samarth Solutions Pvt [Ltd]		India
S2-965399023	Shree Taniing Private Limited		India
S2-10844346	0CG Ádvantage North LLC	1137 WEST STREET, GALENA, IL	US
S2-733673243	Techno Wélfare Pvt Ltd	DOOR NO 152- , 2/3, FIRST FLOOR, 9TH CROSS, 80 FEET MAIN ROAD, J P NAGAR, 1ST PHASE, BANGALORE, Karnataka	India
S2-153191170	Valley Bs Sim [P.C.]	GREENVILLE, 315 1020, KY	US
S2-703946335	Siva  Industrial Private Ltd	#603  WZ-60-A, GROUND FLOOR CHAUKHANDI EXTN, TILAK NAGAR, Delhi	India
S2-662770103	Ion Exports Nidhi-Limited	###68 C/O RAJ LAXMI DRESSES ARANDA HASANPURA, SIWAN, बिहार	India
S2-423090663	@janishayes	138 Medford Street, CHARLESTOWN, MA	US
S2-653921269	ऑल लोटस एंटरप्राइजेज लिमिटेड	C-1412, AMALTAS, SIRSI, JAIPUR, Rajasthan	India
S2-672736825	Ridge Investments LLC	14717 BRIDGES ROAD, ELK, WA	US
S2-770422756	Aditya Grow	NO. 281/B/41, 12TH MAIN, BANASHANKARI 1ST STAGE, 2ND BLOCK, BANGALORE, Karnataka	India
S2-77419070	Veer (India) Multiservices Private Limited	MAIN ROAD SITA BULDI, NAGPUR, महाराष्ट्र	India
S2-662107705	Delta Eye Center	14852 HEDGE ROW CT, FONTANA, CA	US
S2-502250693	LOKHANDWALA PLANTATIONS PRIVATE LIMITED	H NO ##01 KALAMBESHWAR TQ DIST AKOLA, AKOLA, महाराष्ट्र	India
S2-891746522	Donna Ali Elite Bce Inc.	1421 SIPSEY FORK RD, DETROIT, AL	US
S2-983794224	Dawson & Hervey	706 PARKWAY DR, NORTH SALT LAKE, UT	US
S2-848656635	PEDRAZA,  ISOBEL G., D.O. LLC	0030 HOPKINS STREET, RUTLAND CITY, VT	US
S2-137954799	Naren Advisors Pvt.	18 PANCHAYAT SHETRA, GANDHI NAGAR, DEPALPUR, Madhya Pradesh	India
S2-828544692	Corporation Mumbai Technologies	DOR NO 734 604, 6TH FLOOR, WINDSOR, OFF CST ROAD, KALINA, SANTACRUZ (EAST), BOMBAY, MUMBAI, Maharashtra	India
S2-187843669	साईं केयर लिमिटेड	2006, OUTRAM LINE KINGSWAY CAMP, NR NU LIFE HOSPITAL, NORTH DELHI, DELHI	India
S2-263917027	सूर्या टेक लिमिटेड	C-90 G/F WEST VINOD NAGAR J.D. SCHOOL, WEST DELHI, दिल्ली, DELHI	India
S2-635730595	Thomas Superior Lease Llc	1927 OAK ST, OCEAN ISLE BEACH, NC	US
S2-397600396	Eye Keystone	CHESTER, VA, 11348 RIDGE MILL COURT	US
S2-784569977	New Delhi Fittings Exports Pvt Ltd	दिल्ली, B-18, GREATER KAILASH, ENCLAVE-II NEW DELHI, NEW DELHI	India
S2-116543777	3257 Washington Plaza Associates Co	5279 Galloping Way, TEXARKANA, TX	US
S2-644290298	Kataria Co Center	C/O BANNA RAM JAT JAIPUR TIRAHA, NH48, SHAHPURA, JAIPUR, Rajasthan	India
S2-640987463	Heer Logistics  Limited	D/906 SCO 1, BAGHO MAJRA, KHARAR, MOHALI, NULL, Punjab	India
S2-413317167	मॉडर्न मीडिया फूड्स प्राइवेट लिमिटेड	SONIPAT, SUB-URBAN, GANAUR, SONIPAT, NO 13 C/O SUDESH DEVI, हरियाणा	India
S2-598177562	Rotter and Ht Labs	1149 LEWISBURG PIKE, WILLIAMSON COUNTY, TN	US
S2-454168425	Fb Loss	NO. #15 , IVTH STREET ABHIRAMAPURAM, CHENNAI, Tamil Nadu	India
S2-234784280	gracefellowship.com	3790 BITTERROOT LN, PO BOX 8274, AUGSUTA TOWNSHIP, MT	US
S2-883981278	BARROW  RESOGRSE LLC	9526 Vogue Lane, HOUSTON, TX	US
S2-479261653	FLOOD VETERINARY CLINIC	TULSA, OK, 1934 51ST ST	US
S2-234289368	Summit Cópper	#9 POPLAR TRAIL, MOUNTAIN LODGE PARK, NY	US
S2-727608986	Creative United Electric, Partners	41 TURLINGTON ST, PMB 530, SALEMBURG, NC	US
S2-229183845	COMMUNITY COALITION INC.	227 INDIAN PATH WAY, COSBY, TN	US
S2-666773	Star Inc Liquidity Best	928 ORENCO STATION LOOP, HILLSBORO, OR	US
S2-386575117	indiabehalagases.com	FLAT NO. F503, TOWER F, PALM DRIVE SECTOR 66, GOLF COURSE EXTENTION ROAD, GURGAON, Haryana	India
S2-344591721	Signature Financial Global L.L.C.	39 SLOANS LN, MACOMB, NY	US
S2-566627479	AMERICAN INC SERVICES	9452 STONEFIELD RD, PO BOX 3932, SAINT LOUIS, MO	US
S2-57790674	ગ્રેટ ઇન્ફ્રાસ્ટ્રક્ચર પ્રાઇવેટ લિમિટેડ	16, AHMADABAD CITY, AHMEDABAD, Gujarat	India
S2-152587093	Ruthi Bunting Best	177 DEFENSE HIGHWAY, ANNAPOLIS, MD	US
S2-998406285	EPPERSON PEAK RICE-GROUP	2927-B ELLIS AVE, CANTON, OH	US
S2-445637459	Scottsdale Certified	7395 LEGACY BLVD, SCOTTSDALE KACHINA, AZ	US
S2-564777969	Dr Bright Producer Private	H-1504, AMRAPALI SAPPHIRE SECTOR-45, NOIDA, Uttar Pradesh	India
S2-998532634	श्री ग्लोबल प्राइवेट लिमिटेड	PL -3-5, PUNE, Maharashtra	India
S2-966525620	Dharmesh Holdings Care Industries	H.NO 24 , SPARKLING MEADOWS, NEAR LE MERIDIEN HOTEL, WARDHA ROAD, PAN, JARI, NAGPUR, महाराष्ट्र	India
S2-227612893	Seigle (Constellation)	ARTHURS FLIGHT PATH, PFLUGERVILLE, TX	US
S2-343356244	Bevova Llc	951 1/2 AUSTIN AVENUE, COOPER, TX	US
S2-138051778	DELHI HEALTH  LLP	HOUSE NO. 360-362, ADDITIONAL FLOOR PORTION, 2ND FLOOR, PKT-4, SECTOR-22, ROHINI CITY, DELHI, DELHI, दिल्ली	India
S2-174650284	திருப்பதி எண்டர்பிரைசஸ் கன்ஸ்ட்ரக்ஷன்ஸ் லிமிடெட்	848-A, MOUNT ROAD, PURUSHOTHAMAN BUILDING, TAMILNADU, MADRAS, தமிழ்நாடு	India
S2-231888175	STAR GREEN WIRLESS [INC]	789 WYMAN PARK DRIVE, BALTIMORE, MD	US
S2-930968972	Santoro Santoro Lhng LLC	MOORESVILLE, NC, 282 PLAZA DRIVE	US
S2-344754892	Shewale Corporate Private Limited	NO 77 ELAGAAN BIZTECH LABS, 1ST FLOOR, 19 KNG REDDY LYT AREKERE MICO LAYOUT, BANNERGHATTA RD, Karnataka	India
S2-995499973	Huber Apex Ofs Company	137 Middle Oaks Drive, WILMINGTON, NC	US
S2-172745464	Santos Patriot Metals North	5136 BLODGETT AVENUE, IL, DOWNERS GROVE	US
S2-359684479	Baum PC	291 DEANN DRIVE, INDEPENDENCE, OR	US
S2-699660338	रेड इन्वेस्टमेंट प्राइवेट लिमिटेड	PLOT 454 F NO 12, AKOLA, महाराष्ट्र	India
S2-363154872	Inc Precision Trcsted Pharmaceutical	805 RICHMOND AVE, COLUMBIA, MO	US
S2-303148353	LLC Cascade Nweork	24 HARROW STREET, BOSTON, MA	US
S2-378403696	#ioakrakacquisition	4895 10, LAUREL, MT	US
S2-349666272	Itl Traders  Private Limited	279/C RABINDRA SARANI, KOLKATA, KOLKATA, West Bengal	India
S2-187074087	Lemoine Aleetnergy Inc	13166 COUNTRY RIDGE DRIVE, GERMANTOWN, MD	US
S2-47749434	Complete Engineering Works	478 WINDSOR DR, MARYSVILLE, OH	US
S2-308390109	Interstate LLC Babcock Empire	31D PINE HILL RD, THOMASTON, CT	US
S2-332036682	Fort Rayalaseema Private Private Limited	DOOR NO 4TH/5 FLOOR, SYLVESTER BLDI. 20 SHAHID BHAGAT SINGH ROAD, FORT, महाराष्ट्र	India
S2-212967391	Siflovue	1452 HARVARD DRIVE, BRUNSWICK, OH	US
S2-185692593	Back Álley Auto Body Ltd	VA, DAYTON TOWN, PMB 2195, 162 SUMMIT ST	US
S2-980594306	FOOT and ANKLE PIONEER CLINIC ASMSMOCTNIES	500 BERKSHIRE DR, SOUDERTON, PA	US
S2-106196817	Blue-Liquidity Corp	1325 BALMORAL GLEN, FLOSSMOOR, IL	US
S2-406794851	Preferred Elite Tráilblazer	409 LAURELWOOD DR, UITCA, NY	US
S2-440765604	Cardinal Córp	10814 TAHOE WAY, SOUTH JORDAN, UT	US
S2-69559356	Pediatric Dental Associate	8 HUNTINGTON CIRCLE, NAPERVILLE, IL	US
S2-37044016	LLC Faqsue	515. WASHINGTON SAINT, AUBURN, IL	US
S2-376614649	Garcia Yorkville Incorporated	30 WESTVIEW LANE, SOUTH PARIS, ME	US
S2-276884251	Group Taarharyp Physical	67 FOOTE ST, HAMDEN, CT	US
S2-743951385	Pediatric Health-Inc.		US
S2-307709577	Bhopal Pharmaccuetials [Corp]	E-1-2, PREM NAGAR COLONY, BEHIND CHOLA DASEHRA GROUND, NISHALPURA, HUZUR, BHPAL, मध्य प्रदेश	India
S2-523935459	বেস্ট প্রাইম টেক প্রাইভেট লিমিটেড	BLOCK E-404 17A, HOWRAH, KOLKATA, West Bengal	India
S2-836302212	Querida Liska Clear Twó LP	027001 RIGBYLOT RD, EASTON, MD	US
S2-35064066	Initiative Colonial [Valley]	IL, GRANITE CITY, ##2605 DELMAR AVENUE	US
S2-155721168	JN Silver Sachs Inc.	832A EASTPORT AVENUE, UHRICHSVILLE, OH	US
S2-809896880	బాంబే ఇన్‌ఫ్రాస్ట్రక్చర్	PLOT NO 0047 & 48, MALKAJGIRI, NULL, తెలంగాణ	India
S2-284994286	THE ROJAS STERLING ASSOCIATION PLLC	10 JERICHO TPKE, COMMACK, NY	US
S2-122570602	Pediatric Dental Frontier Center Ltd	19 WOCDLAND DRIVE, KINGS PARK, NY	US
S2-987231071	#cure7	903 HILLS CREEK DRIVE, MCKINNEY, TX	US
S2-604653513	BANGALORE NORTH LIMITED SERVICES	#648/A OM CHAMBERS, BINNAMANGALA 1ST STAGE, BANGALORE NORTH, Karnataka	India
S2-905737147	PRIVATE BEST ENTERPRISES LIMITED	6/572M A BAZAAR BANK ROAD, KANNUR, Keralam	India
S2-59556650	Stewart LLC Center	33 8009, COCNHO, AZ	US
S2-390239892	Traders Fárms	A-2, 4TH FLOOR, KANCHAN GANGA APARTMENT, SHANTI HOUSE, OPP. TELEPHONE EXCHANGE, N, AVRANGPURA, AHMEDABAD, Gujarat	India
S2-209709244	INC BETANCOURT WORLDWIDE	700A COLUMBIA 440, STEPHENS, AR, PMB 8529	US
S2-225761300	EDGE-COFFEE	601 , BLDG NO.04 JEEVAN LIFESTYLES, SHIRGAON, BADLAPUR, Maharashtra	India
S2-355967072	Diamond Packaging Innovations Group	705 1/2 PEMBROKE WOODS DR, PEMBROKE, MA	US
S2-331311420	Benson Independence	DE, 59 ATLANTIC AVENUE, BETHANY BEACH	US
S2-939131514	SOUTHERN SCHOOL OF MEDICINE MEDICINE LLC	IL, COLLINSVILLE TOWNSHIP, 223 JOE ST	US
S2-240326327	Lopez Royal Source Source	8012 MILWAUKEE AVENUE, PMB 4140, NILES, IL	US
S2-231876247	Evvy's  Textiles	3407  LUMINOSO LANE, ROUND ROCK CITY, TX	US
S2-228710851	L.L.C. EALEY BRÍTISH	4216 HOLLY HILL DRIVE, INDIANAPOLIS, IN	US
S2-956609513	Electricians Union No 405 Holdings Services	23696 YUA RD, BUCKEYE, AZ	US
S2-866521078	C0gnitive Agencies (India) Infratech Pvt.	NO. E-606, E BLOCK, 6TH FLOOR, HAZEL APARTMENT, AVADI P H ROAD, AVADI, POONAMALLEE, TIRUVALLUR, Tamil Nadu	India
S2-962522174	Chiropractic-Partners Inc	8841 PRAIRIE AVE, CHICAGO, IL	US
S2-232100103	Ltd Idbi Triases Enterprises	SHOP 110, SKY MALL, BATHINDA ROAD, MALOUT, GIDDARBAHA, MUKTSAR, Punjab	India
S2-547097573	Spectacular Mgtk Private Limited	DESK NO 7, 26-27A H BLOCK 4TH FLOOR, OFFICE NO 401 AND 404 VIKAS MARG LAXMI NAGAR, EAST DELHI, Delhi	India
S2-888108239	culturalnetworkii.com	IA, KNOXVILLE, ##2610 FOREST DRIVE	US
S2-424955348	ग्लोबल लाइफ कंसल्टिंग	SMT. HIRA KUMARI, PATNA, बिहार	India
S2-813475951	హైటెక్ కన్‌స్ట్రక్షన్ ఫార్మసీ ప్రైవేట్ లిమిటెడ్	HYDERABAD, Andhra Pradesh, AMEERPET, 3RD FLOOR, FLOT NO. 302, SAI SURYA TATA TOWERS, SRINIVASA NAGAR, WEST, AMEERPET, HYDERABAD, H.NO 8-3-214/25	India
S2-429291272	Machinists Local PC Services	160 Emerson Pl, CAMDEN, AR	US
S2-634994990	Blue Goldman,	0-741 Phillips Dr, WAWAKA, IN	US
S2-350377103	ALVESMONTESSORISCHOOL.COM	#35765 POPLAR PATH LANE, LOUDOUN COUNTY, VA	US
S2-684046440	Citizen Spartacus  LLC	04 GREENBURN DRIVE, WELDON SPRING, MO	US
S2-950851985	Orthopedic Hihnaenlnad Center	IN, CHARLESTOWN, 08111 LUCAS LANE	US
S2-825354133	warnernationaldiversified.com	WOODTOCK, IL, 420- Burbank Avenue	US
S2-831437465	Vanscy0c's Creative Automotive	18110- CIMMARON OAK LN, RICHMOND, TX	US
S2-595913199	Classic Platinum Páceline Inc	7940 CHERRY AVENUE, FONTNA, CA	US
S2-871636446	Teodora  Pough Landscaping Inc	3293 MAPLEWAY LANE, COLMBUS, OH	US
S2-841034360	EPITOME  MILLS	KH.NO.11/1 GROUND FLOOR, SAWTANTAR NAGAR, DELHI, Delhi	India
S2-204704782	Klein, Cash LLC Grimm &	24 ROOSEVELT ST, CREVE COEUR, IL	US
S2-123204923	APPLIED MEDIA SRECAES		US
S2-62315810	Frontier Capital Aimei	5622 DELAWARE AVENUE, PORTLAND, OR	US
S2-76289234	NASHIK LIABILITY (LIMITED)	C/O BABAN DHONDIRAM KANGANE 281 DONWADE, NASHIK, महाराष्ट्र	India
S2-548705010	EDUCATION-FELLOWSHIP LLC NORTH	11 PILOT KNOB RD, DENVER, NC	US
S2-947549174	Superior  Green Australian	10502. CONCHO CIR, AZ, SUN CITY	US
S2-737755324	Sellars Wenlness Corp	TX, EVANT, 136-138 COUNTY ROAD 530	US
S2-278045217	Vr Limited Center	HOUSE NO-7-114 FLOOR 1ST, BLOCK-D PKT-3 SECTOR-16, LANDMARK NEAR DISTRICT PARK R, OHINI, NEW DELHI, Delhi	India
S2-662425862	LO  Next	185 Page Ave, BELLEVILLE, IL	US
S2-184190407	strategicanalyticsservices.com	7522 MERRILL AVENUE, CHICAGO, IL	US
S2-694410926	Smt Good LLP Centre	PLOT NO.-45-, BLOCK-B NEAR PATHWAYS SCHOOL, SECTOR-100, NOIDA, Uttar Pradesh	India
S2-437309128	Direct Investment Dynamic Inc	10925 CREVENNA OAK DRIVE, FAIRFAX COUNTY, VA	US
S2-325340520	Urgent Care American 5pecialists	21200. ROCK CREEK BLVD, PORTLAND, OR	US
S2-128766509	शिवम एक्सपोर्ट्स प्राइवेट लिमिटेड	SHOP NO. C-003, SATNA, Madhya Pradesh	India
S2-803642853	गुरु कंसल्टेंसी एलएलपी	Delhi, VASANT KUNJ, NEW DELHI, SECTOR-D, POCKET 68, DOOR NO 6004/5	India
S2-696538156	HU DESERT ALTO	1945 214TH LN, BUCKEYE, AZ	US
S2-94284744	बेस्ट डिजिटल इंफ्रा प्राइवेट लिमिटेड	27/3-C, BHULAI KA PURA, ALLAHABAD, Uttar Pradesh	India
S2-714077903	Highland Cornerstone Fox Group	8048 975, BUTLERVILLE TTOWNSHIP, IN	US
S2-300777619	... Rev It Up Hair Studio Co	1030-1032 LACEY AVE, LISLE CDP, IL	US
S2-259105160	Eye-Associates	NORMAL, 103 ORR DR, IL	US
S2-833433743	heathersnationalseafood.com	965 TATER GAP RD, MARSHALL, NC	US
S2-929054875	Murphy and Lopiez Clinic	<NULL>, AVONDALE GOODYEAR, 9975  ENCANTO BOULEVARD, AZ	US
S2-66236312	Reliable Qúality Inc (ID: 27364)	305A MAIN ST, FAIRFIELD, ME	US
S2-150284085	Gravity Dev Associates Exports	HN 753 3/538C, METTUPALAYAM MAIN ROAD, K.VADAMADURAI THUDIYALUR, COIMBATORE, Tamil Nadu	India
S2-214625922	Abghan Ten Pvt Ltd	DOOR NO 548 P.N. 94 G.N. 1086/25 KALPATARU GARDEN MHASRULRD, ADGAON, NASHIK, महाराष्ट्र	India
S2-166269541	PIONEER CORE	56 ELM ST, BRANTLEY, AL	US
S2-195819452	Council Arts Bartlett	05112 FOGGY RIVER LN, BARTLETT, TN	US
S2-147817802	Shriji  Holdings [Group]	PLOT NO. A-A-100 F/F, NEETI BAGH, NEW DELHI, Delhi	India
S2-317615334	SOUTH  AEMY	110 MURRAY ST, MINERVA TOWNSHP, OH	US
S2-307443980	Denise Jensen Occupational Therapy Corp	541 Correll Avenue, STATEN ISLANDD CITY, NY	US
S2-461150320	VANTON PREFERRED	9606-9610 DESERT FLOWER LN, HOUSTON, TX	US
S2-847685918	Lyndel P. Gutierrez, M.D., M.D., P.C. LLC	684 59, GULF SHORES, AL	US
S2-996064384	preferred engineering advisors llc	NULL, LOUISVILLE, KY, 226 LIVERPOOL LN	US
S2-9622708	Holdings Direct Digital	3365 Maple Avenue, ELMIRA, NY	US
S2-546744883	Matteson, Carrasco and Santana Crane Co	03108 BLACK CHESTNUT LN, CHEVY CHASE, MD	US
S2-646593051	Primary Care First Ass0ciates LLC	224D WINDGATE DR, NC, CLAYTON	US
S2-229952798	BEST-SOHGNAGTURE SYNCHRONY LLC LLC	35-35 92 ST, JACKSON HEIGHTS, NY	US
S2-845062226	Freedman Advanced Northwest Inc.	011930 SYLVAN BEACH WALK, VASHON, WA	US
S2-208504427	Sri Fusion Advisols Industries	FLAT 113, SHREE PRASAD, 35TH ROAD TPS III, BANDRA (WEST), MUMBAI, महाराष्ट्र	India
S2-373678906	Golden Pizza, Corp	4582 URBAN PLAINS DRIVE, FARGO, ND	US
